exercicio,demonstrativo,periodo,periodicidade,instituicao,cod_ibge,uf,populacao,anexo,esfera,rotulo,coluna,cod_conta,conta,valor,uf_consulta,id_ente_consulta,ano_consulta,periodo_consulta
2026,RREO,2,B,Governo do Estado de Rondônia,11,RO,1616379,RREO-Anexo 03,E,Padrão,<MR-11>,ICMSLiquidoExcetoTransferenciasEFUNDEB,ICMS,719613136.0,RO,11,2026,2
2026,RREO,2,B,Governo do Estado de Rondônia,11,RO,1616379,RREO-Anexo 03,E,Padrão,<MR-10>,ICMSLiquidoExcetoTransferenciasEFUNDEB,ICMS,692735315.54,RO,11,2026,2
2026,RREO,2,B,Governo do Estado de Rondônia,11,RO,1616379,RREO-Anexo 03,E,Padrão,<MR-9>,ICMSLiquidoExcetoTransferenciasEFUNDEB,ICMS,784376492.44,RO,11,2026,2
2026,RREO,2,B,Governo do Estado de Rondônia,11,RO,1616379,RREO-Anexo 03,E,Padrão,<MR-8>,ICMSLiquidoExcetoTransferenciasEFUNDEB,ICMS,711856812.27,RO,11,2026,2
2026,RREO,2,B,Governo do Estado de Rondônia,11,RO,1616379,RREO-Anexo 03,E,Padrão,<MR-7>,ICMSLiquidoExcetoTransferenciasEFUNDEB,ICMS,736711988.45,RO,11,2026,2
2026,RREO,2,B,Governo do Estado de Rondônia,11,RO,1616379,RREO-Anexo 03,E,Padrão,<MR-6>,ICMSLiquidoExcetoTransferenciasEFUNDEB,ICMS,676666092.24,RO,11,2026,2
2026,RREO,2,B,Governo do Estado de Rondônia,11,RO,1616379,RREO-Anexo 03,E,Padrão,<MR-5>,ICMSLiquidoExcetoTransferenciasEFUNDEB,ICMS,643008205.68,RO,11,2026,2
2026,RREO,2,B,Governo do Estado de Rondônia,11,RO,1616379,RREO-Anexo 03,E,Padrão,<MR-4>,ICMSLiquidoExcetoTransferenciasEFUNDEB,ICMS,775456896.67,RO,11,2026,2
2026,RREO,2,B,Governo do Estado de Rondônia,11,RO,1616379,RREO-Anexo 03,E,Padrão,<MR-3>,ICMSLiquidoExcetoTransferenciasEFUNDEB,ICMS,603745048.6,RO,11,2026,2
2026,RREO,2,B,Governo do Estado de Rondônia,11,RO,1616379,RREO-Anexo 03,E,Padrão,<MR-2>,ICMSLiquidoExcetoTransferenciasEFUNDEB,ICMS,678175828.61,RO,11,2026,2
2026,RREO,2,B,Governo do Estado de Rondônia,11,RO,1616379,RREO-Anexo 03,E,Padrão,Mar,ICMSLiquidoExcetoTransferenciasEFUNDEB,ICMS,653453503.36,RO,11,2026,2
2026,RREO,2,B,Governo do Estado de Rondônia,11,RO,1616379,RREO-Anexo 03,E,Padrão,Abr,ICMSLiquidoExcetoTransferenciasEFUNDEB,ICMS,704893058.84,RO,11,2026,2
2026,RREO,2,B,Governo do Estado de Rondônia,11,RO,1616379,RREO-Anexo 03,E,Padrão,TOTAL (ÚLTIMOS 12 MESES),ICMSLiquidoExcetoTransferenciasEFUNDEB,ICMS,8380692378.7,RO,11,2026,2
2026,RREO,2,B,Governo do Estado de Rondônia,11,RO,1616379,RREO-Anexo 03,E,Padrão,PREVISÃO ATUALIZADA 2026,ICMSLiquidoExcetoTransferenciasEFUNDEB,ICMS,8097439374.84,RO,11,2026,2
2026,RREO,2,B,Governo do Estado de Rondônia,11,RO,1616379,RREO-Anexo 03,E,Padrão,<MR-11>,IPVALiquidoExcetoTransferenciasEFUNDEB,IPVA,64621697.47,RO,11,2026,2
2026,RREO,2,B,Governo do Estado de Rondônia,11,RO,1616379,RREO-Anexo 03,E,Padrão,<MR-10>,IPVALiquidoExcetoTransferenciasEFUNDEB,IPVA,59883852.25,RO,11,2026,2
2026,RREO,2,B,Governo do Estado de Rondônia,11,RO,1616379,RREO-Anexo 03,E,Padrão,<MR-9>,IPVALiquidoExcetoTransferenciasEFUNDEB,IPVA,74399551.49,RO,11,2026,2
2026,RREO,2,B,Governo do Estado de Rondônia,11,RO,1616379,RREO-Anexo 03,E,Padrão,<MR-8>,IPVALiquidoExcetoTransferenciasEFUNDEB,IPVA,57707827.06,RO,11,2026,2
2026,RREO,2,B,Governo do Estado de Rondônia,11,RO,1616379,RREO-Anexo 03,E,Padrão,<MR-7>,IPVALiquidoExcetoTransferenciasEFUNDEB,IPVA,47966909.9,RO,11,2026,2
2026,RREO,2,B,Governo do Estado de Rondônia,11,RO,1616379,RREO-Anexo 03,E,Padrão,<MR-6>,IPVALiquidoExcetoTransferenciasEFUNDEB,IPVA,40351098.6,RO,11,2026,2
2026,RREO,2,B,Governo do Estado de Rondônia,11,RO,1616379,RREO-Anexo 03,E,Padrão,<MR-5>,IPVALiquidoExcetoTransferenciasEFUNDEB,IPVA,23302148.85,RO,11,2026,2
2026,RREO,2,B,Governo do Estado de Rondônia,11,RO,1616379,RREO-Anexo 03,E,Padrão,<MR-4>,IPVALiquidoExcetoTransferenciasEFUNDEB,IPVA,23201135.74,RO,11,2026,2
2026,RREO,2,B,Governo do Estado de Rondônia,11,RO,1616379,RREO-Anexo 03,E,Padrão,<MR-3>,IPVALiquidoExcetoTransferenciasEFUNDEB,IPVA,74869168.58,RO,11,2026,2
2026,RREO,2,B,Governo do Estado de Rondônia,11,RO,1616379,RREO-Anexo 03,E,Padrão,<MR-2>,IPVALiquidoExcetoTransferenciasEFUNDEB,IPVA,64023054.38,RO,11,2026,2
2026,RREO,2,B,Governo do Estado de Rondônia,11,RO,1616379,RREO-Anexo 03,E,Padrão,Mar,IPVALiquidoExcetoTransferenciasEFUNDEB,IPVA,81075860.69,RO,11,2026,2
2026,RREO,2,B,Governo do Estado de Rondônia,11,RO,1616379,RREO-Anexo 03,E,Padrão,Abr,IPVALiquidoExcetoTransferenciasEFUNDEB,IPVA,73888744.58,RO,11,2026,2
2026,RREO,2,B,Governo do Estado de Rondônia,11,RO,1616379,RREO-Anexo 03,E,Padrão,TOTAL (ÚLTIMOS 12 MESES),IPVALiquidoExcetoTransferenciasEFUNDEB,IPVA,685291049.59,RO,11,2026,2
2026,RREO,2,B,Governo do Estado de Rondônia,11,RO,1616379,RREO-Anexo 03,E,Padrão,PREVISÃO ATUALIZADA 2026,IPVALiquidoExcetoTransferenciasEFUNDEB,IPVA,678009556.0,RO,11,2026,2
2026,RREO,2,B,Governo do Estado de Rondônia,11,RO,1616379,RREO-Anexo 03,E,Padrão,<MR-11>,ITCDLiquidoExcetoTransferenciasEFUNDEB,ITCD,2456239.23,RO,11,2026,2
2026,RREO,2,B,Governo do Estado de Rondônia,11,RO,1616379,RREO-Anexo 03,E,Padrão,<MR-10>,ITCDLiquidoExcetoTransferenciasEFUNDEB,ITCD,3307587.84,RO,11,2026,2
2026,RREO,2,B,Governo do Estado de Rondônia,11,RO,1616379,RREO-Anexo 03,E,Padrão,<MR-9>,ITCDLiquidoExcetoTransferenciasEFUNDEB,ITCD,2996630.21,RO,11,2026,2
2026,RREO,2,B,Governo do Estado de Rondônia,11,RO,1616379,RREO-Anexo 03,E,Padrão,<MR-8>,ITCDLiquidoExcetoTransferenciasEFUNDEB,ITCD,3143230.82,RO,11,2026,2
2026,RREO,2,B,Governo do Estado de Rondônia,11,RO,1616379,RREO-Anexo 03,E,Padrão,<MR-7>,ITCDLiquidoExcetoTransferenciasEFUNDEB,ITCD,3360326.1,RO,11,2026,2
2026,RREO,2,B,Governo do Estado de Rondônia,11,RO,1616379,RREO-Anexo 03,E,Padrão,<MR-6>,ITCDLiquidoExcetoTransferenciasEFUNDEB,ITCD,6442242.8,RO,11,2026,2
2026,RREO,2,B,Governo do Estado de Rondônia,11,RO,1616379,RREO-Anexo 03,E,Padrão,<MR-5>,ITCDLiquidoExcetoTransferenciasEFUNDEB,ITCD,2391241.75,RO,11,2026,2
2026,RREO,2,B,Governo do Estado de Rondônia,11,RO,1616379,RREO-Anexo 03,E,Padrão,<MR-4>,ITCDLiquidoExcetoTransferenciasEFUNDEB,ITCD,8329569.85,RO,11,2026,2
2026,RREO,2,B,Governo do Estado de Rondônia,11,RO,1616379,RREO-Anexo 03,E,Padrão,<MR-3>,ITCDLiquidoExcetoTransferenciasEFUNDEB,ITCD,5579412.49,RO,11,2026,2
2026,RREO,2,B,Governo do Estado de Rondônia,11,RO,1616379,RREO-Anexo 03,E,Padrão,<MR-2>,ITCDLiquidoExcetoTransferenciasEFUNDEB,ITCD,4859700.37,RO,11,2026,2
2026,RREO,2,B,Governo do Estado de Rondônia,11,RO,1616379,RREO-Anexo 03,E,Padrão,Mar,ITCDLiquidoExcetoTransferenciasEFUNDEB,ITCD,3810026.37,RO,11,2026,2
2026,RREO,2,B,Governo do Estado de Rondônia,11,RO,1616379,RREO-Anexo 03,E,Padrão,Abr,ITCDLiquidoExcetoTransferenciasEFUNDEB,ITCD,4369983.16,RO,11,2026,2
2026,RREO,2,B,Governo do Estado de Rondônia,11,RO,1616379,RREO-Anexo 03,E,Padrão,TOTAL (ÚLTIMOS 12 MESES),ITCDLiquidoExcetoTransferenciasEFUNDEB,ITCD,51046190.99,RO,11,2026,2
2026,RREO,2,B,Governo do Estado de Rondônia,11,RO,1616379,RREO-Anexo 03,E,Padrão,PREVISÃO ATUALIZADA 2026,ITCDLiquidoExcetoTransferenciasEFUNDEB,ITCD,35146271.0,RO,11,2026,2
2026,RREO,2,B,Governo do Estado do Acre,12,AC,829780,RREO-Anexo 03,E,Padrão,<MR-11>,ICMSLiquidoExcetoTransferenciasEFUNDEB,ICMS,178153575.76,AC,12,2026,2
2026,RREO,2,B,Governo do Estado do Acre,12,AC,829780,RREO-Anexo 03,E,Padrão,<MR-10>,ICMSLiquidoExcetoTransferenciasEFUNDEB,ICMS,185853159.91,AC,12,2026,2
2026,RREO,2,B,Governo do Estado do Acre,12,AC,829780,RREO-Anexo 03,E,Padrão,<MR-9>,ICMSLiquidoExcetoTransferenciasEFUNDEB,ICMS,198244950.09,AC,12,2026,2
2026,RREO,2,B,Governo do Estado do Acre,12,AC,829780,RREO-Anexo 03,E,Padrão,<MR-8>,ICMSLiquidoExcetoTransferenciasEFUNDEB,ICMS,192364077.78,AC,12,2026,2
2026,RREO,2,B,Governo do Estado do Acre,12,AC,829780,RREO-Anexo 03,E,Padrão,<MR-7>,ICMSLiquidoExcetoTransferenciasEFUNDEB,ICMS,187061335.16,AC,12,2026,2
2026,RREO,2,B,Governo do Estado do Acre,12,AC,829780,RREO-Anexo 03,E,Padrão,<MR-6>,ICMSLiquidoExcetoTransferenciasEFUNDEB,ICMS,191131897.26,AC,12,2026,2
2026,RREO,2,B,Governo do Estado do Acre,12,AC,829780,RREO-Anexo 03,E,Padrão,<MR-5>,ICMSLiquidoExcetoTransferenciasEFUNDEB,ICMS,195693953.45,AC,12,2026,2
2026,RREO,2,B,Governo do Estado do Acre,12,AC,829780,RREO-Anexo 03,E,Padrão,<MR-4>,ICMSLiquidoExcetoTransferenciasEFUNDEB,ICMS,210876879.85,AC,12,2026,2
2026,RREO,2,B,Governo do Estado do Acre,12,AC,829780,RREO-Anexo 03,E,Padrão,<MR-3>,ICMSLiquidoExcetoTransferenciasEFUNDEB,ICMS,200115179.75,AC,12,2026,2
2026,RREO,2,B,Governo do Estado do Acre,12,AC,829780,RREO-Anexo 03,E,Padrão,<MR-2>,ICMSLiquidoExcetoTransferenciasEFUNDEB,ICMS,129949782.44,AC,12,2026,2
2026,RREO,2,B,Governo do Estado do Acre,12,AC,829780,RREO-Anexo 03,E,Padrão,Mar,ICMSLiquidoExcetoTransferenciasEFUNDEB,ICMS,246950618.2,AC,12,2026,2
2026,RREO,2,B,Governo do Estado do Acre,12,AC,829780,RREO-Anexo 03,E,Padrão,Abr,ICMSLiquidoExcetoTransferenciasEFUNDEB,ICMS,209080936.4,AC,12,2026,2
2026,RREO,2,B,Governo do Estado do Acre,12,AC,829780,RREO-Anexo 03,E,Padrão,TOTAL (ÚLTIMOS 12 MESES),ICMSLiquidoExcetoTransferenciasEFUNDEB,ICMS,2325476346.05,AC,12,2026,2
2026,RREO,2,B,Governo do Estado do Acre,12,AC,829780,RREO-Anexo 03,E,Padrão,PREVISÃO ATUALIZADA 2026,ICMSLiquidoExcetoTransferenciasEFUNDEB,ICMS,2228800000.01,AC,12,2026,2
2026,RREO,2,B,Governo do Estado do Acre,12,AC,829780,RREO-Anexo 03,E,Padrão,<MR-11>,IPVALiquidoExcetoTransferenciasEFUNDEB,IPVA,15444552.15,AC,12,2026,2
2026,RREO,2,B,Governo do Estado do Acre,12,AC,829780,RREO-Anexo 03,E,Padrão,<MR-10>,IPVALiquidoExcetoTransferenciasEFUNDEB,IPVA,13309059.93,AC,12,2026,2
2026,RREO,2,B,Governo do Estado do Acre,12,AC,829780,RREO-Anexo 03,E,Padrão,<MR-9>,IPVALiquidoExcetoTransferenciasEFUNDEB,IPVA,17933448.42,AC,12,2026,2
2026,RREO,2,B,Governo do Estado do Acre,12,AC,829780,RREO-Anexo 03,E,Padrão,<MR-8>,IPVALiquidoExcetoTransferenciasEFUNDEB,IPVA,14467818.23,AC,12,2026,2
2026,RREO,2,B,Governo do Estado do Acre,12,AC,829780,RREO-Anexo 03,E,Padrão,<MR-7>,IPVALiquidoExcetoTransferenciasEFUNDEB,IPVA,12558603.12,AC,12,2026,2
2026,RREO,2,B,Governo do Estado do Acre,12,AC,829780,RREO-Anexo 03,E,Padrão,<MR-6>,IPVALiquidoExcetoTransferenciasEFUNDEB,IPVA,10292348.42,AC,12,2026,2
2026,RREO,2,B,Governo do Estado do Acre,12,AC,829780,RREO-Anexo 03,E,Padrão,<MR-5>,IPVALiquidoExcetoTransferenciasEFUNDEB,IPVA,6172932.35,AC,12,2026,2
2026,RREO,2,B,Governo do Estado do Acre,12,AC,829780,RREO-Anexo 03,E,Padrão,<MR-4>,IPVALiquidoExcetoTransferenciasEFUNDEB,IPVA,5641311.38,AC,12,2026,2
2026,RREO,2,B,Governo do Estado do Acre,12,AC,829780,RREO-Anexo 03,E,Padrão,<MR-3>,IPVALiquidoExcetoTransferenciasEFUNDEB,IPVA,13222727.63,AC,12,2026,2
2026,RREO,2,B,Governo do Estado do Acre,12,AC,829780,RREO-Anexo 03,E,Padrão,<MR-2>,IPVALiquidoExcetoTransferenciasEFUNDEB,IPVA,13359669.29,AC,12,2026,2
2026,RREO,2,B,Governo do Estado do Acre,12,AC,829780,RREO-Anexo 03,E,Padrão,Mar,IPVALiquidoExcetoTransferenciasEFUNDEB,IPVA,23102081.87,AC,12,2026,2
2026,RREO,2,B,Governo do Estado do Acre,12,AC,829780,RREO-Anexo 03,E,Padrão,Abr,IPVALiquidoExcetoTransferenciasEFUNDEB,IPVA,18111633.62,AC,12,2026,2
2026,RREO,2,B,Governo do Estado do Acre,12,AC,829780,RREO-Anexo 03,E,Padrão,TOTAL (ÚLTIMOS 12 MESES),IPVALiquidoExcetoTransferenciasEFUNDEB,IPVA,163616186.41,AC,12,2026,2
2026,RREO,2,B,Governo do Estado do Acre,12,AC,829780,RREO-Anexo 03,E,Padrão,PREVISÃO ATUALIZADA 2026,IPVALiquidoExcetoTransferenciasEFUNDEB,IPVA,145300000.0,AC,12,2026,2
2026,RREO,2,B,Governo do Estado do Acre,12,AC,829780,RREO-Anexo 03,E,Padrão,<MR-11>,ITCDLiquidoExcetoTransferenciasEFUNDEB,ITCD,715639.04,AC,12,2026,2
2026,RREO,2,B,Governo do Estado do Acre,12,AC,829780,RREO-Anexo 03,E,Padrão,<MR-10>,ITCDLiquidoExcetoTransferenciasEFUNDEB,ITCD,1079785.93,AC,12,2026,2
2026,RREO,2,B,Governo do Estado do Acre,12,AC,829780,RREO-Anexo 03,E,Padrão,<MR-9>,ITCDLiquidoExcetoTransferenciasEFUNDEB,ITCD,639429.7,AC,12,2026,2
2026,RREO,2,B,Governo do Estado do Acre,12,AC,829780,RREO-Anexo 03,E,Padrão,<MR-8>,ITCDLiquidoExcetoTransferenciasEFUNDEB,ITCD,510263.99,AC,12,2026,2
2026,RREO,2,B,Governo do Estado do Acre,12,AC,829780,RREO-Anexo 03,E,Padrão,<MR-7>,ITCDLiquidoExcetoTransferenciasEFUNDEB,ITCD,670445.08,AC,12,2026,2
2026,RREO,2,B,Governo do Estado do Acre,12,AC,829780,RREO-Anexo 03,E,Padrão,<MR-6>,ITCDLiquidoExcetoTransferenciasEFUNDEB,ITCD,1222790.44,AC,12,2026,2
2026,RREO,2,B,Governo do Estado do Acre,12,AC,829780,RREO-Anexo 03,E,Padrão,<MR-5>,ITCDLiquidoExcetoTransferenciasEFUNDEB,ITCD,616911.6,AC,12,2026,2
2026,RREO,2,B,Governo do Estado do Acre,12,AC,829780,RREO-Anexo 03,E,Padrão,<MR-4>,ITCDLiquidoExcetoTransferenciasEFUNDEB,ITCD,1305453.75,AC,12,2026,2
2026,RREO,2,B,Governo do Estado do Acre,12,AC,829780,RREO-Anexo 03,E,Padrão,<MR-3>,ITCDLiquidoExcetoTransferenciasEFUNDEB,ITCD,996590.91,AC,12,2026,2
2026,RREO,2,B,Governo do Estado do Acre,12,AC,829780,RREO-Anexo 03,E,Padrão,<MR-2>,ITCDLiquidoExcetoTransferenciasEFUNDEB,ITCD,402660.82,AC,12,2026,2
2026,RREO,2,B,Governo do Estado do Acre,12,AC,829780,RREO-Anexo 03,E,Padrão,Mar,ITCDLiquidoExcetoTransferenciasEFUNDEB,ITCD,1298071.37,AC,12,2026,2
2026,RREO,2,B,Governo do Estado do Acre,12,AC,829780,RREO-Anexo 03,E,Padrão,Abr,ITCDLiquidoExcetoTransferenciasEFUNDEB,ITCD,631087.28,AC,12,2026,2
2026,RREO,2,B,Governo do Estado do Acre,12,AC,829780,RREO-Anexo 03,E,Padrão,TOTAL (ÚLTIMOS 12 MESES),ITCDLiquidoExcetoTransferenciasEFUNDEB,ITCD,10089129.91,AC,12,2026,2
2026,RREO,2,B,Governo do Estado do Acre,12,AC,829780,RREO-Anexo 03,E,Padrão,PREVISÃO ATUALIZADA 2026,ITCDLiquidoExcetoTransferenciasEFUNDEB,ITCD,10500000.0,AC,12,2026,2
2026,RREO,2,B,Governo do Estado do Amazonas,13,AM,3952262,RREO-Anexo 03,E,Padrão,<MR-11>,ICMSLiquidoExcetoTransferenciasEFUNDEB,ICMS,1462304661.73,AM,13,2026,2
2026,RREO,2,B,Governo do Estado do Amazonas,13,AM,3952262,RREO-Anexo 03,E,Padrão,<MR-10>,ICMSLiquidoExcetoTransferenciasEFUNDEB,ICMS,1329251134.49,AM,13,2026,2
2026,RREO,2,B,Governo do Estado do Amazonas,13,AM,3952262,RREO-Anexo 03,E,Padrão,<MR-9>,ICMSLiquidoExcetoTransferenciasEFUNDEB,ICMS,1277483340.65,AM,13,2026,2
2026,RREO,2,B,Governo do Estado do Amazonas,13,AM,3952262,RREO-Anexo 03,E,Padrão,<MR-8>,ICMSLiquidoExcetoTransferenciasEFUNDEB,ICMS,1500930936.0,AM,13,2026,2
2026,RREO,2,B,Governo do Estado do Amazonas,13,AM,3952262,RREO-Anexo 03,E,Padrão,<MR-7>,ICMSLiquidoExcetoTransferenciasEFUNDEB,ICMS,1492391980.96,AM,13,2026,2
2026,RREO,2,B,Governo do Estado do Amazonas,13,AM,3952262,RREO-Anexo 03,E,Padrão,<MR-6>,ICMSLiquidoExcetoTransferenciasEFUNDEB,ICMS,1430839881.4,AM,13,2026,2
2026,RREO,2,B,Governo do Estado do Amazonas,13,AM,3952262,RREO-Anexo 03,E,Padrão,<MR-5>,ICMSLiquidoExcetoTransferenciasEFUNDEB,ICMS,1350867576.69,AM,13,2026,2
2026,RREO,2,B,Governo do Estado do Amazonas,13,AM,3952262,RREO-Anexo 03,E,Padrão,<MR-4>,ICMSLiquidoExcetoTransferenciasEFUNDEB,ICMS,1547281275.57,AM,13,2026,2
2026,RREO,2,B,Governo do Estado do Amazonas,13,AM,3952262,RREO-Anexo 03,E,Padrão,<MR-3>,ICMSLiquidoExcetoTransferenciasEFUNDEB,ICMS,1378876098.51,AM,13,2026,2
2026,RREO,2,B,Governo do Estado do Amazonas,13,AM,3952262,RREO-Anexo 03,E,Padrão,<MR-2>,ICMSLiquidoExcetoTransferenciasEFUNDEB,ICMS,1246859891.11,AM,13,2026,2
2026,RREO,2,B,Governo do Estado do Amazonas,13,AM,3952262,RREO-Anexo 03,E,Padrão,Mar,ICMSLiquidoExcetoTransferenciasEFUNDEB,ICMS,2023535528.2,AM,13,2026,2
2026,RREO,2,B,Governo do Estado do Amazonas,13,AM,3952262,RREO-Anexo 03,E,Padrão,Abr,ICMSLiquidoExcetoTransferenciasEFUNDEB,ICMS,1342789093.53,AM,13,2026,2
2026,RREO,2,B,Governo do Estado do Amazonas,13,AM,3952262,RREO-Anexo 03,E,Padrão,TOTAL (ÚLTIMOS 12 MESES),ICMSLiquidoExcetoTransferenciasEFUNDEB,ICMS,17383411398.84,AM,13,2026,2
2026,RREO,2,B,Governo do Estado do Amazonas,13,AM,3952262,RREO-Anexo 03,E,Padrão,PREVISÃO ATUALIZADA 2026,ICMSLiquidoExcetoTransferenciasEFUNDEB,ICMS,15182228000.0,AM,13,2026,2
2026,RREO,2,B,Governo do Estado do Amazonas,13,AM,3952262,RREO-Anexo 03,E,Padrão,<MR-11>,IPVALiquidoExcetoTransferenciasEFUNDEB,IPVA,98980682.62,AM,13,2026,2
2026,RREO,2,B,Governo do Estado do Amazonas,13,AM,3952262,RREO-Anexo 03,E,Padrão,<MR-10>,IPVALiquidoExcetoTransferenciasEFUNDEB,IPVA,104936711.03,AM,13,2026,2
2026,RREO,2,B,Governo do Estado do Amazonas,13,AM,3952262,RREO-Anexo 03,E,Padrão,<MR-9>,IPVALiquidoExcetoTransferenciasEFUNDEB,IPVA,105268898.27,AM,13,2026,2
2026,RREO,2,B,Governo do Estado do Amazonas,13,AM,3952262,RREO-Anexo 03,E,Padrão,<MR-8>,IPVALiquidoExcetoTransferenciasEFUNDEB,IPVA,89793215.29,AM,13,2026,2
2026,RREO,2,B,Governo do Estado do Amazonas,13,AM,3952262,RREO-Anexo 03,E,Padrão,<MR-7>,IPVALiquidoExcetoTransferenciasEFUNDEB,IPVA,91215362.65,AM,13,2026,2
2026,RREO,2,B,Governo do Estado do Amazonas,13,AM,3952262,RREO-Anexo 03,E,Padrão,<MR-6>,IPVALiquidoExcetoTransferenciasEFUNDEB,IPVA,85432778.17,AM,13,2026,2
2026,RREO,2,B,Governo do Estado do Amazonas,13,AM,3952262,RREO-Anexo 03,E,Padrão,<MR-5>,IPVALiquidoExcetoTransferenciasEFUNDEB,IPVA,55396579.83,AM,13,2026,2
2026,RREO,2,B,Governo do Estado do Amazonas,13,AM,3952262,RREO-Anexo 03,E,Padrão,<MR-4>,IPVALiquidoExcetoTransferenciasEFUNDEB,IPVA,61151804.36,AM,13,2026,2
2026,RREO,2,B,Governo do Estado do Amazonas,13,AM,3952262,RREO-Anexo 03,E,Padrão,<MR-3>,IPVALiquidoExcetoTransferenciasEFUNDEB,IPVA,77875047.03,AM,13,2026,2
2026,RREO,2,B,Governo do Estado do Amazonas,13,AM,3952262,RREO-Anexo 03,E,Padrão,<MR-2>,IPVALiquidoExcetoTransferenciasEFUNDEB,IPVA,46179930.53,AM,13,2026,2
2026,RREO,2,B,Governo do Estado do Amazonas,13,AM,3952262,RREO-Anexo 03,E,Padrão,Mar,IPVALiquidoExcetoTransferenciasEFUNDEB,IPVA,67367974.36,AM,13,2026,2
2026,RREO,2,B,Governo do Estado do Amazonas,13,AM,3952262,RREO-Anexo 03,E,Padrão,Abr,IPVALiquidoExcetoTransferenciasEFUNDEB,IPVA,56425018.18,AM,13,2026,2
2026,RREO,2,B,Governo do Estado do Amazonas,13,AM,3952262,RREO-Anexo 03,E,Padrão,TOTAL (ÚLTIMOS 12 MESES),IPVALiquidoExcetoTransferenciasEFUNDEB,IPVA,940024002.32,AM,13,2026,2
2026,RREO,2,B,Governo do Estado do Amazonas,13,AM,3952262,RREO-Anexo 03,E,Padrão,PREVISÃO ATUALIZADA 2026,IPVALiquidoExcetoTransferenciasEFUNDEB,IPVA,668700000.0,AM,13,2026,2
2026,RREO,2,B,Governo do Estado do Amazonas,13,AM,3952262,RREO-Anexo 03,E,Padrão,<MR-11>,ITCDLiquidoExcetoTransferenciasEFUNDEB,ITCD,2236872.26,AM,13,2026,2
2026,RREO,2,B,Governo do Estado do Amazonas,13,AM,3952262,RREO-Anexo 03,E,Padrão,<MR-10>,ITCDLiquidoExcetoTransferenciasEFUNDEB,ITCD,11055684.16,AM,13,2026,2
2026,RREO,2,B,Governo do Estado do Amazonas,13,AM,3952262,RREO-Anexo 03,E,Padrão,<MR-9>,ITCDLiquidoExcetoTransferenciasEFUNDEB,ITCD,4496369.25,AM,13,2026,2
2026,RREO,2,B,Governo do Estado do Amazonas,13,AM,3952262,RREO-Anexo 03,E,Padrão,<MR-8>,ITCDLiquidoExcetoTransferenciasEFUNDEB,ITCD,3260814.86,AM,13,2026,2
2026,RREO,2,B,Governo do Estado do Amazonas,13,AM,3952262,RREO-Anexo 03,E,Padrão,<MR-7>,ITCDLiquidoExcetoTransferenciasEFUNDEB,ITCD,2500966.52,AM,13,2026,2
2026,RREO,2,B,Governo do Estado do Amazonas,13,AM,3952262,RREO-Anexo 03,E,Padrão,<MR-6>,ITCDLiquidoExcetoTransferenciasEFUNDEB,ITCD,2653854.66,AM,13,2026,2
2026,RREO,2,B,Governo do Estado do Amazonas,13,AM,3952262,RREO-Anexo 03,E,Padrão,<MR-5>,ITCDLiquidoExcetoTransferenciasEFUNDEB,ITCD,2872570.75,AM,13,2026,2
2026,RREO,2,B,Governo do Estado do Amazonas,13,AM,3952262,RREO-Anexo 03,E,Padrão,<MR-4>,ITCDLiquidoExcetoTransferenciasEFUNDEB,ITCD,3206325.88,AM,13,2026,2
2026,RREO,2,B,Governo do Estado do Amazonas,13,AM,3952262,RREO-Anexo 03,E,Padrão,<MR-3>,ITCDLiquidoExcetoTransferenciasEFUNDEB,ITCD,5655563.09,AM,13,2026,2
2026,RREO,2,B,Governo do Estado do Amazonas,13,AM,3952262,RREO-Anexo 03,E,Padrão,<MR-2>,ITCDLiquidoExcetoTransferenciasEFUNDEB,ITCD,2311121.85,AM,13,2026,2
2026,RREO,2,B,Governo do Estado do Amazonas,13,AM,3952262,RREO-Anexo 03,E,Padrão,Mar,ITCDLiquidoExcetoTransferenciasEFUNDEB,ITCD,2185391.9,AM,13,2026,2
2026,RREO,2,B,Governo do Estado do Amazonas,13,AM,3952262,RREO-Anexo 03,E,Padrão,Abr,ITCDLiquidoExcetoTransferenciasEFUNDEB,ITCD,2251757.21,AM,13,2026,2
2026,RREO,2,B,Governo do Estado do Amazonas,13,AM,3952262,RREO-Anexo 03,E,Padrão,TOTAL (ÚLTIMOS 12 MESES),ITCDLiquidoExcetoTransferenciasEFUNDEB,ITCD,44687292.39,AM,13,2026,2
2026,RREO,2,B,Governo do Estado do Amazonas,13,AM,3952262,RREO-Anexo 03,E,Padrão,PREVISÃO ATUALIZADA 2026,ITCDLiquidoExcetoTransferenciasEFUNDEB,ITCD,47296000.0,AM,13,2026,2
2026,RREO,2,B,Governo do Estado de Roraima,14,RR,634805,RREO-Anexo 03,E,Padrão,<MR-11>,ICMSLiquidoExcetoTransferenciasEFUNDEB,ICMS,170572455.3,RR,14,2026,2
2026,RREO,2,B,Governo do Estado de Roraima,14,RR,634805,RREO-Anexo 03,E,Padrão,<MR-10>,ICMSLiquidoExcetoTransferenciasEFUNDEB,ICMS,186229988.46,RR,14,2026,2
2026,RREO,2,B,Governo do Estado de Roraima,14,RR,634805,RREO-Anexo 03,E,Padrão,<MR-9>,ICMSLiquidoExcetoTransferenciasEFUNDEB,ICMS,162811761.83,RR,14,2026,2
2026,RREO,2,B,Governo do Estado de Roraima,14,RR,634805,RREO-Anexo 03,E,Padrão,<MR-8>,ICMSLiquidoExcetoTransferenciasEFUNDEB,ICMS,163225011.96,RR,14,2026,2
2026,RREO,2,B,Governo do Estado de Roraima,14,RR,634805,RREO-Anexo 03,E,Padrão,<MR-7>,ICMSLiquidoExcetoTransferenciasEFUNDEB,ICMS,198627299.84,RR,14,2026,2
2026,RREO,2,B,Governo do Estado de Roraima,14,RR,634805,RREO-Anexo 03,E,Padrão,<MR-6>,ICMSLiquidoExcetoTransferenciasEFUNDEB,ICMS,188360902.46,RR,14,2026,2
2026,RREO,2,B,Governo do Estado de Roraima,14,RR,634805,RREO-Anexo 03,E,Padrão,<MR-5>,ICMSLiquidoExcetoTransferenciasEFUNDEB,ICMS,183517819.16,RR,14,2026,2
2026,RREO,2,B,Governo do Estado de Roraima,14,RR,634805,RREO-Anexo 03,E,Padrão,<MR-4>,ICMSLiquidoExcetoTransferenciasEFUNDEB,ICMS,197186588.37,RR,14,2026,2
2026,RREO,2,B,Governo do Estado de Roraima,14,RR,634805,RREO-Anexo 03,E,Padrão,<MR-3>,ICMSLiquidoExcetoTransferenciasEFUNDEB,ICMS,171587119.15,RR,14,2026,2
2026,RREO,2,B,Governo do Estado de Roraima,14,RR,634805,RREO-Anexo 03,E,Padrão,<MR-2>,ICMSLiquidoExcetoTransferenciasEFUNDEB,ICMS,163405818.83,RR,14,2026,2
2026,RREO,2,B,Governo do Estado de Roraima,14,RR,634805,RREO-Anexo 03,E,Padrão,Mar,ICMSLiquidoExcetoTransferenciasEFUNDEB,ICMS,162701794.56,RR,14,2026,2
2026,RREO,2,B,Governo do Estado de Roraima,14,RR,634805,RREO-Anexo 03,E,Padrão,Abr,ICMSLiquidoExcetoTransferenciasEFUNDEB,ICMS,196955044.72,RR,14,2026,2
2026,RREO,2,B,Governo do Estado de Roraima,14,RR,634805,RREO-Anexo 03,E,Padrão,TOTAL (ÚLTIMOS 12 MESES),ICMSLiquidoExcetoTransferenciasEFUNDEB,ICMS,2145181604.64,RR,14,2026,2
2026,RREO,2,B,Governo do Estado de Roraima,14,RR,634805,RREO-Anexo 03,E,Padrão,PREVISÃO ATUALIZADA 2026,ICMSLiquidoExcetoTransferenciasEFUNDEB,ICMS,2155486878.0,RR,14,2026,2
2026,RREO,2,B,Governo do Estado de Roraima,14,RR,634805,RREO-Anexo 03,E,Padrão,<MR-11>,IPVALiquidoExcetoTransferenciasEFUNDEB,IPVA,11016942.68,RR,14,2026,2
2026,RREO,2,B,Governo do Estado de Roraima,14,RR,634805,RREO-Anexo 03,E,Padrão,<MR-10>,IPVALiquidoExcetoTransferenciasEFUNDEB,IPVA,12641848.38,RR,14,2026,2
2026,RREO,2,B,Governo do Estado de Roraima,14,RR,634805,RREO-Anexo 03,E,Padrão,<MR-9>,IPVALiquidoExcetoTransferenciasEFUNDEB,IPVA,13199908.58,RR,14,2026,2
2026,RREO,2,B,Governo do Estado de Roraima,14,RR,634805,RREO-Anexo 03,E,Padrão,<MR-8>,IPVALiquidoExcetoTransferenciasEFUNDEB,IPVA,17489221.29,RR,14,2026,2
2026,RREO,2,B,Governo do Estado de Roraima,14,RR,634805,RREO-Anexo 03,E,Padrão,<MR-7>,IPVALiquidoExcetoTransferenciasEFUNDEB,IPVA,11692533.21,RR,14,2026,2
2026,RREO,2,B,Governo do Estado de Roraima,14,RR,634805,RREO-Anexo 03,E,Padrão,<MR-6>,IPVALiquidoExcetoTransferenciasEFUNDEB,IPVA,6759027.51,RR,14,2026,2
2026,RREO,2,B,Governo do Estado de Roraima,14,RR,634805,RREO-Anexo 03,E,Padrão,<MR-5>,IPVALiquidoExcetoTransferenciasEFUNDEB,IPVA,4357192.6,RR,14,2026,2
2026,RREO,2,B,Governo do Estado de Roraima,14,RR,634805,RREO-Anexo 03,E,Padrão,<MR-4>,IPVALiquidoExcetoTransferenciasEFUNDEB,IPVA,4584110.13,RR,14,2026,2
2026,RREO,2,B,Governo do Estado de Roraima,14,RR,634805,RREO-Anexo 03,E,Padrão,<MR-3>,IPVALiquidoExcetoTransferenciasEFUNDEB,IPVA,11119087.96,RR,14,2026,2
2026,RREO,2,B,Governo do Estado de Roraima,14,RR,634805,RREO-Anexo 03,E,Padrão,<MR-2>,IPVALiquidoExcetoTransferenciasEFUNDEB,IPVA,20771581.19,RR,14,2026,2
2026,RREO,2,B,Governo do Estado de Roraima,14,RR,634805,RREO-Anexo 03,E,Padrão,Mar,IPVALiquidoExcetoTransferenciasEFUNDEB,IPVA,14729904.76,RR,14,2026,2
2026,RREO,2,B,Governo do Estado de Roraima,14,RR,634805,RREO-Anexo 03,E,Padrão,Abr,IPVALiquidoExcetoTransferenciasEFUNDEB,IPVA,11204723.84,RR,14,2026,2
2026,RREO,2,B,Governo do Estado de Roraima,14,RR,634805,RREO-Anexo 03,E,Padrão,TOTAL (ÚLTIMOS 12 MESES),IPVALiquidoExcetoTransferenciasEFUNDEB,IPVA,139566082.13,RR,14,2026,2
2026,RREO,2,B,Governo do Estado de Roraima,14,RR,634805,RREO-Anexo 03,E,Padrão,PREVISÃO ATUALIZADA 2026,IPVALiquidoExcetoTransferenciasEFUNDEB,IPVA,139333326.0,RR,14,2026,2
2026,RREO,2,B,Governo do Estado de Roraima,14,RR,634805,RREO-Anexo 03,E,Padrão,<MR-11>,ITCDLiquidoExcetoTransferenciasEFUNDEB,ITCD,818429.18,RR,14,2026,2
2026,RREO,2,B,Governo do Estado de Roraima,14,RR,634805,RREO-Anexo 03,E,Padrão,<MR-10>,ITCDLiquidoExcetoTransferenciasEFUNDEB,ITCD,687297.59,RR,14,2026,2
2026,RREO,2,B,Governo do Estado de Roraima,14,RR,634805,RREO-Anexo 03,E,Padrão,<MR-9>,ITCDLiquidoExcetoTransferenciasEFUNDEB,ITCD,1200735.71,RR,14,2026,2
2026,RREO,2,B,Governo do Estado de Roraima,14,RR,634805,RREO-Anexo 03,E,Padrão,<MR-8>,ITCDLiquidoExcetoTransferenciasEFUNDEB,ITCD,472174.43,RR,14,2026,2
2026,RREO,2,B,Governo do Estado de Roraima,14,RR,634805,RREO-Anexo 03,E,Padrão,<MR-7>,ITCDLiquidoExcetoTransferenciasEFUNDEB,ITCD,629778.78,RR,14,2026,2
2026,RREO,2,B,Governo do Estado de Roraima,14,RR,634805,RREO-Anexo 03,E,Padrão,<MR-6>,ITCDLiquidoExcetoTransferenciasEFUNDEB,ITCD,643282.6,RR,14,2026,2
2026,RREO,2,B,Governo do Estado de Roraima,14,RR,634805,RREO-Anexo 03,E,Padrão,<MR-5>,ITCDLiquidoExcetoTransferenciasEFUNDEB,ITCD,468290.27,RR,14,2026,2
2026,RREO,2,B,Governo do Estado de Roraima,14,RR,634805,RREO-Anexo 03,E,Padrão,<MR-4>,ITCDLiquidoExcetoTransferenciasEFUNDEB,ITCD,517877.74,RR,14,2026,2
2026,RREO,2,B,Governo do Estado de Roraima,14,RR,634805,RREO-Anexo 03,E,Padrão,<MR-3>,ITCDLiquidoExcetoTransferenciasEFUNDEB,ITCD,202164.89,RR,14,2026,2
2026,RREO,2,B,Governo do Estado de Roraima,14,RR,634805,RREO-Anexo 03,E,Padrão,<MR-2>,ITCDLiquidoExcetoTransferenciasEFUNDEB,ITCD,285215.24,RR,14,2026,2
2026,RREO,2,B,Governo do Estado de Roraima,14,RR,634805,RREO-Anexo 03,E,Padrão,Mar,ITCDLiquidoExcetoTransferenciasEFUNDEB,ITCD,883347.55,RR,14,2026,2
2026,RREO,2,B,Governo do Estado de Roraima,14,RR,634805,RREO-Anexo 03,E,Padrão,Abr,ITCDLiquidoExcetoTransferenciasEFUNDEB,ITCD,483246.08,RR,14,2026,2
2026,RREO,2,B,Governo do Estado de Roraima,14,RR,634805,RREO-Anexo 03,E,Padrão,TOTAL (ÚLTIMOS 12 MESES),ITCDLiquidoExcetoTransferenciasEFUNDEB,ITCD,7291840.06,RR,14,2026,2
2026,RREO,2,B,Governo do Estado de Roraima,14,RR,634805,RREO-Anexo 03,E,Padrão,PREVISÃO ATUALIZADA 2026,ITCDLiquidoExcetoTransferenciasEFUNDEB,ITCD,7546334.0,RR,14,2026,2
2026,RREO,2,B,Governo do Estado do Pará,15,PA,8442962,RREO-Anexo 03,E,Padrão,<MR-11>,ICMSLiquidoExcetoTransferenciasEFUNDEB,ICMS,1881381189.56,PA,15,2026,2
2026,RREO,2,B,Governo do Estado do Pará,15,PA,8442962,RREO-Anexo 03,E,Padrão,<MR-10>,ICMSLiquidoExcetoTransferenciasEFUNDEB,ICMS,2127506819.2,PA,15,2026,2
2026,RREO,2,B,Governo do Estado do Pará,15,PA,8442962,RREO-Anexo 03,E,Padrão,<MR-9>,ICMSLiquidoExcetoTransferenciasEFUNDEB,ICMS,2221687786.04,PA,15,2026,2
2026,RREO,2,B,Governo do Estado do Pará,15,PA,8442962,RREO-Anexo 03,E,Padrão,<MR-8>,ICMSLiquidoExcetoTransferenciasEFUNDEB,ICMS,2107200132.76,PA,15,2026,2
2026,RREO,2,B,Governo do Estado do Pará,15,PA,8442962,RREO-Anexo 03,E,Padrão,<MR-7>,ICMSLiquidoExcetoTransferenciasEFUNDEB,ICMS,2234918235.67,PA,15,2026,2
2026,RREO,2,B,Governo do Estado do Pará,15,PA,8442962,RREO-Anexo 03,E,Padrão,<MR-6>,ICMSLiquidoExcetoTransferenciasEFUNDEB,ICMS,2229061112.42,PA,15,2026,2
2026,RREO,2,B,Governo do Estado do Pará,15,PA,8442962,RREO-Anexo 03,E,Padrão,<MR-5>,ICMSLiquidoExcetoTransferenciasEFUNDEB,ICMS,2216660946.08,PA,15,2026,2
2026,RREO,2,B,Governo do Estado do Pará,15,PA,8442962,RREO-Anexo 03,E,Padrão,<MR-4>,ICMSLiquidoExcetoTransferenciasEFUNDEB,ICMS,2337718960.91,PA,15,2026,2
2026,RREO,2,B,Governo do Estado do Pará,15,PA,8442962,RREO-Anexo 03,E,Padrão,<MR-3>,ICMSLiquidoExcetoTransferenciasEFUNDEB,ICMS,2243784561.15,PA,15,2026,2
2026,RREO,2,B,Governo do Estado do Pará,15,PA,8442962,RREO-Anexo 03,E,Padrão,<MR-2>,ICMSLiquidoExcetoTransferenciasEFUNDEB,ICMS,1963564568.68,PA,15,2026,2
2026,RREO,2,B,Governo do Estado do Pará,15,PA,8442962,RREO-Anexo 03,E,Padrão,Mar,ICMSLiquidoExcetoTransferenciasEFUNDEB,ICMS,1870118199.62,PA,15,2026,2
2026,RREO,2,B,Governo do Estado do Pará,15,PA,8442962,RREO-Anexo 03,E,Padrão,Abr,ICMSLiquidoExcetoTransferenciasEFUNDEB,ICMS,2163132391.97,PA,15,2026,2
2026,RREO,2,B,Governo do Estado do Pará,15,PA,8442962,RREO-Anexo 03,E,Padrão,TOTAL (ÚLTIMOS 12 MESES),ICMSLiquidoExcetoTransferenciasEFUNDEB,ICMS,25596734904.06,PA,15,2026,2
2026,RREO,2,B,Governo do Estado do Pará,15,PA,8442962,RREO-Anexo 03,E,Padrão,PREVISÃO ATUALIZADA 2026,ICMSLiquidoExcetoTransferenciasEFUNDEB,ICMS,26759766503.0,PA,15,2026,2
2026,RREO,2,B,Governo do Estado do Pará,15,PA,8442962,RREO-Anexo 03,E,Padrão,<MR-11>,IPVALiquidoExcetoTransferenciasEFUNDEB,IPVA,146171002.55,PA,15,2026,2
2026,RREO,2,B,Governo do Estado do Pará,15,PA,8442962,RREO-Anexo 03,E,Padrão,<MR-10>,IPVALiquidoExcetoTransferenciasEFUNDEB,IPVA,148591800.22,PA,15,2026,2
2026,RREO,2,B,Governo do Estado do Pará,15,PA,8442962,RREO-Anexo 03,E,Padrão,<MR-9>,IPVALiquidoExcetoTransferenciasEFUNDEB,IPVA,165109124.73,PA,15,2026,2
2026,RREO,2,B,Governo do Estado do Pará,15,PA,8442962,RREO-Anexo 03,E,Padrão,<MR-8>,IPVALiquidoExcetoTransferenciasEFUNDEB,IPVA,137447647.11,PA,15,2026,2
2026,RREO,2,B,Governo do Estado do Pará,15,PA,8442962,RREO-Anexo 03,E,Padrão,<MR-7>,IPVALiquidoExcetoTransferenciasEFUNDEB,IPVA,144140493.09,PA,15,2026,2
2026,RREO,2,B,Governo do Estado do Pará,15,PA,8442962,RREO-Anexo 03,E,Padrão,<MR-6>,IPVALiquidoExcetoTransferenciasEFUNDEB,IPVA,117135293.06,PA,15,2026,2
2026,RREO,2,B,Governo do Estado do Pará,15,PA,8442962,RREO-Anexo 03,E,Padrão,<MR-5>,IPVALiquidoExcetoTransferenciasEFUNDEB,IPVA,73237284.17,PA,15,2026,2
2026,RREO,2,B,Governo do Estado do Pará,15,PA,8442962,RREO-Anexo 03,E,Padrão,<MR-4>,IPVALiquidoExcetoTransferenciasEFUNDEB,IPVA,61325098.41,PA,15,2026,2
2026,RREO,2,B,Governo do Estado do Pará,15,PA,8442962,RREO-Anexo 03,E,Padrão,<MR-3>,IPVALiquidoExcetoTransferenciasEFUNDEB,IPVA,101464670.57,PA,15,2026,2
2026,RREO,2,B,Governo do Estado do Pará,15,PA,8442962,RREO-Anexo 03,E,Padrão,<MR-2>,IPVALiquidoExcetoTransferenciasEFUNDEB,IPVA,97172724.84,PA,15,2026,2
2026,RREO,2,B,Governo do Estado do Pará,15,PA,8442962,RREO-Anexo 03,E,Padrão,Mar,IPVALiquidoExcetoTransferenciasEFUNDEB,IPVA,164908683.28,PA,15,2026,2
2026,RREO,2,B,Governo do Estado do Pará,15,PA,8442962,RREO-Anexo 03,E,Padrão,Abr,IPVALiquidoExcetoTransferenciasEFUNDEB,IPVA,143466105.04,PA,15,2026,2
2026,RREO,2,B,Governo do Estado do Pará,15,PA,8442962,RREO-Anexo 03,E,Padrão,TOTAL (ÚLTIMOS 12 MESES),IPVALiquidoExcetoTransferenciasEFUNDEB,IPVA,1500169927.07,PA,15,2026,2
2026,RREO,2,B,Governo do Estado do Pará,15,PA,8442962,RREO-Anexo 03,E,Padrão,PREVISÃO ATUALIZADA 2026,IPVALiquidoExcetoTransferenciasEFUNDEB,IPVA,1557729759.0,PA,15,2026,2
2026,RREO,2,B,Governo do Estado do Pará,15,PA,8442962,RREO-Anexo 03,E,Padrão,<MR-11>,ITCDLiquidoExcetoTransferenciasEFUNDEB,ITCD,4537527.66,PA,15,2026,2
2026,RREO,2,B,Governo do Estado do Pará,15,PA,8442962,RREO-Anexo 03,E,Padrão,<MR-10>,ITCDLiquidoExcetoTransferenciasEFUNDEB,ITCD,6769703.76,PA,15,2026,2
2026,RREO,2,B,Governo do Estado do Pará,15,PA,8442962,RREO-Anexo 03,E,Padrão,<MR-9>,ITCDLiquidoExcetoTransferenciasEFUNDEB,ITCD,7688517.56,PA,15,2026,2
2026,RREO,2,B,Governo do Estado do Pará,15,PA,8442962,RREO-Anexo 03,E,Padrão,<MR-8>,ITCDLiquidoExcetoTransferenciasEFUNDEB,ITCD,5464099.61,PA,15,2026,2
2026,RREO,2,B,Governo do Estado do Pará,15,PA,8442962,RREO-Anexo 03,E,Padrão,<MR-7>,ITCDLiquidoExcetoTransferenciasEFUNDEB,ITCD,8147662.33,PA,15,2026,2
2026,RREO,2,B,Governo do Estado do Pará,15,PA,8442962,RREO-Anexo 03,E,Padrão,<MR-6>,ITCDLiquidoExcetoTransferenciasEFUNDEB,ITCD,6483492.99,PA,15,2026,2
2026,RREO,2,B,Governo do Estado do Pará,15,PA,8442962,RREO-Anexo 03,E,Padrão,<MR-5>,ITCDLiquidoExcetoTransferenciasEFUNDEB,ITCD,4290887.57,PA,15,2026,2
2026,RREO,2,B,Governo do Estado do Pará,15,PA,8442962,RREO-Anexo 03,E,Padrão,<MR-4>,ITCDLiquidoExcetoTransferenciasEFUNDEB,ITCD,18292617.16,PA,15,2026,2
2026,RREO,2,B,Governo do Estado do Pará,15,PA,8442962,RREO-Anexo 03,E,Padrão,<MR-3>,ITCDLiquidoExcetoTransferenciasEFUNDEB,ITCD,4645339.5,PA,15,2026,2
2026,RREO,2,B,Governo do Estado do Pará,15,PA,8442962,RREO-Anexo 03,E,Padrão,<MR-2>,ITCDLiquidoExcetoTransferenciasEFUNDEB,ITCD,5454951.74,PA,15,2026,2
2026,RREO,2,B,Governo do Estado do Pará,15,PA,8442962,RREO-Anexo 03,E,Padrão,Mar,ITCDLiquidoExcetoTransferenciasEFUNDEB,ITCD,5981364.27,PA,15,2026,2
2026,RREO,2,B,Governo do Estado do Pará,15,PA,8442962,RREO-Anexo 03,E,Padrão,Abr,ITCDLiquidoExcetoTransferenciasEFUNDEB,ITCD,3625052.3,PA,15,2026,2
2026,RREO,2,B,Governo do Estado do Pará,15,PA,8442962,RREO-Anexo 03,E,Padrão,TOTAL (ÚLTIMOS 12 MESES),ITCDLiquidoExcetoTransferenciasEFUNDEB,ITCD,81381216.45,PA,15,2026,2
2026,RREO,2,B,Governo do Estado do Pará,15,PA,8442962,RREO-Anexo 03,E,Padrão,PREVISÃO ATUALIZADA 2026,ITCDLiquidoExcetoTransferenciasEFUNDEB,ITCD,76782576.0,PA,15,2026,2
2026,RREO,2,B,Governo do Estado do Amapá,16,AP,774268,RREO-Anexo 03,E,Padrão,<MR-11>,ICMSLiquidoExcetoTransferenciasEFUNDEB,ICMS,150119301.53,AP,16,2026,2
2026,RREO,2,B,Governo do Estado do Amapá,16,AP,774268,RREO-Anexo 03,E,Padrão,<MR-10>,ICMSLiquidoExcetoTransferenciasEFUNDEB,ICMS,149506371.83,AP,16,2026,2
2026,RREO,2,B,Governo do Estado do Amapá,16,AP,774268,RREO-Anexo 03,E,Padrão,<MR-9>,ICMSLiquidoExcetoTransferenciasEFUNDEB,ICMS,149045073.64,AP,16,2026,2
2026,RREO,2,B,Governo do Estado do Amapá,16,AP,774268,RREO-Anexo 03,E,Padrão,<MR-8>,ICMSLiquidoExcetoTransferenciasEFUNDEB,ICMS,138839570.39,AP,16,2026,2
2026,RREO,2,B,Governo do Estado do Amapá,16,AP,774268,RREO-Anexo 03,E,Padrão,<MR-7>,ICMSLiquidoExcetoTransferenciasEFUNDEB,ICMS,161740867.86,AP,16,2026,2
2026,RREO,2,B,Governo do Estado do Amapá,16,AP,774268,RREO-Anexo 03,E,Padrão,<MR-6>,ICMSLiquidoExcetoTransferenciasEFUNDEB,ICMS,152818197.28,AP,16,2026,2
2026,RREO,2,B,Governo do Estado do Amapá,16,AP,774268,RREO-Anexo 03,E,Padrão,<MR-5>,ICMSLiquidoExcetoTransferenciasEFUNDEB,ICMS,140415499.13,AP,16,2026,2
2026,RREO,2,B,Governo do Estado do Amapá,16,AP,774268,RREO-Anexo 03,E,Padrão,<MR-4>,ICMSLiquidoExcetoTransferenciasEFUNDEB,ICMS,148779269.01,AP,16,2026,2
2026,RREO,2,B,Governo do Estado do Amapá,16,AP,774268,RREO-Anexo 03,E,Padrão,<MR-3>,ICMSLiquidoExcetoTransferenciasEFUNDEB,ICMS,150408040.42,AP,16,2026,2
2026,RREO,2,B,Governo do Estado do Amapá,16,AP,774268,RREO-Anexo 03,E,Padrão,<MR-2>,ICMSLiquidoExcetoTransferenciasEFUNDEB,ICMS,133849972.59,AP,16,2026,2
2026,RREO,2,B,Governo do Estado do Amapá,16,AP,774268,RREO-Anexo 03,E,Padrão,Mar,ICMSLiquidoExcetoTransferenciasEFUNDEB,ICMS,142192060.71,AP,16,2026,2
2026,RREO,2,B,Governo do Estado do Amapá,16,AP,774268,RREO-Anexo 03,E,Padrão,Abr,ICMSLiquidoExcetoTransferenciasEFUNDEB,ICMS,129246640.81,AP,16,2026,2
2026,RREO,2,B,Governo do Estado do Amapá,16,AP,774268,RREO-Anexo 03,E,Padrão,TOTAL (ÚLTIMOS 12 MESES),ICMSLiquidoExcetoTransferenciasEFUNDEB,ICMS,1746960865.2,AP,16,2026,2
2026,RREO,2,B,Governo do Estado do Amapá,16,AP,774268,RREO-Anexo 03,E,Padrão,PREVISÃO ATUALIZADA 2026,ICMSLiquidoExcetoTransferenciasEFUNDEB,ICMS,1647920869.0,AP,16,2026,2
2026,RREO,2,B,Governo do Estado do Amapá,16,AP,774268,RREO-Anexo 03,E,Padrão,<MR-11>,IPVALiquidoExcetoTransferenciasEFUNDEB,IPVA,9734265.01,AP,16,2026,2
2026,RREO,2,B,Governo do Estado do Amapá,16,AP,774268,RREO-Anexo 03,E,Padrão,<MR-10>,IPVALiquidoExcetoTransferenciasEFUNDEB,IPVA,10529732.67,AP,16,2026,2
2026,RREO,2,B,Governo do Estado do Amapá,16,AP,774268,RREO-Anexo 03,E,Padrão,<MR-9>,IPVALiquidoExcetoTransferenciasEFUNDEB,IPVA,11761894.47,AP,16,2026,2
2026,RREO,2,B,Governo do Estado do Amapá,16,AP,774268,RREO-Anexo 03,E,Padrão,<MR-8>,IPVALiquidoExcetoTransferenciasEFUNDEB,IPVA,10406593.14,AP,16,2026,2
2026,RREO,2,B,Governo do Estado do Amapá,16,AP,774268,RREO-Anexo 03,E,Padrão,<MR-7>,IPVALiquidoExcetoTransferenciasEFUNDEB,IPVA,12788323.55,AP,16,2026,2
2026,RREO,2,B,Governo do Estado do Amapá,16,AP,774268,RREO-Anexo 03,E,Padrão,<MR-6>,IPVALiquidoExcetoTransferenciasEFUNDEB,IPVA,9839476.37,AP,16,2026,2
2026,RREO,2,B,Governo do Estado do Amapá,16,AP,774268,RREO-Anexo 03,E,Padrão,<MR-5>,IPVALiquidoExcetoTransferenciasEFUNDEB,IPVA,6344154.34,AP,16,2026,2
2026,RREO,2,B,Governo do Estado do Amapá,16,AP,774268,RREO-Anexo 03,E,Padrão,<MR-4>,IPVALiquidoExcetoTransferenciasEFUNDEB,IPVA,6222938.74,AP,16,2026,2
2026,RREO,2,B,Governo do Estado do Amapá,16,AP,774268,RREO-Anexo 03,E,Padrão,<MR-3>,IPVALiquidoExcetoTransferenciasEFUNDEB,IPVA,8697805.28,AP,16,2026,2
2026,RREO,2,B,Governo do Estado do Amapá,16,AP,774268,RREO-Anexo 03,E,Padrão,<MR-2>,IPVALiquidoExcetoTransferenciasEFUNDEB,IPVA,10693305.02,AP,16,2026,2
2026,RREO,2,B,Governo do Estado do Amapá,16,AP,774268,RREO-Anexo 03,E,Padrão,Mar,IPVALiquidoExcetoTransferenciasEFUNDEB,IPVA,40949264.68,AP,16,2026,2
2026,RREO,2,B,Governo do Estado do Amapá,16,AP,774268,RREO-Anexo 03,E,Padrão,Abr,IPVALiquidoExcetoTransferenciasEFUNDEB,IPVA,18090104.65,AP,16,2026,2
2026,RREO,2,B,Governo do Estado do Amapá,16,AP,774268,RREO-Anexo 03,E,Padrão,TOTAL (ÚLTIMOS 12 MESES),IPVALiquidoExcetoTransferenciasEFUNDEB,IPVA,156057857.92,AP,16,2026,2
2026,RREO,2,B,Governo do Estado do Amapá,16,AP,774268,RREO-Anexo 03,E,Padrão,PREVISÃO ATUALIZADA 2026,IPVALiquidoExcetoTransferenciasEFUNDEB,IPVA,155217077.0,AP,16,2026,2
2026,RREO,2,B,Governo do Estado do Amapá,16,AP,774268,RREO-Anexo 03,E,Padrão,<MR-11>,ITCDLiquidoExcetoTransferenciasEFUNDEB,ITCD,255179.99,AP,16,2026,2
2026,RREO,2,B,Governo do Estado do Amapá,16,AP,774268,RREO-Anexo 03,E,Padrão,<MR-10>,ITCDLiquidoExcetoTransferenciasEFUNDEB,ITCD,146435.27,AP,16,2026,2
2026,RREO,2,B,Governo do Estado do Amapá,16,AP,774268,RREO-Anexo 03,E,Padrão,<MR-9>,ITCDLiquidoExcetoTransferenciasEFUNDEB,ITCD,295249.64,AP,16,2026,2
2026,RREO,2,B,Governo do Estado do Amapá,16,AP,774268,RREO-Anexo 03,E,Padrão,<MR-8>,ITCDLiquidoExcetoTransferenciasEFUNDEB,ITCD,250418.14,AP,16,2026,2
2026,RREO,2,B,Governo do Estado do Amapá,16,AP,774268,RREO-Anexo 03,E,Padrão,<MR-7>,ITCDLiquidoExcetoTransferenciasEFUNDEB,ITCD,395573.16,AP,16,2026,2
2026,RREO,2,B,Governo do Estado do Amapá,16,AP,774268,RREO-Anexo 03,E,Padrão,<MR-6>,ITCDLiquidoExcetoTransferenciasEFUNDEB,ITCD,540835.37,AP,16,2026,2
2026,RREO,2,B,Governo do Estado do Amapá,16,AP,774268,RREO-Anexo 03,E,Padrão,<MR-5>,ITCDLiquidoExcetoTransferenciasEFUNDEB,ITCD,284189.02,AP,16,2026,2
2026,RREO,2,B,Governo do Estado do Amapá,16,AP,774268,RREO-Anexo 03,E,Padrão,<MR-4>,ITCDLiquidoExcetoTransferenciasEFUNDEB,ITCD,324963.87,AP,16,2026,2
2026,RREO,2,B,Governo do Estado do Amapá,16,AP,774268,RREO-Anexo 03,E,Padrão,<MR-3>,ITCDLiquidoExcetoTransferenciasEFUNDEB,ITCD,215783.88,AP,16,2026,2
2026,RREO,2,B,Governo do Estado do Amapá,16,AP,774268,RREO-Anexo 03,E,Padrão,<MR-2>,ITCDLiquidoExcetoTransferenciasEFUNDEB,ITCD,209919.68,AP,16,2026,2
2026,RREO,2,B,Governo do Estado do Amapá,16,AP,774268,RREO-Anexo 03,E,Padrão,Mar,ITCDLiquidoExcetoTransferenciasEFUNDEB,ITCD,444961.83,AP,16,2026,2
2026,RREO,2,B,Governo do Estado do Amapá,16,AP,774268,RREO-Anexo 03,E,Padrão,Abr,ITCDLiquidoExcetoTransferenciasEFUNDEB,ITCD,517595.04,AP,16,2026,2
2026,RREO,2,B,Governo do Estado do Amapá,16,AP,774268,RREO-Anexo 03,E,Padrão,TOTAL (ÚLTIMOS 12 MESES),ITCDLiquidoExcetoTransferenciasEFUNDEB,ITCD,3881104.89,AP,16,2026,2
2026,RREO,2,B,Governo do Estado do Amapá,16,AP,774268,RREO-Anexo 03,E,Padrão,PREVISÃO ATUALIZADA 2026,ITCDLiquidoExcetoTransferenciasEFUNDEB,ITCD,3869508.0,AP,16,2026,2
2026,RREO,2,B,Governo do Estado do Tocantins,17,TO,1584306,RREO-Anexo 03,E,Padrão,<MR-11>,ICMSLiquidoExcetoTransferenciasEFUNDEB,ICMS,508897979.8,TO,17,2026,2
2026,RREO,2,B,Governo do Estado do Tocantins,17,TO,1584306,RREO-Anexo 03,E,Padrão,<MR-10>,ICMSLiquidoExcetoTransferenciasEFUNDEB,ICMS,542824793.54,TO,17,2026,2
2026,RREO,2,B,Governo do Estado do Tocantins,17,TO,1584306,RREO-Anexo 03,E,Padrão,<MR-9>,ICMSLiquidoExcetoTransferenciasEFUNDEB,ICMS,561892094.88,TO,17,2026,2
2026,RREO,2,B,Governo do Estado do Tocantins,17,TO,1584306,RREO-Anexo 03,E,Padrão,<MR-8>,ICMSLiquidoExcetoTransferenciasEFUNDEB,ICMS,560656243.7,TO,17,2026,2
2026,RREO,2,B,Governo do Estado do Tocantins,17,TO,1584306,RREO-Anexo 03,E,Padrão,<MR-7>,ICMSLiquidoExcetoTransferenciasEFUNDEB,ICMS,558643669.11,TO,17,2026,2
2026,RREO,2,B,Governo do Estado do Tocantins,17,TO,1584306,RREO-Anexo 03,E,Padrão,<MR-6>,ICMSLiquidoExcetoTransferenciasEFUNDEB,ICMS,595064357.04,TO,17,2026,2
2026,RREO,2,B,Governo do Estado do Tocantins,17,TO,1584306,RREO-Anexo 03,E,Padrão,<MR-5>,ICMSLiquidoExcetoTransferenciasEFUNDEB,ICMS,572210453.09,TO,17,2026,2
2026,RREO,2,B,Governo do Estado do Tocantins,17,TO,1584306,RREO-Anexo 03,E,Padrão,<MR-4>,ICMSLiquidoExcetoTransferenciasEFUNDEB,ICMS,547060287.21,TO,17,2026,2
2026,RREO,2,B,Governo do Estado do Tocantins,17,TO,1584306,RREO-Anexo 03,E,Padrão,<MR-3>,ICMSLiquidoExcetoTransferenciasEFUNDEB,ICMS,524773200.15,TO,17,2026,2
2026,RREO,2,B,Governo do Estado do Tocantins,17,TO,1584306,RREO-Anexo 03,E,Padrão,<MR-2>,ICMSLiquidoExcetoTransferenciasEFUNDEB,ICMS,451671685.9,TO,17,2026,2
2026,RREO,2,B,Governo do Estado do Tocantins,17,TO,1584306,RREO-Anexo 03,E,Padrão,Mar,ICMSLiquidoExcetoTransferenciasEFUNDEB,ICMS,507999915.75,TO,17,2026,2
2026,RREO,2,B,Governo do Estado do Tocantins,17,TO,1584306,RREO-Anexo 03,E,Padrão,Abr,ICMSLiquidoExcetoTransferenciasEFUNDEB,ICMS,563633305.03,TO,17,2026,2
2026,RREO,2,B,Governo do Estado do Tocantins,17,TO,1584306,RREO-Anexo 03,E,Padrão,TOTAL (ÚLTIMOS 12 MESES),ICMSLiquidoExcetoTransferenciasEFUNDEB,ICMS,6495327985.2,TO,17,2026,2
2026,RREO,2,B,Governo do Estado do Tocantins,17,TO,1584306,RREO-Anexo 03,E,Padrão,PREVISÃO ATUALIZADA 2026,ICMSLiquidoExcetoTransferenciasEFUNDEB,ICMS,6768376896.0,TO,17,2026,2
2026,RREO,2,B,Governo do Estado do Tocantins,17,TO,1584306,RREO-Anexo 03,E,Padrão,<MR-11>,IPVALiquidoExcetoTransferenciasEFUNDEB,IPVA,24550936.8,TO,17,2026,2
2026,RREO,2,B,Governo do Estado do Tocantins,17,TO,1584306,RREO-Anexo 03,E,Padrão,<MR-10>,IPVALiquidoExcetoTransferenciasEFUNDEB,IPVA,23999952.08,TO,17,2026,2
2026,RREO,2,B,Governo do Estado do Tocantins,17,TO,1584306,RREO-Anexo 03,E,Padrão,<MR-9>,IPVALiquidoExcetoTransferenciasEFUNDEB,IPVA,28432672.35,TO,17,2026,2
2026,RREO,2,B,Governo do Estado do Tocantins,17,TO,1584306,RREO-Anexo 03,E,Padrão,<MR-8>,IPVALiquidoExcetoTransferenciasEFUNDEB,IPVA,28541832.5,TO,17,2026,2
2026,RREO,2,B,Governo do Estado do Tocantins,17,TO,1584306,RREO-Anexo 03,E,Padrão,<MR-7>,IPVALiquidoExcetoTransferenciasEFUNDEB,IPVA,49660667.93,TO,17,2026,2
2026,RREO,2,B,Governo do Estado do Tocantins,17,TO,1584306,RREO-Anexo 03,E,Padrão,<MR-6>,IPVALiquidoExcetoTransferenciasEFUNDEB,IPVA,190813441.89,TO,17,2026,2
2026,RREO,2,B,Governo do Estado do Tocantins,17,TO,1584306,RREO-Anexo 03,E,Padrão,<MR-5>,IPVALiquidoExcetoTransferenciasEFUNDEB,IPVA,23302381.68,TO,17,2026,2
2026,RREO,2,B,Governo do Estado do Tocantins,17,TO,1584306,RREO-Anexo 03,E,Padrão,<MR-4>,IPVALiquidoExcetoTransferenciasEFUNDEB,IPVA,63674165.75,TO,17,2026,2
2026,RREO,2,B,Governo do Estado do Tocantins,17,TO,1584306,RREO-Anexo 03,E,Padrão,<MR-3>,IPVALiquidoExcetoTransferenciasEFUNDEB,IPVA,73072724.88,TO,17,2026,2
2026,RREO,2,B,Governo do Estado do Tocantins,17,TO,1584306,RREO-Anexo 03,E,Padrão,<MR-2>,IPVALiquidoExcetoTransferenciasEFUNDEB,IPVA,47266521.15,TO,17,2026,2
2026,RREO,2,B,Governo do Estado do Tocantins,17,TO,1584306,RREO-Anexo 03,E,Padrão,Mar,IPVALiquidoExcetoTransferenciasEFUNDEB,IPVA,28685029.05,TO,17,2026,2
2026,RREO,2,B,Governo do Estado do Tocantins,17,TO,1584306,RREO-Anexo 03,E,Padrão,Abr,IPVALiquidoExcetoTransferenciasEFUNDEB,IPVA,24962210.13,TO,17,2026,2
2026,RREO,2,B,Governo do Estado do Tocantins,17,TO,1584306,RREO-Anexo 03,E,Padrão,TOTAL (ÚLTIMOS 12 MESES),IPVALiquidoExcetoTransferenciasEFUNDEB,IPVA,606962536.19,TO,17,2026,2
2026,RREO,2,B,Governo do Estado do Tocantins,17,TO,1584306,RREO-Anexo 03,E,Padrão,PREVISÃO ATUALIZADA 2026,IPVALiquidoExcetoTransferenciasEFUNDEB,IPVA,615102511.0,TO,17,2026,2
2026,RREO,2,B,Governo do Estado do Tocantins,17,TO,1584306,RREO-Anexo 03,E,Padrão,<MR-11>,ITCDLiquidoExcetoTransferenciasEFUNDEB,ITCD,8228076.1,TO,17,2026,2
2026,RREO,2,B,Governo do Estado do Tocantins,17,TO,1584306,RREO-Anexo 03,E,Padrão,<MR-10>,ITCDLiquidoExcetoTransferenciasEFUNDEB,ITCD,9935218.37,TO,17,2026,2
2026,RREO,2,B,Governo do Estado do Tocantins,17,TO,1584306,RREO-Anexo 03,E,Padrão,<MR-9>,ITCDLiquidoExcetoTransferenciasEFUNDEB,ITCD,8509673.28,TO,17,2026,2
2026,RREO,2,B,Governo do Estado do Tocantins,17,TO,1584306,RREO-Anexo 03,E,Padrão,<MR-8>,ITCDLiquidoExcetoTransferenciasEFUNDEB,ITCD,6530753.26,TO,17,2026,2
2026,RREO,2,B,Governo do Estado do Tocantins,17,TO,1584306,RREO-Anexo 03,E,Padrão,<MR-7>,ITCDLiquidoExcetoTransferenciasEFUNDEB,ITCD,10249633.6,TO,17,2026,2
2026,RREO,2,B,Governo do Estado do Tocantins,17,TO,1584306,RREO-Anexo 03,E,Padrão,<MR-6>,ITCDLiquidoExcetoTransferenciasEFUNDEB,ITCD,7279319.22,TO,17,2026,2
2026,RREO,2,B,Governo do Estado do Tocantins,17,TO,1584306,RREO-Anexo 03,E,Padrão,<MR-5>,ITCDLiquidoExcetoTransferenciasEFUNDEB,ITCD,7985335.02,TO,17,2026,2
2026,RREO,2,B,Governo do Estado do Tocantins,17,TO,1584306,RREO-Anexo 03,E,Padrão,<MR-4>,ITCDLiquidoExcetoTransferenciasEFUNDEB,ITCD,11183573.16,TO,17,2026,2
2026,RREO,2,B,Governo do Estado do Tocantins,17,TO,1584306,RREO-Anexo 03,E,Padrão,<MR-3>,ITCDLiquidoExcetoTransferenciasEFUNDEB,ITCD,4551609.4,TO,17,2026,2
2026,RREO,2,B,Governo do Estado do Tocantins,17,TO,1584306,RREO-Anexo 03,E,Padrão,<MR-2>,ITCDLiquidoExcetoTransferenciasEFUNDEB,ITCD,5484265.92,TO,17,2026,2
2026,RREO,2,B,Governo do Estado do Tocantins,17,TO,1584306,RREO-Anexo 03,E,Padrão,Mar,ITCDLiquidoExcetoTransferenciasEFUNDEB,ITCD,7308432.24,TO,17,2026,2
2026,RREO,2,B,Governo do Estado do Tocantins,17,TO,1584306,RREO-Anexo 03,E,Padrão,Abr,ITCDLiquidoExcetoTransferenciasEFUNDEB,ITCD,6455905.61,TO,17,2026,2
2026,RREO,2,B,Governo do Estado do Tocantins,17,TO,1584306,RREO-Anexo 03,E,Padrão,TOTAL (ÚLTIMOS 12 MESES),ITCDLiquidoExcetoTransferenciasEFUNDEB,ITCD,93701795.18,TO,17,2026,2
2026,RREO,2,B,Governo do Estado do Tocantins,17,TO,1584306,RREO-Anexo 03,E,Padrão,PREVISÃO ATUALIZADA 2026,ITCDLiquidoExcetoTransferenciasEFUNDEB,ITCD,110008860.0,TO,17,2026,2
2026,RREO,2,B,Governo do Estado do Maranhão,21,MA,6800605,RREO-Anexo 03,E,Padrão,<MR-11>,ICMSLiquidoExcetoTransferenciasEFUNDEB,ICMS,1167219600.45,MA,21,2026,2
2026,RREO,2,B,Governo do Estado do Maranhão,21,MA,6800605,RREO-Anexo 03,E,Padrão,<MR-10>,ICMSLiquidoExcetoTransferenciasEFUNDEB,ICMS,1307495056.82,MA,21,2026,2
2026,RREO,2,B,Governo do Estado do Maranhão,21,MA,6800605,RREO-Anexo 03,E,Padrão,<MR-9>,ICMSLiquidoExcetoTransferenciasEFUNDEB,ICMS,1395414210.02,MA,21,2026,2
2026,RREO,2,B,Governo do Estado do Maranhão,21,MA,6800605,RREO-Anexo 03,E,Padrão,<MR-8>,ICMSLiquidoExcetoTransferenciasEFUNDEB,ICMS,1356464127.45,MA,21,2026,2
2026,RREO,2,B,Governo do Estado do Maranhão,21,MA,6800605,RREO-Anexo 03,E,Padrão,<MR-7>,ICMSLiquidoExcetoTransferenciasEFUNDEB,ICMS,1519621314.39,MA,21,2026,2
2026,RREO,2,B,Governo do Estado do Maranhão,21,MA,6800605,RREO-Anexo 03,E,Padrão,<MR-6>,ICMSLiquidoExcetoTransferenciasEFUNDEB,ICMS,1438716225.9,MA,21,2026,2
2026,RREO,2,B,Governo do Estado do Maranhão,21,MA,6800605,RREO-Anexo 03,E,Padrão,<MR-5>,ICMSLiquidoExcetoTransferenciasEFUNDEB,ICMS,1458902558.7,MA,21,2026,2
2026,RREO,2,B,Governo do Estado do Maranhão,21,MA,6800605,RREO-Anexo 03,E,Padrão,<MR-4>,ICMSLiquidoExcetoTransferenciasEFUNDEB,ICMS,1453198169.28,MA,21,2026,2
2026,RREO,2,B,Governo do Estado do Maranhão,21,MA,6800605,RREO-Anexo 03,E,Padrão,<MR-3>,ICMSLiquidoExcetoTransferenciasEFUNDEB,ICMS,1502033134.32,MA,21,2026,2
2026,RREO,2,B,Governo do Estado do Maranhão,21,MA,6800605,RREO-Anexo 03,E,Padrão,<MR-2>,ICMSLiquidoExcetoTransferenciasEFUNDEB,ICMS,1193992707.34,MA,21,2026,2
2026,RREO,2,B,Governo do Estado do Maranhão,21,MA,6800605,RREO-Anexo 03,E,Padrão,Mar,ICMSLiquidoExcetoTransferenciasEFUNDEB,ICMS,1304828741.64,MA,21,2026,2
2026,RREO,2,B,Governo do Estado do Maranhão,21,MA,6800605,RREO-Anexo 03,E,Padrão,Abr,ICMSLiquidoExcetoTransferenciasEFUNDEB,ICMS,1509759120.12,MA,21,2026,2
2026,RREO,2,B,Governo do Estado do Maranhão,21,MA,6800605,RREO-Anexo 03,E,Padrão,TOTAL (ÚLTIMOS 12 MESES),ICMSLiquidoExcetoTransferenciasEFUNDEB,ICMS,16607644966.43,MA,21,2026,2
2026,RREO,2,B,Governo do Estado do Maranhão,21,MA,6800605,RREO-Anexo 03,E,Padrão,PREVISÃO ATUALIZADA 2026,ICMSLiquidoExcetoTransferenciasEFUNDEB,ICMS,17012019000.0,MA,21,2026,2
2026,RREO,2,B,Governo do Estado do Maranhão,21,MA,6800605,RREO-Anexo 03,E,Padrão,<MR-11>,IPVALiquidoExcetoTransferenciasEFUNDEB,IPVA,122743853.09,MA,21,2026,2
2026,RREO,2,B,Governo do Estado do Maranhão,21,MA,6800605,RREO-Anexo 03,E,Padrão,<MR-10>,IPVALiquidoExcetoTransferenciasEFUNDEB,IPVA,89857563.66,MA,21,2026,2
2026,RREO,2,B,Governo do Estado do Maranhão,21,MA,6800605,RREO-Anexo 03,E,Padrão,<MR-9>,IPVALiquidoExcetoTransferenciasEFUNDEB,IPVA,75047592.41,MA,21,2026,2
2026,RREO,2,B,Governo do Estado do Maranhão,21,MA,6800605,RREO-Anexo 03,E,Padrão,<MR-8>,IPVALiquidoExcetoTransferenciasEFUNDEB,IPVA,55096145.68,MA,21,2026,2
2026,RREO,2,B,Governo do Estado do Maranhão,21,MA,6800605,RREO-Anexo 03,E,Padrão,<MR-7>,IPVALiquidoExcetoTransferenciasEFUNDEB,IPVA,50287533.13,MA,21,2026,2
2026,RREO,2,B,Governo do Estado do Maranhão,21,MA,6800605,RREO-Anexo 03,E,Padrão,<MR-6>,IPVALiquidoExcetoTransferenciasEFUNDEB,IPVA,47327162.25,MA,21,2026,2
2026,RREO,2,B,Governo do Estado do Maranhão,21,MA,6800605,RREO-Anexo 03,E,Padrão,<MR-5>,IPVALiquidoExcetoTransferenciasEFUNDEB,IPVA,29686168.55,MA,21,2026,2
2026,RREO,2,B,Governo do Estado do Maranhão,21,MA,6800605,RREO-Anexo 03,E,Padrão,<MR-4>,IPVALiquidoExcetoTransferenciasEFUNDEB,IPVA,40938329.23,MA,21,2026,2
2026,RREO,2,B,Governo do Estado do Maranhão,21,MA,6800605,RREO-Anexo 03,E,Padrão,<MR-3>,IPVALiquidoExcetoTransferenciasEFUNDEB,IPVA,96449112.6,MA,21,2026,2
2026,RREO,2,B,Governo do Estado do Maranhão,21,MA,6800605,RREO-Anexo 03,E,Padrão,<MR-2>,IPVALiquidoExcetoTransferenciasEFUNDEB,IPVA,176506668.28,MA,21,2026,2
2026,RREO,2,B,Governo do Estado do Maranhão,21,MA,6800605,RREO-Anexo 03,E,Padrão,Mar,IPVALiquidoExcetoTransferenciasEFUNDEB,IPVA,216515221.0,MA,21,2026,2
2026,RREO,2,B,Governo do Estado do Maranhão,21,MA,6800605,RREO-Anexo 03,E,Padrão,Abr,IPVALiquidoExcetoTransferenciasEFUNDEB,IPVA,128757084.74,MA,21,2026,2
2026,RREO,2,B,Governo do Estado do Maranhão,21,MA,6800605,RREO-Anexo 03,E,Padrão,TOTAL (ÚLTIMOS 12 MESES),IPVALiquidoExcetoTransferenciasEFUNDEB,IPVA,1129212434.62,MA,21,2026,2
2026,RREO,2,B,Governo do Estado do Maranhão,21,MA,6800605,RREO-Anexo 03,E,Padrão,PREVISÃO ATUALIZADA 2026,IPVALiquidoExcetoTransferenciasEFUNDEB,IPVA,1263411000.0,MA,21,2026,2
2026,RREO,2,B,Governo do Estado do Maranhão,21,MA,6800605,RREO-Anexo 03,E,Padrão,<MR-11>,ITCDLiquidoExcetoTransferenciasEFUNDEB,ITCD,7434552.36,MA,21,2026,2
2026,RREO,2,B,Governo do Estado do Maranhão,21,MA,6800605,RREO-Anexo 03,E,Padrão,<MR-10>,ITCDLiquidoExcetoTransferenciasEFUNDEB,ITCD,5492264.12,MA,21,2026,2
2026,RREO,2,B,Governo do Estado do Maranhão,21,MA,6800605,RREO-Anexo 03,E,Padrão,<MR-9>,ITCDLiquidoExcetoTransferenciasEFUNDEB,ITCD,9749265.07,MA,21,2026,2
2026,RREO,2,B,Governo do Estado do Maranhão,21,MA,6800605,RREO-Anexo 03,E,Padrão,<MR-8>,ITCDLiquidoExcetoTransferenciasEFUNDEB,ITCD,5660492.42,MA,21,2026,2
2026,RREO,2,B,Governo do Estado do Maranhão,21,MA,6800605,RREO-Anexo 03,E,Padrão,<MR-7>,ITCDLiquidoExcetoTransferenciasEFUNDEB,ITCD,3875966.77,MA,21,2026,2
2026,RREO,2,B,Governo do Estado do Maranhão,21,MA,6800605,RREO-Anexo 03,E,Padrão,<MR-6>,ITCDLiquidoExcetoTransferenciasEFUNDEB,ITCD,20473732.97,MA,21,2026,2
2026,RREO,2,B,Governo do Estado do Maranhão,21,MA,6800605,RREO-Anexo 03,E,Padrão,<MR-5>,ITCDLiquidoExcetoTransferenciasEFUNDEB,ITCD,5652007.7,MA,21,2026,2
2026,RREO,2,B,Governo do Estado do Maranhão,21,MA,6800605,RREO-Anexo 03,E,Padrão,<MR-4>,ITCDLiquidoExcetoTransferenciasEFUNDEB,ITCD,17545065.79,MA,21,2026,2
2026,RREO,2,B,Governo do Estado do Maranhão,21,MA,6800605,RREO-Anexo 03,E,Padrão,<MR-3>,ITCDLiquidoExcetoTransferenciasEFUNDEB,ITCD,4816861.73,MA,21,2026,2
2026,RREO,2,B,Governo do Estado do Maranhão,21,MA,6800605,RREO-Anexo 03,E,Padrão,<MR-2>,ITCDLiquidoExcetoTransferenciasEFUNDEB,ITCD,43156020.54,MA,21,2026,2
2026,RREO,2,B,Governo do Estado do Maranhão,21,MA,6800605,RREO-Anexo 03,E,Padrão,Mar,ITCDLiquidoExcetoTransferenciasEFUNDEB,ITCD,5528808.65,MA,21,2026,2
2026,RREO,2,B,Governo do Estado do Maranhão,21,MA,6800605,RREO-Anexo 03,E,Padrão,Abr,ITCDLiquidoExcetoTransferenciasEFUNDEB,ITCD,6080422.25,MA,21,2026,2
2026,RREO,2,B,Governo do Estado do Maranhão,21,MA,6800605,RREO-Anexo 03,E,Padrão,TOTAL (ÚLTIMOS 12 MESES),ITCDLiquidoExcetoTransferenciasEFUNDEB,ITCD,135465460.37,MA,21,2026,2
2026,RREO,2,B,Governo do Estado do Maranhão,21,MA,6800605,RREO-Anexo 03,E,Padrão,PREVISÃO ATUALIZADA 2026,ITCDLiquidoExcetoTransferenciasEFUNDEB,ITCD,81439000.0,MA,21,2026,2
2026,RREO,2,B,Governo do Estado do Piauí,22,PI,3270174,RREO-Anexo 03,E,Padrão,<MR-11>,ICMSLiquidoExcetoTransferenciasEFUNDEB,ICMS,662677926.72,PI,22,2026,2
2026,RREO,2,B,Governo do Estado do Piauí,22,PI,3270174,RREO-Anexo 03,E,Padrão,<MR-10>,ICMSLiquidoExcetoTransferenciasEFUNDEB,ICMS,734897772.89,PI,22,2026,2
2026,RREO,2,B,Governo do Estado do Piauí,22,PI,3270174,RREO-Anexo 03,E,Padrão,<MR-9>,ICMSLiquidoExcetoTransferenciasEFUNDEB,ICMS,725046345.29,PI,22,2026,2
2026,RREO,2,B,Governo do Estado do Piauí,22,PI,3270174,RREO-Anexo 03,E,Padrão,<MR-8>,ICMSLiquidoExcetoTransferenciasEFUNDEB,ICMS,773297361.32,PI,22,2026,2
2026,RREO,2,B,Governo do Estado do Piauí,22,PI,3270174,RREO-Anexo 03,E,Padrão,<MR-7>,ICMSLiquidoExcetoTransferenciasEFUNDEB,ICMS,747978074.8,PI,22,2026,2
2026,RREO,2,B,Governo do Estado do Piauí,22,PI,3270174,RREO-Anexo 03,E,Padrão,<MR-6>,ICMSLiquidoExcetoTransferenciasEFUNDEB,ICMS,751243471.44,PI,22,2026,2
2026,RREO,2,B,Governo do Estado do Piauí,22,PI,3270174,RREO-Anexo 03,E,Padrão,<MR-5>,ICMSLiquidoExcetoTransferenciasEFUNDEB,ICMS,771989639.97,PI,22,2026,2
2026,RREO,2,B,Governo do Estado do Piauí,22,PI,3270174,RREO-Anexo 03,E,Padrão,<MR-4>,ICMSLiquidoExcetoTransferenciasEFUNDEB,ICMS,767244468.11,PI,22,2026,2
2026,RREO,2,B,Governo do Estado do Piauí,22,PI,3270174,RREO-Anexo 03,E,Padrão,<MR-3>,ICMSLiquidoExcetoTransferenciasEFUNDEB,ICMS,791797624.93,PI,22,2026,2
2026,RREO,2,B,Governo do Estado do Piauí,22,PI,3270174,RREO-Anexo 03,E,Padrão,<MR-2>,ICMSLiquidoExcetoTransferenciasEFUNDEB,ICMS,720099765.32,PI,22,2026,2
2026,RREO,2,B,Governo do Estado do Piauí,22,PI,3270174,RREO-Anexo 03,E,Padrão,Mar,ICMSLiquidoExcetoTransferenciasEFUNDEB,ICMS,679758370.35,PI,22,2026,2
2026,RREO,2,B,Governo do Estado do Piauí,22,PI,3270174,RREO-Anexo 03,E,Padrão,Abr,ICMSLiquidoExcetoTransferenciasEFUNDEB,ICMS,774001802.81,PI,22,2026,2
2026,RREO,2,B,Governo do Estado do Piauí,22,PI,3270174,RREO-Anexo 03,E,Padrão,TOTAL (ÚLTIMOS 12 MESES),ICMSLiquidoExcetoTransferenciasEFUNDEB,ICMS,8900032623.95,PI,22,2026,2
2026,RREO,2,B,Governo do Estado do Piauí,22,PI,3270174,RREO-Anexo 03,E,Padrão,PREVISÃO ATUALIZADA 2026,ICMSLiquidoExcetoTransferenciasEFUNDEB,ICMS,9001038966.0,PI,22,2026,2
2026,RREO,2,B,Governo do Estado do Piauí,22,PI,3270174,RREO-Anexo 03,E,Padrão,<MR-11>,IPVALiquidoExcetoTransferenciasEFUNDEB,IPVA,20492288.7,PI,22,2026,2
2026,RREO,2,B,Governo do Estado do Piauí,22,PI,3270174,RREO-Anexo 03,E,Padrão,<MR-10>,IPVALiquidoExcetoTransferenciasEFUNDEB,IPVA,18347982.09,PI,22,2026,2
2026,RREO,2,B,Governo do Estado do Piauí,22,PI,3270174,RREO-Anexo 03,E,Padrão,<MR-9>,IPVALiquidoExcetoTransferenciasEFUNDEB,IPVA,18577819.3,PI,22,2026,2
2026,RREO,2,B,Governo do Estado do Piauí,22,PI,3270174,RREO-Anexo 03,E,Padrão,<MR-8>,IPVALiquidoExcetoTransferenciasEFUNDEB,IPVA,12614717.51,PI,22,2026,2
2026,RREO,2,B,Governo do Estado do Piauí,22,PI,3270174,RREO-Anexo 03,E,Padrão,<MR-7>,IPVALiquidoExcetoTransferenciasEFUNDEB,IPVA,11652334.81,PI,22,2026,2
2026,RREO,2,B,Governo do Estado do Piauí,22,PI,3270174,RREO-Anexo 03,E,Padrão,<MR-6>,IPVALiquidoExcetoTransferenciasEFUNDEB,IPVA,10451032.43,PI,22,2026,2
2026,RREO,2,B,Governo do Estado do Piauí,22,PI,3270174,RREO-Anexo 03,E,Padrão,<MR-5>,IPVALiquidoExcetoTransferenciasEFUNDEB,IPVA,9006794.91,PI,22,2026,2
2026,RREO,2,B,Governo do Estado do Piauí,22,PI,3270174,RREO-Anexo 03,E,Padrão,<MR-4>,IPVALiquidoExcetoTransferenciasEFUNDEB,IPVA,12106821.81,PI,22,2026,2
2026,RREO,2,B,Governo do Estado do Piauí,22,PI,3270174,RREO-Anexo 03,E,Padrão,<MR-3>,IPVALiquidoExcetoTransferenciasEFUNDEB,IPVA,326218086.17,PI,22,2026,2
2026,RREO,2,B,Governo do Estado do Piauí,22,PI,3270174,RREO-Anexo 03,E,Padrão,<MR-2>,IPVALiquidoExcetoTransferenciasEFUNDEB,IPVA,77346179.14,PI,22,2026,2
2026,RREO,2,B,Governo do Estado do Piauí,22,PI,3270174,RREO-Anexo 03,E,Padrão,Mar,IPVALiquidoExcetoTransferenciasEFUNDEB,IPVA,101561812.0,PI,22,2026,2
2026,RREO,2,B,Governo do Estado do Piauí,22,PI,3270174,RREO-Anexo 03,E,Padrão,Abr,IPVALiquidoExcetoTransferenciasEFUNDEB,IPVA,45086442.24,PI,22,2026,2
2026,RREO,2,B,Governo do Estado do Piauí,22,PI,3270174,RREO-Anexo 03,E,Padrão,TOTAL (ÚLTIMOS 12 MESES),IPVALiquidoExcetoTransferenciasEFUNDEB,IPVA,663462311.11,PI,22,2026,2
2026,RREO,2,B,Governo do Estado do Piauí,22,PI,3270174,RREO-Anexo 03,E,Padrão,PREVISÃO ATUALIZADA 2026,IPVALiquidoExcetoTransferenciasEFUNDEB,IPVA,622840531.0,PI,22,2026,2
2026,RREO,2,B,Governo do Estado do Piauí,22,PI,3270174,RREO-Anexo 03,E,Padrão,<MR-11>,ITCDLiquidoExcetoTransferenciasEFUNDEB,ITCD,6254351.08,PI,22,2026,2
2026,RREO,2,B,Governo do Estado do Piauí,22,PI,3270174,RREO-Anexo 03,E,Padrão,<MR-10>,ITCDLiquidoExcetoTransferenciasEFUNDEB,ITCD,2098423.21,PI,22,2026,2
2026,RREO,2,B,Governo do Estado do Piauí,22,PI,3270174,RREO-Anexo 03,E,Padrão,<MR-9>,ITCDLiquidoExcetoTransferenciasEFUNDEB,ITCD,2917819.22,PI,22,2026,2
2026,RREO,2,B,Governo do Estado do Piauí,22,PI,3270174,RREO-Anexo 03,E,Padrão,<MR-8>,ITCDLiquidoExcetoTransferenciasEFUNDEB,ITCD,6109003.91,PI,22,2026,2
2026,RREO,2,B,Governo do Estado do Piauí,22,PI,3270174,RREO-Anexo 03,E,Padrão,<MR-7>,ITCDLiquidoExcetoTransferenciasEFUNDEB,ITCD,4411844.77,PI,22,2026,2
2026,RREO,2,B,Governo do Estado do Piauí,22,PI,3270174,RREO-Anexo 03,E,Padrão,<MR-6>,ITCDLiquidoExcetoTransferenciasEFUNDEB,ITCD,2393179.17,PI,22,2026,2
2026,RREO,2,B,Governo do Estado do Piauí,22,PI,3270174,RREO-Anexo 03,E,Padrão,<MR-5>,ITCDLiquidoExcetoTransferenciasEFUNDEB,ITCD,2539142.87,PI,22,2026,2
2026,RREO,2,B,Governo do Estado do Piauí,22,PI,3270174,RREO-Anexo 03,E,Padrão,<MR-4>,ITCDLiquidoExcetoTransferenciasEFUNDEB,ITCD,3500354.71,PI,22,2026,2
2026,RREO,2,B,Governo do Estado do Piauí,22,PI,3270174,RREO-Anexo 03,E,Padrão,<MR-3>,ITCDLiquidoExcetoTransferenciasEFUNDEB,ITCD,2819182.81,PI,22,2026,2
2026,RREO,2,B,Governo do Estado do Piauí,22,PI,3270174,RREO-Anexo 03,E,Padrão,<MR-2>,ITCDLiquidoExcetoTransferenciasEFUNDEB,ITCD,4305825.04,PI,22,2026,2
2026,RREO,2,B,Governo do Estado do Piauí,22,PI,3270174,RREO-Anexo 03,E,Padrão,Mar,ITCDLiquidoExcetoTransferenciasEFUNDEB,ITCD,3050529.23,PI,22,2026,2
2026,RREO,2,B,Governo do Estado do Piauí,22,PI,3270174,RREO-Anexo 03,E,Padrão,Abr,ITCDLiquidoExcetoTransferenciasEFUNDEB,ITCD,4909162.89,PI,22,2026,2
2026,RREO,2,B,Governo do Estado do Piauí,22,PI,3270174,RREO-Anexo 03,E,Padrão,TOTAL (ÚLTIMOS 12 MESES),ITCDLiquidoExcetoTransferenciasEFUNDEB,ITCD,45308818.91,PI,22,2026,2
2026,RREO,2,B,Governo do Estado do Piauí,22,PI,3270174,RREO-Anexo 03,E,Padrão,PREVISÃO ATUALIZADA 2026,ITCDLiquidoExcetoTransferenciasEFUNDEB,ITCD,40115440.0,PI,22,2026,2
2026,RREO,2,B,Governo do Estado do Ceará,23,CE,8936431,RREO-Anexo 03,E,Padrão,<MR-11>,ICMSLiquidoExcetoTransferenciasEFUNDEB,ICMS,1691384734.76,CE,23,2026,2
2026,RREO,2,B,Governo do Estado do Ceará,23,CE,8936431,RREO-Anexo 03,E,Padrão,<MR-10>,ICMSLiquidoExcetoTransferenciasEFUNDEB,ICMS,1796337779.93,CE,23,2026,2
2026,RREO,2,B,Governo do Estado do Ceará,23,CE,8936431,RREO-Anexo 03,E,Padrão,<MR-9>,ICMSLiquidoExcetoTransferenciasEFUNDEB,ICMS,1850529356.43,CE,23,2026,2
2026,RREO,2,B,Governo do Estado do Ceará,23,CE,8936431,RREO-Anexo 03,E,Padrão,<MR-8>,ICMSLiquidoExcetoTransferenciasEFUNDEB,ICMS,1861893205.32,CE,23,2026,2
2026,RREO,2,B,Governo do Estado do Ceará,23,CE,8936431,RREO-Anexo 03,E,Padrão,<MR-7>,ICMSLiquidoExcetoTransferenciasEFUNDEB,ICMS,1836247510.56,CE,23,2026,2
2026,RREO,2,B,Governo do Estado do Ceará,23,CE,8936431,RREO-Anexo 03,E,Padrão,<MR-6>,ICMSLiquidoExcetoTransferenciasEFUNDEB,ICMS,1888560503.15,CE,23,2026,2
2026,RREO,2,B,Governo do Estado do Ceará,23,CE,8936431,RREO-Anexo 03,E,Padrão,<MR-5>,ICMSLiquidoExcetoTransferenciasEFUNDEB,ICMS,1956203441.29,CE,23,2026,2
2026,RREO,2,B,Governo do Estado do Ceará,23,CE,8936431,RREO-Anexo 03,E,Padrão,<MR-4>,ICMSLiquidoExcetoTransferenciasEFUNDEB,ICMS,1990411352.69,CE,23,2026,2
2026,RREO,2,B,Governo do Estado do Ceará,23,CE,8936431,RREO-Anexo 03,E,Padrão,<MR-3>,ICMSLiquidoExcetoTransferenciasEFUNDEB,ICMS,1949535879.36,CE,23,2026,2
2026,RREO,2,B,Governo do Estado do Ceará,23,CE,8936431,RREO-Anexo 03,E,Padrão,<MR-2>,ICMSLiquidoExcetoTransferenciasEFUNDEB,ICMS,1694766022.59,CE,23,2026,2
2026,RREO,2,B,Governo do Estado do Ceará,23,CE,8936431,RREO-Anexo 03,E,Padrão,Mar,ICMSLiquidoExcetoTransferenciasEFUNDEB,ICMS,1701933699.57,CE,23,2026,2
2026,RREO,2,B,Governo do Estado do Ceará,23,CE,8936431,RREO-Anexo 03,E,Padrão,Abr,ICMSLiquidoExcetoTransferenciasEFUNDEB,ICMS,1875995795.96,CE,23,2026,2
2026,RREO,2,B,Governo do Estado do Ceará,23,CE,8936431,RREO-Anexo 03,E,Padrão,TOTAL (ÚLTIMOS 12 MESES),ICMSLiquidoExcetoTransferenciasEFUNDEB,ICMS,22093799281.61,CE,23,2026,2
2026,RREO,2,B,Governo do Estado do Ceará,23,CE,8936431,RREO-Anexo 03,E,Padrão,PREVISÃO ATUALIZADA 2026,ICMSLiquidoExcetoTransferenciasEFUNDEB,ICMS,23123149326.0,CE,23,2026,2
2026,RREO,2,B,Governo do Estado do Ceará,23,CE,8936431,RREO-Anexo 03,E,Padrão,<MR-11>,IPVALiquidoExcetoTransferenciasEFUNDEB,IPVA,250299653.09,CE,23,2026,2
2026,RREO,2,B,Governo do Estado do Ceará,23,CE,8936431,RREO-Anexo 03,E,Padrão,<MR-10>,IPVALiquidoExcetoTransferenciasEFUNDEB,IPVA,230158446.72,CE,23,2026,2
2026,RREO,2,B,Governo do Estado do Ceará,23,CE,8936431,RREO-Anexo 03,E,Padrão,<MR-9>,IPVALiquidoExcetoTransferenciasEFUNDEB,IPVA,85723796.22,CE,23,2026,2
2026,RREO,2,B,Governo do Estado do Ceará,23,CE,8936431,RREO-Anexo 03,E,Padrão,<MR-8>,IPVALiquidoExcetoTransferenciasEFUNDEB,IPVA,58565685.54,CE,23,2026,2
2026,RREO,2,B,Governo do Estado do Ceará,23,CE,8936431,RREO-Anexo 03,E,Padrão,<MR-7>,IPVALiquidoExcetoTransferenciasEFUNDEB,IPVA,54839944.85,CE,23,2026,2
2026,RREO,2,B,Governo do Estado do Ceará,23,CE,8936431,RREO-Anexo 03,E,Padrão,<MR-6>,IPVALiquidoExcetoTransferenciasEFUNDEB,IPVA,52128878.51,CE,23,2026,2
2026,RREO,2,B,Governo do Estado do Ceará,23,CE,8936431,RREO-Anexo 03,E,Padrão,<MR-5>,IPVALiquidoExcetoTransferenciasEFUNDEB,IPVA,42621261.41,CE,23,2026,2
2026,RREO,2,B,Governo do Estado do Ceará,23,CE,8936431,RREO-Anexo 03,E,Padrão,<MR-4>,IPVALiquidoExcetoTransferenciasEFUNDEB,IPVA,57127298.86,CE,23,2026,2
2026,RREO,2,B,Governo do Estado do Ceará,23,CE,8936431,RREO-Anexo 03,E,Padrão,<MR-3>,IPVALiquidoExcetoTransferenciasEFUNDEB,IPVA,546004225.42,CE,23,2026,2
2026,RREO,2,B,Governo do Estado do Ceará,23,CE,8936431,RREO-Anexo 03,E,Padrão,<MR-2>,IPVALiquidoExcetoTransferenciasEFUNDEB,IPVA,319991383.27,CE,23,2026,2
2026,RREO,2,B,Governo do Estado do Ceará,23,CE,8936431,RREO-Anexo 03,E,Padrão,Mar,IPVALiquidoExcetoTransferenciasEFUNDEB,IPVA,324915658.66,CE,23,2026,2
2026,RREO,2,B,Governo do Estado do Ceará,23,CE,8936431,RREO-Anexo 03,E,Padrão,Abr,IPVALiquidoExcetoTransferenciasEFUNDEB,IPVA,298759255.39,CE,23,2026,2
2026,RREO,2,B,Governo do Estado do Ceará,23,CE,8936431,RREO-Anexo 03,E,Padrão,TOTAL (ÚLTIMOS 12 MESES),IPVALiquidoExcetoTransferenciasEFUNDEB,IPVA,2321135487.94,CE,23,2026,2
2026,RREO,2,B,Governo do Estado do Ceará,23,CE,8936431,RREO-Anexo 03,E,Padrão,PREVISÃO ATUALIZADA 2026,IPVALiquidoExcetoTransferenciasEFUNDEB,IPVA,2319040600.0,CE,23,2026,2
2026,RREO,2,B,Governo do Estado do Ceará,23,CE,8936431,RREO-Anexo 03,E,Padrão,<MR-11>,ITCDLiquidoExcetoTransferenciasEFUNDEB,ITCD,27582986.71,CE,23,2026,2
2026,RREO,2,B,Governo do Estado do Ceará,23,CE,8936431,RREO-Anexo 03,E,Padrão,<MR-10>,ITCDLiquidoExcetoTransferenciasEFUNDEB,ITCD,10199391.58,CE,23,2026,2
2026,RREO,2,B,Governo do Estado do Ceará,23,CE,8936431,RREO-Anexo 03,E,Padrão,<MR-9>,ITCDLiquidoExcetoTransferenciasEFUNDEB,ITCD,32393045.57,CE,23,2026,2
2026,RREO,2,B,Governo do Estado do Ceará,23,CE,8936431,RREO-Anexo 03,E,Padrão,<MR-8>,ITCDLiquidoExcetoTransferenciasEFUNDEB,ITCD,18276677.33,CE,23,2026,2
2026,RREO,2,B,Governo do Estado do Ceará,23,CE,8936431,RREO-Anexo 03,E,Padrão,<MR-7>,ITCDLiquidoExcetoTransferenciasEFUNDEB,ITCD,15816637.28,CE,23,2026,2
2026,RREO,2,B,Governo do Estado do Ceará,23,CE,8936431,RREO-Anexo 03,E,Padrão,<MR-6>,ITCDLiquidoExcetoTransferenciasEFUNDEB,ITCD,18707332.52,CE,23,2026,2
2026,RREO,2,B,Governo do Estado do Ceará,23,CE,8936431,RREO-Anexo 03,E,Padrão,<MR-5>,ITCDLiquidoExcetoTransferenciasEFUNDEB,ITCD,13578166.18,CE,23,2026,2
2026,RREO,2,B,Governo do Estado do Ceará,23,CE,8936431,RREO-Anexo 03,E,Padrão,<MR-4>,ITCDLiquidoExcetoTransferenciasEFUNDEB,ITCD,26399622.46,CE,23,2026,2
2026,RREO,2,B,Governo do Estado do Ceará,23,CE,8936431,RREO-Anexo 03,E,Padrão,<MR-3>,ITCDLiquidoExcetoTransferenciasEFUNDEB,ITCD,9055671.11,CE,23,2026,2
2026,RREO,2,B,Governo do Estado do Ceará,23,CE,8936431,RREO-Anexo 03,E,Padrão,<MR-2>,ITCDLiquidoExcetoTransferenciasEFUNDEB,ITCD,11054141.05,CE,23,2026,2
2026,RREO,2,B,Governo do Estado do Ceará,23,CE,8936431,RREO-Anexo 03,E,Padrão,Mar,ITCDLiquidoExcetoTransferenciasEFUNDEB,ITCD,17971749.12,CE,23,2026,2
2026,RREO,2,B,Governo do Estado do Ceará,23,CE,8936431,RREO-Anexo 03,E,Padrão,Abr,ITCDLiquidoExcetoTransferenciasEFUNDEB,ITCD,9201951.58,CE,23,2026,2
2026,RREO,2,B,Governo do Estado do Ceará,23,CE,8936431,RREO-Anexo 03,E,Padrão,TOTAL (ÚLTIMOS 12 MESES),ITCDLiquidoExcetoTransferenciasEFUNDEB,ITCD,210237372.49,CE,23,2026,2
2026,RREO,2,B,Governo do Estado do Ceará,23,CE,8936431,RREO-Anexo 03,E,Padrão,PREVISÃO ATUALIZADA 2026,ITCDLiquidoExcetoTransferenciasEFUNDEB,ITCD,193893260.0,CE,23,2026,2
2026,RREO,2,B,Governo do Estado do Rio Grande do Norte,24,RN,3303953,RREO-Anexo 03,E,Padrão,<MR-11>,ICMSLiquidoExcetoTransferenciasEFUNDEB,ICMS,752472594.42,RN,24,2026,2
2026,RREO,2,B,Governo do Estado do Rio Grande do Norte,24,RN,3303953,RREO-Anexo 03,E,Padrão,<MR-10>,ICMSLiquidoExcetoTransferenciasEFUNDEB,ICMS,732904520.4,RN,24,2026,2
2026,RREO,2,B,Governo do Estado do Rio Grande do Norte,24,RN,3303953,RREO-Anexo 03,E,Padrão,<MR-9>,ICMSLiquidoExcetoTransferenciasEFUNDEB,ICMS,816244958.71,RN,24,2026,2
2026,RREO,2,B,Governo do Estado do Rio Grande do Norte,24,RN,3303953,RREO-Anexo 03,E,Padrão,<MR-8>,ICMSLiquidoExcetoTransferenciasEFUNDEB,ICMS,854045222.6,RN,24,2026,2
2026,RREO,2,B,Governo do Estado do Rio Grande do Norte,24,RN,3303953,RREO-Anexo 03,E,Padrão,<MR-7>,ICMSLiquidoExcetoTransferenciasEFUNDEB,ICMS,764589870.05,RN,24,2026,2
2026,RREO,2,B,Governo do Estado do Rio Grande do Norte,24,RN,3303953,RREO-Anexo 03,E,Padrão,<MR-6>,ICMSLiquidoExcetoTransferenciasEFUNDEB,ICMS,936514597.35,RN,24,2026,2
2026,RREO,2,B,Governo do Estado do Rio Grande do Norte,24,RN,3303953,RREO-Anexo 03,E,Padrão,<MR-5>,ICMSLiquidoExcetoTransferenciasEFUNDEB,ICMS,823324898.86,RN,24,2026,2
2026,RREO,2,B,Governo do Estado do Rio Grande do Norte,24,RN,3303953,RREO-Anexo 03,E,Padrão,<MR-4>,ICMSLiquidoExcetoTransferenciasEFUNDEB,ICMS,806332027.16,RN,24,2026,2
2026,RREO,2,B,Governo do Estado do Rio Grande do Norte,24,RN,3303953,RREO-Anexo 03,E,Padrão,<MR-3>,ICMSLiquidoExcetoTransferenciasEFUNDEB,ICMS,881982375.21,RN,24,2026,2
2026,RREO,2,B,Governo do Estado do Rio Grande do Norte,24,RN,3303953,RREO-Anexo 03,E,Padrão,<MR-2>,ICMSLiquidoExcetoTransferenciasEFUNDEB,ICMS,788184002.38,RN,24,2026,2
2026,RREO,2,B,Governo do Estado do Rio Grande do Norte,24,RN,3303953,RREO-Anexo 03,E,Padrão,Mar,ICMSLiquidoExcetoTransferenciasEFUNDEB,ICMS,796382722.11,RN,24,2026,2
2026,RREO,2,B,Governo do Estado do Rio Grande do Norte,24,RN,3303953,RREO-Anexo 03,E,Padrão,Abr,ICMSLiquidoExcetoTransferenciasEFUNDEB,ICMS,895513366.47,RN,24,2026,2
2026,RREO,2,B,Governo do Estado do Rio Grande do Norte,24,RN,3303953,RREO-Anexo 03,E,Padrão,TOTAL (ÚLTIMOS 12 MESES),ICMSLiquidoExcetoTransferenciasEFUNDEB,ICMS,9848491155.72,RN,24,2026,2
2026,RREO,2,B,Governo do Estado do Rio Grande do Norte,24,RN,3303953,RREO-Anexo 03,E,Padrão,PREVISÃO ATUALIZADA 2026,ICMSLiquidoExcetoTransferenciasEFUNDEB,ICMS,10514134000.0,RN,24,2026,2
2026,RREO,2,B,Governo do Estado do Rio Grande do Norte,24,RN,3303953,RREO-Anexo 03,E,Padrão,<MR-11>,IPVALiquidoExcetoTransferenciasEFUNDEB,IPVA,83103159.32,RN,24,2026,2
2026,RREO,2,B,Governo do Estado do Rio Grande do Norte,24,RN,3303953,RREO-Anexo 03,E,Padrão,<MR-10>,IPVALiquidoExcetoTransferenciasEFUNDEB,IPVA,80639191.45,RN,24,2026,2
2026,RREO,2,B,Governo do Estado do Rio Grande do Norte,24,RN,3303953,RREO-Anexo 03,E,Padrão,<MR-9>,IPVALiquidoExcetoTransferenciasEFUNDEB,IPVA,69081402.75,RN,24,2026,2
2026,RREO,2,B,Governo do Estado do Rio Grande do Norte,24,RN,3303953,RREO-Anexo 03,E,Padrão,<MR-8>,IPVALiquidoExcetoTransferenciasEFUNDEB,IPVA,61737852.81,RN,24,2026,2
2026,RREO,2,B,Governo do Estado do Rio Grande do Norte,24,RN,3303953,RREO-Anexo 03,E,Padrão,<MR-7>,IPVALiquidoExcetoTransferenciasEFUNDEB,IPVA,61678225.28,RN,24,2026,2
2026,RREO,2,B,Governo do Estado do Rio Grande do Norte,24,RN,3303953,RREO-Anexo 03,E,Padrão,<MR-6>,IPVALiquidoExcetoTransferenciasEFUNDEB,IPVA,54022095.0,RN,24,2026,2
2026,RREO,2,B,Governo do Estado do Rio Grande do Norte,24,RN,3303953,RREO-Anexo 03,E,Padrão,<MR-5>,IPVALiquidoExcetoTransferenciasEFUNDEB,IPVA,37903049.06,RN,24,2026,2
2026,RREO,2,B,Governo do Estado do Rio Grande do Norte,24,RN,3303953,RREO-Anexo 03,E,Padrão,<MR-4>,IPVALiquidoExcetoTransferenciasEFUNDEB,IPVA,33986403.21,RN,24,2026,2
2026,RREO,2,B,Governo do Estado do Rio Grande do Norte,24,RN,3303953,RREO-Anexo 03,E,Padrão,<MR-3>,IPVALiquidoExcetoTransferenciasEFUNDEB,IPVA,34172653.07,RN,24,2026,2
2026,RREO,2,B,Governo do Estado do Rio Grande do Norte,24,RN,3303953,RREO-Anexo 03,E,Padrão,<MR-2>,IPVALiquidoExcetoTransferenciasEFUNDEB,IPVA,30406024.95,RN,24,2026,2
2026,RREO,2,B,Governo do Estado do Rio Grande do Norte,24,RN,3303953,RREO-Anexo 03,E,Padrão,Mar,IPVALiquidoExcetoTransferenciasEFUNDEB,IPVA,60361946.11,RN,24,2026,2
2026,RREO,2,B,Governo do Estado do Rio Grande do Norte,24,RN,3303953,RREO-Anexo 03,E,Padrão,Abr,IPVALiquidoExcetoTransferenciasEFUNDEB,IPVA,74407153.35,RN,24,2026,2
2026,RREO,2,B,Governo do Estado do Rio Grande do Norte,24,RN,3303953,RREO-Anexo 03,E,Padrão,TOTAL (ÚLTIMOS 12 MESES),IPVALiquidoExcetoTransferenciasEFUNDEB,IPVA,681499156.36,RN,24,2026,2
2026,RREO,2,B,Governo do Estado do Rio Grande do Norte,24,RN,3303953,RREO-Anexo 03,E,Padrão,PREVISÃO ATUALIZADA 2026,IPVALiquidoExcetoTransferenciasEFUNDEB,IPVA,783523000.0,RN,24,2026,2
2026,RREO,2,B,Governo do Estado do Rio Grande do Norte,24,RN,3303953,RREO-Anexo 03,E,Padrão,<MR-11>,ITCDLiquidoExcetoTransferenciasEFUNDEB,ITCD,3231794.87,RN,24,2026,2
2026,RREO,2,B,Governo do Estado do Rio Grande do Norte,24,RN,3303953,RREO-Anexo 03,E,Padrão,<MR-10>,ITCDLiquidoExcetoTransferenciasEFUNDEB,ITCD,2305899.65,RN,24,2026,2
2026,RREO,2,B,Governo do Estado do Rio Grande do Norte,24,RN,3303953,RREO-Anexo 03,E,Padrão,<MR-9>,ITCDLiquidoExcetoTransferenciasEFUNDEB,ITCD,2936408.7,RN,24,2026,2
2026,RREO,2,B,Governo do Estado do Rio Grande do Norte,24,RN,3303953,RREO-Anexo 03,E,Padrão,<MR-8>,ITCDLiquidoExcetoTransferenciasEFUNDEB,ITCD,2620333.07,RN,24,2026,2
2026,RREO,2,B,Governo do Estado do Rio Grande do Norte,24,RN,3303953,RREO-Anexo 03,E,Padrão,<MR-7>,ITCDLiquidoExcetoTransferenciasEFUNDEB,ITCD,7020335.36,RN,24,2026,2
2026,RREO,2,B,Governo do Estado do Rio Grande do Norte,24,RN,3303953,RREO-Anexo 03,E,Padrão,<MR-6>,ITCDLiquidoExcetoTransferenciasEFUNDEB,ITCD,10669296.52,RN,24,2026,2
2026,RREO,2,B,Governo do Estado do Rio Grande do Norte,24,RN,3303953,RREO-Anexo 03,E,Padrão,<MR-5>,ITCDLiquidoExcetoTransferenciasEFUNDEB,ITCD,2455800.35,RN,24,2026,2
2026,RREO,2,B,Governo do Estado do Rio Grande do Norte,24,RN,3303953,RREO-Anexo 03,E,Padrão,<MR-4>,ITCDLiquidoExcetoTransferenciasEFUNDEB,ITCD,4559836.7,RN,24,2026,2
2026,RREO,2,B,Governo do Estado do Rio Grande do Norte,24,RN,3303953,RREO-Anexo 03,E,Padrão,<MR-3>,ITCDLiquidoExcetoTransferenciasEFUNDEB,ITCD,1925189.31,RN,24,2026,2
2026,RREO,2,B,Governo do Estado do Rio Grande do Norte,24,RN,3303953,RREO-Anexo 03,E,Padrão,<MR-2>,ITCDLiquidoExcetoTransferenciasEFUNDEB,ITCD,3376485.08,RN,24,2026,2
2026,RREO,2,B,Governo do Estado do Rio Grande do Norte,24,RN,3303953,RREO-Anexo 03,E,Padrão,Mar,ITCDLiquidoExcetoTransferenciasEFUNDEB,ITCD,4287276.9,RN,24,2026,2
2026,RREO,2,B,Governo do Estado do Rio Grande do Norte,24,RN,3303953,RREO-Anexo 03,E,Padrão,Abr,ITCDLiquidoExcetoTransferenciasEFUNDEB,ITCD,2782116.83,RN,24,2026,2
2026,RREO,2,B,Governo do Estado do Rio Grande do Norte,24,RN,3303953,RREO-Anexo 03,E,Padrão,TOTAL (ÚLTIMOS 12 MESES),ITCDLiquidoExcetoTransferenciasEFUNDEB,ITCD,48170773.34,RN,24,2026,2
2026,RREO,2,B,Governo do Estado do Rio Grande do Norte,24,RN,3303953,RREO-Anexo 03,E,Padrão,PREVISÃO ATUALIZADA 2026,ITCDLiquidoExcetoTransferenciasEFUNDEB,ITCD,50251000.0,RN,24,2026,2
2026,RREO,2,B,Governo do Estado da Paraíba,25,PB,4030961,RREO-Anexo 03,E,Padrão,<MR-11>,ICMSLiquidoExcetoTransferenciasEFUNDEB,ICMS,805464750.48,PB,25,2026,2
2026,RREO,2,B,Governo do Estado da Paraíba,25,PB,4030961,RREO-Anexo 03,E,Padrão,<MR-10>,ICMSLiquidoExcetoTransferenciasEFUNDEB,ICMS,874235976.2,PB,25,2026,2
2026,RREO,2,B,Governo do Estado da Paraíba,25,PB,4030961,RREO-Anexo 03,E,Padrão,<MR-9>,ICMSLiquidoExcetoTransferenciasEFUNDEB,ICMS,845365713.42,PB,25,2026,2
2026,RREO,2,B,Governo do Estado da Paraíba,25,PB,4030961,RREO-Anexo 03,E,Padrão,<MR-8>,ICMSLiquidoExcetoTransferenciasEFUNDEB,ICMS,1068318212.25,PB,25,2026,2
2026,RREO,2,B,Governo do Estado da Paraíba,25,PB,4030961,RREO-Anexo 03,E,Padrão,<MR-7>,ICMSLiquidoExcetoTransferenciasEFUNDEB,ICMS,848635925.97,PB,25,2026,2
2026,RREO,2,B,Governo do Estado da Paraíba,25,PB,4030961,RREO-Anexo 03,E,Padrão,<MR-6>,ICMSLiquidoExcetoTransferenciasEFUNDEB,ICMS,866932801.51,PB,25,2026,2
2026,RREO,2,B,Governo do Estado da Paraíba,25,PB,4030961,RREO-Anexo 03,E,Padrão,<MR-5>,ICMSLiquidoExcetoTransferenciasEFUNDEB,ICMS,883309678.71,PB,25,2026,2
2026,RREO,2,B,Governo do Estado da Paraíba,25,PB,4030961,RREO-Anexo 03,E,Padrão,<MR-4>,ICMSLiquidoExcetoTransferenciasEFUNDEB,ICMS,988701625.77,PB,25,2026,2
2026,RREO,2,B,Governo do Estado da Paraíba,25,PB,4030961,RREO-Anexo 03,E,Padrão,<MR-3>,ICMSLiquidoExcetoTransferenciasEFUNDEB,ICMS,981076876.12,PB,25,2026,2
2026,RREO,2,B,Governo do Estado da Paraíba,25,PB,4030961,RREO-Anexo 03,E,Padrão,<MR-2>,ICMSLiquidoExcetoTransferenciasEFUNDEB,ICMS,921042477.37,PB,25,2026,2
2026,RREO,2,B,Governo do Estado da Paraíba,25,PB,4030961,RREO-Anexo 03,E,Padrão,Mar,ICMSLiquidoExcetoTransferenciasEFUNDEB,ICMS,824974948.06,PB,25,2026,2
2026,RREO,2,B,Governo do Estado da Paraíba,25,PB,4030961,RREO-Anexo 03,E,Padrão,Abr,ICMSLiquidoExcetoTransferenciasEFUNDEB,ICMS,975475391.24,PB,25,2026,2
2026,RREO,2,B,Governo do Estado da Paraíba,25,PB,4030961,RREO-Anexo 03,E,Padrão,TOTAL (ÚLTIMOS 12 MESES),ICMSLiquidoExcetoTransferenciasEFUNDEB,ICMS,10883534377.1,PB,25,2026,2
2026,RREO,2,B,Governo do Estado da Paraíba,25,PB,4030961,RREO-Anexo 03,E,Padrão,PREVISÃO ATUALIZADA 2026,ICMSLiquidoExcetoTransferenciasEFUNDEB,ICMS,11080616497.07,PB,25,2026,2
2026,RREO,2,B,Governo do Estado da Paraíba,25,PB,4030961,RREO-Anexo 03,E,Padrão,<MR-11>,IPVALiquidoExcetoTransferenciasEFUNDEB,IPVA,74346694.75,PB,25,2026,2
2026,RREO,2,B,Governo do Estado da Paraíba,25,PB,4030961,RREO-Anexo 03,E,Padrão,<MR-10>,IPVALiquidoExcetoTransferenciasEFUNDEB,IPVA,72164509.4,PB,25,2026,2
2026,RREO,2,B,Governo do Estado da Paraíba,25,PB,4030961,RREO-Anexo 03,E,Padrão,<MR-9>,IPVALiquidoExcetoTransferenciasEFUNDEB,IPVA,72939657.76,PB,25,2026,2
2026,RREO,2,B,Governo do Estado da Paraíba,25,PB,4030961,RREO-Anexo 03,E,Padrão,<MR-8>,IPVALiquidoExcetoTransferenciasEFUNDEB,IPVA,53057555.24,PB,25,2026,2
2026,RREO,2,B,Governo do Estado da Paraíba,25,PB,4030961,RREO-Anexo 03,E,Padrão,<MR-7>,IPVALiquidoExcetoTransferenciasEFUNDEB,IPVA,64110191.66,PB,25,2026,2
2026,RREO,2,B,Governo do Estado da Paraíba,25,PB,4030961,RREO-Anexo 03,E,Padrão,<MR-6>,IPVALiquidoExcetoTransferenciasEFUNDEB,IPVA,60774560.72,PB,25,2026,2
2026,RREO,2,B,Governo do Estado da Paraíba,25,PB,4030961,RREO-Anexo 03,E,Padrão,<MR-5>,IPVALiquidoExcetoTransferenciasEFUNDEB,IPVA,33176686.11,PB,25,2026,2
2026,RREO,2,B,Governo do Estado da Paraíba,25,PB,4030961,RREO-Anexo 03,E,Padrão,<MR-4>,IPVALiquidoExcetoTransferenciasEFUNDEB,IPVA,49455391.28,PB,25,2026,2
2026,RREO,2,B,Governo do Estado da Paraíba,25,PB,4030961,RREO-Anexo 03,E,Padrão,<MR-3>,IPVALiquidoExcetoTransferenciasEFUNDEB,IPVA,83615817.59,PB,25,2026,2
2026,RREO,2,B,Governo do Estado da Paraíba,25,PB,4030961,RREO-Anexo 03,E,Padrão,<MR-2>,IPVALiquidoExcetoTransferenciasEFUNDEB,IPVA,81630639.49,PB,25,2026,2
2026,RREO,2,B,Governo do Estado da Paraíba,25,PB,4030961,RREO-Anexo 03,E,Padrão,Mar,IPVALiquidoExcetoTransferenciasEFUNDEB,IPVA,92290963.86,PB,25,2026,2
2026,RREO,2,B,Governo do Estado da Paraíba,25,PB,4030961,RREO-Anexo 03,E,Padrão,Abr,IPVALiquidoExcetoTransferenciasEFUNDEB,IPVA,83624640.45,PB,25,2026,2
2026,RREO,2,B,Governo do Estado da Paraíba,25,PB,4030961,RREO-Anexo 03,E,Padrão,TOTAL (ÚLTIMOS 12 MESES),IPVALiquidoExcetoTransferenciasEFUNDEB,IPVA,821187308.31,PB,25,2026,2
2026,RREO,2,B,Governo do Estado da Paraíba,25,PB,4030961,RREO-Anexo 03,E,Padrão,PREVISÃO ATUALIZADA 2026,IPVALiquidoExcetoTransferenciasEFUNDEB,IPVA,859987997.0,PB,25,2026,2
2026,RREO,2,B,Governo do Estado da Paraíba,25,PB,4030961,RREO-Anexo 03,E,Padrão,<MR-11>,ITCDLiquidoExcetoTransferenciasEFUNDEB,ITCD,6014520.13,PB,25,2026,2
2026,RREO,2,B,Governo do Estado da Paraíba,25,PB,4030961,RREO-Anexo 03,E,Padrão,<MR-10>,ITCDLiquidoExcetoTransferenciasEFUNDEB,ITCD,4889312.69,PB,25,2026,2
2026,RREO,2,B,Governo do Estado da Paraíba,25,PB,4030961,RREO-Anexo 03,E,Padrão,<MR-9>,ITCDLiquidoExcetoTransferenciasEFUNDEB,ITCD,6876446.01,PB,25,2026,2
2026,RREO,2,B,Governo do Estado da Paraíba,25,PB,4030961,RREO-Anexo 03,E,Padrão,<MR-8>,ITCDLiquidoExcetoTransferenciasEFUNDEB,ITCD,7041786.27,PB,25,2026,2
2026,RREO,2,B,Governo do Estado da Paraíba,25,PB,4030961,RREO-Anexo 03,E,Padrão,<MR-7>,ITCDLiquidoExcetoTransferenciasEFUNDEB,ITCD,6648684.36,PB,25,2026,2
2026,RREO,2,B,Governo do Estado da Paraíba,25,PB,4030961,RREO-Anexo 03,E,Padrão,<MR-6>,ITCDLiquidoExcetoTransferenciasEFUNDEB,ITCD,5254941.23,PB,25,2026,2
2026,RREO,2,B,Governo do Estado da Paraíba,25,PB,4030961,RREO-Anexo 03,E,Padrão,<MR-5>,ITCDLiquidoExcetoTransferenciasEFUNDEB,ITCD,5729837.69,PB,25,2026,2
2026,RREO,2,B,Governo do Estado da Paraíba,25,PB,4030961,RREO-Anexo 03,E,Padrão,<MR-4>,ITCDLiquidoExcetoTransferenciasEFUNDEB,ITCD,9269812.32,PB,25,2026,2
2026,RREO,2,B,Governo do Estado da Paraíba,25,PB,4030961,RREO-Anexo 03,E,Padrão,<MR-3>,ITCDLiquidoExcetoTransferenciasEFUNDEB,ITCD,6636587.59,PB,25,2026,2
2026,RREO,2,B,Governo do Estado da Paraíba,25,PB,4030961,RREO-Anexo 03,E,Padrão,<MR-2>,ITCDLiquidoExcetoTransferenciasEFUNDEB,ITCD,5557361.94,PB,25,2026,2
2026,RREO,2,B,Governo do Estado da Paraíba,25,PB,4030961,RREO-Anexo 03,E,Padrão,Mar,ITCDLiquidoExcetoTransferenciasEFUNDEB,ITCD,6413859.27,PB,25,2026,2
2026,RREO,2,B,Governo do Estado da Paraíba,25,PB,4030961,RREO-Anexo 03,E,Padrão,Abr,ITCDLiquidoExcetoTransferenciasEFUNDEB,ITCD,6364578.61,PB,25,2026,2
2026,RREO,2,B,Governo do Estado da Paraíba,25,PB,4030961,RREO-Anexo 03,E,Padrão,TOTAL (ÚLTIMOS 12 MESES),ITCDLiquidoExcetoTransferenciasEFUNDEB,ITCD,76697728.11,PB,25,2026,2
2026,RREO,2,B,Governo do Estado da Paraíba,25,PB,4030961,RREO-Anexo 03,E,Padrão,PREVISÃO ATUALIZADA 2026,ITCDLiquidoExcetoTransferenciasEFUNDEB,ITCD,69647545.0,PB,25,2026,2
2026,RREO,2,B,Governo do Estado de Pernambuco,26,PE,9051113,RREO-Anexo 03,E,Padrão,<MR-11>,ICMSLiquidoExcetoTransferenciasEFUNDEB,ICMS,2130531197.28,PE,26,2026,2
2026,RREO,2,B,Governo do Estado de Pernambuco,26,PE,9051113,RREO-Anexo 03,E,Padrão,<MR-10>,ICMSLiquidoExcetoTransferenciasEFUNDEB,ICMS,2283172492.45,PE,26,2026,2
2026,RREO,2,B,Governo do Estado de Pernambuco,26,PE,9051113,RREO-Anexo 03,E,Padrão,<MR-9>,ICMSLiquidoExcetoTransferenciasEFUNDEB,ICMS,2168861158.22,PE,26,2026,2
2026,RREO,2,B,Governo do Estado de Pernambuco,26,PE,9051113,RREO-Anexo 03,E,Padrão,<MR-8>,ICMSLiquidoExcetoTransferenciasEFUNDEB,ICMS,2205671825.98,PE,26,2026,2
2026,RREO,2,B,Governo do Estado de Pernambuco,26,PE,9051113,RREO-Anexo 03,E,Padrão,<MR-7>,ICMSLiquidoExcetoTransferenciasEFUNDEB,ICMS,2338497322.48,PE,26,2026,2
2026,RREO,2,B,Governo do Estado de Pernambuco,26,PE,9051113,RREO-Anexo 03,E,Padrão,<MR-6>,ICMSLiquidoExcetoTransferenciasEFUNDEB,ICMS,2326581687.16,PE,26,2026,2
2026,RREO,2,B,Governo do Estado de Pernambuco,26,PE,9051113,RREO-Anexo 03,E,Padrão,<MR-5>,ICMSLiquidoExcetoTransferenciasEFUNDEB,ICMS,2607553844.88,PE,26,2026,2
2026,RREO,2,B,Governo do Estado de Pernambuco,26,PE,9051113,RREO-Anexo 03,E,Padrão,<MR-4>,ICMSLiquidoExcetoTransferenciasEFUNDEB,ICMS,2701095421.55,PE,26,2026,2
2026,RREO,2,B,Governo do Estado de Pernambuco,26,PE,9051113,RREO-Anexo 03,E,Padrão,<MR-3>,ICMSLiquidoExcetoTransferenciasEFUNDEB,ICMS,2440721958.53,PE,26,2026,2
2026,RREO,2,B,Governo do Estado de Pernambuco,26,PE,9051113,RREO-Anexo 03,E,Padrão,<MR-2>,ICMSLiquidoExcetoTransferenciasEFUNDEB,ICMS,2264602717.12,PE,26,2026,2
2026,RREO,2,B,Governo do Estado de Pernambuco,26,PE,9051113,RREO-Anexo 03,E,Padrão,Mar,ICMSLiquidoExcetoTransferenciasEFUNDEB,ICMS,2182766440.82,PE,26,2026,2
2026,RREO,2,B,Governo do Estado de Pernambuco,26,PE,9051113,RREO-Anexo 03,E,Padrão,Abr,ICMSLiquidoExcetoTransferenciasEFUNDEB,ICMS,2454086577.92,PE,26,2026,2
2026,RREO,2,B,Governo do Estado de Pernambuco,26,PE,9051113,RREO-Anexo 03,E,Padrão,TOTAL (ÚLTIMOS 12 MESES),ICMSLiquidoExcetoTransferenciasEFUNDEB,ICMS,28104142644.39,PE,26,2026,2
2026,RREO,2,B,Governo do Estado de Pernambuco,26,PE,9051113,RREO-Anexo 03,E,Padrão,PREVISÃO ATUALIZADA 2026,ICMSLiquidoExcetoTransferenciasEFUNDEB,ICMS,29003288700.0,PE,26,2026,2
2026,RREO,2,B,Governo do Estado de Pernambuco,26,PE,9051113,RREO-Anexo 03,E,Padrão,<MR-11>,IPVALiquidoExcetoTransferenciasEFUNDEB,IPVA,144097652.58,PE,26,2026,2
2026,RREO,2,B,Governo do Estado de Pernambuco,26,PE,9051113,RREO-Anexo 03,E,Padrão,<MR-10>,IPVALiquidoExcetoTransferenciasEFUNDEB,IPVA,127886356.78,PE,26,2026,2
2026,RREO,2,B,Governo do Estado de Pernambuco,26,PE,9051113,RREO-Anexo 03,E,Padrão,<MR-9>,IPVALiquidoExcetoTransferenciasEFUNDEB,IPVA,127024491.71,PE,26,2026,2
2026,RREO,2,B,Governo do Estado de Pernambuco,26,PE,9051113,RREO-Anexo 03,E,Padrão,<MR-8>,IPVALiquidoExcetoTransferenciasEFUNDEB,IPVA,109712696.32,PE,26,2026,2
2026,RREO,2,B,Governo do Estado de Pernambuco,26,PE,9051113,RREO-Anexo 03,E,Padrão,<MR-7>,IPVALiquidoExcetoTransferenciasEFUNDEB,IPVA,109495301.4,PE,26,2026,2
2026,RREO,2,B,Governo do Estado de Pernambuco,26,PE,9051113,RREO-Anexo 03,E,Padrão,<MR-6>,IPVALiquidoExcetoTransferenciasEFUNDEB,IPVA,110035056.98,PE,26,2026,2
2026,RREO,2,B,Governo do Estado de Pernambuco,26,PE,9051113,RREO-Anexo 03,E,Padrão,<MR-5>,IPVALiquidoExcetoTransferenciasEFUNDEB,IPVA,95374625.31,PE,26,2026,2
2026,RREO,2,B,Governo do Estado de Pernambuco,26,PE,9051113,RREO-Anexo 03,E,Padrão,<MR-4>,IPVALiquidoExcetoTransferenciasEFUNDEB,IPVA,63794659.73,PE,26,2026,2
2026,RREO,2,B,Governo do Estado de Pernambuco,26,PE,9051113,RREO-Anexo 03,E,Padrão,<MR-3>,IPVALiquidoExcetoTransferenciasEFUNDEB,IPVA,242106240.66,PE,26,2026,2
2026,RREO,2,B,Governo do Estado de Pernambuco,26,PE,9051113,RREO-Anexo 03,E,Padrão,<MR-2>,IPVALiquidoExcetoTransferenciasEFUNDEB,IPVA,564548398.95,PE,26,2026,2
2026,RREO,2,B,Governo do Estado de Pernambuco,26,PE,9051113,RREO-Anexo 03,E,Padrão,Mar,IPVALiquidoExcetoTransferenciasEFUNDEB,IPVA,232069848.39,PE,26,2026,2
2026,RREO,2,B,Governo do Estado de Pernambuco,26,PE,9051113,RREO-Anexo 03,E,Padrão,Abr,IPVALiquidoExcetoTransferenciasEFUNDEB,IPVA,175490125.74,PE,26,2026,2
2026,RREO,2,B,Governo do Estado de Pernambuco,26,PE,9051113,RREO-Anexo 03,E,Padrão,TOTAL (ÚLTIMOS 12 MESES),IPVALiquidoExcetoTransferenciasEFUNDEB,IPVA,2101635454.55,PE,26,2026,2
2026,RREO,2,B,Governo do Estado de Pernambuco,26,PE,9051113,RREO-Anexo 03,E,Padrão,PREVISÃO ATUALIZADA 2026,IPVALiquidoExcetoTransferenciasEFUNDEB,IPVA,2132518300.0,PE,26,2026,2
2026,RREO,2,B,Governo do Estado de Pernambuco,26,PE,9051113,RREO-Anexo 03,E,Padrão,<MR-11>,ITCDLiquidoExcetoTransferenciasEFUNDEB,ITCD,10650021.69,PE,26,2026,2
2026,RREO,2,B,Governo do Estado de Pernambuco,26,PE,9051113,RREO-Anexo 03,E,Padrão,<MR-10>,ITCDLiquidoExcetoTransferenciasEFUNDEB,ITCD,11354720.74,PE,26,2026,2
2026,RREO,2,B,Governo do Estado de Pernambuco,26,PE,9051113,RREO-Anexo 03,E,Padrão,<MR-9>,ITCDLiquidoExcetoTransferenciasEFUNDEB,ITCD,15383781.81,PE,26,2026,2
2026,RREO,2,B,Governo do Estado de Pernambuco,26,PE,9051113,RREO-Anexo 03,E,Padrão,<MR-8>,ITCDLiquidoExcetoTransferenciasEFUNDEB,ITCD,17900277.95,PE,26,2026,2
2026,RREO,2,B,Governo do Estado de Pernambuco,26,PE,9051113,RREO-Anexo 03,E,Padrão,<MR-7>,ITCDLiquidoExcetoTransferenciasEFUNDEB,ITCD,13953056.02,PE,26,2026,2
2026,RREO,2,B,Governo do Estado de Pernambuco,26,PE,9051113,RREO-Anexo 03,E,Padrão,<MR-6>,ITCDLiquidoExcetoTransferenciasEFUNDEB,ITCD,21309656.96,PE,26,2026,2
2026,RREO,2,B,Governo do Estado de Pernambuco,26,PE,9051113,RREO-Anexo 03,E,Padrão,<MR-5>,ITCDLiquidoExcetoTransferenciasEFUNDEB,ITCD,25475210.08,PE,26,2026,2
2026,RREO,2,B,Governo do Estado de Pernambuco,26,PE,9051113,RREO-Anexo 03,E,Padrão,<MR-4>,ITCDLiquidoExcetoTransferenciasEFUNDEB,ITCD,37613805.32,PE,26,2026,2
2026,RREO,2,B,Governo do Estado de Pernambuco,26,PE,9051113,RREO-Anexo 03,E,Padrão,<MR-3>,ITCDLiquidoExcetoTransferenciasEFUNDEB,ITCD,25533594.83,PE,26,2026,2
2026,RREO,2,B,Governo do Estado de Pernambuco,26,PE,9051113,RREO-Anexo 03,E,Padrão,<MR-2>,ITCDLiquidoExcetoTransferenciasEFUNDEB,ITCD,17073710.58,PE,26,2026,2
2026,RREO,2,B,Governo do Estado de Pernambuco,26,PE,9051113,RREO-Anexo 03,E,Padrão,Mar,ITCDLiquidoExcetoTransferenciasEFUNDEB,ITCD,118471038.25,PE,26,2026,2
2026,RREO,2,B,Governo do Estado de Pernambuco,26,PE,9051113,RREO-Anexo 03,E,Padrão,Abr,ITCDLiquidoExcetoTransferenciasEFUNDEB,ITCD,20572930.09,PE,26,2026,2
2026,RREO,2,B,Governo do Estado de Pernambuco,26,PE,9051113,RREO-Anexo 03,E,Padrão,TOTAL (ÚLTIMOS 12 MESES),ITCDLiquidoExcetoTransferenciasEFUNDEB,ITCD,335291804.32,PE,26,2026,2
2026,RREO,2,B,Governo do Estado de Pernambuco,26,PE,9051113,RREO-Anexo 03,E,Padrão,PREVISÃO ATUALIZADA 2026,ITCDLiquidoExcetoTransferenciasEFUNDEB,ITCD,156750200.0,PE,26,2026,2
2026,RREO,2,B,Governo do Estado de Alagoas,27,AL,3125254,RREO-Anexo 03,E,Padrão,<MR-11>,ICMSLiquidoExcetoTransferenciasEFUNDEB,ICMS,711973695.99,AL,27,2026,2
2026,RREO,2,B,Governo do Estado de Alagoas,27,AL,3125254,RREO-Anexo 03,E,Padrão,<MR-10>,ICMSLiquidoExcetoTransferenciasEFUNDEB,ICMS,696265761.36,AL,27,2026,2
2026,RREO,2,B,Governo do Estado de Alagoas,27,AL,3125254,RREO-Anexo 03,E,Padrão,<MR-9>,ICMSLiquidoExcetoTransferenciasEFUNDEB,ICMS,713267174.76,AL,27,2026,2
2026,RREO,2,B,Governo do Estado de Alagoas,27,AL,3125254,RREO-Anexo 03,E,Padrão,<MR-8>,ICMSLiquidoExcetoTransferenciasEFUNDEB,ICMS,696458045.56,AL,27,2026,2
2026,RREO,2,B,Governo do Estado de Alagoas,27,AL,3125254,RREO-Anexo 03,E,Padrão,<MR-7>,ICMSLiquidoExcetoTransferenciasEFUNDEB,ICMS,714941736.15,AL,27,2026,2
2026,RREO,2,B,Governo do Estado de Alagoas,27,AL,3125254,RREO-Anexo 03,E,Padrão,<MR-6>,ICMSLiquidoExcetoTransferenciasEFUNDEB,ICMS,764631159.25,AL,27,2026,2
2026,RREO,2,B,Governo do Estado de Alagoas,27,AL,3125254,RREO-Anexo 03,E,Padrão,<MR-5>,ICMSLiquidoExcetoTransferenciasEFUNDEB,ICMS,799404068.35,AL,27,2026,2
2026,RREO,2,B,Governo do Estado de Alagoas,27,AL,3125254,RREO-Anexo 03,E,Padrão,<MR-4>,ICMSLiquidoExcetoTransferenciasEFUNDEB,ICMS,836932838.54,AL,27,2026,2
2026,RREO,2,B,Governo do Estado de Alagoas,27,AL,3125254,RREO-Anexo 03,E,Padrão,<MR-3>,ICMSLiquidoExcetoTransferenciasEFUNDEB,ICMS,870006139.05,AL,27,2026,2
2026,RREO,2,B,Governo do Estado de Alagoas,27,AL,3125254,RREO-Anexo 03,E,Padrão,<MR-2>,ICMSLiquidoExcetoTransferenciasEFUNDEB,ICMS,792896154.81,AL,27,2026,2
2026,RREO,2,B,Governo do Estado de Alagoas,27,AL,3125254,RREO-Anexo 03,E,Padrão,Mar,ICMSLiquidoExcetoTransferenciasEFUNDEB,ICMS,780451854.15,AL,27,2026,2
2026,RREO,2,B,Governo do Estado de Alagoas,27,AL,3125254,RREO-Anexo 03,E,Padrão,Abr,ICMSLiquidoExcetoTransferenciasEFUNDEB,ICMS,824734152.73,AL,27,2026,2
2026,RREO,2,B,Governo do Estado de Alagoas,27,AL,3125254,RREO-Anexo 03,E,Padrão,TOTAL (ÚLTIMOS 12 MESES),ICMSLiquidoExcetoTransferenciasEFUNDEB,ICMS,9201962780.7,AL,27,2026,2
2026,RREO,2,B,Governo do Estado de Alagoas,27,AL,3125254,RREO-Anexo 03,E,Padrão,PREVISÃO ATUALIZADA 2026,ICMSLiquidoExcetoTransferenciasEFUNDEB,ICMS,8966537131.88,AL,27,2026,2
2026,RREO,2,B,Governo do Estado de Alagoas,27,AL,3125254,RREO-Anexo 03,E,Padrão,<MR-11>,IPVALiquidoExcetoTransferenciasEFUNDEB,IPVA,81911757.32,AL,27,2026,2
2026,RREO,2,B,Governo do Estado de Alagoas,27,AL,3125254,RREO-Anexo 03,E,Padrão,<MR-10>,IPVALiquidoExcetoTransferenciasEFUNDEB,IPVA,89954686.42,AL,27,2026,2
2026,RREO,2,B,Governo do Estado de Alagoas,27,AL,3125254,RREO-Anexo 03,E,Padrão,<MR-9>,IPVALiquidoExcetoTransferenciasEFUNDEB,IPVA,84967257.25,AL,27,2026,2
2026,RREO,2,B,Governo do Estado de Alagoas,27,AL,3125254,RREO-Anexo 03,E,Padrão,<MR-8>,IPVALiquidoExcetoTransferenciasEFUNDEB,IPVA,60618511.62,AL,27,2026,2
2026,RREO,2,B,Governo do Estado de Alagoas,27,AL,3125254,RREO-Anexo 03,E,Padrão,<MR-7>,IPVALiquidoExcetoTransferenciasEFUNDEB,IPVA,60669858.72,AL,27,2026,2
2026,RREO,2,B,Governo do Estado de Alagoas,27,AL,3125254,RREO-Anexo 03,E,Padrão,<MR-6>,IPVALiquidoExcetoTransferenciasEFUNDEB,IPVA,48169688.01,AL,27,2026,2
2026,RREO,2,B,Governo do Estado de Alagoas,27,AL,3125254,RREO-Anexo 03,E,Padrão,<MR-5>,IPVALiquidoExcetoTransferenciasEFUNDEB,IPVA,30064617.26,AL,27,2026,2
2026,RREO,2,B,Governo do Estado de Alagoas,27,AL,3125254,RREO-Anexo 03,E,Padrão,<MR-4>,IPVALiquidoExcetoTransferenciasEFUNDEB,IPVA,27619428.32,AL,27,2026,2
2026,RREO,2,B,Governo do Estado de Alagoas,27,AL,3125254,RREO-Anexo 03,E,Padrão,<MR-3>,IPVALiquidoExcetoTransferenciasEFUNDEB,IPVA,102077160.23,AL,27,2026,2
2026,RREO,2,B,Governo do Estado de Alagoas,27,AL,3125254,RREO-Anexo 03,E,Padrão,<MR-2>,IPVALiquidoExcetoTransferenciasEFUNDEB,IPVA,56623274.02,AL,27,2026,2
2026,RREO,2,B,Governo do Estado de Alagoas,27,AL,3125254,RREO-Anexo 03,E,Padrão,Mar,IPVALiquidoExcetoTransferenciasEFUNDEB,IPVA,64307068.25,AL,27,2026,2
2026,RREO,2,B,Governo do Estado de Alagoas,27,AL,3125254,RREO-Anexo 03,E,Padrão,Abr,IPVALiquidoExcetoTransferenciasEFUNDEB,IPVA,67765128.86,AL,27,2026,2
2026,RREO,2,B,Governo do Estado de Alagoas,27,AL,3125254,RREO-Anexo 03,E,Padrão,TOTAL (ÚLTIMOS 12 MESES),IPVALiquidoExcetoTransferenciasEFUNDEB,IPVA,774748436.28,AL,27,2026,2
2026,RREO,2,B,Governo do Estado de Alagoas,27,AL,3125254,RREO-Anexo 03,E,Padrão,PREVISÃO ATUALIZADA 2026,IPVALiquidoExcetoTransferenciasEFUNDEB,IPVA,750396844.57,AL,27,2026,2
2026,RREO,2,B,Governo do Estado de Alagoas,27,AL,3125254,RREO-Anexo 03,E,Padrão,<MR-11>,ITCDLiquidoExcetoTransferenciasEFUNDEB,ITCD,4777379.05,AL,27,2026,2
2026,RREO,2,B,Governo do Estado de Alagoas,27,AL,3125254,RREO-Anexo 03,E,Padrão,<MR-10>,ITCDLiquidoExcetoTransferenciasEFUNDEB,ITCD,6561282.84,AL,27,2026,2
2026,RREO,2,B,Governo do Estado de Alagoas,27,AL,3125254,RREO-Anexo 03,E,Padrão,<MR-9>,ITCDLiquidoExcetoTransferenciasEFUNDEB,ITCD,10070364.66,AL,27,2026,2
2026,RREO,2,B,Governo do Estado de Alagoas,27,AL,3125254,RREO-Anexo 03,E,Padrão,<MR-8>,ITCDLiquidoExcetoTransferenciasEFUNDEB,ITCD,4880255.78,AL,27,2026,2
2026,RREO,2,B,Governo do Estado de Alagoas,27,AL,3125254,RREO-Anexo 03,E,Padrão,<MR-7>,ITCDLiquidoExcetoTransferenciasEFUNDEB,ITCD,4722711.49,AL,27,2026,2
2026,RREO,2,B,Governo do Estado de Alagoas,27,AL,3125254,RREO-Anexo 03,E,Padrão,<MR-6>,ITCDLiquidoExcetoTransferenciasEFUNDEB,ITCD,4198679.12,AL,27,2026,2
2026,RREO,2,B,Governo do Estado de Alagoas,27,AL,3125254,RREO-Anexo 03,E,Padrão,<MR-5>,ITCDLiquidoExcetoTransferenciasEFUNDEB,ITCD,4589996.0,AL,27,2026,2
2026,RREO,2,B,Governo do Estado de Alagoas,27,AL,3125254,RREO-Anexo 03,E,Padrão,<MR-4>,ITCDLiquidoExcetoTransferenciasEFUNDEB,ITCD,6060101.22,AL,27,2026,2
2026,RREO,2,B,Governo do Estado de Alagoas,27,AL,3125254,RREO-Anexo 03,E,Padrão,<MR-3>,ITCDLiquidoExcetoTransferenciasEFUNDEB,ITCD,6864362.87,AL,27,2026,2
2026,RREO,2,B,Governo do Estado de Alagoas,27,AL,3125254,RREO-Anexo 03,E,Padrão,<MR-2>,ITCDLiquidoExcetoTransferenciasEFUNDEB,ITCD,6452799.71,AL,27,2026,2
2026,RREO,2,B,Governo do Estado de Alagoas,27,AL,3125254,RREO-Anexo 03,E,Padrão,Mar,ITCDLiquidoExcetoTransferenciasEFUNDEB,ITCD,7537891.01,AL,27,2026,2
2026,RREO,2,B,Governo do Estado de Alagoas,27,AL,3125254,RREO-Anexo 03,E,Padrão,Abr,ITCDLiquidoExcetoTransferenciasEFUNDEB,ITCD,7178517.22,AL,27,2026,2
2026,RREO,2,B,Governo do Estado de Alagoas,27,AL,3125254,RREO-Anexo 03,E,Padrão,TOTAL (ÚLTIMOS 12 MESES),ITCDLiquidoExcetoTransferenciasEFUNDEB,ITCD,73894340.97,AL,27,2026,2
2026,RREO,2,B,Governo do Estado de Alagoas,27,AL,3125254,RREO-Anexo 03,E,Padrão,PREVISÃO ATUALIZADA 2026,ITCDLiquidoExcetoTransferenciasEFUNDEB,ITCD,81270593.43,AL,27,2026,2
2026,RREO,2,B,Governo do Estado de Sergipe,28,SE,2211868,RREO-Anexo 03,E,Padrão,<MR-11>,ICMSLiquidoExcetoTransferenciasEFUNDEB,ICMS,485590995.22,SE,28,2026,2
2026,RREO,2,B,Governo do Estado de Sergipe,28,SE,2211868,RREO-Anexo 03,E,Padrão,<MR-10>,ICMSLiquidoExcetoTransferenciasEFUNDEB,ICMS,501384900.01,SE,28,2026,2
2026,RREO,2,B,Governo do Estado de Sergipe,28,SE,2211868,RREO-Anexo 03,E,Padrão,<MR-9>,ICMSLiquidoExcetoTransferenciasEFUNDEB,ICMS,486080262.4,SE,28,2026,2
2026,RREO,2,B,Governo do Estado de Sergipe,28,SE,2211868,RREO-Anexo 03,E,Padrão,<MR-8>,ICMSLiquidoExcetoTransferenciasEFUNDEB,ICMS,492450359.61,SE,28,2026,2
2026,RREO,2,B,Governo do Estado de Sergipe,28,SE,2211868,RREO-Anexo 03,E,Padrão,<MR-7>,ICMSLiquidoExcetoTransferenciasEFUNDEB,ICMS,496617159.5,SE,28,2026,2
2026,RREO,2,B,Governo do Estado de Sergipe,28,SE,2211868,RREO-Anexo 03,E,Padrão,<MR-6>,ICMSLiquidoExcetoTransferenciasEFUNDEB,ICMS,500426069.04,SE,28,2026,2
2026,RREO,2,B,Governo do Estado de Sergipe,28,SE,2211868,RREO-Anexo 03,E,Padrão,<MR-5>,ICMSLiquidoExcetoTransferenciasEFUNDEB,ICMS,550317522.89,SE,28,2026,2
2026,RREO,2,B,Governo do Estado de Sergipe,28,SE,2211868,RREO-Anexo 03,E,Padrão,<MR-4>,ICMSLiquidoExcetoTransferenciasEFUNDEB,ICMS,568818946.97,SE,28,2026,2
2026,RREO,2,B,Governo do Estado de Sergipe,28,SE,2211868,RREO-Anexo 03,E,Padrão,<MR-3>,ICMSLiquidoExcetoTransferenciasEFUNDEB,ICMS,572775218.28,SE,28,2026,2
2026,RREO,2,B,Governo do Estado de Sergipe,28,SE,2211868,RREO-Anexo 03,E,Padrão,<MR-2>,ICMSLiquidoExcetoTransferenciasEFUNDEB,ICMS,499904893.35,SE,28,2026,2
2026,RREO,2,B,Governo do Estado de Sergipe,28,SE,2211868,RREO-Anexo 03,E,Padrão,Mar,ICMSLiquidoExcetoTransferenciasEFUNDEB,ICMS,476969822.28,SE,28,2026,2
2026,RREO,2,B,Governo do Estado de Sergipe,28,SE,2211868,RREO-Anexo 03,E,Padrão,Abr,ICMSLiquidoExcetoTransferenciasEFUNDEB,ICMS,528632255.3,SE,28,2026,2
2026,RREO,2,B,Governo do Estado de Sergipe,28,SE,2211868,RREO-Anexo 03,E,Padrão,TOTAL (ÚLTIMOS 12 MESES),ICMSLiquidoExcetoTransferenciasEFUNDEB,ICMS,6159968404.85,SE,28,2026,2
2026,RREO,2,B,Governo do Estado de Sergipe,28,SE,2211868,RREO-Anexo 03,E,Padrão,PREVISÃO ATUALIZADA 2026,ICMSLiquidoExcetoTransferenciasEFUNDEB,ICMS,6723288698.0,SE,28,2026,2
2026,RREO,2,B,Governo do Estado de Sergipe,28,SE,2211868,RREO-Anexo 03,E,Padrão,<MR-11>,IPVALiquidoExcetoTransferenciasEFUNDEB,IPVA,32438001.38,SE,28,2026,2
2026,RREO,2,B,Governo do Estado de Sergipe,28,SE,2211868,RREO-Anexo 03,E,Padrão,<MR-10>,IPVALiquidoExcetoTransferenciasEFUNDEB,IPVA,32286375.29,SE,28,2026,2
2026,RREO,2,B,Governo do Estado de Sergipe,28,SE,2211868,RREO-Anexo 03,E,Padrão,<MR-9>,IPVALiquidoExcetoTransferenciasEFUNDEB,IPVA,38239243.57,SE,28,2026,2
2026,RREO,2,B,Governo do Estado de Sergipe,28,SE,2211868,RREO-Anexo 03,E,Padrão,<MR-8>,IPVALiquidoExcetoTransferenciasEFUNDEB,IPVA,35806875.51,SE,28,2026,2
2026,RREO,2,B,Governo do Estado de Sergipe,28,SE,2211868,RREO-Anexo 03,E,Padrão,<MR-7>,IPVALiquidoExcetoTransferenciasEFUNDEB,IPVA,41113391.27,SE,28,2026,2
2026,RREO,2,B,Governo do Estado de Sergipe,28,SE,2211868,RREO-Anexo 03,E,Padrão,<MR-6>,IPVALiquidoExcetoTransferenciasEFUNDEB,IPVA,41893067.82,SE,28,2026,2
2026,RREO,2,B,Governo do Estado de Sergipe,28,SE,2211868,RREO-Anexo 03,E,Padrão,<MR-5>,IPVALiquidoExcetoTransferenciasEFUNDEB,IPVA,40923679.09,SE,28,2026,2
2026,RREO,2,B,Governo do Estado de Sergipe,28,SE,2211868,RREO-Anexo 03,E,Padrão,<MR-4>,IPVALiquidoExcetoTransferenciasEFUNDEB,IPVA,34643471.76,SE,28,2026,2
2026,RREO,2,B,Governo do Estado de Sergipe,28,SE,2211868,RREO-Anexo 03,E,Padrão,<MR-3>,IPVALiquidoExcetoTransferenciasEFUNDEB,IPVA,35298215.54,SE,28,2026,2
2026,RREO,2,B,Governo do Estado de Sergipe,28,SE,2211868,RREO-Anexo 03,E,Padrão,<MR-2>,IPVALiquidoExcetoTransferenciasEFUNDEB,IPVA,32480925.85,SE,28,2026,2
2026,RREO,2,B,Governo do Estado de Sergipe,28,SE,2211868,RREO-Anexo 03,E,Padrão,Mar,IPVALiquidoExcetoTransferenciasEFUNDEB,IPVA,133877007.32,SE,28,2026,2
2026,RREO,2,B,Governo do Estado de Sergipe,28,SE,2211868,RREO-Anexo 03,E,Padrão,Abr,IPVALiquidoExcetoTransferenciasEFUNDEB,IPVA,49732249.75,SE,28,2026,2
2026,RREO,2,B,Governo do Estado de Sergipe,28,SE,2211868,RREO-Anexo 03,E,Padrão,TOTAL (ÚLTIMOS 12 MESES),IPVALiquidoExcetoTransferenciasEFUNDEB,IPVA,548732504.15,SE,28,2026,2
2026,RREO,2,B,Governo do Estado de Sergipe,28,SE,2211868,RREO-Anexo 03,E,Padrão,PREVISÃO ATUALIZADA 2026,IPVALiquidoExcetoTransferenciasEFUNDEB,IPVA,576131490.0,SE,28,2026,2
2026,RREO,2,B,Governo do Estado de Sergipe,28,SE,2211868,RREO-Anexo 03,E,Padrão,<MR-11>,ITCDLiquidoExcetoTransferenciasEFUNDEB,ITCD,3494519.69,SE,28,2026,2
2026,RREO,2,B,Governo do Estado de Sergipe,28,SE,2211868,RREO-Anexo 03,E,Padrão,<MR-10>,ITCDLiquidoExcetoTransferenciasEFUNDEB,ITCD,4030590.72,SE,28,2026,2
2026,RREO,2,B,Governo do Estado de Sergipe,28,SE,2211868,RREO-Anexo 03,E,Padrão,<MR-9>,ITCDLiquidoExcetoTransferenciasEFUNDEB,ITCD,2743201.48,SE,28,2026,2
2026,RREO,2,B,Governo do Estado de Sergipe,28,SE,2211868,RREO-Anexo 03,E,Padrão,<MR-8>,ITCDLiquidoExcetoTransferenciasEFUNDEB,ITCD,3584875.19,SE,28,2026,2
2026,RREO,2,B,Governo do Estado de Sergipe,28,SE,2211868,RREO-Anexo 03,E,Padrão,<MR-7>,ITCDLiquidoExcetoTransferenciasEFUNDEB,ITCD,3561108.22,SE,28,2026,2
2026,RREO,2,B,Governo do Estado de Sergipe,28,SE,2211868,RREO-Anexo 03,E,Padrão,<MR-6>,ITCDLiquidoExcetoTransferenciasEFUNDEB,ITCD,2819360.34,SE,28,2026,2
2026,RREO,2,B,Governo do Estado de Sergipe,28,SE,2211868,RREO-Anexo 03,E,Padrão,<MR-5>,ITCDLiquidoExcetoTransferenciasEFUNDEB,ITCD,4065022.9,SE,28,2026,2
2026,RREO,2,B,Governo do Estado de Sergipe,28,SE,2211868,RREO-Anexo 03,E,Padrão,<MR-4>,ITCDLiquidoExcetoTransferenciasEFUNDEB,ITCD,34267630.39,SE,28,2026,2
2026,RREO,2,B,Governo do Estado de Sergipe,28,SE,2211868,RREO-Anexo 03,E,Padrão,<MR-3>,ITCDLiquidoExcetoTransferenciasEFUNDEB,ITCD,1481480.81,SE,28,2026,2
2026,RREO,2,B,Governo do Estado de Sergipe,28,SE,2211868,RREO-Anexo 03,E,Padrão,<MR-2>,ITCDLiquidoExcetoTransferenciasEFUNDEB,ITCD,1318893.35,SE,28,2026,2
2026,RREO,2,B,Governo do Estado de Sergipe,28,SE,2211868,RREO-Anexo 03,E,Padrão,Mar,ITCDLiquidoExcetoTransferenciasEFUNDEB,ITCD,2365291.59,SE,28,2026,2
2026,RREO,2,B,Governo do Estado de Sergipe,28,SE,2211868,RREO-Anexo 03,E,Padrão,Abr,ITCDLiquidoExcetoTransferenciasEFUNDEB,ITCD,2850593.79,SE,28,2026,2
2026,RREO,2,B,Governo do Estado de Sergipe,28,SE,2211868,RREO-Anexo 03,E,Padrão,TOTAL (ÚLTIMOS 12 MESES),ITCDLiquidoExcetoTransferenciasEFUNDEB,ITCD,66582568.47,SE,28,2026,2
2026,RREO,2,B,Governo do Estado de Sergipe,28,SE,2211868,RREO-Anexo 03,E,Padrão,PREVISÃO ATUALIZADA 2026,ITCDLiquidoExcetoTransferenciasEFUNDEB,ITCD,41767968.0,SE,28,2026,2
2026,RREO,2,B,Governo do Estado da Bahia,29,BA,14659023,RREO-Anexo 03,E,Padrão,<MR-11>,ICMSLiquidoExcetoTransferenciasEFUNDEB,ICMS,3309892182.57,BA,29,2026,2
2026,RREO,2,B,Governo do Estado da Bahia,29,BA,14659023,RREO-Anexo 03,E,Padrão,<MR-10>,ICMSLiquidoExcetoTransferenciasEFUNDEB,ICMS,3385534517.99,BA,29,2026,2
2026,RREO,2,B,Governo do Estado da Bahia,29,BA,14659023,RREO-Anexo 03,E,Padrão,<MR-9>,ICMSLiquidoExcetoTransferenciasEFUNDEB,ICMS,3322620054.83,BA,29,2026,2
2026,RREO,2,B,Governo do Estado da Bahia,29,BA,14659023,RREO-Anexo 03,E,Padrão,<MR-8>,ICMSLiquidoExcetoTransferenciasEFUNDEB,ICMS,3490099339.13,BA,29,2026,2
2026,RREO,2,B,Governo do Estado da Bahia,29,BA,14659023,RREO-Anexo 03,E,Padrão,<MR-7>,ICMSLiquidoExcetoTransferenciasEFUNDEB,ICMS,3437038446.52,BA,29,2026,2
2026,RREO,2,B,Governo do Estado da Bahia,29,BA,14659023,RREO-Anexo 03,E,Padrão,<MR-6>,ICMSLiquidoExcetoTransferenciasEFUNDEB,ICMS,3478587090.67,BA,29,2026,2
2026,RREO,2,B,Governo do Estado da Bahia,29,BA,14659023,RREO-Anexo 03,E,Padrão,<MR-5>,ICMSLiquidoExcetoTransferenciasEFUNDEB,ICMS,4413829708.2,BA,29,2026,2
2026,RREO,2,B,Governo do Estado da Bahia,29,BA,14659023,RREO-Anexo 03,E,Padrão,<MR-4>,ICMSLiquidoExcetoTransferenciasEFUNDEB,ICMS,3500051625.06,BA,29,2026,2
2026,RREO,2,B,Governo do Estado da Bahia,29,BA,14659023,RREO-Anexo 03,E,Padrão,<MR-3>,ICMSLiquidoExcetoTransferenciasEFUNDEB,ICMS,3626632225.28,BA,29,2026,2
2026,RREO,2,B,Governo do Estado da Bahia,29,BA,14659023,RREO-Anexo 03,E,Padrão,<MR-2>,ICMSLiquidoExcetoTransferenciasEFUNDEB,ICMS,3459555345.34,BA,29,2026,2
2026,RREO,2,B,Governo do Estado da Bahia,29,BA,14659023,RREO-Anexo 03,E,Padrão,Mar,ICMSLiquidoExcetoTransferenciasEFUNDEB,ICMS,3202734683.68,BA,29,2026,2
2026,RREO,2,B,Governo do Estado da Bahia,29,BA,14659023,RREO-Anexo 03,E,Padrão,Abr,ICMSLiquidoExcetoTransferenciasEFUNDEB,ICMS,3582385022.96,BA,29,2026,2
2026,RREO,2,B,Governo do Estado da Bahia,29,BA,14659023,RREO-Anexo 03,E,Padrão,TOTAL (ÚLTIMOS 12 MESES),ICMSLiquidoExcetoTransferenciasEFUNDEB,ICMS,42208960242.23,BA,29,2026,2
2026,RREO,2,B,Governo do Estado da Bahia,29,BA,14659023,RREO-Anexo 03,E,Padrão,PREVISÃO ATUALIZADA 2026,ICMSLiquidoExcetoTransferenciasEFUNDEB,ICMS,40944986000.0,BA,29,2026,2
2026,RREO,2,B,Governo do Estado da Bahia,29,BA,14659023,RREO-Anexo 03,E,Padrão,<MR-11>,IPVALiquidoExcetoTransferenciasEFUNDEB,IPVA,166031194.68,BA,29,2026,2
2026,RREO,2,B,Governo do Estado da Bahia,29,BA,14659023,RREO-Anexo 03,E,Padrão,<MR-10>,IPVALiquidoExcetoTransferenciasEFUNDEB,IPVA,168737826.28,BA,29,2026,2
2026,RREO,2,B,Governo do Estado da Bahia,29,BA,14659023,RREO-Anexo 03,E,Padrão,<MR-9>,IPVALiquidoExcetoTransferenciasEFUNDEB,IPVA,244985149.58,BA,29,2026,2
2026,RREO,2,B,Governo do Estado da Bahia,29,BA,14659023,RREO-Anexo 03,E,Padrão,<MR-8>,IPVALiquidoExcetoTransferenciasEFUNDEB,IPVA,225728599.68,BA,29,2026,2
2026,RREO,2,B,Governo do Estado da Bahia,29,BA,14659023,RREO-Anexo 03,E,Padrão,<MR-7>,IPVALiquidoExcetoTransferenciasEFUNDEB,IPVA,237717363.04,BA,29,2026,2
2026,RREO,2,B,Governo do Estado da Bahia,29,BA,14659023,RREO-Anexo 03,E,Padrão,<MR-6>,IPVALiquidoExcetoTransferenciasEFUNDEB,IPVA,235285796.88,BA,29,2026,2
2026,RREO,2,B,Governo do Estado da Bahia,29,BA,14659023,RREO-Anexo 03,E,Padrão,<MR-5>,IPVALiquidoExcetoTransferenciasEFUNDEB,IPVA,206462547.79,BA,29,2026,2
2026,RREO,2,B,Governo do Estado da Bahia,29,BA,14659023,RREO-Anexo 03,E,Padrão,<MR-4>,IPVALiquidoExcetoTransferenciasEFUNDEB,IPVA,151011926.65,BA,29,2026,2
2026,RREO,2,B,Governo do Estado da Bahia,29,BA,14659023,RREO-Anexo 03,E,Padrão,<MR-3>,IPVALiquidoExcetoTransferenciasEFUNDEB,IPVA,320779284.53,BA,29,2026,2
2026,RREO,2,B,Governo do Estado da Bahia,29,BA,14659023,RREO-Anexo 03,E,Padrão,<MR-2>,IPVALiquidoExcetoTransferenciasEFUNDEB,IPVA,604546968.16,BA,29,2026,2
2026,RREO,2,B,Governo do Estado da Bahia,29,BA,14659023,RREO-Anexo 03,E,Padrão,Mar,IPVALiquidoExcetoTransferenciasEFUNDEB,IPVA,163481271.07,BA,29,2026,2
2026,RREO,2,B,Governo do Estado da Bahia,29,BA,14659023,RREO-Anexo 03,E,Padrão,Abr,IPVALiquidoExcetoTransferenciasEFUNDEB,IPVA,152432729.64,BA,29,2026,2
2026,RREO,2,B,Governo do Estado da Bahia,29,BA,14659023,RREO-Anexo 03,E,Padrão,TOTAL (ÚLTIMOS 12 MESES),IPVALiquidoExcetoTransferenciasEFUNDEB,IPVA,2877200657.98,BA,29,2026,2
2026,RREO,2,B,Governo do Estado da Bahia,29,BA,14659023,RREO-Anexo 03,E,Padrão,PREVISÃO ATUALIZADA 2026,IPVALiquidoExcetoTransferenciasEFUNDEB,IPVA,2701607000.0,BA,29,2026,2
2026,RREO,2,B,Governo do Estado da Bahia,29,BA,14659023,RREO-Anexo 03,E,Padrão,<MR-11>,ITCDLiquidoExcetoTransferenciasEFUNDEB,ITCD,34370611.44,BA,29,2026,2
2026,RREO,2,B,Governo do Estado da Bahia,29,BA,14659023,RREO-Anexo 03,E,Padrão,<MR-10>,ITCDLiquidoExcetoTransferenciasEFUNDEB,ITCD,33490952.33,BA,29,2026,2
2026,RREO,2,B,Governo do Estado da Bahia,29,BA,14659023,RREO-Anexo 03,E,Padrão,<MR-9>,ITCDLiquidoExcetoTransferenciasEFUNDEB,ITCD,26315427.28,BA,29,2026,2
2026,RREO,2,B,Governo do Estado da Bahia,29,BA,14659023,RREO-Anexo 03,E,Padrão,<MR-8>,ITCDLiquidoExcetoTransferenciasEFUNDEB,ITCD,23323683.42,BA,29,2026,2
2026,RREO,2,B,Governo do Estado da Bahia,29,BA,14659023,RREO-Anexo 03,E,Padrão,<MR-7>,ITCDLiquidoExcetoTransferenciasEFUNDEB,ITCD,47966098.58,BA,29,2026,2
2026,RREO,2,B,Governo do Estado da Bahia,29,BA,14659023,RREO-Anexo 03,E,Padrão,<MR-6>,ITCDLiquidoExcetoTransferenciasEFUNDEB,ITCD,37435075.46,BA,29,2026,2
2026,RREO,2,B,Governo do Estado da Bahia,29,BA,14659023,RREO-Anexo 03,E,Padrão,<MR-5>,ITCDLiquidoExcetoTransferenciasEFUNDEB,ITCD,27834745.12,BA,29,2026,2
2026,RREO,2,B,Governo do Estado da Bahia,29,BA,14659023,RREO-Anexo 03,E,Padrão,<MR-4>,ITCDLiquidoExcetoTransferenciasEFUNDEB,ITCD,40979167.62,BA,29,2026,2
2026,RREO,2,B,Governo do Estado da Bahia,29,BA,14659023,RREO-Anexo 03,E,Padrão,<MR-3>,ITCDLiquidoExcetoTransferenciasEFUNDEB,ITCD,29189009.63,BA,29,2026,2
2026,RREO,2,B,Governo do Estado da Bahia,29,BA,14659023,RREO-Anexo 03,E,Padrão,<MR-2>,ITCDLiquidoExcetoTransferenciasEFUNDEB,ITCD,17320833.04,BA,29,2026,2
2026,RREO,2,B,Governo do Estado da Bahia,29,BA,14659023,RREO-Anexo 03,E,Padrão,Mar,ITCDLiquidoExcetoTransferenciasEFUNDEB,ITCD,30043332.25,BA,29,2026,2
2026,RREO,2,B,Governo do Estado da Bahia,29,BA,14659023,RREO-Anexo 03,E,Padrão,Abr,ITCDLiquidoExcetoTransferenciasEFUNDEB,ITCD,69933580.19,BA,29,2026,2
2026,RREO,2,B,Governo do Estado da Bahia,29,BA,14659023,RREO-Anexo 03,E,Padrão,TOTAL (ÚLTIMOS 12 MESES),ITCDLiquidoExcetoTransferenciasEFUNDEB,ITCD,418202516.36,BA,29,2026,2
2026,RREO,2,B,Governo do Estado da Bahia,29,BA,14659023,RREO-Anexo 03,E,Padrão,PREVISÃO ATUALIZADA 2026,ITCDLiquidoExcetoTransferenciasEFUNDEB,ITCD,321024000.0,BA,29,2026,2
2026,RREO,2,B,Governo do Estado de Minas Gerais,31,MG,20732660,RREO-Anexo 03,E,Padrão,<MR-11>,ICMSLiquidoExcetoTransferenciasEFUNDEB,ICMS,6790856325.32,MG,31,2026,2
2026,RREO,2,B,Governo do Estado de Minas Gerais,31,MG,20732660,RREO-Anexo 03,E,Padrão,<MR-10>,ICMSLiquidoExcetoTransferenciasEFUNDEB,ICMS,7706330375.72,MG,31,2026,2
2026,RREO,2,B,Governo do Estado de Minas Gerais,31,MG,20732660,RREO-Anexo 03,E,Padrão,<MR-9>,ICMSLiquidoExcetoTransferenciasEFUNDEB,ICMS,7076443479.55,MG,31,2026,2
2026,RREO,2,B,Governo do Estado de Minas Gerais,31,MG,20732660,RREO-Anexo 03,E,Padrão,<MR-8>,ICMSLiquidoExcetoTransferenciasEFUNDEB,ICMS,7478742302.23,MG,31,2026,2
2026,RREO,2,B,Governo do Estado de Minas Gerais,31,MG,20732660,RREO-Anexo 03,E,Padrão,<MR-7>,ICMSLiquidoExcetoTransferenciasEFUNDEB,ICMS,7649992210.09,MG,31,2026,2
2026,RREO,2,B,Governo do Estado de Minas Gerais,31,MG,20732660,RREO-Anexo 03,E,Padrão,<MR-6>,ICMSLiquidoExcetoTransferenciasEFUNDEB,ICMS,7476757362.21,MG,31,2026,2
2026,RREO,2,B,Governo do Estado de Minas Gerais,31,MG,20732660,RREO-Anexo 03,E,Padrão,<MR-5>,ICMSLiquidoExcetoTransferenciasEFUNDEB,ICMS,7656333848.85,MG,31,2026,2
2026,RREO,2,B,Governo do Estado de Minas Gerais,31,MG,20732660,RREO-Anexo 03,E,Padrão,<MR-4>,ICMSLiquidoExcetoTransferenciasEFUNDEB,ICMS,8121824760.05,MG,31,2026,2
2026,RREO,2,B,Governo do Estado de Minas Gerais,31,MG,20732660,RREO-Anexo 03,E,Padrão,<MR-3>,ICMSLiquidoExcetoTransferenciasEFUNDEB,ICMS,7361292703.96,MG,31,2026,2
2026,RREO,2,B,Governo do Estado de Minas Gerais,31,MG,20732660,RREO-Anexo 03,E,Padrão,<MR-2>,ICMSLiquidoExcetoTransferenciasEFUNDEB,ICMS,6482680727.4,MG,31,2026,2
2026,RREO,2,B,Governo do Estado de Minas Gerais,31,MG,20732660,RREO-Anexo 03,E,Padrão,Mar,ICMSLiquidoExcetoTransferenciasEFUNDEB,ICMS,7091797158.42,MG,31,2026,2
2026,RREO,2,B,Governo do Estado de Minas Gerais,31,MG,20732660,RREO-Anexo 03,E,Padrão,Abr,ICMSLiquidoExcetoTransferenciasEFUNDEB,ICMS,7707660317.67,MG,31,2026,2
2026,RREO,2,B,Governo do Estado de Minas Gerais,31,MG,20732660,RREO-Anexo 03,E,Padrão,TOTAL (ÚLTIMOS 12 MESES),ICMSLiquidoExcetoTransferenciasEFUNDEB,ICMS,88600711571.47,MG,31,2026,2
2026,RREO,2,B,Governo do Estado de Minas Gerais,31,MG,20732660,RREO-Anexo 03,E,Padrão,PREVISÃO ATUALIZADA 2026,ICMSLiquidoExcetoTransferenciasEFUNDEB,ICMS,93428931990.0,MG,31,2026,2
2026,RREO,2,B,Governo do Estado de Minas Gerais,31,MG,20732660,RREO-Anexo 03,E,Padrão,<MR-11>,IPVALiquidoExcetoTransferenciasEFUNDEB,IPVA,586753605.27,MG,31,2026,2
2026,RREO,2,B,Governo do Estado de Minas Gerais,31,MG,20732660,RREO-Anexo 03,E,Padrão,<MR-10>,IPVALiquidoExcetoTransferenciasEFUNDEB,IPVA,506580925.71,MG,31,2026,2
2026,RREO,2,B,Governo do Estado de Minas Gerais,31,MG,20732660,RREO-Anexo 03,E,Padrão,<MR-9>,IPVALiquidoExcetoTransferenciasEFUNDEB,IPVA,490537684.54,MG,31,2026,2
2026,RREO,2,B,Governo do Estado de Minas Gerais,31,MG,20732660,RREO-Anexo 03,E,Padrão,<MR-8>,IPVALiquidoExcetoTransferenciasEFUNDEB,IPVA,375784228.52,MG,31,2026,2
2026,RREO,2,B,Governo do Estado de Minas Gerais,31,MG,20732660,RREO-Anexo 03,E,Padrão,<MR-7>,IPVALiquidoExcetoTransferenciasEFUNDEB,IPVA,419336417.41,MG,31,2026,2
2026,RREO,2,B,Governo do Estado de Minas Gerais,31,MG,20732660,RREO-Anexo 03,E,Padrão,<MR-6>,IPVALiquidoExcetoTransferenciasEFUNDEB,IPVA,290460052.33,MG,31,2026,2
2026,RREO,2,B,Governo do Estado de Minas Gerais,31,MG,20732660,RREO-Anexo 03,E,Padrão,<MR-5>,IPVALiquidoExcetoTransferenciasEFUNDEB,IPVA,242765273.08,MG,31,2026,2
2026,RREO,2,B,Governo do Estado de Minas Gerais,31,MG,20732660,RREO-Anexo 03,E,Padrão,<MR-4>,IPVALiquidoExcetoTransferenciasEFUNDEB,IPVA,249483976.55,MG,31,2026,2
2026,RREO,2,B,Governo do Estado de Minas Gerais,31,MG,20732660,RREO-Anexo 03,E,Padrão,<MR-3>,IPVALiquidoExcetoTransferenciasEFUNDEB,IPVA,1870630568.66,MG,31,2026,2
2026,RREO,2,B,Governo do Estado de Minas Gerais,31,MG,20732660,RREO-Anexo 03,E,Padrão,<MR-2>,IPVALiquidoExcetoTransferenciasEFUNDEB,IPVA,4354835700.91,MG,31,2026,2
2026,RREO,2,B,Governo do Estado de Minas Gerais,31,MG,20732660,RREO-Anexo 03,E,Padrão,Mar,IPVALiquidoExcetoTransferenciasEFUNDEB,IPVA,2120422070.08,MG,31,2026,2
2026,RREO,2,B,Governo do Estado de Minas Gerais,31,MG,20732660,RREO-Anexo 03,E,Padrão,Abr,IPVALiquidoExcetoTransferenciasEFUNDEB,IPVA,1850184304.72,MG,31,2026,2
2026,RREO,2,B,Governo do Estado de Minas Gerais,31,MG,20732660,RREO-Anexo 03,E,Padrão,TOTAL (ÚLTIMOS 12 MESES),IPVALiquidoExcetoTransferenciasEFUNDEB,IPVA,13357774807.78,MG,31,2026,2
2026,RREO,2,B,Governo do Estado de Minas Gerais,31,MG,20732660,RREO-Anexo 03,E,Padrão,PREVISÃO ATUALIZADA 2026,IPVALiquidoExcetoTransferenciasEFUNDEB,IPVA,14387407099.0,MG,31,2026,2
2026,RREO,2,B,Governo do Estado de Minas Gerais,31,MG,20732660,RREO-Anexo 03,E,Padrão,<MR-11>,ITCDLiquidoExcetoTransferenciasEFUNDEB,ITCD,161065592.61,MG,31,2026,2
2026,RREO,2,B,Governo do Estado de Minas Gerais,31,MG,20732660,RREO-Anexo 03,E,Padrão,<MR-10>,ITCDLiquidoExcetoTransferenciasEFUNDEB,ITCD,197368074.49,MG,31,2026,2
2026,RREO,2,B,Governo do Estado de Minas Gerais,31,MG,20732660,RREO-Anexo 03,E,Padrão,<MR-9>,ITCDLiquidoExcetoTransferenciasEFUNDEB,ITCD,174418371.1,MG,31,2026,2
2026,RREO,2,B,Governo do Estado de Minas Gerais,31,MG,20732660,RREO-Anexo 03,E,Padrão,<MR-8>,ITCDLiquidoExcetoTransferenciasEFUNDEB,ITCD,158276134.79,MG,31,2026,2
2026,RREO,2,B,Governo do Estado de Minas Gerais,31,MG,20732660,RREO-Anexo 03,E,Padrão,<MR-7>,ITCDLiquidoExcetoTransferenciasEFUNDEB,ITCD,201065289.45,MG,31,2026,2
2026,RREO,2,B,Governo do Estado de Minas Gerais,31,MG,20732660,RREO-Anexo 03,E,Padrão,<MR-6>,ITCDLiquidoExcetoTransferenciasEFUNDEB,ITCD,194735996.35,MG,31,2026,2
2026,RREO,2,B,Governo do Estado de Minas Gerais,31,MG,20732660,RREO-Anexo 03,E,Padrão,<MR-5>,ITCDLiquidoExcetoTransferenciasEFUNDEB,ITCD,179894068.73,MG,31,2026,2
2026,RREO,2,B,Governo do Estado de Minas Gerais,31,MG,20732660,RREO-Anexo 03,E,Padrão,<MR-4>,ITCDLiquidoExcetoTransferenciasEFUNDEB,ITCD,381979749.96,MG,31,2026,2
2026,RREO,2,B,Governo do Estado de Minas Gerais,31,MG,20732660,RREO-Anexo 03,E,Padrão,<MR-3>,ITCDLiquidoExcetoTransferenciasEFUNDEB,ITCD,135831592.22,MG,31,2026,2
2026,RREO,2,B,Governo do Estado de Minas Gerais,31,MG,20732660,RREO-Anexo 03,E,Padrão,<MR-2>,ITCDLiquidoExcetoTransferenciasEFUNDEB,ITCD,144314437.19,MG,31,2026,2
2026,RREO,2,B,Governo do Estado de Minas Gerais,31,MG,20732660,RREO-Anexo 03,E,Padrão,Mar,ITCDLiquidoExcetoTransferenciasEFUNDEB,ITCD,183252975.57,MG,31,2026,2
2026,RREO,2,B,Governo do Estado de Minas Gerais,31,MG,20732660,RREO-Anexo 03,E,Padrão,Abr,ITCDLiquidoExcetoTransferenciasEFUNDEB,ITCD,159204881.96,MG,31,2026,2
2026,RREO,2,B,Governo do Estado de Minas Gerais,31,MG,20732660,RREO-Anexo 03,E,Padrão,TOTAL (ÚLTIMOS 12 MESES),ITCDLiquidoExcetoTransferenciasEFUNDEB,ITCD,2271407164.42,MG,31,2026,2
2026,RREO,2,B,Governo do Estado de Minas Gerais,31,MG,20732660,RREO-Anexo 03,E,Padrão,PREVISÃO ATUALIZADA 2026,ITCDLiquidoExcetoTransferenciasEFUNDEB,ITCD,2372037771.0,MG,31,2026,2
2026,RREO,2,B,Governo do Estado do Espírito Santo,32,ES,3975100,RREO-Anexo 03,E,Padrão,<MR-11>,ICMSLiquidoExcetoTransferenciasEFUNDEB,ICMS,1863062656.47,ES,32,2026,2
2026,RREO,2,B,Governo do Estado do Espírito Santo,32,ES,3975100,RREO-Anexo 03,E,Padrão,<MR-10>,ICMSLiquidoExcetoTransferenciasEFUNDEB,ICMS,1968261775.98,ES,32,2026,2
2026,RREO,2,B,Governo do Estado do Espírito Santo,32,ES,3975100,RREO-Anexo 03,E,Padrão,<MR-9>,ICMSLiquidoExcetoTransferenciasEFUNDEB,ICMS,1993441698.61,ES,32,2026,2
2026,RREO,2,B,Governo do Estado do Espírito Santo,32,ES,3975100,RREO-Anexo 03,E,Padrão,<MR-8>,ICMSLiquidoExcetoTransferenciasEFUNDEB,ICMS,1893042737.61,ES,32,2026,2
2026,RREO,2,B,Governo do Estado do Espírito Santo,32,ES,3975100,RREO-Anexo 03,E,Padrão,<MR-7>,ICMSLiquidoExcetoTransferenciasEFUNDEB,ICMS,1823688762.55,ES,32,2026,2
2026,RREO,2,B,Governo do Estado do Espírito Santo,32,ES,3975100,RREO-Anexo 03,E,Padrão,<MR-6>,ICMSLiquidoExcetoTransferenciasEFUNDEB,ICMS,1916827584.14,ES,32,2026,2
2026,RREO,2,B,Governo do Estado do Espírito Santo,32,ES,3975100,RREO-Anexo 03,E,Padrão,<MR-5>,ICMSLiquidoExcetoTransferenciasEFUNDEB,ICMS,1998384940.97,ES,32,2026,2
2026,RREO,2,B,Governo do Estado do Espírito Santo,32,ES,3975100,RREO-Anexo 03,E,Padrão,<MR-4>,ICMSLiquidoExcetoTransferenciasEFUNDEB,ICMS,2118674030.62,ES,32,2026,2
2026,RREO,2,B,Governo do Estado do Espírito Santo,32,ES,3975100,RREO-Anexo 03,E,Padrão,<MR-3>,ICMSLiquidoExcetoTransferenciasEFUNDEB,ICMS,2114728297.62,ES,32,2026,2
2026,RREO,2,B,Governo do Estado do Espírito Santo,32,ES,3975100,RREO-Anexo 03,E,Padrão,<MR-2>,ICMSLiquidoExcetoTransferenciasEFUNDEB,ICMS,1958902962.58,ES,32,2026,2
2026,RREO,2,B,Governo do Estado do Espírito Santo,32,ES,3975100,RREO-Anexo 03,E,Padrão,Mar,ICMSLiquidoExcetoTransferenciasEFUNDEB,ICMS,1762479758.06,ES,32,2026,2
2026,RREO,2,B,Governo do Estado do Espírito Santo,32,ES,3975100,RREO-Anexo 03,E,Padrão,Abr,ICMSLiquidoExcetoTransferenciasEFUNDEB,ICMS,2113359780.88,ES,32,2026,2
2026,RREO,2,B,Governo do Estado do Espírito Santo,32,ES,3975100,RREO-Anexo 03,E,Padrão,TOTAL (ÚLTIMOS 12 MESES),ICMSLiquidoExcetoTransferenciasEFUNDEB,ICMS,23524854986.09,ES,32,2026,2
2026,RREO,2,B,Governo do Estado do Espírito Santo,32,ES,3975100,RREO-Anexo 03,E,Padrão,PREVISÃO ATUALIZADA 2026,ICMSLiquidoExcetoTransferenciasEFUNDEB,ICMS,23811802290.0,ES,32,2026,2
2026,RREO,2,B,Governo do Estado do Espírito Santo,32,ES,3975100,RREO-Anexo 03,E,Padrão,<MR-11>,IPVALiquidoExcetoTransferenciasEFUNDEB,IPVA,122565321.82,ES,32,2026,2
2026,RREO,2,B,Governo do Estado do Espírito Santo,32,ES,3975100,RREO-Anexo 03,E,Padrão,<MR-10>,IPVALiquidoExcetoTransferenciasEFUNDEB,IPVA,108588185.21,ES,32,2026,2
2026,RREO,2,B,Governo do Estado do Espírito Santo,32,ES,3975100,RREO-Anexo 03,E,Padrão,<MR-9>,IPVALiquidoExcetoTransferenciasEFUNDEB,IPVA,109749720.72,ES,32,2026,2
2026,RREO,2,B,Governo do Estado do Espírito Santo,32,ES,3975100,RREO-Anexo 03,E,Padrão,<MR-8>,IPVALiquidoExcetoTransferenciasEFUNDEB,IPVA,98388157.99,ES,32,2026,2
2026,RREO,2,B,Governo do Estado do Espírito Santo,32,ES,3975100,RREO-Anexo 03,E,Padrão,<MR-7>,IPVALiquidoExcetoTransferenciasEFUNDEB,IPVA,114860277.52,ES,32,2026,2
2026,RREO,2,B,Governo do Estado do Espírito Santo,32,ES,3975100,RREO-Anexo 03,E,Padrão,<MR-6>,IPVALiquidoExcetoTransferenciasEFUNDEB,IPVA,58460975.91,ES,32,2026,2
2026,RREO,2,B,Governo do Estado do Espírito Santo,32,ES,3975100,RREO-Anexo 03,E,Padrão,<MR-5>,IPVALiquidoExcetoTransferenciasEFUNDEB,IPVA,34885706.7,ES,32,2026,2
2026,RREO,2,B,Governo do Estado do Espírito Santo,32,ES,3975100,RREO-Anexo 03,E,Padrão,<MR-4>,IPVALiquidoExcetoTransferenciasEFUNDEB,IPVA,36799371.33,ES,32,2026,2
2026,RREO,2,B,Governo do Estado do Espírito Santo,32,ES,3975100,RREO-Anexo 03,E,Padrão,<MR-3>,IPVALiquidoExcetoTransferenciasEFUNDEB,IPVA,79910383.3,ES,32,2026,2
2026,RREO,2,B,Governo do Estado do Espírito Santo,32,ES,3975100,RREO-Anexo 03,E,Padrão,<MR-2>,IPVALiquidoExcetoTransferenciasEFUNDEB,IPVA,69780935.32,ES,32,2026,2
2026,RREO,2,B,Governo do Estado do Espírito Santo,32,ES,3975100,RREO-Anexo 03,E,Padrão,Mar,IPVALiquidoExcetoTransferenciasEFUNDEB,IPVA,193508334.1,ES,32,2026,2
2026,RREO,2,B,Governo do Estado do Espírito Santo,32,ES,3975100,RREO-Anexo 03,E,Padrão,Abr,IPVALiquidoExcetoTransferenciasEFUNDEB,IPVA,408722839.13,ES,32,2026,2
2026,RREO,2,B,Governo do Estado do Espírito Santo,32,ES,3975100,RREO-Anexo 03,E,Padrão,TOTAL (ÚLTIMOS 12 MESES),IPVALiquidoExcetoTransferenciasEFUNDEB,IPVA,1436220209.05,ES,32,2026,2
2026,RREO,2,B,Governo do Estado do Espírito Santo,32,ES,3975100,RREO-Anexo 03,E,Padrão,PREVISÃO ATUALIZADA 2026,IPVALiquidoExcetoTransferenciasEFUNDEB,IPVA,1351449871.0,ES,32,2026,2
2026,RREO,2,B,Governo do Estado do Espírito Santo,32,ES,3975100,RREO-Anexo 03,E,Padrão,<MR-11>,ITCDLiquidoExcetoTransferenciasEFUNDEB,ITCD,10493857.32,ES,32,2026,2
2026,RREO,2,B,Governo do Estado do Espírito Santo,32,ES,3975100,RREO-Anexo 03,E,Padrão,<MR-10>,ITCDLiquidoExcetoTransferenciasEFUNDEB,ITCD,16793606.97,ES,32,2026,2
2026,RREO,2,B,Governo do Estado do Espírito Santo,32,ES,3975100,RREO-Anexo 03,E,Padrão,<MR-9>,ITCDLiquidoExcetoTransferenciasEFUNDEB,ITCD,15446532.1,ES,32,2026,2
2026,RREO,2,B,Governo do Estado do Espírito Santo,32,ES,3975100,RREO-Anexo 03,E,Padrão,<MR-8>,ITCDLiquidoExcetoTransferenciasEFUNDEB,ITCD,18595031.93,ES,32,2026,2
2026,RREO,2,B,Governo do Estado do Espírito Santo,32,ES,3975100,RREO-Anexo 03,E,Padrão,<MR-7>,ITCDLiquidoExcetoTransferenciasEFUNDEB,ITCD,21437439.62,ES,32,2026,2
2026,RREO,2,B,Governo do Estado do Espírito Santo,32,ES,3975100,RREO-Anexo 03,E,Padrão,<MR-6>,ITCDLiquidoExcetoTransferenciasEFUNDEB,ITCD,25777624.62,ES,32,2026,2
2026,RREO,2,B,Governo do Estado do Espírito Santo,32,ES,3975100,RREO-Anexo 03,E,Padrão,<MR-5>,ITCDLiquidoExcetoTransferenciasEFUNDEB,ITCD,26159820.68,ES,32,2026,2
2026,RREO,2,B,Governo do Estado do Espírito Santo,32,ES,3975100,RREO-Anexo 03,E,Padrão,<MR-4>,ITCDLiquidoExcetoTransferenciasEFUNDEB,ITCD,36996091.9,ES,32,2026,2
2026,RREO,2,B,Governo do Estado do Espírito Santo,32,ES,3975100,RREO-Anexo 03,E,Padrão,<MR-3>,ITCDLiquidoExcetoTransferenciasEFUNDEB,ITCD,13516558.54,ES,32,2026,2
2026,RREO,2,B,Governo do Estado do Espírito Santo,32,ES,3975100,RREO-Anexo 03,E,Padrão,<MR-2>,ITCDLiquidoExcetoTransferenciasEFUNDEB,ITCD,34974167.94,ES,32,2026,2
2026,RREO,2,B,Governo do Estado do Espírito Santo,32,ES,3975100,RREO-Anexo 03,E,Padrão,Mar,ITCDLiquidoExcetoTransferenciasEFUNDEB,ITCD,24383190.99,ES,32,2026,2
2026,RREO,2,B,Governo do Estado do Espírito Santo,32,ES,3975100,RREO-Anexo 03,E,Padrão,Abr,ITCDLiquidoExcetoTransferenciasEFUNDEB,ITCD,17741289.25,ES,32,2026,2
2026,RREO,2,B,Governo do Estado do Espírito Santo,32,ES,3975100,RREO-Anexo 03,E,Padrão,TOTAL (ÚLTIMOS 12 MESES),ITCDLiquidoExcetoTransferenciasEFUNDEB,ITCD,262315211.86,ES,32,2026,2
2026,RREO,2,B,Governo do Estado do Espírito Santo,32,ES,3975100,RREO-Anexo 03,E,Padrão,PREVISÃO ATUALIZADA 2026,ITCDLiquidoExcetoTransferenciasEFUNDEB,ITCD,203682302.0,ES,32,2026,2
2026,RREO,2,B,Governo do Estado do Rio de Janeiro,33,RJ,16615526,RREO-Anexo 03,E,Padrão,<MR-11>,ICMSLiquidoExcetoTransferenciasEFUNDEB,ICMS,5012354341.97,RJ,33,2026,2
2026,RREO,2,B,Governo do Estado do Rio de Janeiro,33,RJ,16615526,RREO-Anexo 03,E,Padrão,<MR-10>,ICMSLiquidoExcetoTransferenciasEFUNDEB,ICMS,5173860958.07,RJ,33,2026,2
2026,RREO,2,B,Governo do Estado do Rio de Janeiro,33,RJ,16615526,RREO-Anexo 03,E,Padrão,<MR-9>,ICMSLiquidoExcetoTransferenciasEFUNDEB,ICMS,4983940327.61,RJ,33,2026,2
2026,RREO,2,B,Governo do Estado do Rio de Janeiro,33,RJ,16615526,RREO-Anexo 03,E,Padrão,<MR-8>,ICMSLiquidoExcetoTransferenciasEFUNDEB,ICMS,4839785733.5,RJ,33,2026,2
2026,RREO,2,B,Governo do Estado do Rio de Janeiro,33,RJ,16615526,RREO-Anexo 03,E,Padrão,<MR-7>,ICMSLiquidoExcetoTransferenciasEFUNDEB,ICMS,5572902477.12,RJ,33,2026,2
2026,RREO,2,B,Governo do Estado do Rio de Janeiro,33,RJ,16615526,RREO-Anexo 03,E,Padrão,<MR-6>,ICMSLiquidoExcetoTransferenciasEFUNDEB,ICMS,5050495198.37,RJ,33,2026,2
2026,RREO,2,B,Governo do Estado do Rio de Janeiro,33,RJ,16615526,RREO-Anexo 03,E,Padrão,<MR-5>,ICMSLiquidoExcetoTransferenciasEFUNDEB,ICMS,5148701434.08,RJ,33,2026,2
2026,RREO,2,B,Governo do Estado do Rio de Janeiro,33,RJ,16615526,RREO-Anexo 03,E,Padrão,<MR-4>,ICMSLiquidoExcetoTransferenciasEFUNDEB,ICMS,5595438666.25,RJ,33,2026,2
2026,RREO,2,B,Governo do Estado do Rio de Janeiro,33,RJ,16615526,RREO-Anexo 03,E,Padrão,<MR-3>,ICMSLiquidoExcetoTransferenciasEFUNDEB,ICMS,6764278991.85,RJ,33,2026,2
2026,RREO,2,B,Governo do Estado do Rio de Janeiro,33,RJ,16615526,RREO-Anexo 03,E,Padrão,<MR-2>,ICMSLiquidoExcetoTransferenciasEFUNDEB,ICMS,5855159455.94,RJ,33,2026,2
2026,RREO,2,B,Governo do Estado do Rio de Janeiro,33,RJ,16615526,RREO-Anexo 03,E,Padrão,Mar,ICMSLiquidoExcetoTransferenciasEFUNDEB,ICMS,5318618480.4,RJ,33,2026,2
2026,RREO,2,B,Governo do Estado do Rio de Janeiro,33,RJ,16615526,RREO-Anexo 03,E,Padrão,Abr,ICMSLiquidoExcetoTransferenciasEFUNDEB,ICMS,7097018566.98,RJ,33,2026,2
2026,RREO,2,B,Governo do Estado do Rio de Janeiro,33,RJ,16615526,RREO-Anexo 03,E,Padrão,TOTAL (ÚLTIMOS 12 MESES),ICMSLiquidoExcetoTransferenciasEFUNDEB,ICMS,66412554632.14,RJ,33,2026,2
2026,RREO,2,B,Governo do Estado do Rio de Janeiro,33,RJ,16615526,RREO-Anexo 03,E,Padrão,PREVISÃO ATUALIZADA 2026,ICMSLiquidoExcetoTransferenciasEFUNDEB,ICMS,66603318937.49,RJ,33,2026,2
2026,RREO,2,B,Governo do Estado do Rio de Janeiro,33,RJ,16615526,RREO-Anexo 03,E,Padrão,<MR-11>,IPVALiquidoExcetoTransferenciasEFUNDEB,IPVA,289017501.51,RJ,33,2026,2
2026,RREO,2,B,Governo do Estado do Rio de Janeiro,33,RJ,16615526,RREO-Anexo 03,E,Padrão,<MR-10>,IPVALiquidoExcetoTransferenciasEFUNDEB,IPVA,229542325.97,RJ,33,2026,2
2026,RREO,2,B,Governo do Estado do Rio de Janeiro,33,RJ,16615526,RREO-Anexo 03,E,Padrão,<MR-9>,IPVALiquidoExcetoTransferenciasEFUNDEB,IPVA,243852552.23,RJ,33,2026,2
2026,RREO,2,B,Governo do Estado do Rio de Janeiro,33,RJ,16615526,RREO-Anexo 03,E,Padrão,<MR-8>,IPVALiquidoExcetoTransferenciasEFUNDEB,IPVA,193585269.55,RJ,33,2026,2
2026,RREO,2,B,Governo do Estado do Rio de Janeiro,33,RJ,16615526,RREO-Anexo 03,E,Padrão,<MR-7>,IPVALiquidoExcetoTransferenciasEFUNDEB,IPVA,190089764.34,RJ,33,2026,2
2026,RREO,2,B,Governo do Estado do Rio de Janeiro,33,RJ,16615526,RREO-Anexo 03,E,Padrão,<MR-6>,IPVALiquidoExcetoTransferenciasEFUNDEB,IPVA,173299652.22,RJ,33,2026,2
2026,RREO,2,B,Governo do Estado do Rio de Janeiro,33,RJ,16615526,RREO-Anexo 03,E,Padrão,<MR-5>,IPVALiquidoExcetoTransferenciasEFUNDEB,IPVA,144822363.26,RJ,33,2026,2
2026,RREO,2,B,Governo do Estado do Rio de Janeiro,33,RJ,16615526,RREO-Anexo 03,E,Padrão,<MR-4>,IPVALiquidoExcetoTransferenciasEFUNDEB,IPVA,176393461.67,RJ,33,2026,2
2026,RREO,2,B,Governo do Estado do Rio de Janeiro,33,RJ,16615526,RREO-Anexo 03,E,Padrão,<MR-3>,IPVALiquidoExcetoTransferenciasEFUNDEB,IPVA,1655883280.95,RJ,33,2026,2
2026,RREO,2,B,Governo do Estado do Rio de Janeiro,33,RJ,16615526,RREO-Anexo 03,E,Padrão,<MR-2>,IPVALiquidoExcetoTransferenciasEFUNDEB,IPVA,1005617714.88,RJ,33,2026,2
2026,RREO,2,B,Governo do Estado do Rio de Janeiro,33,RJ,16615526,RREO-Anexo 03,E,Padrão,Mar,IPVALiquidoExcetoTransferenciasEFUNDEB,IPVA,857510612.89,RJ,33,2026,2
2026,RREO,2,B,Governo do Estado do Rio de Janeiro,33,RJ,16615526,RREO-Anexo 03,E,Padrão,Abr,IPVALiquidoExcetoTransferenciasEFUNDEB,IPVA,606061225.7,RJ,33,2026,2
2026,RREO,2,B,Governo do Estado do Rio de Janeiro,33,RJ,16615526,RREO-Anexo 03,E,Padrão,TOTAL (ÚLTIMOS 12 MESES),IPVALiquidoExcetoTransferenciasEFUNDEB,IPVA,5765675725.17,RJ,33,2026,2
2026,RREO,2,B,Governo do Estado do Rio de Janeiro,33,RJ,16615526,RREO-Anexo 03,E,Padrão,PREVISÃO ATUALIZADA 2026,IPVALiquidoExcetoTransferenciasEFUNDEB,IPVA,5696478058.72,RJ,33,2026,2
2026,RREO,2,B,Governo do Estado do Rio de Janeiro,33,RJ,16615526,RREO-Anexo 03,E,Padrão,<MR-11>,ITCDLiquidoExcetoTransferenciasEFUNDEB,ITCD,160978470.95,RJ,33,2026,2
2026,RREO,2,B,Governo do Estado do Rio de Janeiro,33,RJ,16615526,RREO-Anexo 03,E,Padrão,<MR-10>,ITCDLiquidoExcetoTransferenciasEFUNDEB,ITCD,144851868.15,RJ,33,2026,2
2026,RREO,2,B,Governo do Estado do Rio de Janeiro,33,RJ,16615526,RREO-Anexo 03,E,Padrão,<MR-9>,ITCDLiquidoExcetoTransferenciasEFUNDEB,ITCD,143081309.65,RJ,33,2026,2
2026,RREO,2,B,Governo do Estado do Rio de Janeiro,33,RJ,16615526,RREO-Anexo 03,E,Padrão,<MR-8>,ITCDLiquidoExcetoTransferenciasEFUNDEB,ITCD,139307058.23,RJ,33,2026,2
2026,RREO,2,B,Governo do Estado do Rio de Janeiro,33,RJ,16615526,RREO-Anexo 03,E,Padrão,<MR-7>,ITCDLiquidoExcetoTransferenciasEFUNDEB,ITCD,176104161.73,RJ,33,2026,2
2026,RREO,2,B,Governo do Estado do Rio de Janeiro,33,RJ,16615526,RREO-Anexo 03,E,Padrão,<MR-6>,ITCDLiquidoExcetoTransferenciasEFUNDEB,ITCD,164355337.71,RJ,33,2026,2
2026,RREO,2,B,Governo do Estado do Rio de Janeiro,33,RJ,16615526,RREO-Anexo 03,E,Padrão,<MR-5>,ITCDLiquidoExcetoTransferenciasEFUNDEB,ITCD,160296445.7,RJ,33,2026,2
2026,RREO,2,B,Governo do Estado do Rio de Janeiro,33,RJ,16615526,RREO-Anexo 03,E,Padrão,<MR-4>,ITCDLiquidoExcetoTransferenciasEFUNDEB,ITCD,333539776.09,RJ,33,2026,2
2026,RREO,2,B,Governo do Estado do Rio de Janeiro,33,RJ,16615526,RREO-Anexo 03,E,Padrão,<MR-3>,ITCDLiquidoExcetoTransferenciasEFUNDEB,ITCD,124124360.57,RJ,33,2026,2
2026,RREO,2,B,Governo do Estado do Rio de Janeiro,33,RJ,16615526,RREO-Anexo 03,E,Padrão,<MR-2>,ITCDLiquidoExcetoTransferenciasEFUNDEB,ITCD,98090259.21,RJ,33,2026,2
2026,RREO,2,B,Governo do Estado do Rio de Janeiro,33,RJ,16615526,RREO-Anexo 03,E,Padrão,Mar,ITCDLiquidoExcetoTransferenciasEFUNDEB,ITCD,134325622.05,RJ,33,2026,2
2026,RREO,2,B,Governo do Estado do Rio de Janeiro,33,RJ,16615526,RREO-Anexo 03,E,Padrão,Abr,ITCDLiquidoExcetoTransferenciasEFUNDEB,ITCD,160135712.14,RJ,33,2026,2
2026,RREO,2,B,Governo do Estado do Rio de Janeiro,33,RJ,16615526,RREO-Anexo 03,E,Padrão,TOTAL (ÚLTIMOS 12 MESES),ITCDLiquidoExcetoTransferenciasEFUNDEB,ITCD,1939190382.18,RJ,33,2026,2
2026,RREO,2,B,Governo do Estado do Rio de Janeiro,33,RJ,16615526,RREO-Anexo 03,E,Padrão,PREVISÃO ATUALIZADA 2026,ITCDLiquidoExcetoTransferenciasEFUNDEB,ITCD,1733000949.83,RJ,33,2026,2
2026,RREO,2,B,Governo do Estado de São Paulo,35,SP,46024937,RREO-Anexo 03,E,Padrão,<MR-11>,ICMSLiquidoExcetoTransferenciasEFUNDEB,ICMS,18802432038.56,SP,35,2026,2
2026,RREO,2,B,Governo do Estado de São Paulo,35,SP,46024937,RREO-Anexo 03,E,Padrão,<MR-10>,ICMSLiquidoExcetoTransferenciasEFUNDEB,ICMS,19214396670.09,SP,35,2026,2
2026,RREO,2,B,Governo do Estado de São Paulo,35,SP,46024937,RREO-Anexo 03,E,Padrão,<MR-9>,ICMSLiquidoExcetoTransferenciasEFUNDEB,ICMS,19889757064.56,SP,35,2026,2
2026,RREO,2,B,Governo do Estado de São Paulo,35,SP,46024937,RREO-Anexo 03,E,Padrão,<MR-8>,ICMSLiquidoExcetoTransferenciasEFUNDEB,ICMS,19182470965.07,SP,35,2026,2
2026,RREO,2,B,Governo do Estado de São Paulo,35,SP,46024937,RREO-Anexo 03,E,Padrão,<MR-7>,ICMSLiquidoExcetoTransferenciasEFUNDEB,ICMS,20448986306.37,SP,35,2026,2
2026,RREO,2,B,Governo do Estado de São Paulo,35,SP,46024937,RREO-Anexo 03,E,Padrão,<MR-6>,ICMSLiquidoExcetoTransferenciasEFUNDEB,ICMS,21092539182.17,SP,35,2026,2
2026,RREO,2,B,Governo do Estado de São Paulo,35,SP,46024937,RREO-Anexo 03,E,Padrão,<MR-5>,ICMSLiquidoExcetoTransferenciasEFUNDEB,ICMS,21221721838.45,SP,35,2026,2
2026,RREO,2,B,Governo do Estado de São Paulo,35,SP,46024937,RREO-Anexo 03,E,Padrão,<MR-4>,ICMSLiquidoExcetoTransferenciasEFUNDEB,ICMS,22247072396.31,SP,35,2026,2
2026,RREO,2,B,Governo do Estado de São Paulo,35,SP,46024937,RREO-Anexo 03,E,Padrão,<MR-3>,ICMSLiquidoExcetoTransferenciasEFUNDEB,ICMS,19657331322.72,SP,35,2026,2
2026,RREO,2,B,Governo do Estado de São Paulo,35,SP,46024937,RREO-Anexo 03,E,Padrão,<MR-2>,ICMSLiquidoExcetoTransferenciasEFUNDEB,ICMS,19265505001.96,SP,35,2026,2
2026,RREO,2,B,Governo do Estado de São Paulo,35,SP,46024937,RREO-Anexo 03,E,Padrão,Mar,ICMSLiquidoExcetoTransferenciasEFUNDEB,ICMS,19878945158.7,SP,35,2026,2
2026,RREO,2,B,Governo do Estado de São Paulo,35,SP,46024937,RREO-Anexo 03,E,Padrão,Abr,ICMSLiquidoExcetoTransferenciasEFUNDEB,ICMS,20407575413.54,SP,35,2026,2
2026,RREO,2,B,Governo do Estado de São Paulo,35,SP,46024937,RREO-Anexo 03,E,Padrão,TOTAL (ÚLTIMOS 12 MESES),ICMSLiquidoExcetoTransferenciasEFUNDEB,ICMS,241308733358.5,SP,35,2026,2
2026,RREO,2,B,Governo do Estado de São Paulo,35,SP,46024937,RREO-Anexo 03,E,Padrão,PREVISÃO ATUALIZADA 2026,ICMSLiquidoExcetoTransferenciasEFUNDEB,ICMS,254620847220.0,SP,35,2026,2
2026,RREO,2,B,Governo do Estado de São Paulo,35,SP,46024937,RREO-Anexo 03,E,Padrão,<MR-11>,IPVALiquidoExcetoTransferenciasEFUNDEB,IPVA,2718091302.83,SP,35,2026,2
2026,RREO,2,B,Governo do Estado de São Paulo,35,SP,46024937,RREO-Anexo 03,E,Padrão,<MR-10>,IPVALiquidoExcetoTransferenciasEFUNDEB,IPVA,856579497.44,SP,35,2026,2
2026,RREO,2,B,Governo do Estado de São Paulo,35,SP,46024937,RREO-Anexo 03,E,Padrão,<MR-9>,IPVALiquidoExcetoTransferenciasEFUNDEB,IPVA,1087627569.64,SP,35,2026,2
2026,RREO,2,B,Governo do Estado de São Paulo,35,SP,46024937,RREO-Anexo 03,E,Padrão,<MR-8>,IPVALiquidoExcetoTransferenciasEFUNDEB,IPVA,1059562468.22,SP,35,2026,2
2026,RREO,2,B,Governo do Estado de São Paulo,35,SP,46024937,RREO-Anexo 03,E,Padrão,<MR-7>,IPVALiquidoExcetoTransferenciasEFUNDEB,IPVA,1090512270.95,SP,35,2026,2
2026,RREO,2,B,Governo do Estado de São Paulo,35,SP,46024937,RREO-Anexo 03,E,Padrão,<MR-6>,IPVALiquidoExcetoTransferenciasEFUNDEB,IPVA,980867106.63,SP,35,2026,2
2026,RREO,2,B,Governo do Estado de São Paulo,35,SP,46024937,RREO-Anexo 03,E,Padrão,<MR-5>,IPVALiquidoExcetoTransferenciasEFUNDEB,IPVA,727435835.02,SP,35,2026,2
2026,RREO,2,B,Governo do Estado de São Paulo,35,SP,46024937,RREO-Anexo 03,E,Padrão,<MR-4>,IPVALiquidoExcetoTransferenciasEFUNDEB,IPVA,1237672511.25,SP,35,2026,2
2026,RREO,2,B,Governo do Estado de São Paulo,35,SP,46024937,RREO-Anexo 03,E,Padrão,<MR-3>,IPVALiquidoExcetoTransferenciasEFUNDEB,IPVA,11549008961.19,SP,35,2026,2
2026,RREO,2,B,Governo do Estado de São Paulo,35,SP,46024937,RREO-Anexo 03,E,Padrão,<MR-2>,IPVALiquidoExcetoTransferenciasEFUNDEB,IPVA,4904758450.46,SP,35,2026,2
2026,RREO,2,B,Governo do Estado de São Paulo,35,SP,46024937,RREO-Anexo 03,E,Padrão,Mar,IPVALiquidoExcetoTransferenciasEFUNDEB,IPVA,3941246133.32,SP,35,2026,2
2026,RREO,2,B,Governo do Estado de São Paulo,35,SP,46024937,RREO-Anexo 03,E,Padrão,Abr,IPVALiquidoExcetoTransferenciasEFUNDEB,IPVA,3146595638.59,SP,35,2026,2
2026,RREO,2,B,Governo do Estado de São Paulo,35,SP,46024937,RREO-Anexo 03,E,Padrão,TOTAL (ÚLTIMOS 12 MESES),IPVALiquidoExcetoTransferenciasEFUNDEB,IPVA,33299957745.54,SP,35,2026,2
2026,RREO,2,B,Governo do Estado de São Paulo,35,SP,46024937,RREO-Anexo 03,E,Padrão,PREVISÃO ATUALIZADA 2026,IPVALiquidoExcetoTransferenciasEFUNDEB,IPVA,32600001002.0,SP,35,2026,2
2026,RREO,2,B,Governo do Estado de São Paulo,35,SP,46024937,RREO-Anexo 03,E,Padrão,<MR-11>,ITCDLiquidoExcetoTransferenciasEFUNDEB,ITCD,460911233.59,SP,35,2026,2
2026,RREO,2,B,Governo do Estado de São Paulo,35,SP,46024937,RREO-Anexo 03,E,Padrão,<MR-10>,ITCDLiquidoExcetoTransferenciasEFUNDEB,ITCD,443648179.58,SP,35,2026,2
2026,RREO,2,B,Governo do Estado de São Paulo,35,SP,46024937,RREO-Anexo 03,E,Padrão,<MR-9>,ITCDLiquidoExcetoTransferenciasEFUNDEB,ITCD,471935609.07,SP,35,2026,2
2026,RREO,2,B,Governo do Estado de São Paulo,35,SP,46024937,RREO-Anexo 03,E,Padrão,<MR-8>,ITCDLiquidoExcetoTransferenciasEFUNDEB,ITCD,434402372.05,SP,35,2026,2
2026,RREO,2,B,Governo do Estado de São Paulo,35,SP,46024937,RREO-Anexo 03,E,Padrão,<MR-7>,ITCDLiquidoExcetoTransferenciasEFUNDEB,ITCD,529795552.18,SP,35,2026,2
2026,RREO,2,B,Governo do Estado de São Paulo,35,SP,46024937,RREO-Anexo 03,E,Padrão,<MR-6>,ITCDLiquidoExcetoTransferenciasEFUNDEB,ITCD,643286293.2,SP,35,2026,2
2026,RREO,2,B,Governo do Estado de São Paulo,35,SP,46024937,RREO-Anexo 03,E,Padrão,<MR-5>,ITCDLiquidoExcetoTransferenciasEFUNDEB,ITCD,578899138.79,SP,35,2026,2
2026,RREO,2,B,Governo do Estado de São Paulo,35,SP,46024937,RREO-Anexo 03,E,Padrão,<MR-4>,ITCDLiquidoExcetoTransferenciasEFUNDEB,ITCD,2166122452.76,SP,35,2026,2
2026,RREO,2,B,Governo do Estado de São Paulo,35,SP,46024937,RREO-Anexo 03,E,Padrão,<MR-3>,ITCDLiquidoExcetoTransferenciasEFUNDEB,ITCD,283938099.33,SP,35,2026,2
2026,RREO,2,B,Governo do Estado de São Paulo,35,SP,46024937,RREO-Anexo 03,E,Padrão,<MR-2>,ITCDLiquidoExcetoTransferenciasEFUNDEB,ITCD,490916584.82,SP,35,2026,2
2026,RREO,2,B,Governo do Estado de São Paulo,35,SP,46024937,RREO-Anexo 03,E,Padrão,Mar,ITCDLiquidoExcetoTransferenciasEFUNDEB,ITCD,465303295.82,SP,35,2026,2
2026,RREO,2,B,Governo do Estado de São Paulo,35,SP,46024937,RREO-Anexo 03,E,Padrão,Abr,ITCDLiquidoExcetoTransferenciasEFUNDEB,ITCD,376384781.74,SP,35,2026,2
2026,RREO,2,B,Governo do Estado de São Paulo,35,SP,46024937,RREO-Anexo 03,E,Padrão,TOTAL (ÚLTIMOS 12 MESES),ITCDLiquidoExcetoTransferenciasEFUNDEB,ITCD,7345543592.93,SP,35,2026,2
2026,RREO,2,B,Governo do Estado de São Paulo,35,SP,46024937,RREO-Anexo 03,E,Padrão,PREVISÃO ATUALIZADA 2026,ITCDLiquidoExcetoTransferenciasEFUNDEB,ITCD,5914688000.0,SP,35,2026,2
2026,RREO,2,B,Governo do Estado do Paraná,41,PR,11835379,RREO-Anexo 03,E,Padrão,<MR-11>,ICMSLiquidoExcetoTransferenciasEFUNDEB,ICMS,3663182118.3,PR,41,2026,2
2026,RREO,2,B,Governo do Estado do Paraná,41,PR,11835379,RREO-Anexo 03,E,Padrão,<MR-10>,ICMSLiquidoExcetoTransferenciasEFUNDEB,ICMS,4587616608.91,PR,41,2026,2
2026,RREO,2,B,Governo do Estado do Paraná,41,PR,11835379,RREO-Anexo 03,E,Padrão,<MR-9>,ICMSLiquidoExcetoTransferenciasEFUNDEB,ICMS,4448056599.13,PR,41,2026,2
2026,RREO,2,B,Governo do Estado do Paraná,41,PR,11835379,RREO-Anexo 03,E,Padrão,<MR-8>,ICMSLiquidoExcetoTransferenciasEFUNDEB,ICMS,4533129981.84,PR,41,2026,2
2026,RREO,2,B,Governo do Estado do Paraná,41,PR,11835379,RREO-Anexo 03,E,Padrão,<MR-7>,ICMSLiquidoExcetoTransferenciasEFUNDEB,ICMS,4322017165.22,PR,41,2026,2
2026,RREO,2,B,Governo do Estado do Paraná,41,PR,11835379,RREO-Anexo 03,E,Padrão,<MR-6>,ICMSLiquidoExcetoTransferenciasEFUNDEB,ICMS,4565709970.75,PR,41,2026,2
2026,RREO,2,B,Governo do Estado do Paraná,41,PR,11835379,RREO-Anexo 03,E,Padrão,<MR-5>,ICMSLiquidoExcetoTransferenciasEFUNDEB,ICMS,4750302770.19,PR,41,2026,2
2026,RREO,2,B,Governo do Estado do Paraná,41,PR,11835379,RREO-Anexo 03,E,Padrão,<MR-4>,ICMSLiquidoExcetoTransferenciasEFUNDEB,ICMS,4735978439.25,PR,41,2026,2
2026,RREO,2,B,Governo do Estado do Paraná,41,PR,11835379,RREO-Anexo 03,E,Padrão,<MR-3>,ICMSLiquidoExcetoTransferenciasEFUNDEB,ICMS,4728963771.55,PR,41,2026,2
2026,RREO,2,B,Governo do Estado do Paraná,41,PR,11835379,RREO-Anexo 03,E,Padrão,<MR-2>,ICMSLiquidoExcetoTransferenciasEFUNDEB,ICMS,4253806039.47,PR,41,2026,2
2026,RREO,2,B,Governo do Estado do Paraná,41,PR,11835379,RREO-Anexo 03,E,Padrão,Mar,ICMSLiquidoExcetoTransferenciasEFUNDEB,ICMS,4590591050.09,PR,41,2026,2
2026,RREO,2,B,Governo do Estado do Paraná,41,PR,11835379,RREO-Anexo 03,E,Padrão,Abr,ICMSLiquidoExcetoTransferenciasEFUNDEB,ICMS,4935509552.08,PR,41,2026,2
2026,RREO,2,B,Governo do Estado do Paraná,41,PR,11835379,RREO-Anexo 03,E,Padrão,TOTAL (ÚLTIMOS 12 MESES),ICMSLiquidoExcetoTransferenciasEFUNDEB,ICMS,54114864066.78,PR,41,2026,2
2026,RREO,2,B,Governo do Estado do Paraná,41,PR,11835379,RREO-Anexo 03,E,Padrão,PREVISÃO ATUALIZADA 2026,ICMSLiquidoExcetoTransferenciasEFUNDEB,ICMS,55206995013.0,PR,41,2026,2
2026,RREO,2,B,Governo do Estado do Paraná,41,PR,11835379,RREO-Anexo 03,E,Padrão,<MR-11>,IPVALiquidoExcetoTransferenciasEFUNDEB,IPVA,717742392.67,PR,41,2026,2
2026,RREO,2,B,Governo do Estado do Paraná,41,PR,11835379,RREO-Anexo 03,E,Padrão,<MR-10>,IPVALiquidoExcetoTransferenciasEFUNDEB,IPVA,299183003.09,PR,41,2026,2
2026,RREO,2,B,Governo do Estado do Paraná,41,PR,11835379,RREO-Anexo 03,E,Padrão,<MR-9>,IPVALiquidoExcetoTransferenciasEFUNDEB,IPVA,249150590.38,PR,41,2026,2
2026,RREO,2,B,Governo do Estado do Paraná,41,PR,11835379,RREO-Anexo 03,E,Padrão,<MR-8>,IPVALiquidoExcetoTransferenciasEFUNDEB,IPVA,219933155.62,PR,41,2026,2
2026,RREO,2,B,Governo do Estado do Paraná,41,PR,11835379,RREO-Anexo 03,E,Padrão,<MR-7>,IPVALiquidoExcetoTransferenciasEFUNDEB,IPVA,211572578.99,PR,41,2026,2
2026,RREO,2,B,Governo do Estado do Paraná,41,PR,11835379,RREO-Anexo 03,E,Padrão,<MR-6>,IPVALiquidoExcetoTransferenciasEFUNDEB,IPVA,196291158.67,PR,41,2026,2
2026,RREO,2,B,Governo do Estado do Paraná,41,PR,11835379,RREO-Anexo 03,E,Padrão,<MR-5>,IPVALiquidoExcetoTransferenciasEFUNDEB,IPVA,155862185.56,PR,41,2026,2
2026,RREO,2,B,Governo do Estado do Paraná,41,PR,11835379,RREO-Anexo 03,E,Padrão,<MR-4>,IPVALiquidoExcetoTransferenciasEFUNDEB,IPVA,192404734.08,PR,41,2026,2
2026,RREO,2,B,Governo do Estado do Paraná,41,PR,11835379,RREO-Anexo 03,E,Padrão,<MR-3>,IPVALiquidoExcetoTransferenciasEFUNDEB,IPVA,2277894487.47,PR,41,2026,2
2026,RREO,2,B,Governo do Estado do Paraná,41,PR,11835379,RREO-Anexo 03,E,Padrão,<MR-2>,IPVALiquidoExcetoTransferenciasEFUNDEB,IPVA,582169074.51,PR,41,2026,2
2026,RREO,2,B,Governo do Estado do Paraná,41,PR,11835379,RREO-Anexo 03,E,Padrão,Mar,IPVALiquidoExcetoTransferenciasEFUNDEB,IPVA,565103634.5,PR,41,2026,2
2026,RREO,2,B,Governo do Estado do Paraná,41,PR,11835379,RREO-Anexo 03,E,Padrão,Abr,IPVALiquidoExcetoTransferenciasEFUNDEB,IPVA,500519605.21,PR,41,2026,2
2026,RREO,2,B,Governo do Estado do Paraná,41,PR,11835379,RREO-Anexo 03,E,Padrão,TOTAL (ÚLTIMOS 12 MESES),IPVALiquidoExcetoTransferenciasEFUNDEB,IPVA,6167826600.75,PR,41,2026,2
2026,RREO,2,B,Governo do Estado do Paraná,41,PR,11835379,RREO-Anexo 03,E,Padrão,PREVISÃO ATUALIZADA 2026,IPVALiquidoExcetoTransferenciasEFUNDEB,IPVA,4696163000.0,PR,41,2026,2
2026,RREO,2,B,Governo do Estado do Paraná,41,PR,11835379,RREO-Anexo 03,E,Padrão,<MR-11>,ITCDLiquidoExcetoTransferenciasEFUNDEB,ITCD,114129248.07,PR,41,2026,2
2026,RREO,2,B,Governo do Estado do Paraná,41,PR,11835379,RREO-Anexo 03,E,Padrão,<MR-10>,ITCDLiquidoExcetoTransferenciasEFUNDEB,ITCD,118949651.84,PR,41,2026,2
2026,RREO,2,B,Governo do Estado do Paraná,41,PR,11835379,RREO-Anexo 03,E,Padrão,<MR-9>,ITCDLiquidoExcetoTransferenciasEFUNDEB,ITCD,112896321.49,PR,41,2026,2
2026,RREO,2,B,Governo do Estado do Paraná,41,PR,11835379,RREO-Anexo 03,E,Padrão,<MR-8>,ITCDLiquidoExcetoTransferenciasEFUNDEB,ITCD,115295653.87,PR,41,2026,2
2026,RREO,2,B,Governo do Estado do Paraná,41,PR,11835379,RREO-Anexo 03,E,Padrão,<MR-7>,ITCDLiquidoExcetoTransferenciasEFUNDEB,ITCD,125054607.33,PR,41,2026,2
2026,RREO,2,B,Governo do Estado do Paraná,41,PR,11835379,RREO-Anexo 03,E,Padrão,<MR-6>,ITCDLiquidoExcetoTransferenciasEFUNDEB,ITCD,142538920.35,PR,41,2026,2
2026,RREO,2,B,Governo do Estado do Paraná,41,PR,11835379,RREO-Anexo 03,E,Padrão,<MR-5>,ITCDLiquidoExcetoTransferenciasEFUNDEB,ITCD,181124576.59,PR,41,2026,2
2026,RREO,2,B,Governo do Estado do Paraná,41,PR,11835379,RREO-Anexo 03,E,Padrão,<MR-4>,ITCDLiquidoExcetoTransferenciasEFUNDEB,ITCD,248149254.41,PR,41,2026,2
2026,RREO,2,B,Governo do Estado do Paraná,41,PR,11835379,RREO-Anexo 03,E,Padrão,<MR-3>,ITCDLiquidoExcetoTransferenciasEFUNDEB,ITCD,129639318.91,PR,41,2026,2
2026,RREO,2,B,Governo do Estado do Paraná,41,PR,11835379,RREO-Anexo 03,E,Padrão,<MR-2>,ITCDLiquidoExcetoTransferenciasEFUNDEB,ITCD,104628918.29,PR,41,2026,2
2026,RREO,2,B,Governo do Estado do Paraná,41,PR,11835379,RREO-Anexo 03,E,Padrão,Mar,ITCDLiquidoExcetoTransferenciasEFUNDEB,ITCD,114077289.59,PR,41,2026,2
2026,RREO,2,B,Governo do Estado do Paraná,41,PR,11835379,RREO-Anexo 03,E,Padrão,Abr,ITCDLiquidoExcetoTransferenciasEFUNDEB,ITCD,86359547.99,PR,41,2026,2
2026,RREO,2,B,Governo do Estado do Paraná,41,PR,11835379,RREO-Anexo 03,E,Padrão,TOTAL (ÚLTIMOS 12 MESES),ITCDLiquidoExcetoTransferenciasEFUNDEB,ITCD,1592843308.73,PR,41,2026,2
2026,RREO,2,B,Governo do Estado do Paraná,41,PR,11835379,RREO-Anexo 03,E,Padrão,PREVISÃO ATUALIZADA 2026,ITCDLiquidoExcetoTransferenciasEFUNDEB,ITCD,1536749000.0,PR,41,2026,2
2026,RREO,2,B,Governo do Estado de Santa Catarina,42,SC,7762154,RREO-Anexo 03,E,Padrão,<MR-11>,ICMSLiquidoExcetoTransferenciasEFUNDEB,ICMS,3698170447.79,SC,42,2026,2
2026,RREO,2,B,Governo do Estado de Santa Catarina,42,SC,7762154,RREO-Anexo 03,E,Padrão,<MR-10>,ICMSLiquidoExcetoTransferenciasEFUNDEB,ICMS,3701356231.07,SC,42,2026,2
2026,RREO,2,B,Governo do Estado de Santa Catarina,42,SC,7762154,RREO-Anexo 03,E,Padrão,<MR-9>,ICMSLiquidoExcetoTransferenciasEFUNDEB,ICMS,3543597374.08,SC,42,2026,2
2026,RREO,2,B,Governo do Estado de Santa Catarina,42,SC,7762154,RREO-Anexo 03,E,Padrão,<MR-8>,ICMSLiquidoExcetoTransferenciasEFUNDEB,ICMS,3718931713.36,SC,42,2026,2
2026,RREO,2,B,Governo do Estado de Santa Catarina,42,SC,7762154,RREO-Anexo 03,E,Padrão,<MR-7>,ICMSLiquidoExcetoTransferenciasEFUNDEB,ICMS,3709014195.61,SC,42,2026,2
2026,RREO,2,B,Governo do Estado de Santa Catarina,42,SC,7762154,RREO-Anexo 03,E,Padrão,<MR-6>,ICMSLiquidoExcetoTransferenciasEFUNDEB,ICMS,3716489123.56,SC,42,2026,2
2026,RREO,2,B,Governo do Estado de Santa Catarina,42,SC,7762154,RREO-Anexo 03,E,Padrão,<MR-5>,ICMSLiquidoExcetoTransferenciasEFUNDEB,ICMS,3982466439.66,SC,42,2026,2
2026,RREO,2,B,Governo do Estado de Santa Catarina,42,SC,7762154,RREO-Anexo 03,E,Padrão,<MR-4>,ICMSLiquidoExcetoTransferenciasEFUNDEB,ICMS,4011097135.56,SC,42,2026,2
2026,RREO,2,B,Governo do Estado de Santa Catarina,42,SC,7762154,RREO-Anexo 03,E,Padrão,<MR-3>,ICMSLiquidoExcetoTransferenciasEFUNDEB,ICMS,4105996923.02,SC,42,2026,2
2026,RREO,2,B,Governo do Estado de Santa Catarina,42,SC,7762154,RREO-Anexo 03,E,Padrão,<MR-2>,ICMSLiquidoExcetoTransferenciasEFUNDEB,ICMS,4013272408.96,SC,42,2026,2
2026,RREO,2,B,Governo do Estado de Santa Catarina,42,SC,7762154,RREO-Anexo 03,E,Padrão,Mar,ICMSLiquidoExcetoTransferenciasEFUNDEB,ICMS,4103892968.88,SC,42,2026,2
2026,RREO,2,B,Governo do Estado de Santa Catarina,42,SC,7762154,RREO-Anexo 03,E,Padrão,Abr,ICMSLiquidoExcetoTransferenciasEFUNDEB,ICMS,4243269195.54,SC,42,2026,2
2026,RREO,2,B,Governo do Estado de Santa Catarina,42,SC,7762154,RREO-Anexo 03,E,Padrão,TOTAL (ÚLTIMOS 12 MESES),ICMSLiquidoExcetoTransferenciasEFUNDEB,ICMS,46547554157.09,SC,42,2026,2
2026,RREO,2,B,Governo do Estado de Santa Catarina,42,SC,7762154,RREO-Anexo 03,E,Padrão,PREVISÃO ATUALIZADA 2026,ICMSLiquidoExcetoTransferenciasEFUNDEB,ICMS,49122171866.0,SC,42,2026,2
2026,RREO,2,B,Governo do Estado de Santa Catarina,42,SC,7762154,RREO-Anexo 03,E,Padrão,<MR-11>,IPVALiquidoExcetoTransferenciasEFUNDEB,IPVA,408306469.65,SC,42,2026,2
2026,RREO,2,B,Governo do Estado de Santa Catarina,42,SC,7762154,RREO-Anexo 03,E,Padrão,<MR-10>,IPVALiquidoExcetoTransferenciasEFUNDEB,IPVA,460993754.32,SC,42,2026,2
2026,RREO,2,B,Governo do Estado de Santa Catarina,42,SC,7762154,RREO-Anexo 03,E,Padrão,<MR-9>,IPVALiquidoExcetoTransferenciasEFUNDEB,IPVA,450274200.27,SC,42,2026,2
2026,RREO,2,B,Governo do Estado de Santa Catarina,42,SC,7762154,RREO-Anexo 03,E,Padrão,<MR-8>,IPVALiquidoExcetoTransferenciasEFUNDEB,IPVA,378645833.81,SC,42,2026,2
2026,RREO,2,B,Governo do Estado de Santa Catarina,42,SC,7762154,RREO-Anexo 03,E,Padrão,<MR-7>,IPVALiquidoExcetoTransferenciasEFUNDEB,IPVA,432213539.92,SC,42,2026,2
2026,RREO,2,B,Governo do Estado de Santa Catarina,42,SC,7762154,RREO-Anexo 03,E,Padrão,<MR-6>,IPVALiquidoExcetoTransferenciasEFUNDEB,IPVA,399880087.7,SC,42,2026,2
2026,RREO,2,B,Governo do Estado de Santa Catarina,42,SC,7762154,RREO-Anexo 03,E,Padrão,<MR-5>,IPVALiquidoExcetoTransferenciasEFUNDEB,IPVA,203303794.85,SC,42,2026,2
2026,RREO,2,B,Governo do Estado de Santa Catarina,42,SC,7762154,RREO-Anexo 03,E,Padrão,<MR-4>,IPVALiquidoExcetoTransferenciasEFUNDEB,IPVA,162836309.95,SC,42,2026,2
2026,RREO,2,B,Governo do Estado de Santa Catarina,42,SC,7762154,RREO-Anexo 03,E,Padrão,<MR-3>,IPVALiquidoExcetoTransferenciasEFUNDEB,IPVA,358677111.7,SC,42,2026,2
2026,RREO,2,B,Governo do Estado de Santa Catarina,42,SC,7762154,RREO-Anexo 03,E,Padrão,<MR-2>,IPVALiquidoExcetoTransferenciasEFUNDEB,IPVA,392799787.84,SC,42,2026,2
2026,RREO,2,B,Governo do Estado de Santa Catarina,42,SC,7762154,RREO-Anexo 03,E,Padrão,Mar,IPVALiquidoExcetoTransferenciasEFUNDEB,IPVA,512016998.66,SC,42,2026,2
2026,RREO,2,B,Governo do Estado de Santa Catarina,42,SC,7762154,RREO-Anexo 03,E,Padrão,Abr,IPVALiquidoExcetoTransferenciasEFUNDEB,IPVA,466318408.04,SC,42,2026,2
2026,RREO,2,B,Governo do Estado de Santa Catarina,42,SC,7762154,RREO-Anexo 03,E,Padrão,TOTAL (ÚLTIMOS 12 MESES),IPVALiquidoExcetoTransferenciasEFUNDEB,IPVA,4626266296.71,SC,42,2026,2
2026,RREO,2,B,Governo do Estado de Santa Catarina,42,SC,7762154,RREO-Anexo 03,E,Padrão,PREVISÃO ATUALIZADA 2026,IPVALiquidoExcetoTransferenciasEFUNDEB,IPVA,4754574432.0,SC,42,2026,2
2026,RREO,2,B,Governo do Estado de Santa Catarina,42,SC,7762154,RREO-Anexo 03,E,Padrão,<MR-11>,ITCDLiquidoExcetoTransferenciasEFUNDEB,ITCD,77022814.59,SC,42,2026,2
2026,RREO,2,B,Governo do Estado de Santa Catarina,42,SC,7762154,RREO-Anexo 03,E,Padrão,<MR-10>,ITCDLiquidoExcetoTransferenciasEFUNDEB,ITCD,69191487.47,SC,42,2026,2
2026,RREO,2,B,Governo do Estado de Santa Catarina,42,SC,7762154,RREO-Anexo 03,E,Padrão,<MR-9>,ITCDLiquidoExcetoTransferenciasEFUNDEB,ITCD,74917673.71,SC,42,2026,2
2026,RREO,2,B,Governo do Estado de Santa Catarina,42,SC,7762154,RREO-Anexo 03,E,Padrão,<MR-8>,ITCDLiquidoExcetoTransferenciasEFUNDEB,ITCD,85269056.74,SC,42,2026,2
2026,RREO,2,B,Governo do Estado de Santa Catarina,42,SC,7762154,RREO-Anexo 03,E,Padrão,<MR-7>,ITCDLiquidoExcetoTransferenciasEFUNDEB,ITCD,114444000.32,SC,42,2026,2
2026,RREO,2,B,Governo do Estado de Santa Catarina,42,SC,7762154,RREO-Anexo 03,E,Padrão,<MR-6>,ITCDLiquidoExcetoTransferenciasEFUNDEB,ITCD,89117687.79,SC,42,2026,2
2026,RREO,2,B,Governo do Estado de Santa Catarina,42,SC,7762154,RREO-Anexo 03,E,Padrão,<MR-5>,ITCDLiquidoExcetoTransferenciasEFUNDEB,ITCD,105844702.98,SC,42,2026,2
2026,RREO,2,B,Governo do Estado de Santa Catarina,42,SC,7762154,RREO-Anexo 03,E,Padrão,<MR-4>,ITCDLiquidoExcetoTransferenciasEFUNDEB,ITCD,157862898.12,SC,42,2026,2
2026,RREO,2,B,Governo do Estado de Santa Catarina,42,SC,7762154,RREO-Anexo 03,E,Padrão,<MR-3>,ITCDLiquidoExcetoTransferenciasEFUNDEB,ITCD,114211198.28,SC,42,2026,2
2026,RREO,2,B,Governo do Estado de Santa Catarina,42,SC,7762154,RREO-Anexo 03,E,Padrão,<MR-2>,ITCDLiquidoExcetoTransferenciasEFUNDEB,ITCD,69729877.6,SC,42,2026,2
2026,RREO,2,B,Governo do Estado de Santa Catarina,42,SC,7762154,RREO-Anexo 03,E,Padrão,Mar,ITCDLiquidoExcetoTransferenciasEFUNDEB,ITCD,106502593.67,SC,42,2026,2
2026,RREO,2,B,Governo do Estado de Santa Catarina,42,SC,7762154,RREO-Anexo 03,E,Padrão,Abr,ITCDLiquidoExcetoTransferenciasEFUNDEB,ITCD,75241095.92,SC,42,2026,2
2026,RREO,2,B,Governo do Estado de Santa Catarina,42,SC,7762154,RREO-Anexo 03,E,Padrão,TOTAL (ÚLTIMOS 12 MESES),ITCDLiquidoExcetoTransferenciasEFUNDEB,ITCD,1139355087.19,SC,42,2026,2
2026,RREO,2,B,Governo do Estado de Santa Catarina,42,SC,7762154,RREO-Anexo 03,E,Padrão,PREVISÃO ATUALIZADA 2026,ITCDLiquidoExcetoTransferenciasEFUNDEB,ITCD,1288158764.0,SC,42,2026,2
2026,RREO,2,B,Governo do Estado do Rio Grande do Sul,43,RS,11088065,RREO-Anexo 03,E,Padrão,<MR-11>,ICMSLiquidoExcetoTransferenciasEFUNDEB,ICMS,4285053469.47,RS,43,2026,2
2026,RREO,2,B,Governo do Estado do Rio Grande do Sul,43,RS,11088065,RREO-Anexo 03,E,Padrão,<MR-10>,ICMSLiquidoExcetoTransferenciasEFUNDEB,ICMS,4313569605.52,RS,43,2026,2
2026,RREO,2,B,Governo do Estado do Rio Grande do Sul,43,RS,11088065,RREO-Anexo 03,E,Padrão,<MR-9>,ICMSLiquidoExcetoTransferenciasEFUNDEB,ICMS,4059317582.3,RS,43,2026,2
2026,RREO,2,B,Governo do Estado do Rio Grande do Sul,43,RS,11088065,RREO-Anexo 03,E,Padrão,<MR-8>,ICMSLiquidoExcetoTransferenciasEFUNDEB,ICMS,4427903734.16,RS,43,2026,2
2026,RREO,2,B,Governo do Estado do Rio Grande do Sul,43,RS,11088065,RREO-Anexo 03,E,Padrão,<MR-7>,ICMSLiquidoExcetoTransferenciasEFUNDEB,ICMS,4329898539.86,RS,43,2026,2
2026,RREO,2,B,Governo do Estado do Rio Grande do Sul,43,RS,11088065,RREO-Anexo 03,E,Padrão,<MR-6>,ICMSLiquidoExcetoTransferenciasEFUNDEB,ICMS,4321961572.07,RS,43,2026,2
2026,RREO,2,B,Governo do Estado do Rio Grande do Sul,43,RS,11088065,RREO-Anexo 03,E,Padrão,<MR-5>,ICMSLiquidoExcetoTransferenciasEFUNDEB,ICMS,4701582902.21,RS,43,2026,2
2026,RREO,2,B,Governo do Estado do Rio Grande do Sul,43,RS,11088065,RREO-Anexo 03,E,Padrão,<MR-4>,ICMSLiquidoExcetoTransferenciasEFUNDEB,ICMS,4952598989.78,RS,43,2026,2
2026,RREO,2,B,Governo do Estado do Rio Grande do Sul,43,RS,11088065,RREO-Anexo 03,E,Padrão,<MR-3>,ICMSLiquidoExcetoTransferenciasEFUNDEB,ICMS,4683287101.51,RS,43,2026,2
2026,RREO,2,B,Governo do Estado do Rio Grande do Sul,43,RS,11088065,RREO-Anexo 03,E,Padrão,<MR-2>,ICMSLiquidoExcetoTransferenciasEFUNDEB,ICMS,4202258452.77,RS,43,2026,2
2026,RREO,2,B,Governo do Estado do Rio Grande do Sul,43,RS,11088065,RREO-Anexo 03,E,Padrão,Mar,ICMSLiquidoExcetoTransferenciasEFUNDEB,ICMS,4105210634.78,RS,43,2026,2
2026,RREO,2,B,Governo do Estado do Rio Grande do Sul,43,RS,11088065,RREO-Anexo 03,E,Padrão,Abr,ICMSLiquidoExcetoTransferenciasEFUNDEB,ICMS,4854461076.75,RS,43,2026,2
2026,RREO,2,B,Governo do Estado do Rio Grande do Sul,43,RS,11088065,RREO-Anexo 03,E,Padrão,TOTAL (ÚLTIMOS 12 MESES),ICMSLiquidoExcetoTransferenciasEFUNDEB,ICMS,53237103661.18,RS,43,2026,2
2026,RREO,2,B,Governo do Estado do Rio Grande do Sul,43,RS,11088065,RREO-Anexo 03,E,Padrão,PREVISÃO ATUALIZADA 2026,ICMSLiquidoExcetoTransferenciasEFUNDEB,ICMS,55255409990.0,RS,43,2026,2
2026,RREO,2,B,Governo do Estado do Rio Grande do Sul,43,RS,11088065,RREO-Anexo 03,E,Padrão,<MR-11>,IPVALiquidoExcetoTransferenciasEFUNDEB,IPVA,539323183.26,RS,43,2026,2
2026,RREO,2,B,Governo do Estado do Rio Grande do Sul,43,RS,11088065,RREO-Anexo 03,E,Padrão,<MR-10>,IPVALiquidoExcetoTransferenciasEFUNDEB,IPVA,285828188.87,RS,43,2026,2
2026,RREO,2,B,Governo do Estado do Rio Grande do Sul,43,RS,11088065,RREO-Anexo 03,E,Padrão,<MR-9>,IPVALiquidoExcetoTransferenciasEFUNDEB,IPVA,234747514.6,RS,43,2026,2
2026,RREO,2,B,Governo do Estado do Rio Grande do Sul,43,RS,11088065,RREO-Anexo 03,E,Padrão,<MR-8>,IPVALiquidoExcetoTransferenciasEFUNDEB,IPVA,159581615.13,RS,43,2026,2
2026,RREO,2,B,Governo do Estado do Rio Grande do Sul,43,RS,11088065,RREO-Anexo 03,E,Padrão,<MR-7>,IPVALiquidoExcetoTransferenciasEFUNDEB,IPVA,101566203.5,RS,43,2026,2
2026,RREO,2,B,Governo do Estado do Rio Grande do Sul,43,RS,11088065,RREO-Anexo 03,E,Padrão,<MR-6>,IPVALiquidoExcetoTransferenciasEFUNDEB,IPVA,64201796.4,RS,43,2026,2
2026,RREO,2,B,Governo do Estado do Rio Grande do Sul,43,RS,11088065,RREO-Anexo 03,E,Padrão,<MR-5>,IPVALiquidoExcetoTransferenciasEFUNDEB,IPVA,40606359.11,RS,43,2026,2
2026,RREO,2,B,Governo do Estado do Rio Grande do Sul,43,RS,11088065,RREO-Anexo 03,E,Padrão,<MR-4>,IPVALiquidoExcetoTransferenciasEFUNDEB,IPVA,1968143614.41,RS,43,2026,2
2026,RREO,2,B,Governo do Estado do Rio Grande do Sul,43,RS,11088065,RREO-Anexo 03,E,Padrão,<MR-3>,IPVALiquidoExcetoTransferenciasEFUNDEB,IPVA,665832360.83,RS,43,2026,2
2026,RREO,2,B,Governo do Estado do Rio Grande do Sul,43,RS,11088065,RREO-Anexo 03,E,Padrão,<MR-2>,IPVALiquidoExcetoTransferenciasEFUNDEB,IPVA,419849230.83,RS,43,2026,2
2026,RREO,2,B,Governo do Estado do Rio Grande do Sul,43,RS,11088065,RREO-Anexo 03,E,Padrão,Mar,IPVALiquidoExcetoTransferenciasEFUNDEB,IPVA,567675178.15,RS,43,2026,2
2026,RREO,2,B,Governo do Estado do Rio Grande do Sul,43,RS,11088065,RREO-Anexo 03,E,Padrão,Abr,IPVALiquidoExcetoTransferenciasEFUNDEB,IPVA,1155676507.47,RS,43,2026,2
2026,RREO,2,B,Governo do Estado do Rio Grande do Sul,43,RS,11088065,RREO-Anexo 03,E,Padrão,TOTAL (ÚLTIMOS 12 MESES),IPVALiquidoExcetoTransferenciasEFUNDEB,IPVA,6203031752.56,RS,43,2026,2
2026,RREO,2,B,Governo do Estado do Rio Grande do Sul,43,RS,11088065,RREO-Anexo 03,E,Padrão,PREVISÃO ATUALIZADA 2026,IPVALiquidoExcetoTransferenciasEFUNDEB,IPVA,6031249999.0,RS,43,2026,2
2026,RREO,2,B,Governo do Estado do Rio Grande do Sul,43,RS,11088065,RREO-Anexo 03,E,Padrão,<MR-11>,ITCDLiquidoExcetoTransferenciasEFUNDEB,ITCD,105969053.54,RS,43,2026,2
2026,RREO,2,B,Governo do Estado do Rio Grande do Sul,43,RS,11088065,RREO-Anexo 03,E,Padrão,<MR-10>,ITCDLiquidoExcetoTransferenciasEFUNDEB,ITCD,106035573.09,RS,43,2026,2
2026,RREO,2,B,Governo do Estado do Rio Grande do Sul,43,RS,11088065,RREO-Anexo 03,E,Padrão,<MR-9>,ITCDLiquidoExcetoTransferenciasEFUNDEB,ITCD,170665307.98,RS,43,2026,2
2026,RREO,2,B,Governo do Estado do Rio Grande do Sul,43,RS,11088065,RREO-Anexo 03,E,Padrão,<MR-8>,ITCDLiquidoExcetoTransferenciasEFUNDEB,ITCD,131394213.5,RS,43,2026,2
2026,RREO,2,B,Governo do Estado do Rio Grande do Sul,43,RS,11088065,RREO-Anexo 03,E,Padrão,<MR-7>,ITCDLiquidoExcetoTransferenciasEFUNDEB,ITCD,131341841.29,RS,43,2026,2
2026,RREO,2,B,Governo do Estado do Rio Grande do Sul,43,RS,11088065,RREO-Anexo 03,E,Padrão,<MR-6>,ITCDLiquidoExcetoTransferenciasEFUNDEB,ITCD,144145668.18,RS,43,2026,2
2026,RREO,2,B,Governo do Estado do Rio Grande do Sul,43,RS,11088065,RREO-Anexo 03,E,Padrão,<MR-5>,ITCDLiquidoExcetoTransferenciasEFUNDEB,ITCD,160292719.99,RS,43,2026,2
2026,RREO,2,B,Governo do Estado do Rio Grande do Sul,43,RS,11088065,RREO-Anexo 03,E,Padrão,<MR-4>,ITCDLiquidoExcetoTransferenciasEFUNDEB,ITCD,430461122.06,RS,43,2026,2
2026,RREO,2,B,Governo do Estado do Rio Grande do Sul,43,RS,11088065,RREO-Anexo 03,E,Padrão,<MR-3>,ITCDLiquidoExcetoTransferenciasEFUNDEB,ITCD,100323600.17,RS,43,2026,2
2026,RREO,2,B,Governo do Estado do Rio Grande do Sul,43,RS,11088065,RREO-Anexo 03,E,Padrão,<MR-2>,ITCDLiquidoExcetoTransferenciasEFUNDEB,ITCD,80561896.44,RS,43,2026,2
2026,RREO,2,B,Governo do Estado do Rio Grande do Sul,43,RS,11088065,RREO-Anexo 03,E,Padrão,Mar,ITCDLiquidoExcetoTransferenciasEFUNDEB,ITCD,112271950.07,RS,43,2026,2
2026,RREO,2,B,Governo do Estado do Rio Grande do Sul,43,RS,11088065,RREO-Anexo 03,E,Padrão,Abr,ITCDLiquidoExcetoTransferenciasEFUNDEB,ITCD,117200415.64,RS,43,2026,2
2026,RREO,2,B,Governo do Estado do Rio Grande do Sul,43,RS,11088065,RREO-Anexo 03,E,Padrão,TOTAL (ÚLTIMOS 12 MESES),ITCDLiquidoExcetoTransferenciasEFUNDEB,ITCD,1790663361.95,RS,43,2026,2
2026,RREO,2,B,Governo do Estado do Rio Grande do Sul,43,RS,11088065,RREO-Anexo 03,E,Padrão,PREVISÃO ATUALIZADA 2026,ITCDLiquidoExcetoTransferenciasEFUNDEB,ITCD,1500308842.0,RS,43,2026,2
2026,RREO,2,B,Governo do Estado do Mato Grosso do Sul,50,MS,2833742,RREO-Anexo 03,E,Padrão,<MR-11>,ICMSLiquidoExcetoTransferenciasEFUNDEB,ICMS,1351586894.76,MS,50,2026,2
2026,RREO,2,B,Governo do Estado do Mato Grosso do Sul,50,MS,2833742,RREO-Anexo 03,E,Padrão,<MR-10>,ICMSLiquidoExcetoTransferenciasEFUNDEB,ICMS,1431901221.58,MS,50,2026,2
2026,RREO,2,B,Governo do Estado do Mato Grosso do Sul,50,MS,2833742,RREO-Anexo 03,E,Padrão,<MR-9>,ICMSLiquidoExcetoTransferenciasEFUNDEB,ICMS,1439809444.85,MS,50,2026,2
2026,RREO,2,B,Governo do Estado do Mato Grosso do Sul,50,MS,2833742,RREO-Anexo 03,E,Padrão,<MR-8>,ICMSLiquidoExcetoTransferenciasEFUNDEB,ICMS,1562046197.17,MS,50,2026,2
2026,RREO,2,B,Governo do Estado do Mato Grosso do Sul,50,MS,2833742,RREO-Anexo 03,E,Padrão,<MR-7>,ICMSLiquidoExcetoTransferenciasEFUNDEB,ICMS,1514670005.39,MS,50,2026,2
2026,RREO,2,B,Governo do Estado do Mato Grosso do Sul,50,MS,2833742,RREO-Anexo 03,E,Padrão,<MR-6>,ICMSLiquidoExcetoTransferenciasEFUNDEB,ICMS,1466601268.56,MS,50,2026,2
2026,RREO,2,B,Governo do Estado do Mato Grosso do Sul,50,MS,2833742,RREO-Anexo 03,E,Padrão,<MR-5>,ICMSLiquidoExcetoTransferenciasEFUNDEB,ICMS,1546347903.95,MS,50,2026,2
2026,RREO,2,B,Governo do Estado do Mato Grosso do Sul,50,MS,2833742,RREO-Anexo 03,E,Padrão,<MR-4>,ICMSLiquidoExcetoTransferenciasEFUNDEB,ICMS,1548249324.99,MS,50,2026,2
2026,RREO,2,B,Governo do Estado do Mato Grosso do Sul,50,MS,2833742,RREO-Anexo 03,E,Padrão,<MR-3>,ICMSLiquidoExcetoTransferenciasEFUNDEB,ICMS,1452756707.66,MS,50,2026,2
2026,RREO,2,B,Governo do Estado do Mato Grosso do Sul,50,MS,2833742,RREO-Anexo 03,E,Padrão,<MR-2>,ICMSLiquidoExcetoTransferenciasEFUNDEB,ICMS,1379731667.07,MS,50,2026,2
2026,RREO,2,B,Governo do Estado do Mato Grosso do Sul,50,MS,2833742,RREO-Anexo 03,E,Padrão,Mar,ICMSLiquidoExcetoTransferenciasEFUNDEB,ICMS,1439513960.83,MS,50,2026,2
2026,RREO,2,B,Governo do Estado do Mato Grosso do Sul,50,MS,2833742,RREO-Anexo 03,E,Padrão,Abr,ICMSLiquidoExcetoTransferenciasEFUNDEB,ICMS,1558732795.53,MS,50,2026,2
2026,RREO,2,B,Governo do Estado do Mato Grosso do Sul,50,MS,2833742,RREO-Anexo 03,E,Padrão,TOTAL (ÚLTIMOS 12 MESES),ICMSLiquidoExcetoTransferenciasEFUNDEB,ICMS,17691947392.34,MS,50,2026,2
2026,RREO,2,B,Governo do Estado do Mato Grosso do Sul,50,MS,2833742,RREO-Anexo 03,E,Padrão,PREVISÃO ATUALIZADA 2026,ICMSLiquidoExcetoTransferenciasEFUNDEB,ICMS,17907817100.0,MS,50,2026,2
2026,RREO,2,B,Governo do Estado do Mato Grosso do Sul,50,MS,2833742,RREO-Anexo 03,E,Padrão,<MR-11>,IPVALiquidoExcetoTransferenciasEFUNDEB,IPVA,79300500.22,MS,50,2026,2
2026,RREO,2,B,Governo do Estado do Mato Grosso do Sul,50,MS,2833742,RREO-Anexo 03,E,Padrão,<MR-10>,IPVALiquidoExcetoTransferenciasEFUNDEB,IPVA,44567854.22,MS,50,2026,2
2026,RREO,2,B,Governo do Estado do Mato Grosso do Sul,50,MS,2833742,RREO-Anexo 03,E,Padrão,<MR-9>,IPVALiquidoExcetoTransferenciasEFUNDEB,IPVA,44581594.17,MS,50,2026,2
2026,RREO,2,B,Governo do Estado do Mato Grosso do Sul,50,MS,2833742,RREO-Anexo 03,E,Padrão,<MR-8>,IPVALiquidoExcetoTransferenciasEFUNDEB,IPVA,33391248.18,MS,50,2026,2
2026,RREO,2,B,Governo do Estado do Mato Grosso do Sul,50,MS,2833742,RREO-Anexo 03,E,Padrão,<MR-7>,IPVALiquidoExcetoTransferenciasEFUNDEB,IPVA,33023469.86,MS,50,2026,2
2026,RREO,2,B,Governo do Estado do Mato Grosso do Sul,50,MS,2833742,RREO-Anexo 03,E,Padrão,<MR-6>,IPVALiquidoExcetoTransferenciasEFUNDEB,IPVA,28660142.56,MS,50,2026,2
2026,RREO,2,B,Governo do Estado do Mato Grosso do Sul,50,MS,2833742,RREO-Anexo 03,E,Padrão,<MR-5>,IPVALiquidoExcetoTransferenciasEFUNDEB,IPVA,21242829.8,MS,50,2026,2
2026,RREO,2,B,Governo do Estado do Mato Grosso do Sul,50,MS,2833742,RREO-Anexo 03,E,Padrão,<MR-4>,IPVALiquidoExcetoTransferenciasEFUNDEB,IPVA,157639769.87,MS,50,2026,2
2026,RREO,2,B,Governo do Estado do Mato Grosso do Sul,50,MS,2833742,RREO-Anexo 03,E,Padrão,<MR-3>,IPVALiquidoExcetoTransferenciasEFUNDEB,IPVA,526382968.19,MS,50,2026,2
2026,RREO,2,B,Governo do Estado do Mato Grosso do Sul,50,MS,2833742,RREO-Anexo 03,E,Padrão,<MR-2>,IPVALiquidoExcetoTransferenciasEFUNDEB,IPVA,99027520.3,MS,50,2026,2
2026,RREO,2,B,Governo do Estado do Mato Grosso do Sul,50,MS,2833742,RREO-Anexo 03,E,Padrão,Mar,IPVALiquidoExcetoTransferenciasEFUNDEB,IPVA,109448527.4,MS,50,2026,2
2026,RREO,2,B,Governo do Estado do Mato Grosso do Sul,50,MS,2833742,RREO-Anexo 03,E,Padrão,Abr,IPVALiquidoExcetoTransferenciasEFUNDEB,IPVA,94787865.6,MS,50,2026,2
2026,RREO,2,B,Governo do Estado do Mato Grosso do Sul,50,MS,2833742,RREO-Anexo 03,E,Padrão,TOTAL (ÚLTIMOS 12 MESES),IPVALiquidoExcetoTransferenciasEFUNDEB,IPVA,1272054290.37,MS,50,2026,2
2026,RREO,2,B,Governo do Estado do Mato Grosso do Sul,50,MS,2833742,RREO-Anexo 03,E,Padrão,PREVISÃO ATUALIZADA 2026,IPVALiquidoExcetoTransferenciasEFUNDEB,IPVA,1258143300.0,MS,50,2026,2
2026,RREO,2,B,Governo do Estado do Mato Grosso do Sul,50,MS,2833742,RREO-Anexo 03,E,Padrão,<MR-11>,ITCDLiquidoExcetoTransferenciasEFUNDEB,ITCD,34213684.81,MS,50,2026,2
2026,RREO,2,B,Governo do Estado do Mato Grosso do Sul,50,MS,2833742,RREO-Anexo 03,E,Padrão,<MR-10>,ITCDLiquidoExcetoTransferenciasEFUNDEB,ITCD,38721906.77,MS,50,2026,2
2026,RREO,2,B,Governo do Estado do Mato Grosso do Sul,50,MS,2833742,RREO-Anexo 03,E,Padrão,<MR-9>,ITCDLiquidoExcetoTransferenciasEFUNDEB,ITCD,36582464.77,MS,50,2026,2
2026,RREO,2,B,Governo do Estado do Mato Grosso do Sul,50,MS,2833742,RREO-Anexo 03,E,Padrão,<MR-8>,ITCDLiquidoExcetoTransferenciasEFUNDEB,ITCD,38000985.66,MS,50,2026,2
2026,RREO,2,B,Governo do Estado do Mato Grosso do Sul,50,MS,2833742,RREO-Anexo 03,E,Padrão,<MR-7>,ITCDLiquidoExcetoTransferenciasEFUNDEB,ITCD,46343166.13,MS,50,2026,2
2026,RREO,2,B,Governo do Estado do Mato Grosso do Sul,50,MS,2833742,RREO-Anexo 03,E,Padrão,<MR-6>,ITCDLiquidoExcetoTransferenciasEFUNDEB,ITCD,52130132.83,MS,50,2026,2
2026,RREO,2,B,Governo do Estado do Mato Grosso do Sul,50,MS,2833742,RREO-Anexo 03,E,Padrão,<MR-5>,ITCDLiquidoExcetoTransferenciasEFUNDEB,ITCD,92417946.23,MS,50,2026,2
2026,RREO,2,B,Governo do Estado do Mato Grosso do Sul,50,MS,2833742,RREO-Anexo 03,E,Padrão,<MR-4>,ITCDLiquidoExcetoTransferenciasEFUNDEB,ITCD,271027084.51,MS,50,2026,2
2026,RREO,2,B,Governo do Estado do Mato Grosso do Sul,50,MS,2833742,RREO-Anexo 03,E,Padrão,<MR-3>,ITCDLiquidoExcetoTransferenciasEFUNDEB,ITCD,28447317.37,MS,50,2026,2
2026,RREO,2,B,Governo do Estado do Mato Grosso do Sul,50,MS,2833742,RREO-Anexo 03,E,Padrão,<MR-2>,ITCDLiquidoExcetoTransferenciasEFUNDEB,ITCD,21322713.73,MS,50,2026,2
2026,RREO,2,B,Governo do Estado do Mato Grosso do Sul,50,MS,2833742,RREO-Anexo 03,E,Padrão,Mar,ITCDLiquidoExcetoTransferenciasEFUNDEB,ITCD,35329427.49,MS,50,2026,2
2026,RREO,2,B,Governo do Estado do Mato Grosso do Sul,50,MS,2833742,RREO-Anexo 03,E,Padrão,Abr,ITCDLiquidoExcetoTransferenciasEFUNDEB,ITCD,34346553.85,MS,50,2026,2
2026,RREO,2,B,Governo do Estado do Mato Grosso do Sul,50,MS,2833742,RREO-Anexo 03,E,Padrão,TOTAL (ÚLTIMOS 12 MESES),ITCDLiquidoExcetoTransferenciasEFUNDEB,ITCD,728883384.15,MS,50,2026,2
2026,RREO,2,B,Governo do Estado do Mato Grosso do Sul,50,MS,2833742,RREO-Anexo 03,E,Padrão,PREVISÃO ATUALIZADA 2026,ITCDLiquidoExcetoTransferenciasEFUNDEB,ITCD,520571100.0,MS,50,2026,2
2026,RREO,2,B,Governo do Estado do Mato Grosso,51,MT,3784239,RREO-Anexo 03,E,Padrão,<MR-11>,ICMSLiquidoExcetoTransferenciasEFUNDEB,ICMS,1977663737.04,MT,51,2026,2
2026,RREO,2,B,Governo do Estado do Mato Grosso,51,MT,3784239,RREO-Anexo 03,E,Padrão,<MR-10>,ICMSLiquidoExcetoTransferenciasEFUNDEB,ICMS,2094023948.2,MT,51,2026,2
2026,RREO,2,B,Governo do Estado do Mato Grosso,51,MT,3784239,RREO-Anexo 03,E,Padrão,<MR-9>,ICMSLiquidoExcetoTransferenciasEFUNDEB,ICMS,2205792680.91,MT,51,2026,2
2026,RREO,2,B,Governo do Estado do Mato Grosso,51,MT,3784239,RREO-Anexo 03,E,Padrão,<MR-8>,ICMSLiquidoExcetoTransferenciasEFUNDEB,ICMS,2216600467.54,MT,51,2026,2
2026,RREO,2,B,Governo do Estado do Mato Grosso,51,MT,3784239,RREO-Anexo 03,E,Padrão,<MR-7>,ICMSLiquidoExcetoTransferenciasEFUNDEB,ICMS,2332296594.38,MT,51,2026,2
2026,RREO,2,B,Governo do Estado do Mato Grosso,51,MT,3784239,RREO-Anexo 03,E,Padrão,<MR-6>,ICMSLiquidoExcetoTransferenciasEFUNDEB,ICMS,2425728436.68,MT,51,2026,2
2026,RREO,2,B,Governo do Estado do Mato Grosso,51,MT,3784239,RREO-Anexo 03,E,Padrão,<MR-5>,ICMSLiquidoExcetoTransferenciasEFUNDEB,ICMS,2347702999.22,MT,51,2026,2
2026,RREO,2,B,Governo do Estado do Mato Grosso,51,MT,3784239,RREO-Anexo 03,E,Padrão,<MR-4>,ICMSLiquidoExcetoTransferenciasEFUNDEB,ICMS,2388044788.4,MT,51,2026,2
2026,RREO,2,B,Governo do Estado do Mato Grosso,51,MT,3784239,RREO-Anexo 03,E,Padrão,<MR-3>,ICMSLiquidoExcetoTransferenciasEFUNDEB,ICMS,2171180279.25,MT,51,2026,2
2026,RREO,2,B,Governo do Estado do Mato Grosso,51,MT,3784239,RREO-Anexo 03,E,Padrão,<MR-2>,ICMSLiquidoExcetoTransferenciasEFUNDEB,ICMS,2204548526.84,MT,51,2026,2
2026,RREO,2,B,Governo do Estado do Mato Grosso,51,MT,3784239,RREO-Anexo 03,E,Padrão,Mar,ICMSLiquidoExcetoTransferenciasEFUNDEB,ICMS,2199178188.68,MT,51,2026,2
2026,RREO,2,B,Governo do Estado do Mato Grosso,51,MT,3784239,RREO-Anexo 03,E,Padrão,Abr,ICMSLiquidoExcetoTransferenciasEFUNDEB,ICMS,2357836772.44,MT,51,2026,2
2026,RREO,2,B,Governo do Estado do Mato Grosso,51,MT,3784239,RREO-Anexo 03,E,Padrão,TOTAL (ÚLTIMOS 12 MESES),ICMSLiquidoExcetoTransferenciasEFUNDEB,ICMS,26920597419.58,MT,51,2026,2
2026,RREO,2,B,Governo do Estado do Mato Grosso,51,MT,3784239,RREO-Anexo 03,E,Padrão,PREVISÃO ATUALIZADA 2026,ICMSLiquidoExcetoTransferenciasEFUNDEB,ICMS,25701770933.41,MT,51,2026,2
2026,RREO,2,B,Governo do Estado do Mato Grosso,51,MT,3784239,RREO-Anexo 03,E,Padrão,<MR-11>,IPVALiquidoExcetoTransferenciasEFUNDEB,IPVA,329147065.18,MT,51,2026,2
2026,RREO,2,B,Governo do Estado do Mato Grosso,51,MT,3784239,RREO-Anexo 03,E,Padrão,<MR-10>,IPVALiquidoExcetoTransferenciasEFUNDEB,IPVA,188257043.76,MT,51,2026,2
2026,RREO,2,B,Governo do Estado do Mato Grosso,51,MT,3784239,RREO-Anexo 03,E,Padrão,<MR-9>,IPVALiquidoExcetoTransferenciasEFUNDEB,IPVA,162751766.27,MT,51,2026,2
2026,RREO,2,B,Governo do Estado do Mato Grosso,51,MT,3784239,RREO-Anexo 03,E,Padrão,<MR-8>,IPVALiquidoExcetoTransferenciasEFUNDEB,IPVA,125601132.86,MT,51,2026,2
2026,RREO,2,B,Governo do Estado do Mato Grosso,51,MT,3784239,RREO-Anexo 03,E,Padrão,<MR-7>,IPVALiquidoExcetoTransferenciasEFUNDEB,IPVA,114944248.18,MT,51,2026,2
2026,RREO,2,B,Governo do Estado do Mato Grosso,51,MT,3784239,RREO-Anexo 03,E,Padrão,<MR-6>,IPVALiquidoExcetoTransferenciasEFUNDEB,IPVA,92537490.81,MT,51,2026,2
2026,RREO,2,B,Governo do Estado do Mato Grosso,51,MT,3784239,RREO-Anexo 03,E,Padrão,<MR-5>,IPVALiquidoExcetoTransferenciasEFUNDEB,IPVA,63024581.58,MT,51,2026,2
2026,RREO,2,B,Governo do Estado do Mato Grosso,51,MT,3784239,RREO-Anexo 03,E,Padrão,<MR-4>,IPVALiquidoExcetoTransferenciasEFUNDEB,IPVA,64587301.54,MT,51,2026,2
2026,RREO,2,B,Governo do Estado do Mato Grosso,51,MT,3784239,RREO-Anexo 03,E,Padrão,<MR-3>,IPVALiquidoExcetoTransferenciasEFUNDEB,IPVA,104656533.09,MT,51,2026,2
2026,RREO,2,B,Governo do Estado do Mato Grosso,51,MT,3784239,RREO-Anexo 03,E,Padrão,<MR-2>,IPVALiquidoExcetoTransferenciasEFUNDEB,IPVA,123406318.79,MT,51,2026,2
2026,RREO,2,B,Governo do Estado do Mato Grosso,51,MT,3784239,RREO-Anexo 03,E,Padrão,Mar,IPVALiquidoExcetoTransferenciasEFUNDEB,IPVA,359832912.37,MT,51,2026,2
2026,RREO,2,B,Governo do Estado do Mato Grosso,51,MT,3784239,RREO-Anexo 03,E,Padrão,Abr,IPVALiquidoExcetoTransferenciasEFUNDEB,IPVA,333195584.8,MT,51,2026,2
2026,RREO,2,B,Governo do Estado do Mato Grosso,51,MT,3784239,RREO-Anexo 03,E,Padrão,TOTAL (ÚLTIMOS 12 MESES),IPVALiquidoExcetoTransferenciasEFUNDEB,IPVA,2061941979.23,MT,51,2026,2
2026,RREO,2,B,Governo do Estado do Mato Grosso,51,MT,3784239,RREO-Anexo 03,E,Padrão,PREVISÃO ATUALIZADA 2026,IPVALiquidoExcetoTransferenciasEFUNDEB,IPVA,1876900293.0,MT,51,2026,2
2026,RREO,2,B,Governo do Estado do Mato Grosso,51,MT,3784239,RREO-Anexo 03,E,Padrão,<MR-11>,ITCDLiquidoExcetoTransferenciasEFUNDEB,ITCD,21832070.3,MT,51,2026,2
2026,RREO,2,B,Governo do Estado do Mato Grosso,51,MT,3784239,RREO-Anexo 03,E,Padrão,<MR-10>,ITCDLiquidoExcetoTransferenciasEFUNDEB,ITCD,30289284.28,MT,51,2026,2
2026,RREO,2,B,Governo do Estado do Mato Grosso,51,MT,3784239,RREO-Anexo 03,E,Padrão,<MR-9>,ITCDLiquidoExcetoTransferenciasEFUNDEB,ITCD,17067898.52,MT,51,2026,2
2026,RREO,2,B,Governo do Estado do Mato Grosso,51,MT,3784239,RREO-Anexo 03,E,Padrão,<MR-8>,ITCDLiquidoExcetoTransferenciasEFUNDEB,ITCD,12520703.52,MT,51,2026,2
2026,RREO,2,B,Governo do Estado do Mato Grosso,51,MT,3784239,RREO-Anexo 03,E,Padrão,<MR-7>,ITCDLiquidoExcetoTransferenciasEFUNDEB,ITCD,24793414.49,MT,51,2026,2
2026,RREO,2,B,Governo do Estado do Mato Grosso,51,MT,3784239,RREO-Anexo 03,E,Padrão,<MR-6>,ITCDLiquidoExcetoTransferenciasEFUNDEB,ITCD,20651529.66,MT,51,2026,2
2026,RREO,2,B,Governo do Estado do Mato Grosso,51,MT,3784239,RREO-Anexo 03,E,Padrão,<MR-5>,ITCDLiquidoExcetoTransferenciasEFUNDEB,ITCD,30344728.9,MT,51,2026,2
2026,RREO,2,B,Governo do Estado do Mato Grosso,51,MT,3784239,RREO-Anexo 03,E,Padrão,<MR-4>,ITCDLiquidoExcetoTransferenciasEFUNDEB,ITCD,90106100.25,MT,51,2026,2
2026,RREO,2,B,Governo do Estado do Mato Grosso,51,MT,3784239,RREO-Anexo 03,E,Padrão,<MR-3>,ITCDLiquidoExcetoTransferenciasEFUNDEB,ITCD,62524675.43,MT,51,2026,2
2026,RREO,2,B,Governo do Estado do Mato Grosso,51,MT,3784239,RREO-Anexo 03,E,Padrão,<MR-2>,ITCDLiquidoExcetoTransferenciasEFUNDEB,ITCD,12743038.88,MT,51,2026,2
2026,RREO,2,B,Governo do Estado do Mato Grosso,51,MT,3784239,RREO-Anexo 03,E,Padrão,Mar,ITCDLiquidoExcetoTransferenciasEFUNDEB,ITCD,33440806.39,MT,51,2026,2
2026,RREO,2,B,Governo do Estado do Mato Grosso,51,MT,3784239,RREO-Anexo 03,E,Padrão,Abr,ITCDLiquidoExcetoTransferenciasEFUNDEB,ITCD,17340618.41,MT,51,2026,2
2026,RREO,2,B,Governo do Estado do Mato Grosso,51,MT,3784239,RREO-Anexo 03,E,Padrão,TOTAL (ÚLTIMOS 12 MESES),ITCDLiquidoExcetoTransferenciasEFUNDEB,ITCD,373654869.03,MT,51,2026,2
2026,RREO,2,B,Governo do Estado do Mato Grosso,51,MT,3784239,RREO-Anexo 03,E,Padrão,PREVISÃO ATUALIZADA 2026,ITCDLiquidoExcetoTransferenciasEFUNDEB,ITCD,222401095.0,MT,51,2026,2
2026,RREO,2,B,Governo do Estado de Goiás,52,GO,6950976,RREO-Anexo 03,E,Padrão,<MR-11>,ICMSLiquidoExcetoTransferenciasEFUNDEB,ICMS,2459727773.81,GO,52,2026,2
2026,RREO,2,B,Governo do Estado de Goiás,52,GO,6950976,RREO-Anexo 03,E,Padrão,<MR-10>,ICMSLiquidoExcetoTransferenciasEFUNDEB,ICMS,2599399674.19,GO,52,2026,2
2026,RREO,2,B,Governo do Estado de Goiás,52,GO,6950976,RREO-Anexo 03,E,Padrão,<MR-9>,ICMSLiquidoExcetoTransferenciasEFUNDEB,ICMS,2549874862.84,GO,52,2026,2
2026,RREO,2,B,Governo do Estado de Goiás,52,GO,6950976,RREO-Anexo 03,E,Padrão,<MR-8>,ICMSLiquidoExcetoTransferenciasEFUNDEB,ICMS,2696090552.58,GO,52,2026,2
2026,RREO,2,B,Governo do Estado de Goiás,52,GO,6950976,RREO-Anexo 03,E,Padrão,<MR-7>,ICMSLiquidoExcetoTransferenciasEFUNDEB,ICMS,2621755611.11,GO,52,2026,2
2026,RREO,2,B,Governo do Estado de Goiás,52,GO,6950976,RREO-Anexo 03,E,Padrão,<MR-6>,ICMSLiquidoExcetoTransferenciasEFUNDEB,ICMS,2724046500.03,GO,52,2026,2
2026,RREO,2,B,Governo do Estado de Goiás,52,GO,6950976,RREO-Anexo 03,E,Padrão,<MR-5>,ICMSLiquidoExcetoTransferenciasEFUNDEB,ICMS,2806290810.6,GO,52,2026,2
2026,RREO,2,B,Governo do Estado de Goiás,52,GO,6950976,RREO-Anexo 03,E,Padrão,<MR-4>,ICMSLiquidoExcetoTransferenciasEFUNDEB,ICMS,2666804797.87,GO,52,2026,2
2026,RREO,2,B,Governo do Estado de Goiás,52,GO,6950976,RREO-Anexo 03,E,Padrão,<MR-3>,ICMSLiquidoExcetoTransferenciasEFUNDEB,ICMS,2717114020.98,GO,52,2026,2
2026,RREO,2,B,Governo do Estado de Goiás,52,GO,6950976,RREO-Anexo 03,E,Padrão,<MR-2>,ICMSLiquidoExcetoTransferenciasEFUNDEB,ICMS,2537598083.69,GO,52,2026,2
2026,RREO,2,B,Governo do Estado de Goiás,52,GO,6950976,RREO-Anexo 03,E,Padrão,Mar,ICMSLiquidoExcetoTransferenciasEFUNDEB,ICMS,2511761644.58,GO,52,2026,2
2026,RREO,2,B,Governo do Estado de Goiás,52,GO,6950976,RREO-Anexo 03,E,Padrão,Abr,ICMSLiquidoExcetoTransferenciasEFUNDEB,ICMS,2847791488.58,GO,52,2026,2
2026,RREO,2,B,Governo do Estado de Goiás,52,GO,6950976,RREO-Anexo 03,E,Padrão,TOTAL (ÚLTIMOS 12 MESES),ICMSLiquidoExcetoTransferenciasEFUNDEB,ICMS,31738255820.86,GO,52,2026,2
2026,RREO,2,B,Governo do Estado de Goiás,52,GO,6950976,RREO-Anexo 03,E,Padrão,PREVISÃO ATUALIZADA 2026,ICMSLiquidoExcetoTransferenciasEFUNDEB,ICMS,32094164000.0,GO,52,2026,2
2026,RREO,2,B,Governo do Estado de Goiás,52,GO,6950976,RREO-Anexo 03,E,Padrão,<MR-11>,IPVALiquidoExcetoTransferenciasEFUNDEB,IPVA,173323529.35,GO,52,2026,2
2026,RREO,2,B,Governo do Estado de Goiás,52,GO,6950976,RREO-Anexo 03,E,Padrão,<MR-10>,IPVALiquidoExcetoTransferenciasEFUNDEB,IPVA,176842448.52,GO,52,2026,2
2026,RREO,2,B,Governo do Estado de Goiás,52,GO,6950976,RREO-Anexo 03,E,Padrão,<MR-9>,IPVALiquidoExcetoTransferenciasEFUNDEB,IPVA,201753228.64,GO,52,2026,2
2026,RREO,2,B,Governo do Estado de Goiás,52,GO,6950976,RREO-Anexo 03,E,Padrão,<MR-8>,IPVALiquidoExcetoTransferenciasEFUNDEB,IPVA,219009525.81,GO,52,2026,2
2026,RREO,2,B,Governo do Estado de Goiás,52,GO,6950976,RREO-Anexo 03,E,Padrão,<MR-7>,IPVALiquidoExcetoTransferenciasEFUNDEB,IPVA,430356053.05,GO,52,2026,2
2026,RREO,2,B,Governo do Estado de Goiás,52,GO,6950976,RREO-Anexo 03,E,Padrão,<MR-6>,IPVALiquidoExcetoTransferenciasEFUNDEB,IPVA,1056961769.57,GO,52,2026,2
2026,RREO,2,B,Governo do Estado de Goiás,52,GO,6950976,RREO-Anexo 03,E,Padrão,<MR-5>,IPVALiquidoExcetoTransferenciasEFUNDEB,IPVA,183884556.7,GO,52,2026,2
2026,RREO,2,B,Governo do Estado de Goiás,52,GO,6950976,RREO-Anexo 03,E,Padrão,<MR-4>,IPVALiquidoExcetoTransferenciasEFUNDEB,IPVA,132533072.6,GO,52,2026,2
2026,RREO,2,B,Governo do Estado de Goiás,52,GO,6950976,RREO-Anexo 03,E,Padrão,<MR-3>,IPVALiquidoExcetoTransferenciasEFUNDEB,IPVA,486695838.74,GO,52,2026,2
2026,RREO,2,B,Governo do Estado de Goiás,52,GO,6950976,RREO-Anexo 03,E,Padrão,<MR-2>,IPVALiquidoExcetoTransferenciasEFUNDEB,IPVA,180353030.09,GO,52,2026,2
2026,RREO,2,B,Governo do Estado de Goiás,52,GO,6950976,RREO-Anexo 03,E,Padrão,Mar,IPVALiquidoExcetoTransferenciasEFUNDEB,IPVA,189378957.76,GO,52,2026,2
2026,RREO,2,B,Governo do Estado de Goiás,52,GO,6950976,RREO-Anexo 03,E,Padrão,Abr,IPVALiquidoExcetoTransferenciasEFUNDEB,IPVA,169954540.27,GO,52,2026,2
2026,RREO,2,B,Governo do Estado de Goiás,52,GO,6950976,RREO-Anexo 03,E,Padrão,TOTAL (ÚLTIMOS 12 MESES),IPVALiquidoExcetoTransferenciasEFUNDEB,IPVA,3601046551.1,GO,52,2026,2
2026,RREO,2,B,Governo do Estado de Goiás,52,GO,6950976,RREO-Anexo 03,E,Padrão,PREVISÃO ATUALIZADA 2026,IPVALiquidoExcetoTransferenciasEFUNDEB,IPVA,3512309000.0,GO,52,2026,2
2026,RREO,2,B,Governo do Estado de Goiás,52,GO,6950976,RREO-Anexo 03,E,Padrão,<MR-11>,ITCDLiquidoExcetoTransferenciasEFUNDEB,ITCD,62486731.53,GO,52,2026,2
2026,RREO,2,B,Governo do Estado de Goiás,52,GO,6950976,RREO-Anexo 03,E,Padrão,<MR-10>,ITCDLiquidoExcetoTransferenciasEFUNDEB,ITCD,78011725.1,GO,52,2026,2
2026,RREO,2,B,Governo do Estado de Goiás,52,GO,6950976,RREO-Anexo 03,E,Padrão,<MR-9>,ITCDLiquidoExcetoTransferenciasEFUNDEB,ITCD,69025922.8,GO,52,2026,2
2026,RREO,2,B,Governo do Estado de Goiás,52,GO,6950976,RREO-Anexo 03,E,Padrão,<MR-8>,ITCDLiquidoExcetoTransferenciasEFUNDEB,ITCD,83215297.08,GO,52,2026,2
2026,RREO,2,B,Governo do Estado de Goiás,52,GO,6950976,RREO-Anexo 03,E,Padrão,<MR-7>,ITCDLiquidoExcetoTransferenciasEFUNDEB,ITCD,71157822.05,GO,52,2026,2
2026,RREO,2,B,Governo do Estado de Goiás,52,GO,6950976,RREO-Anexo 03,E,Padrão,<MR-6>,ITCDLiquidoExcetoTransferenciasEFUNDEB,ITCD,68830801.93,GO,52,2026,2
2026,RREO,2,B,Governo do Estado de Goiás,52,GO,6950976,RREO-Anexo 03,E,Padrão,<MR-5>,ITCDLiquidoExcetoTransferenciasEFUNDEB,ITCD,60420892.54,GO,52,2026,2
2026,RREO,2,B,Governo do Estado de Goiás,52,GO,6950976,RREO-Anexo 03,E,Padrão,<MR-4>,ITCDLiquidoExcetoTransferenciasEFUNDEB,ITCD,118993375.27,GO,52,2026,2
2026,RREO,2,B,Governo do Estado de Goiás,52,GO,6950976,RREO-Anexo 03,E,Padrão,<MR-3>,ITCDLiquidoExcetoTransferenciasEFUNDEB,ITCD,63390197.45,GO,52,2026,2
2026,RREO,2,B,Governo do Estado de Goiás,52,GO,6950976,RREO-Anexo 03,E,Padrão,<MR-2>,ITCDLiquidoExcetoTransferenciasEFUNDEB,ITCD,48661940.52,GO,52,2026,2
2026,RREO,2,B,Governo do Estado de Goiás,52,GO,6950976,RREO-Anexo 03,E,Padrão,Mar,ITCDLiquidoExcetoTransferenciasEFUNDEB,ITCD,72931676.47,GO,52,2026,2
2026,RREO,2,B,Governo do Estado de Goiás,52,GO,6950976,RREO-Anexo 03,E,Padrão,Abr,ITCDLiquidoExcetoTransferenciasEFUNDEB,ITCD,52642527.56,GO,52,2026,2
2026,RREO,2,B,Governo do Estado de Goiás,52,GO,6950976,RREO-Anexo 03,E,Padrão,TOTAL (ÚLTIMOS 12 MESES),ITCDLiquidoExcetoTransferenciasEFUNDEB,ITCD,849768910.3,GO,52,2026,2
2026,RREO,2,B,Governo do Estado de Goiás,52,GO,6950976,RREO-Anexo 03,E,Padrão,PREVISÃO ATUALIZADA 2026,ITCDLiquidoExcetoTransferenciasEFUNDEB,ITCD,908401000.0,GO,52,2026,2
2026,RREO,2,B,Governo do Distrito Federal,53,DF,2923369,RREO-Anexo 03,E,Padrão,<MR-11>,ICMSLiquidoExcetoTransferenciasEFUNDEB,ICMS,985033294.88,DF,53,2026,2
2026,RREO,2,B,Governo do Distrito Federal,53,DF,2923369,RREO-Anexo 03,E,Padrão,<MR-10>,ICMSLiquidoExcetoTransferenciasEFUNDEB,ICMS,1033722913.27,DF,53,2026,2
2026,RREO,2,B,Governo do Distrito Federal,53,DF,2923369,RREO-Anexo 03,E,Padrão,<MR-9>,ICMSLiquidoExcetoTransferenciasEFUNDEB,ICMS,1074398081.47,DF,53,2026,2
2026,RREO,2,B,Governo do Distrito Federal,53,DF,2923369,RREO-Anexo 03,E,Padrão,<MR-8>,ICMSLiquidoExcetoTransferenciasEFUNDEB,ICMS,1054376987.29,DF,53,2026,2
2026,RREO,2,B,Governo do Distrito Federal,53,DF,2923369,RREO-Anexo 03,E,Padrão,<MR-7>,ICMSLiquidoExcetoTransferenciasEFUNDEB,ICMS,1011840085.09,DF,53,2026,2
2026,RREO,2,B,Governo do Distrito Federal,53,DF,2923369,RREO-Anexo 03,E,Padrão,<MR-6>,ICMSLiquidoExcetoTransferenciasEFUNDEB,ICMS,1138406395.03,DF,53,2026,2
2026,RREO,2,B,Governo do Distrito Federal,53,DF,2923369,RREO-Anexo 03,E,Padrão,<MR-5>,ICMSLiquidoExcetoTransferenciasEFUNDEB,ICMS,1125927122.79,DF,53,2026,2
2026,RREO,2,B,Governo do Distrito Federal,53,DF,2923369,RREO-Anexo 03,E,Padrão,<MR-4>,ICMSLiquidoExcetoTransferenciasEFUNDEB,ICMS,1163775637.39,DF,53,2026,2
2026,RREO,2,B,Governo do Distrito Federal,53,DF,2923369,RREO-Anexo 03,E,Padrão,<MR-3>,ICMSLiquidoExcetoTransferenciasEFUNDEB,ICMS,1226441865.66,DF,53,2026,2
2026,RREO,2,B,Governo do Distrito Federal,53,DF,2923369,RREO-Anexo 03,E,Padrão,<MR-2>,ICMSLiquidoExcetoTransferenciasEFUNDEB,ICMS,1015402736.02,DF,53,2026,2
2026,RREO,2,B,Governo do Distrito Federal,53,DF,2923369,RREO-Anexo 03,E,Padrão,Mar,ICMSLiquidoExcetoTransferenciasEFUNDEB,ICMS,981735421.45,DF,53,2026,2
2026,RREO,2,B,Governo do Distrito Federal,53,DF,2923369,RREO-Anexo 03,E,Padrão,Abr,ICMSLiquidoExcetoTransferenciasEFUNDEB,ICMS,1230638190.72,DF,53,2026,2
2026,RREO,2,B,Governo do Distrito Federal,53,DF,2923369,RREO-Anexo 03,E,Padrão,TOTAL (ÚLTIMOS 12 MESES),ICMSLiquidoExcetoTransferenciasEFUNDEB,ICMS,13041698731.06,DF,53,2026,2
2026,RREO,2,B,Governo do Distrito Federal,53,DF,2923369,RREO-Anexo 03,E,Padrão,PREVISÃO ATUALIZADA 2026,ICMSLiquidoExcetoTransferenciasEFUNDEB,ICMS,13958891916.0,DF,53,2026,2
2026,RREO,2,B,Governo do Distrito Federal,53,DF,2923369,RREO-Anexo 03,E,Padrão,<MR-11>,IPVALiquidoExcetoTransferenciasEFUNDEB,IPVA,164956036.01,DF,53,2026,2
2026,RREO,2,B,Governo do Distrito Federal,53,DF,2923369,RREO-Anexo 03,E,Padrão,<MR-10>,IPVALiquidoExcetoTransferenciasEFUNDEB,IPVA,160208983.94,DF,53,2026,2
2026,RREO,2,B,Governo do Distrito Federal,53,DF,2923369,RREO-Anexo 03,E,Padrão,<MR-9>,IPVALiquidoExcetoTransferenciasEFUNDEB,IPVA,165153706.03,DF,53,2026,2
2026,RREO,2,B,Governo do Distrito Federal,53,DF,2923369,RREO-Anexo 03,E,Padrão,<MR-8>,IPVALiquidoExcetoTransferenciasEFUNDEB,IPVA,80041849.19,DF,53,2026,2
2026,RREO,2,B,Governo do Distrito Federal,53,DF,2923369,RREO-Anexo 03,E,Padrão,<MR-7>,IPVALiquidoExcetoTransferenciasEFUNDEB,IPVA,76269789.51,DF,53,2026,2
2026,RREO,2,B,Governo do Distrito Federal,53,DF,2923369,RREO-Anexo 03,E,Padrão,<MR-6>,IPVALiquidoExcetoTransferenciasEFUNDEB,IPVA,71216480.64,DF,53,2026,2
2026,RREO,2,B,Governo do Distrito Federal,53,DF,2923369,RREO-Anexo 03,E,Padrão,<MR-5>,IPVALiquidoExcetoTransferenciasEFUNDEB,IPVA,59878867.22,DF,53,2026,2
2026,RREO,2,B,Governo do Distrito Federal,53,DF,2923369,RREO-Anexo 03,E,Padrão,<MR-4>,IPVALiquidoExcetoTransferenciasEFUNDEB,IPVA,67409052.46,DF,53,2026,2
2026,RREO,2,B,Governo do Distrito Federal,53,DF,2923369,RREO-Anexo 03,E,Padrão,<MR-3>,IPVALiquidoExcetoTransferenciasEFUNDEB,IPVA,183992003.7,DF,53,2026,2
2026,RREO,2,B,Governo do Distrito Federal,53,DF,2923369,RREO-Anexo 03,E,Padrão,<MR-2>,IPVALiquidoExcetoTransferenciasEFUNDEB,IPVA,637748558.09,DF,53,2026,2
2026,RREO,2,B,Governo do Distrito Federal,53,DF,2923369,RREO-Anexo 03,E,Padrão,Mar,IPVALiquidoExcetoTransferenciasEFUNDEB,IPVA,205193338.15,DF,53,2026,2
2026,RREO,2,B,Governo do Distrito Federal,53,DF,2923369,RREO-Anexo 03,E,Padrão,Abr,IPVALiquidoExcetoTransferenciasEFUNDEB,IPVA,178348256.54,DF,53,2026,2
2026,RREO,2,B,Governo do Distrito Federal,53,DF,2923369,RREO-Anexo 03,E,Padrão,TOTAL (ÚLTIMOS 12 MESES),IPVALiquidoExcetoTransferenciasEFUNDEB,IPVA,2050416921.48,DF,53,2026,2
2026,RREO,2,B,Governo do Distrito Federal,53,DF,2923369,RREO-Anexo 03,E,Padrão,PREVISÃO ATUALIZADA 2026,IPVALiquidoExcetoTransferenciasEFUNDEB,IPVA,2100510498.0,DF,53,2026,2
2026,RREO,2,B,Governo do Distrito Federal,53,DF,2923369,RREO-Anexo 03,E,Padrão,<MR-11>,ITCDLiquidoExcetoTransferenciasEFUNDEB,ITCD,25160087.41,DF,53,2026,2
2026,RREO,2,B,Governo do Distrito Federal,53,DF,2923369,RREO-Anexo 03,E,Padrão,<MR-10>,ITCDLiquidoExcetoTransferenciasEFUNDEB,ITCD,27215333.22,DF,53,2026,2
2026,RREO,2,B,Governo do Distrito Federal,53,DF,2923369,RREO-Anexo 03,E,Padrão,<MR-9>,ITCDLiquidoExcetoTransferenciasEFUNDEB,ITCD,28251663.1,DF,53,2026,2
2026,RREO,2,B,Governo do Distrito Federal,53,DF,2923369,RREO-Anexo 03,E,Padrão,<MR-8>,ITCDLiquidoExcetoTransferenciasEFUNDEB,ITCD,27880702.01,DF,53,2026,2
2026,RREO,2,B,Governo do Distrito Federal,53,DF,2923369,RREO-Anexo 03,E,Padrão,<MR-7>,ITCDLiquidoExcetoTransferenciasEFUNDEB,ITCD,24970359.18,DF,53,2026,2
2026,RREO,2,B,Governo do Distrito Federal,53,DF,2923369,RREO-Anexo 03,E,Padrão,<MR-6>,ITCDLiquidoExcetoTransferenciasEFUNDEB,ITCD,28304899.2,DF,53,2026,2
2026,RREO,2,B,Governo do Distrito Federal,53,DF,2923369,RREO-Anexo 03,E,Padrão,<MR-5>,ITCDLiquidoExcetoTransferenciasEFUNDEB,ITCD,97079116.54,DF,53,2026,2
2026,RREO,2,B,Governo do Distrito Federal,53,DF,2923369,RREO-Anexo 03,E,Padrão,<MR-4>,ITCDLiquidoExcetoTransferenciasEFUNDEB,ITCD,41788492.33,DF,53,2026,2
2026,RREO,2,B,Governo do Distrito Federal,53,DF,2923369,RREO-Anexo 03,E,Padrão,<MR-3>,ITCDLiquidoExcetoTransferenciasEFUNDEB,ITCD,28730802.66,DF,53,2026,2
2026,RREO,2,B,Governo do Distrito Federal,53,DF,2923369,RREO-Anexo 03,E,Padrão,<MR-2>,ITCDLiquidoExcetoTransferenciasEFUNDEB,ITCD,22305845.76,DF,53,2026,2
2026,RREO,2,B,Governo do Distrito Federal,53,DF,2923369,RREO-Anexo 03,E,Padrão,Mar,ITCDLiquidoExcetoTransferenciasEFUNDEB,ITCD,28309304.06,DF,53,2026,2
2026,RREO,2,B,Governo do Distrito Federal,53,DF,2923369,RREO-Anexo 03,E,Padrão,Abr,ITCDLiquidoExcetoTransferenciasEFUNDEB,ITCD,22069806.6,DF,53,2026,2
2026,RREO,2,B,Governo do Distrito Federal,53,DF,2923369,RREO-Anexo 03,E,Padrão,TOTAL (ÚLTIMOS 12 MESES),ITCDLiquidoExcetoTransferenciasEFUNDEB,ITCD,402066412.07,DF,53,2026,2
2026,RREO,2,B,Governo do Distrito Federal,53,DF,2923369,RREO-Anexo 03,E,Padrão,PREVISÃO ATUALIZADA 2026,ITCDLiquidoExcetoTransferenciasEFUNDEB,ITCD,248699493.0,DF,53,2026,2
