exercicio,demonstrativo,periodo,periodicidade,instituicao,cod_ibge,uf,populacao,anexo,esfera,rotulo,coluna,cod_conta,conta,valor,uf_consulta,id_ente_consulta,ano_consulta,periodo_consulta
2022,RREO,6,B,Governo do Estado de Rondônia,11,RO,1815278,RREO-Anexo 03,E,Padrão,<MR-11>,ICMSLiquidoExcetoTransferenciasEFUNDEB,ICMS,567686457.17,RO,11,2022,6
2022,RREO,6,B,Governo do Estado de Rondônia,11,RO,1815278,RREO-Anexo 03,E,Padrão,<MR-10>,ICMSLiquidoExcetoTransferenciasEFUNDEB,ICMS,481642684.18,RO,11,2022,6
2022,RREO,6,B,Governo do Estado de Rondônia,11,RO,1815278,RREO-Anexo 03,E,Padrão,<MR-9>,ICMSLiquidoExcetoTransferenciasEFUNDEB,ICMS,444581639.49,RO,11,2022,6
2022,RREO,6,B,Governo do Estado de Rondônia,11,RO,1815278,RREO-Anexo 03,E,Padrão,<MR-8>,ICMSLiquidoExcetoTransferenciasEFUNDEB,ICMS,502259439.91,RO,11,2022,6
2022,RREO,6,B,Governo do Estado de Rondônia,11,RO,1815278,RREO-Anexo 03,E,Padrão,<MR-7>,ICMSLiquidoExcetoTransferenciasEFUNDEB,ICMS,531025399.14,RO,11,2022,6
2022,RREO,6,B,Governo do Estado de Rondônia,11,RO,1815278,RREO-Anexo 03,E,Padrão,<MR-6>,ICMSLiquidoExcetoTransferenciasEFUNDEB,ICMS,572885530.48,RO,11,2022,6
2022,RREO,6,B,Governo do Estado de Rondônia,11,RO,1815278,RREO-Anexo 03,E,Padrão,<MR-5>,ICMSLiquidoExcetoTransferenciasEFUNDEB,ICMS,589714407.9,RO,11,2022,6
2022,RREO,6,B,Governo do Estado de Rondônia,11,RO,1815278,RREO-Anexo 03,E,Padrão,<MR-4>,ICMSLiquidoExcetoTransferenciasEFUNDEB,ICMS,487517919.75,RO,11,2022,6
2022,RREO,6,B,Governo do Estado de Rondônia,11,RO,1815278,RREO-Anexo 03,E,Padrão,<MR-3>,ICMSLiquidoExcetoTransferenciasEFUNDEB,ICMS,472404238.02,RO,11,2022,6
2022,RREO,6,B,Governo do Estado de Rondônia,11,RO,1815278,RREO-Anexo 03,E,Padrão,<MR-2>,ICMSLiquidoExcetoTransferenciasEFUNDEB,ICMS,438139596.65,RO,11,2022,6
2022,RREO,6,B,Governo do Estado de Rondônia,11,RO,1815278,RREO-Anexo 03,E,Padrão,<MR-1>,ICMSLiquidoExcetoTransferenciasEFUNDEB,ICMS,439594376.54,RO,11,2022,6
2022,RREO,6,B,Governo do Estado de Rondônia,11,RO,1815278,RREO-Anexo 03,E,Padrão,<MR>,ICMSLiquidoExcetoTransferenciasEFUNDEB,ICMS,488978910.14,RO,11,2022,6
2022,RREO,6,B,Governo do Estado de Rondônia,11,RO,1815278,RREO-Anexo 03,E,Padrão,TOTAL (ÚLTIMOS 12 MESES),ICMSLiquidoExcetoTransferenciasEFUNDEB,ICMS,6016430599.37,RO,11,2022,6
2022,RREO,6,B,Governo do Estado de Rondônia,11,RO,1815278,RREO-Anexo 03,E,Padrão,PREVISÃO ATUALIZADA 2022,ICMSLiquidoExcetoTransferenciasEFUNDEB,ICMS,5934320685.81,RO,11,2022,6
2022,RREO,6,B,Governo do Estado de Rondônia,11,RO,1815278,RREO-Anexo 03,E,Padrão,<MR-11>,IPVALiquidoExcetoTransferenciasEFUNDEB,IPVA,37929051.74,RO,11,2022,6
2022,RREO,6,B,Governo do Estado de Rondônia,11,RO,1815278,RREO-Anexo 03,E,Padrão,<MR-10>,IPVALiquidoExcetoTransferenciasEFUNDEB,IPVA,48291315.42,RO,11,2022,6
2022,RREO,6,B,Governo do Estado de Rondônia,11,RO,1815278,RREO-Anexo 03,E,Padrão,<MR-9>,IPVALiquidoExcetoTransferenciasEFUNDEB,IPVA,54735041.45,RO,11,2022,6
2022,RREO,6,B,Governo do Estado de Rondônia,11,RO,1815278,RREO-Anexo 03,E,Padrão,<MR-8>,IPVALiquidoExcetoTransferenciasEFUNDEB,IPVA,45171059.47,RO,11,2022,6
2022,RREO,6,B,Governo do Estado de Rondônia,11,RO,1815278,RREO-Anexo 03,E,Padrão,<MR-7>,IPVALiquidoExcetoTransferenciasEFUNDEB,IPVA,60138753.52,RO,11,2022,6
2022,RREO,6,B,Governo do Estado de Rondônia,11,RO,1815278,RREO-Anexo 03,E,Padrão,<MR-6>,IPVALiquidoExcetoTransferenciasEFUNDEB,IPVA,53760180.3,RO,11,2022,6
2022,RREO,6,B,Governo do Estado de Rondônia,11,RO,1815278,RREO-Anexo 03,E,Padrão,<MR-5>,IPVALiquidoExcetoTransferenciasEFUNDEB,IPVA,51798507.37,RO,11,2022,6
2022,RREO,6,B,Governo do Estado de Rondônia,11,RO,1815278,RREO-Anexo 03,E,Padrão,<MR-4>,IPVALiquidoExcetoTransferenciasEFUNDEB,IPVA,49632657.31,RO,11,2022,6
2022,RREO,6,B,Governo do Estado de Rondônia,11,RO,1815278,RREO-Anexo 03,E,Padrão,<MR-3>,IPVALiquidoExcetoTransferenciasEFUNDEB,IPVA,35030370.27,RO,11,2022,6
2022,RREO,6,B,Governo do Estado de Rondônia,11,RO,1815278,RREO-Anexo 03,E,Padrão,<MR-2>,IPVALiquidoExcetoTransferenciasEFUNDEB,IPVA,26913343.96,RO,11,2022,6
2022,RREO,6,B,Governo do Estado de Rondônia,11,RO,1815278,RREO-Anexo 03,E,Padrão,<MR-1>,IPVALiquidoExcetoTransferenciasEFUNDEB,IPVA,20052226.48,RO,11,2022,6
2022,RREO,6,B,Governo do Estado de Rondônia,11,RO,1815278,RREO-Anexo 03,E,Padrão,<MR>,IPVALiquidoExcetoTransferenciasEFUNDEB,IPVA,21208402.31,RO,11,2022,6
2022,RREO,6,B,Governo do Estado de Rondônia,11,RO,1815278,RREO-Anexo 03,E,Padrão,TOTAL (ÚLTIMOS 12 MESES),IPVALiquidoExcetoTransferenciasEFUNDEB,IPVA,504660909.6,RO,11,2022,6
2022,RREO,6,B,Governo do Estado de Rondônia,11,RO,1815278,RREO-Anexo 03,E,Padrão,PREVISÃO ATUALIZADA 2022,IPVALiquidoExcetoTransferenciasEFUNDEB,IPVA,548975692.75,RO,11,2022,6
2022,RREO,6,B,Governo do Estado de Rondônia,11,RO,1815278,RREO-Anexo 03,E,Padrão,<MR-11>,ITCDLiquidoExcetoTransferenciasEFUNDEB,ITCD,1243059.9,RO,11,2022,6
2022,RREO,6,B,Governo do Estado de Rondônia,11,RO,1815278,RREO-Anexo 03,E,Padrão,<MR-10>,ITCDLiquidoExcetoTransferenciasEFUNDEB,ITCD,1634074.13,RO,11,2022,6
2022,RREO,6,B,Governo do Estado de Rondônia,11,RO,1815278,RREO-Anexo 03,E,Padrão,<MR-9>,ITCDLiquidoExcetoTransferenciasEFUNDEB,ITCD,3475160.82,RO,11,2022,6
2022,RREO,6,B,Governo do Estado de Rondônia,11,RO,1815278,RREO-Anexo 03,E,Padrão,<MR-8>,ITCDLiquidoExcetoTransferenciasEFUNDEB,ITCD,1623424.1,RO,11,2022,6
2022,RREO,6,B,Governo do Estado de Rondônia,11,RO,1815278,RREO-Anexo 03,E,Padrão,<MR-7>,ITCDLiquidoExcetoTransferenciasEFUNDEB,ITCD,2141123.93,RO,11,2022,6
2022,RREO,6,B,Governo do Estado de Rondônia,11,RO,1815278,RREO-Anexo 03,E,Padrão,<MR-6>,ITCDLiquidoExcetoTransferenciasEFUNDEB,ITCD,2045882.39,RO,11,2022,6
2022,RREO,6,B,Governo do Estado de Rondônia,11,RO,1815278,RREO-Anexo 03,E,Padrão,<MR-5>,ITCDLiquidoExcetoTransferenciasEFUNDEB,ITCD,1771598.28,RO,11,2022,6
2022,RREO,6,B,Governo do Estado de Rondônia,11,RO,1815278,RREO-Anexo 03,E,Padrão,<MR-4>,ITCDLiquidoExcetoTransferenciasEFUNDEB,ITCD,2357717.92,RO,11,2022,6
2022,RREO,6,B,Governo do Estado de Rondônia,11,RO,1815278,RREO-Anexo 03,E,Padrão,<MR-3>,ITCDLiquidoExcetoTransferenciasEFUNDEB,ITCD,3604474.32,RO,11,2022,6
2022,RREO,6,B,Governo do Estado de Rondônia,11,RO,1815278,RREO-Anexo 03,E,Padrão,<MR-2>,ITCDLiquidoExcetoTransferenciasEFUNDEB,ITCD,2783258.08,RO,11,2022,6
2022,RREO,6,B,Governo do Estado de Rondônia,11,RO,1815278,RREO-Anexo 03,E,Padrão,<MR-1>,ITCDLiquidoExcetoTransferenciasEFUNDEB,ITCD,2024857.63,RO,11,2022,6
2022,RREO,6,B,Governo do Estado de Rondônia,11,RO,1815278,RREO-Anexo 03,E,Padrão,<MR>,ITCDLiquidoExcetoTransferenciasEFUNDEB,ITCD,3128531.25,RO,11,2022,6
2022,RREO,6,B,Governo do Estado de Rondônia,11,RO,1815278,RREO-Anexo 03,E,Padrão,TOTAL (ÚLTIMOS 12 MESES),ITCDLiquidoExcetoTransferenciasEFUNDEB,ITCD,27833162.75,RO,11,2022,6
2022,RREO,6,B,Governo do Estado de Rondônia,11,RO,1815278,RREO-Anexo 03,E,Padrão,PREVISÃO ATUALIZADA 2022,ITCDLiquidoExcetoTransferenciasEFUNDEB,ITCD,29974867.49,RO,11,2022,6
2022,RREO,6,B,Governo do Estado do Acre,12,AC,906876,RREO-Anexo 03,E,Padrão,<MR-11>,ICMSLiquidoExcetoTransferenciasEFUNDEB,ICMS,149945731.98,AC,12,2022,6
2022,RREO,6,B,Governo do Estado do Acre,12,AC,906876,RREO-Anexo 03,E,Padrão,<MR-10>,ICMSLiquidoExcetoTransferenciasEFUNDEB,ICMS,142857494.57,AC,12,2022,6
2022,RREO,6,B,Governo do Estado do Acre,12,AC,906876,RREO-Anexo 03,E,Padrão,<MR-9>,ICMSLiquidoExcetoTransferenciasEFUNDEB,ICMS,138885105.48,AC,12,2022,6
2022,RREO,6,B,Governo do Estado do Acre,12,AC,906876,RREO-Anexo 03,E,Padrão,<MR-8>,ICMSLiquidoExcetoTransferenciasEFUNDEB,ICMS,150137288.66,AC,12,2022,6
2022,RREO,6,B,Governo do Estado do Acre,12,AC,906876,RREO-Anexo 03,E,Padrão,<MR-7>,ICMSLiquidoExcetoTransferenciasEFUNDEB,ICMS,154768910.61,AC,12,2022,6
2022,RREO,6,B,Governo do Estado do Acre,12,AC,906876,RREO-Anexo 03,E,Padrão,<MR-6>,ICMSLiquidoExcetoTransferenciasEFUNDEB,ICMS,157135736.51,AC,12,2022,6
2022,RREO,6,B,Governo do Estado do Acre,12,AC,906876,RREO-Anexo 03,E,Padrão,<MR-5>,ICMSLiquidoExcetoTransferenciasEFUNDEB,ICMS,155447174.53,AC,12,2022,6
2022,RREO,6,B,Governo do Estado do Acre,12,AC,906876,RREO-Anexo 03,E,Padrão,<MR-4>,ICMSLiquidoExcetoTransferenciasEFUNDEB,ICMS,144796268.57,AC,12,2022,6
2022,RREO,6,B,Governo do Estado do Acre,12,AC,906876,RREO-Anexo 03,E,Padrão,<MR-3>,ICMSLiquidoExcetoTransferenciasEFUNDEB,ICMS,180492043.44,AC,12,2022,6
2022,RREO,6,B,Governo do Estado do Acre,12,AC,906876,RREO-Anexo 03,E,Padrão,<MR-2>,ICMSLiquidoExcetoTransferenciasEFUNDEB,ICMS,101550562.48,AC,12,2022,6
2022,RREO,6,B,Governo do Estado do Acre,12,AC,906876,RREO-Anexo 03,E,Padrão,<MR-1>,ICMSLiquidoExcetoTransferenciasEFUNDEB,ICMS,145457966.86,AC,12,2022,6
2022,RREO,6,B,Governo do Estado do Acre,12,AC,906876,RREO-Anexo 03,E,Padrão,<MR>,ICMSLiquidoExcetoTransferenciasEFUNDEB,ICMS,169560770.11,AC,12,2022,6
2022,RREO,6,B,Governo do Estado do Acre,12,AC,906876,RREO-Anexo 03,E,Padrão,TOTAL (ÚLTIMOS 12 MESES),ICMSLiquidoExcetoTransferenciasEFUNDEB,ICMS,1791035053.8,AC,12,2022,6
2022,RREO,6,B,Governo do Estado do Acre,12,AC,906876,RREO-Anexo 03,E,Padrão,PREVISÃO ATUALIZADA 2022,ICMSLiquidoExcetoTransferenciasEFUNDEB,ICMS,1723273986.09,AC,12,2022,6
2022,RREO,6,B,Governo do Estado do Acre,12,AC,906876,RREO-Anexo 03,E,Padrão,<MR-11>,IPVALiquidoExcetoTransferenciasEFUNDEB,IPVA,9010931.48,AC,12,2022,6
2022,RREO,6,B,Governo do Estado do Acre,12,AC,906876,RREO-Anexo 03,E,Padrão,<MR-10>,IPVALiquidoExcetoTransferenciasEFUNDEB,IPVA,13207514.6,AC,12,2022,6
2022,RREO,6,B,Governo do Estado do Acre,12,AC,906876,RREO-Anexo 03,E,Padrão,<MR-9>,IPVALiquidoExcetoTransferenciasEFUNDEB,IPVA,12223339.0,AC,12,2022,6
2022,RREO,6,B,Governo do Estado do Acre,12,AC,906876,RREO-Anexo 03,E,Padrão,<MR-8>,IPVALiquidoExcetoTransferenciasEFUNDEB,IPVA,11302830.52,AC,12,2022,6
2022,RREO,6,B,Governo do Estado do Acre,12,AC,906876,RREO-Anexo 03,E,Padrão,<MR-7>,IPVALiquidoExcetoTransferenciasEFUNDEB,IPVA,12364257.75,AC,12,2022,6
2022,RREO,6,B,Governo do Estado do Acre,12,AC,906876,RREO-Anexo 03,E,Padrão,<MR-6>,IPVALiquidoExcetoTransferenciasEFUNDEB,IPVA,10397213.51,AC,12,2022,6
2022,RREO,6,B,Governo do Estado do Acre,12,AC,906876,RREO-Anexo 03,E,Padrão,<MR-5>,IPVALiquidoExcetoTransferenciasEFUNDEB,IPVA,10479522.05,AC,12,2022,6
2022,RREO,6,B,Governo do Estado do Acre,12,AC,906876,RREO-Anexo 03,E,Padrão,<MR-4>,IPVALiquidoExcetoTransferenciasEFUNDEB,IPVA,11146015.68,AC,12,2022,6
2022,RREO,6,B,Governo do Estado do Acre,12,AC,906876,RREO-Anexo 03,E,Padrão,<MR-3>,IPVALiquidoExcetoTransferenciasEFUNDEB,IPVA,8863119.19,AC,12,2022,6
2022,RREO,6,B,Governo do Estado do Acre,12,AC,906876,RREO-Anexo 03,E,Padrão,<MR-2>,IPVALiquidoExcetoTransferenciasEFUNDEB,IPVA,6791514.67,AC,12,2022,6
2022,RREO,6,B,Governo do Estado do Acre,12,AC,906876,RREO-Anexo 03,E,Padrão,<MR-1>,IPVALiquidoExcetoTransferenciasEFUNDEB,IPVA,5038534.11,AC,12,2022,6
2022,RREO,6,B,Governo do Estado do Acre,12,AC,906876,RREO-Anexo 03,E,Padrão,<MR>,IPVALiquidoExcetoTransferenciasEFUNDEB,IPVA,5244672.17,AC,12,2022,6
2022,RREO,6,B,Governo do Estado do Acre,12,AC,906876,RREO-Anexo 03,E,Padrão,TOTAL (ÚLTIMOS 12 MESES),IPVALiquidoExcetoTransferenciasEFUNDEB,IPVA,116069464.73,AC,12,2022,6
2022,RREO,6,B,Governo do Estado do Acre,12,AC,906876,RREO-Anexo 03,E,Padrão,PREVISÃO ATUALIZADA 2022,IPVALiquidoExcetoTransferenciasEFUNDEB,IPVA,112649796.46,AC,12,2022,6
2022,RREO,6,B,Governo do Estado do Acre,12,AC,906876,RREO-Anexo 03,E,Padrão,<MR-11>,ITCDLiquidoExcetoTransferenciasEFUNDEB,ITCD,350579.39,AC,12,2022,6
2022,RREO,6,B,Governo do Estado do Acre,12,AC,906876,RREO-Anexo 03,E,Padrão,<MR-10>,ITCDLiquidoExcetoTransferenciasEFUNDEB,ITCD,569878.63,AC,12,2022,6
2022,RREO,6,B,Governo do Estado do Acre,12,AC,906876,RREO-Anexo 03,E,Padrão,<MR-9>,ITCDLiquidoExcetoTransferenciasEFUNDEB,ITCD,1731009.58,AC,12,2022,6
2022,RREO,6,B,Governo do Estado do Acre,12,AC,906876,RREO-Anexo 03,E,Padrão,<MR-8>,ITCDLiquidoExcetoTransferenciasEFUNDEB,ITCD,838621.37,AC,12,2022,6
2022,RREO,6,B,Governo do Estado do Acre,12,AC,906876,RREO-Anexo 03,E,Padrão,<MR-7>,ITCDLiquidoExcetoTransferenciasEFUNDEB,ITCD,770197.06,AC,12,2022,6
2022,RREO,6,B,Governo do Estado do Acre,12,AC,906876,RREO-Anexo 03,E,Padrão,<MR-6>,ITCDLiquidoExcetoTransferenciasEFUNDEB,ITCD,903203.8,AC,12,2022,6
2022,RREO,6,B,Governo do Estado do Acre,12,AC,906876,RREO-Anexo 03,E,Padrão,<MR-5>,ITCDLiquidoExcetoTransferenciasEFUNDEB,ITCD,861828.36,AC,12,2022,6
2022,RREO,6,B,Governo do Estado do Acre,12,AC,906876,RREO-Anexo 03,E,Padrão,<MR-4>,ITCDLiquidoExcetoTransferenciasEFUNDEB,ITCD,1414872.24,AC,12,2022,6
2022,RREO,6,B,Governo do Estado do Acre,12,AC,906876,RREO-Anexo 03,E,Padrão,<MR-3>,ITCDLiquidoExcetoTransferenciasEFUNDEB,ITCD,921055.83,AC,12,2022,6
2022,RREO,6,B,Governo do Estado do Acre,12,AC,906876,RREO-Anexo 03,E,Padrão,<MR-2>,ITCDLiquidoExcetoTransferenciasEFUNDEB,ITCD,746768.57,AC,12,2022,6
2022,RREO,6,B,Governo do Estado do Acre,12,AC,906876,RREO-Anexo 03,E,Padrão,<MR-1>,ITCDLiquidoExcetoTransferenciasEFUNDEB,ITCD,1719969.93,AC,12,2022,6
2022,RREO,6,B,Governo do Estado do Acre,12,AC,906876,RREO-Anexo 03,E,Padrão,<MR>,ITCDLiquidoExcetoTransferenciasEFUNDEB,ITCD,1255305.01,AC,12,2022,6
2022,RREO,6,B,Governo do Estado do Acre,12,AC,906876,RREO-Anexo 03,E,Padrão,TOTAL (ÚLTIMOS 12 MESES),ITCDLiquidoExcetoTransferenciasEFUNDEB,ITCD,12083289.77,AC,12,2022,6
2022,RREO,6,B,Governo do Estado do Acre,12,AC,906876,RREO-Anexo 03,E,Padrão,PREVISÃO ATUALIZADA 2022,ITCDLiquidoExcetoTransferenciasEFUNDEB,ITCD,9852299.0,AC,12,2022,6
2022,RREO,6,B,Governo do Estado do Amazonas,13,AM,4269995,RREO-Anexo 03,E,Padrão,<MR-11>,ICMSLiquidoExcetoTransferenciasEFUNDEB,ICMS,1121472871.43,AM,13,2022,6
2022,RREO,6,B,Governo do Estado do Amazonas,13,AM,4269995,RREO-Anexo 03,E,Padrão,<MR-10>,ICMSLiquidoExcetoTransferenciasEFUNDEB,ICMS,1078425010.96,AM,13,2022,6
2022,RREO,6,B,Governo do Estado do Amazonas,13,AM,4269995,RREO-Anexo 03,E,Padrão,<MR-9>,ICMSLiquidoExcetoTransferenciasEFUNDEB,ICMS,1096118045.72,AM,13,2022,6
2022,RREO,6,B,Governo do Estado do Amazonas,13,AM,4269995,RREO-Anexo 03,E,Padrão,<MR-8>,ICMSLiquidoExcetoTransferenciasEFUNDEB,ICMS,1139069767.8,AM,13,2022,6
2022,RREO,6,B,Governo do Estado do Amazonas,13,AM,4269995,RREO-Anexo 03,E,Padrão,<MR-7>,ICMSLiquidoExcetoTransferenciasEFUNDEB,ICMS,1147059249.02,AM,13,2022,6
2022,RREO,6,B,Governo do Estado do Amazonas,13,AM,4269995,RREO-Anexo 03,E,Padrão,<MR-6>,ICMSLiquidoExcetoTransferenciasEFUNDEB,ICMS,1057201616.57,AM,13,2022,6
2022,RREO,6,B,Governo do Estado do Amazonas,13,AM,4269995,RREO-Anexo 03,E,Padrão,<MR-5>,ICMSLiquidoExcetoTransferenciasEFUNDEB,ICMS,1272124168.22,AM,13,2022,6
2022,RREO,6,B,Governo do Estado do Amazonas,13,AM,4269995,RREO-Anexo 03,E,Padrão,<MR-4>,ICMSLiquidoExcetoTransferenciasEFUNDEB,ICMS,1169840365.53,AM,13,2022,6
2022,RREO,6,B,Governo do Estado do Amazonas,13,AM,4269995,RREO-Anexo 03,E,Padrão,<MR-3>,ICMSLiquidoExcetoTransferenciasEFUNDEB,ICMS,1289312354.53,AM,13,2022,6
2022,RREO,6,B,Governo do Estado do Amazonas,13,AM,4269995,RREO-Anexo 03,E,Padrão,<MR-2>,ICMSLiquidoExcetoTransferenciasEFUNDEB,ICMS,1217636553.98,AM,13,2022,6
2022,RREO,6,B,Governo do Estado do Amazonas,13,AM,4269995,RREO-Anexo 03,E,Padrão,<MR-1>,ICMSLiquidoExcetoTransferenciasEFUNDEB,ICMS,1236719622.33,AM,13,2022,6
2022,RREO,6,B,Governo do Estado do Amazonas,13,AM,4269995,RREO-Anexo 03,E,Padrão,<MR>,ICMSLiquidoExcetoTransferenciasEFUNDEB,ICMS,1171308094.27,AM,13,2022,6
2022,RREO,6,B,Governo do Estado do Amazonas,13,AM,4269995,RREO-Anexo 03,E,Padrão,TOTAL (ÚLTIMOS 12 MESES),ICMSLiquidoExcetoTransferenciasEFUNDEB,ICMS,13996287720.36,AM,13,2022,6
2022,RREO,6,B,Governo do Estado do Amazonas,13,AM,4269995,RREO-Anexo 03,E,Padrão,PREVISÃO ATUALIZADA 2022,ICMSLiquidoExcetoTransferenciasEFUNDEB,ICMS,11836788408.68,AM,13,2022,6
2022,RREO,6,B,Governo do Estado do Amazonas,13,AM,4269995,RREO-Anexo 03,E,Padrão,<MR-11>,IPVALiquidoExcetoTransferenciasEFUNDEB,IPVA,43782367.5,AM,13,2022,6
2022,RREO,6,B,Governo do Estado do Amazonas,13,AM,4269995,RREO-Anexo 03,E,Padrão,<MR-10>,IPVALiquidoExcetoTransferenciasEFUNDEB,IPVA,34544673.44,AM,13,2022,6
2022,RREO,6,B,Governo do Estado do Amazonas,13,AM,4269995,RREO-Anexo 03,E,Padrão,<MR-9>,IPVALiquidoExcetoTransferenciasEFUNDEB,IPVA,50217022.65,AM,13,2022,6
2022,RREO,6,B,Governo do Estado do Amazonas,13,AM,4269995,RREO-Anexo 03,E,Padrão,<MR-8>,IPVALiquidoExcetoTransferenciasEFUNDEB,IPVA,41613329.8,AM,13,2022,6
2022,RREO,6,B,Governo do Estado do Amazonas,13,AM,4269995,RREO-Anexo 03,E,Padrão,<MR-7>,IPVALiquidoExcetoTransferenciasEFUNDEB,IPVA,51436774.0,AM,13,2022,6
2022,RREO,6,B,Governo do Estado do Amazonas,13,AM,4269995,RREO-Anexo 03,E,Padrão,<MR-6>,IPVALiquidoExcetoTransferenciasEFUNDEB,IPVA,51984125.55,AM,13,2022,6
2022,RREO,6,B,Governo do Estado do Amazonas,13,AM,4269995,RREO-Anexo 03,E,Padrão,<MR-5>,IPVALiquidoExcetoTransferenciasEFUNDEB,IPVA,51832219.73,AM,13,2022,6
2022,RREO,6,B,Governo do Estado do Amazonas,13,AM,4269995,RREO-Anexo 03,E,Padrão,<MR-4>,IPVALiquidoExcetoTransferenciasEFUNDEB,IPVA,58404636.48,AM,13,2022,6
2022,RREO,6,B,Governo do Estado do Amazonas,13,AM,4269995,RREO-Anexo 03,E,Padrão,<MR-3>,IPVALiquidoExcetoTransferenciasEFUNDEB,IPVA,44563086.57,AM,13,2022,6
2022,RREO,6,B,Governo do Estado do Amazonas,13,AM,4269995,RREO-Anexo 03,E,Padrão,<MR-2>,IPVALiquidoExcetoTransferenciasEFUNDEB,IPVA,37407976.26,AM,13,2022,6
2022,RREO,6,B,Governo do Estado do Amazonas,13,AM,4269995,RREO-Anexo 03,E,Padrão,<MR-1>,IPVALiquidoExcetoTransferenciasEFUNDEB,IPVA,26882003.44,AM,13,2022,6
2022,RREO,6,B,Governo do Estado do Amazonas,13,AM,4269995,RREO-Anexo 03,E,Padrão,<MR>,IPVALiquidoExcetoTransferenciasEFUNDEB,IPVA,23436734.91,AM,13,2022,6
2022,RREO,6,B,Governo do Estado do Amazonas,13,AM,4269995,RREO-Anexo 03,E,Padrão,TOTAL (ÚLTIMOS 12 MESES),IPVALiquidoExcetoTransferenciasEFUNDEB,IPVA,516104950.33,AM,13,2022,6
2022,RREO,6,B,Governo do Estado do Amazonas,13,AM,4269995,RREO-Anexo 03,E,Padrão,PREVISÃO ATUALIZADA 2022,IPVALiquidoExcetoTransferenciasEFUNDEB,IPVA,402300000.0,AM,13,2022,6
2022,RREO,6,B,Governo do Estado do Amazonas,13,AM,4269995,RREO-Anexo 03,E,Padrão,<MR-11>,ITCDLiquidoExcetoTransferenciasEFUNDEB,ITCD,2949194.75,AM,13,2022,6
2022,RREO,6,B,Governo do Estado do Amazonas,13,AM,4269995,RREO-Anexo 03,E,Padrão,<MR-10>,ITCDLiquidoExcetoTransferenciasEFUNDEB,ITCD,1925016.73,AM,13,2022,6
2022,RREO,6,B,Governo do Estado do Amazonas,13,AM,4269995,RREO-Anexo 03,E,Padrão,<MR-9>,ITCDLiquidoExcetoTransferenciasEFUNDEB,ITCD,2407373.12,AM,13,2022,6
2022,RREO,6,B,Governo do Estado do Amazonas,13,AM,4269995,RREO-Anexo 03,E,Padrão,<MR-8>,ITCDLiquidoExcetoTransferenciasEFUNDEB,ITCD,1557303.87,AM,13,2022,6
2022,RREO,6,B,Governo do Estado do Amazonas,13,AM,4269995,RREO-Anexo 03,E,Padrão,<MR-7>,ITCDLiquidoExcetoTransferenciasEFUNDEB,ITCD,2394190.04,AM,13,2022,6
2022,RREO,6,B,Governo do Estado do Amazonas,13,AM,4269995,RREO-Anexo 03,E,Padrão,<MR-6>,ITCDLiquidoExcetoTransferenciasEFUNDEB,ITCD,2655769.86,AM,13,2022,6
2022,RREO,6,B,Governo do Estado do Amazonas,13,AM,4269995,RREO-Anexo 03,E,Padrão,<MR-5>,ITCDLiquidoExcetoTransferenciasEFUNDEB,ITCD,1994458.35,AM,13,2022,6
2022,RREO,6,B,Governo do Estado do Amazonas,13,AM,4269995,RREO-Anexo 03,E,Padrão,<MR-4>,ITCDLiquidoExcetoTransferenciasEFUNDEB,ITCD,2664663.63,AM,13,2022,6
2022,RREO,6,B,Governo do Estado do Amazonas,13,AM,4269995,RREO-Anexo 03,E,Padrão,<MR-3>,ITCDLiquidoExcetoTransferenciasEFUNDEB,ITCD,9473563.24,AM,13,2022,6
2022,RREO,6,B,Governo do Estado do Amazonas,13,AM,4269995,RREO-Anexo 03,E,Padrão,<MR-2>,ITCDLiquidoExcetoTransferenciasEFUNDEB,ITCD,8459988.65,AM,13,2022,6
2022,RREO,6,B,Governo do Estado do Amazonas,13,AM,4269995,RREO-Anexo 03,E,Padrão,<MR-1>,ITCDLiquidoExcetoTransferenciasEFUNDEB,ITCD,11502580.22,AM,13,2022,6
2022,RREO,6,B,Governo do Estado do Amazonas,13,AM,4269995,RREO-Anexo 03,E,Padrão,<MR>,ITCDLiquidoExcetoTransferenciasEFUNDEB,ITCD,14497942.4,AM,13,2022,6
2022,RREO,6,B,Governo do Estado do Amazonas,13,AM,4269995,RREO-Anexo 03,E,Padrão,TOTAL (ÚLTIMOS 12 MESES),ITCDLiquidoExcetoTransferenciasEFUNDEB,ITCD,62482044.86,AM,13,2022,6
2022,RREO,6,B,Governo do Estado do Amazonas,13,AM,4269995,RREO-Anexo 03,E,Padrão,PREVISÃO ATUALIZADA 2022,ITCDLiquidoExcetoTransferenciasEFUNDEB,ITCD,20014000.0,AM,13,2022,6
2022,RREO,6,B,Governo do Estado de Roraima,14,RR,652713,RREO-Anexo 03,E,Padrão,<MR-11>,ICMSLiquidoExcetoTransferenciasEFUNDEB,ICMS,154061313.5,RR,14,2022,6
2022,RREO,6,B,Governo do Estado de Roraima,14,RR,652713,RREO-Anexo 03,E,Padrão,<MR-10>,ICMSLiquidoExcetoTransferenciasEFUNDEB,ICMS,138630469.39,RR,14,2022,6
2022,RREO,6,B,Governo do Estado de Roraima,14,RR,652713,RREO-Anexo 03,E,Padrão,<MR-9>,ICMSLiquidoExcetoTransferenciasEFUNDEB,ICMS,132154818.9,RR,14,2022,6
2022,RREO,6,B,Governo do Estado de Roraima,14,RR,652713,RREO-Anexo 03,E,Padrão,<MR-8>,ICMSLiquidoExcetoTransferenciasEFUNDEB,ICMS,139598654.79,RR,14,2022,6
2022,RREO,6,B,Governo do Estado de Roraima,14,RR,652713,RREO-Anexo 03,E,Padrão,<MR-7>,ICMSLiquidoExcetoTransferenciasEFUNDEB,ICMS,142145707.52,RR,14,2022,6
2022,RREO,6,B,Governo do Estado de Roraima,14,RR,652713,RREO-Anexo 03,E,Padrão,<MR-6>,ICMSLiquidoExcetoTransferenciasEFUNDEB,ICMS,134786733.98,RR,14,2022,6
2022,RREO,6,B,Governo do Estado de Roraima,14,RR,652713,RREO-Anexo 03,E,Padrão,<MR-5>,ICMSLiquidoExcetoTransferenciasEFUNDEB,ICMS,122659535.08,RR,14,2022,6
2022,RREO,6,B,Governo do Estado de Roraima,14,RR,652713,RREO-Anexo 03,E,Padrão,<MR-4>,ICMSLiquidoExcetoTransferenciasEFUNDEB,ICMS,123496858.93,RR,14,2022,6
2022,RREO,6,B,Governo do Estado de Roraima,14,RR,652713,RREO-Anexo 03,E,Padrão,<MR-3>,ICMSLiquidoExcetoTransferenciasEFUNDEB,ICMS,127707914.93,RR,14,2022,6
2022,RREO,6,B,Governo do Estado de Roraima,14,RR,652713,RREO-Anexo 03,E,Padrão,<MR-2>,ICMSLiquidoExcetoTransferenciasEFUNDEB,ICMS,121440421.8,RR,14,2022,6
2022,RREO,6,B,Governo do Estado de Roraima,14,RR,652713,RREO-Anexo 03,E,Padrão,<MR-1>,ICMSLiquidoExcetoTransferenciasEFUNDEB,ICMS,129081432.29,RR,14,2022,6
2022,RREO,6,B,Governo do Estado de Roraima,14,RR,652713,RREO-Anexo 03,E,Padrão,<MR>,ICMSLiquidoExcetoTransferenciasEFUNDEB,ICMS,127999596.24,RR,14,2022,6
2022,RREO,6,B,Governo do Estado de Roraima,14,RR,652713,RREO-Anexo 03,E,Padrão,TOTAL (ÚLTIMOS 12 MESES),ICMSLiquidoExcetoTransferenciasEFUNDEB,ICMS,1593763457.35,RR,14,2022,6
2022,RREO,6,B,Governo do Estado de Roraima,14,RR,652713,RREO-Anexo 03,E,Padrão,PREVISÃO ATUALIZADA 2022,ICMSLiquidoExcetoTransferenciasEFUNDEB,ICMS,1529098975.0,RR,14,2022,6
2022,RREO,6,B,Governo do Estado de Roraima,14,RR,652713,RREO-Anexo 03,E,Padrão,<MR-11>,IPVALiquidoExcetoTransferenciasEFUNDEB,IPVA,6120090.75,RR,14,2022,6
2022,RREO,6,B,Governo do Estado de Roraima,14,RR,652713,RREO-Anexo 03,E,Padrão,<MR-10>,IPVALiquidoExcetoTransferenciasEFUNDEB,IPVA,5579957.31,RR,14,2022,6
2022,RREO,6,B,Governo do Estado de Roraima,14,RR,652713,RREO-Anexo 03,E,Padrão,<MR-9>,IPVALiquidoExcetoTransferenciasEFUNDEB,IPVA,9405315.18,RR,14,2022,6
2022,RREO,6,B,Governo do Estado de Roraima,14,RR,652713,RREO-Anexo 03,E,Padrão,<MR-8>,IPVALiquidoExcetoTransferenciasEFUNDEB,IPVA,7929671.1,RR,14,2022,6
2022,RREO,6,B,Governo do Estado de Roraima,14,RR,652713,RREO-Anexo 03,E,Padrão,<MR-7>,IPVALiquidoExcetoTransferenciasEFUNDEB,IPVA,9818400.19,RR,14,2022,6
2022,RREO,6,B,Governo do Estado de Roraima,14,RR,652713,RREO-Anexo 03,E,Padrão,<MR-6>,IPVALiquidoExcetoTransferenciasEFUNDEB,IPVA,11018758.27,RR,14,2022,6
2022,RREO,6,B,Governo do Estado de Roraima,14,RR,652713,RREO-Anexo 03,E,Padrão,<MR-5>,IPVALiquidoExcetoTransferenciasEFUNDEB,IPVA,10963001.78,RR,14,2022,6
2022,RREO,6,B,Governo do Estado de Roraima,14,RR,652713,RREO-Anexo 03,E,Padrão,<MR-4>,IPVALiquidoExcetoTransferenciasEFUNDEB,IPVA,11099540.43,RR,14,2022,6
2022,RREO,6,B,Governo do Estado de Roraima,14,RR,652713,RREO-Anexo 03,E,Padrão,<MR-3>,IPVALiquidoExcetoTransferenciasEFUNDEB,IPVA,8566179.24,RR,14,2022,6
2022,RREO,6,B,Governo do Estado de Roraima,14,RR,652713,RREO-Anexo 03,E,Padrão,<MR-2>,IPVALiquidoExcetoTransferenciasEFUNDEB,IPVA,7016220.23,RR,14,2022,6
2022,RREO,6,B,Governo do Estado de Roraima,14,RR,652713,RREO-Anexo 03,E,Padrão,<MR-1>,IPVALiquidoExcetoTransferenciasEFUNDEB,IPVA,5592819.01,RR,14,2022,6
2022,RREO,6,B,Governo do Estado de Roraima,14,RR,652713,RREO-Anexo 03,E,Padrão,<MR>,IPVALiquidoExcetoTransferenciasEFUNDEB,IPVA,5036787.17,RR,14,2022,6
2022,RREO,6,B,Governo do Estado de Roraima,14,RR,652713,RREO-Anexo 03,E,Padrão,TOTAL (ÚLTIMOS 12 MESES),IPVALiquidoExcetoTransferenciasEFUNDEB,IPVA,98146740.66,RR,14,2022,6
2022,RREO,6,B,Governo do Estado de Roraima,14,RR,652713,RREO-Anexo 03,E,Padrão,PREVISÃO ATUALIZADA 2022,IPVALiquidoExcetoTransferenciasEFUNDEB,IPVA,87688935.0,RR,14,2022,6
2022,RREO,6,B,Governo do Estado de Roraima,14,RR,652713,RREO-Anexo 03,E,Padrão,<MR-11>,ITCDLiquidoExcetoTransferenciasEFUNDEB,ITCD,304695.83,RR,14,2022,6
2022,RREO,6,B,Governo do Estado de Roraima,14,RR,652713,RREO-Anexo 03,E,Padrão,<MR-10>,ITCDLiquidoExcetoTransferenciasEFUNDEB,ITCD,501767.93,RR,14,2022,6
2022,RREO,6,B,Governo do Estado de Roraima,14,RR,652713,RREO-Anexo 03,E,Padrão,<MR-9>,ITCDLiquidoExcetoTransferenciasEFUNDEB,ITCD,349723.34,RR,14,2022,6
2022,RREO,6,B,Governo do Estado de Roraima,14,RR,652713,RREO-Anexo 03,E,Padrão,<MR-8>,ITCDLiquidoExcetoTransferenciasEFUNDEB,ITCD,1077915.56,RR,14,2022,6
2022,RREO,6,B,Governo do Estado de Roraima,14,RR,652713,RREO-Anexo 03,E,Padrão,<MR-7>,ITCDLiquidoExcetoTransferenciasEFUNDEB,ITCD,436527.34,RR,14,2022,6
2022,RREO,6,B,Governo do Estado de Roraima,14,RR,652713,RREO-Anexo 03,E,Padrão,<MR-6>,ITCDLiquidoExcetoTransferenciasEFUNDEB,ITCD,605639.59,RR,14,2022,6
2022,RREO,6,B,Governo do Estado de Roraima,14,RR,652713,RREO-Anexo 03,E,Padrão,<MR-5>,ITCDLiquidoExcetoTransferenciasEFUNDEB,ITCD,405191.67,RR,14,2022,6
2022,RREO,6,B,Governo do Estado de Roraima,14,RR,652713,RREO-Anexo 03,E,Padrão,<MR-4>,ITCDLiquidoExcetoTransferenciasEFUNDEB,ITCD,915298.07,RR,14,2022,6
2022,RREO,6,B,Governo do Estado de Roraima,14,RR,652713,RREO-Anexo 03,E,Padrão,<MR-3>,ITCDLiquidoExcetoTransferenciasEFUNDEB,ITCD,666605.17,RR,14,2022,6
2022,RREO,6,B,Governo do Estado de Roraima,14,RR,652713,RREO-Anexo 03,E,Padrão,<MR-2>,ITCDLiquidoExcetoTransferenciasEFUNDEB,ITCD,1017665.98,RR,14,2022,6
2022,RREO,6,B,Governo do Estado de Roraima,14,RR,652713,RREO-Anexo 03,E,Padrão,<MR-1>,ITCDLiquidoExcetoTransferenciasEFUNDEB,ITCD,721175.71,RR,14,2022,6
2022,RREO,6,B,Governo do Estado de Roraima,14,RR,652713,RREO-Anexo 03,E,Padrão,<MR>,ITCDLiquidoExcetoTransferenciasEFUNDEB,ITCD,623819.52,RR,14,2022,6
2022,RREO,6,B,Governo do Estado de Roraima,14,RR,652713,RREO-Anexo 03,E,Padrão,TOTAL (ÚLTIMOS 12 MESES),ITCDLiquidoExcetoTransferenciasEFUNDEB,ITCD,7626025.71,RR,14,2022,6
2022,RREO,6,B,Governo do Estado de Roraima,14,RR,652713,RREO-Anexo 03,E,Padrão,PREVISÃO ATUALIZADA 2022,ITCDLiquidoExcetoTransferenciasEFUNDEB,ITCD,8085152.0,RR,14,2022,6
2022,RREO,6,B,Governo do Estado do Pará,15,PA,8777124,RREO-Anexo 03,E,Padrão,<MR-11>,ICMSLiquidoExcetoTransferenciasEFUNDEB,ICMS,2556700970.58,PA,15,2022,6
2022,RREO,6,B,Governo do Estado do Pará,15,PA,8777124,RREO-Anexo 03,E,Padrão,<MR-10>,ICMSLiquidoExcetoTransferenciasEFUNDEB,ICMS,1480863511.86,PA,15,2022,6
2022,RREO,6,B,Governo do Estado do Pará,15,PA,8777124,RREO-Anexo 03,E,Padrão,<MR-9>,ICMSLiquidoExcetoTransferenciasEFUNDEB,ICMS,1430497076.29,PA,15,2022,6
2022,RREO,6,B,Governo do Estado do Pará,15,PA,8777124,RREO-Anexo 03,E,Padrão,<MR-8>,ICMSLiquidoExcetoTransferenciasEFUNDEB,ICMS,1713148370.06,PA,15,2022,6
2022,RREO,6,B,Governo do Estado do Pará,15,PA,8777124,RREO-Anexo 03,E,Padrão,<MR-7>,ICMSLiquidoExcetoTransferenciasEFUNDEB,ICMS,1486995228.78,PA,15,2022,6
2022,RREO,6,B,Governo do Estado do Pará,15,PA,8777124,RREO-Anexo 03,E,Padrão,<MR-6>,ICMSLiquidoExcetoTransferenciasEFUNDEB,ICMS,1535200367.8,PA,15,2022,6
2022,RREO,6,B,Governo do Estado do Pará,15,PA,8777124,RREO-Anexo 03,E,Padrão,<MR-5>,ICMSLiquidoExcetoTransferenciasEFUNDEB,ICMS,1692795303.48,PA,15,2022,6
2022,RREO,6,B,Governo do Estado do Pará,15,PA,8777124,RREO-Anexo 03,E,Padrão,<MR-4>,ICMSLiquidoExcetoTransferenciasEFUNDEB,ICMS,1493429729.55,PA,15,2022,6
2022,RREO,6,B,Governo do Estado do Pará,15,PA,8777124,RREO-Anexo 03,E,Padrão,<MR-3>,ICMSLiquidoExcetoTransferenciasEFUNDEB,ICMS,1560303306.24,PA,15,2022,6
2022,RREO,6,B,Governo do Estado do Pará,15,PA,8777124,RREO-Anexo 03,E,Padrão,<MR-2>,ICMSLiquidoExcetoTransferenciasEFUNDEB,ICMS,1547539040.57,PA,15,2022,6
2022,RREO,6,B,Governo do Estado do Pará,15,PA,8777124,RREO-Anexo 03,E,Padrão,<MR-1>,ICMSLiquidoExcetoTransferenciasEFUNDEB,ICMS,1918090144.0,PA,15,2022,6
2022,RREO,6,B,Governo do Estado do Pará,15,PA,8777124,RREO-Anexo 03,E,Padrão,<MR>,ICMSLiquidoExcetoTransferenciasEFUNDEB,ICMS,1557086886.63,PA,15,2022,6
2022,RREO,6,B,Governo do Estado do Pará,15,PA,8777124,RREO-Anexo 03,E,Padrão,TOTAL (ÚLTIMOS 12 MESES),ICMSLiquidoExcetoTransferenciasEFUNDEB,ICMS,19972649935.84,PA,15,2022,6
2022,RREO,6,B,Governo do Estado do Pará,15,PA,8777124,RREO-Anexo 03,E,Padrão,PREVISÃO ATUALIZADA 2022,ICMSLiquidoExcetoTransferenciasEFUNDEB,ICMS,18619584723.47,PA,15,2022,6
2022,RREO,6,B,Governo do Estado do Pará,15,PA,8777124,RREO-Anexo 03,E,Padrão,<MR-11>,IPVALiquidoExcetoTransferenciasEFUNDEB,IPVA,65062296.76,PA,15,2022,6
2022,RREO,6,B,Governo do Estado do Pará,15,PA,8777124,RREO-Anexo 03,E,Padrão,<MR-10>,IPVALiquidoExcetoTransferenciasEFUNDEB,IPVA,63406582.54,PA,15,2022,6
2022,RREO,6,B,Governo do Estado do Pará,15,PA,8777124,RREO-Anexo 03,E,Padrão,<MR-9>,IPVALiquidoExcetoTransferenciasEFUNDEB,IPVA,96489294.69,PA,15,2022,6
2022,RREO,6,B,Governo do Estado do Pará,15,PA,8777124,RREO-Anexo 03,E,Padrão,<MR-8>,IPVALiquidoExcetoTransferenciasEFUNDEB,IPVA,78480177.22,PA,15,2022,6
2022,RREO,6,B,Governo do Estado do Pará,15,PA,8777124,RREO-Anexo 03,E,Padrão,<MR-7>,IPVALiquidoExcetoTransferenciasEFUNDEB,IPVA,98205049.67,PA,15,2022,6
2022,RREO,6,B,Governo do Estado do Pará,15,PA,8777124,RREO-Anexo 03,E,Padrão,<MR-6>,IPVALiquidoExcetoTransferenciasEFUNDEB,IPVA,96915335.02,PA,15,2022,6
2022,RREO,6,B,Governo do Estado do Pará,15,PA,8777124,RREO-Anexo 03,E,Padrão,<MR-5>,IPVALiquidoExcetoTransferenciasEFUNDEB,IPVA,90556210.54,PA,15,2022,6
2022,RREO,6,B,Governo do Estado do Pará,15,PA,8777124,RREO-Anexo 03,E,Padrão,<MR-4>,IPVALiquidoExcetoTransferenciasEFUNDEB,IPVA,90859487.48,PA,15,2022,6
2022,RREO,6,B,Governo do Estado do Pará,15,PA,8777124,RREO-Anexo 03,E,Padrão,<MR-3>,IPVALiquidoExcetoTransferenciasEFUNDEB,IPVA,82245987.61,PA,15,2022,6
2022,RREO,6,B,Governo do Estado do Pará,15,PA,8777124,RREO-Anexo 03,E,Padrão,<MR-2>,IPVALiquidoExcetoTransferenciasEFUNDEB,IPVA,65864772.49,PA,15,2022,6
2022,RREO,6,B,Governo do Estado do Pará,15,PA,8777124,RREO-Anexo 03,E,Padrão,<MR-1>,IPVALiquidoExcetoTransferenciasEFUNDEB,IPVA,61988894.07,PA,15,2022,6
2022,RREO,6,B,Governo do Estado do Pará,15,PA,8777124,RREO-Anexo 03,E,Padrão,<MR>,IPVALiquidoExcetoTransferenciasEFUNDEB,IPVA,51537754.54,PA,15,2022,6
2022,RREO,6,B,Governo do Estado do Pará,15,PA,8777124,RREO-Anexo 03,E,Padrão,TOTAL (ÚLTIMOS 12 MESES),IPVALiquidoExcetoTransferenciasEFUNDEB,IPVA,941611842.63,PA,15,2022,6
2022,RREO,6,B,Governo do Estado do Pará,15,PA,8777124,RREO-Anexo 03,E,Padrão,PREVISÃO ATUALIZADA 2022,IPVALiquidoExcetoTransferenciasEFUNDEB,IPVA,837819839.33,PA,15,2022,6
2022,RREO,6,B,Governo do Estado do Pará,15,PA,8777124,RREO-Anexo 03,E,Padrão,<MR-11>,ITCDLiquidoExcetoTransferenciasEFUNDEB,ITCD,4172170.88,PA,15,2022,6
2022,RREO,6,B,Governo do Estado do Pará,15,PA,8777124,RREO-Anexo 03,E,Padrão,<MR-10>,ITCDLiquidoExcetoTransferenciasEFUNDEB,ITCD,3280837.9,PA,15,2022,6
2022,RREO,6,B,Governo do Estado do Pará,15,PA,8777124,RREO-Anexo 03,E,Padrão,<MR-9>,ITCDLiquidoExcetoTransferenciasEFUNDEB,ITCD,4504540.57,PA,15,2022,6
2022,RREO,6,B,Governo do Estado do Pará,15,PA,8777124,RREO-Anexo 03,E,Padrão,<MR-8>,ITCDLiquidoExcetoTransferenciasEFUNDEB,ITCD,4984358.9,PA,15,2022,6
2022,RREO,6,B,Governo do Estado do Pará,15,PA,8777124,RREO-Anexo 03,E,Padrão,<MR-7>,ITCDLiquidoExcetoTransferenciasEFUNDEB,ITCD,5145558.4,PA,15,2022,6
2022,RREO,6,B,Governo do Estado do Pará,15,PA,8777124,RREO-Anexo 03,E,Padrão,<MR-6>,ITCDLiquidoExcetoTransferenciasEFUNDEB,ITCD,3818945.85,PA,15,2022,6
2022,RREO,6,B,Governo do Estado do Pará,15,PA,8777124,RREO-Anexo 03,E,Padrão,<MR-5>,ITCDLiquidoExcetoTransferenciasEFUNDEB,ITCD,3411504.94,PA,15,2022,6
2022,RREO,6,B,Governo do Estado do Pará,15,PA,8777124,RREO-Anexo 03,E,Padrão,<MR-4>,ITCDLiquidoExcetoTransferenciasEFUNDEB,ITCD,4381995.03,PA,15,2022,6
2022,RREO,6,B,Governo do Estado do Pará,15,PA,8777124,RREO-Anexo 03,E,Padrão,<MR-3>,ITCDLiquidoExcetoTransferenciasEFUNDEB,ITCD,4118039.54,PA,15,2022,6
2022,RREO,6,B,Governo do Estado do Pará,15,PA,8777124,RREO-Anexo 03,E,Padrão,<MR-2>,ITCDLiquidoExcetoTransferenciasEFUNDEB,ITCD,2649507.52,PA,15,2022,6
2022,RREO,6,B,Governo do Estado do Pará,15,PA,8777124,RREO-Anexo 03,E,Padrão,<MR-1>,ITCDLiquidoExcetoTransferenciasEFUNDEB,ITCD,3720786.5,PA,15,2022,6
2022,RREO,6,B,Governo do Estado do Pará,15,PA,8777124,RREO-Anexo 03,E,Padrão,<MR>,ITCDLiquidoExcetoTransferenciasEFUNDEB,ITCD,9747296.78,PA,15,2022,6
2022,RREO,6,B,Governo do Estado do Pará,15,PA,8777124,RREO-Anexo 03,E,Padrão,TOTAL (ÚLTIMOS 12 MESES),ITCDLiquidoExcetoTransferenciasEFUNDEB,ITCD,53935542.81,PA,15,2022,6
2022,RREO,6,B,Governo do Estado do Pará,15,PA,8777124,RREO-Anexo 03,E,Padrão,PREVISÃO ATUALIZADA 2022,ITCDLiquidoExcetoTransferenciasEFUNDEB,ITCD,49110943.0,PA,15,2022,6
2022,RREO,6,B,Governo do Estado do Amapá,16,AP,877613,RREO-Anexo 03,E,Padrão,<MR-11>,ICMSLiquidoExcetoTransferenciasEFUNDEB,ICMS,130687884.87,AP,16,2022,6
2022,RREO,6,B,Governo do Estado do Amapá,16,AP,877613,RREO-Anexo 03,E,Padrão,<MR-10>,ICMSLiquidoExcetoTransferenciasEFUNDEB,ICMS,93688200.57,AP,16,2022,6
2022,RREO,6,B,Governo do Estado do Amapá,16,AP,877613,RREO-Anexo 03,E,Padrão,<MR-9>,ICMSLiquidoExcetoTransferenciasEFUNDEB,ICMS,103837856.53,AP,16,2022,6
2022,RREO,6,B,Governo do Estado do Amapá,16,AP,877613,RREO-Anexo 03,E,Padrão,<MR-8>,ICMSLiquidoExcetoTransferenciasEFUNDEB,ICMS,104466548.47,AP,16,2022,6
2022,RREO,6,B,Governo do Estado do Amapá,16,AP,877613,RREO-Anexo 03,E,Padrão,<MR-7>,ICMSLiquidoExcetoTransferenciasEFUNDEB,ICMS,113756988.55,AP,16,2022,6
2022,RREO,6,B,Governo do Estado do Amapá,16,AP,877613,RREO-Anexo 03,E,Padrão,<MR-6>,ICMSLiquidoExcetoTransferenciasEFUNDEB,ICMS,112965424.5,AP,16,2022,6
2022,RREO,6,B,Governo do Estado do Amapá,16,AP,877613,RREO-Anexo 03,E,Padrão,<MR-5>,ICMSLiquidoExcetoTransferenciasEFUNDEB,ICMS,121082782.81,AP,16,2022,6
2022,RREO,6,B,Governo do Estado do Amapá,16,AP,877613,RREO-Anexo 03,E,Padrão,<MR-4>,ICMSLiquidoExcetoTransferenciasEFUNDEB,ICMS,114132956.92,AP,16,2022,6
2022,RREO,6,B,Governo do Estado do Amapá,16,AP,877613,RREO-Anexo 03,E,Padrão,<MR-3>,ICMSLiquidoExcetoTransferenciasEFUNDEB,ICMS,115098750.25,AP,16,2022,6
2022,RREO,6,B,Governo do Estado do Amapá,16,AP,877613,RREO-Anexo 03,E,Padrão,<MR-2>,ICMSLiquidoExcetoTransferenciasEFUNDEB,ICMS,114418716.26,AP,16,2022,6
2022,RREO,6,B,Governo do Estado do Amapá,16,AP,877613,RREO-Anexo 03,E,Padrão,<MR-1>,ICMSLiquidoExcetoTransferenciasEFUNDEB,ICMS,114626902.68,AP,16,2022,6
2022,RREO,6,B,Governo do Estado do Amapá,16,AP,877613,RREO-Anexo 03,E,Padrão,<MR>,ICMSLiquidoExcetoTransferenciasEFUNDEB,ICMS,114350630.05,AP,16,2022,6
2022,RREO,6,B,Governo do Estado do Amapá,16,AP,877613,RREO-Anexo 03,E,Padrão,TOTAL (ÚLTIMOS 12 MESES),ICMSLiquidoExcetoTransferenciasEFUNDEB,ICMS,1353113642.46,AP,16,2022,6
2022,RREO,6,B,Governo do Estado do Amapá,16,AP,877613,RREO-Anexo 03,E,Padrão,PREVISÃO ATUALIZADA 2022,ICMSLiquidoExcetoTransferenciasEFUNDEB,ICMS,1221115688.0,AP,16,2022,6
2022,RREO,6,B,Governo do Estado do Amapá,16,AP,877613,RREO-Anexo 03,E,Padrão,<MR-11>,IPVALiquidoExcetoTransferenciasEFUNDEB,IPVA,6574611.67,AP,16,2022,6
2022,RREO,6,B,Governo do Estado do Amapá,16,AP,877613,RREO-Anexo 03,E,Padrão,<MR-10>,IPVALiquidoExcetoTransferenciasEFUNDEB,IPVA,6341597.73,AP,16,2022,6
2022,RREO,6,B,Governo do Estado do Amapá,16,AP,877613,RREO-Anexo 03,E,Padrão,<MR-9>,IPVALiquidoExcetoTransferenciasEFUNDEB,IPVA,20901787.65,AP,16,2022,6
2022,RREO,6,B,Governo do Estado do Amapá,16,AP,877613,RREO-Anexo 03,E,Padrão,<MR-8>,IPVALiquidoExcetoTransferenciasEFUNDEB,IPVA,3223295.72,AP,16,2022,6
2022,RREO,6,B,Governo do Estado do Amapá,16,AP,877613,RREO-Anexo 03,E,Padrão,<MR-7>,IPVALiquidoExcetoTransferenciasEFUNDEB,IPVA,21155988.06,AP,16,2022,6
2022,RREO,6,B,Governo do Estado do Amapá,16,AP,877613,RREO-Anexo 03,E,Padrão,<MR-6>,IPVALiquidoExcetoTransferenciasEFUNDEB,IPVA,8650322.82,AP,16,2022,6
2022,RREO,6,B,Governo do Estado do Amapá,16,AP,877613,RREO-Anexo 03,E,Padrão,<MR-5>,IPVALiquidoExcetoTransferenciasEFUNDEB,IPVA,8586921.32,AP,16,2022,6
2022,RREO,6,B,Governo do Estado do Amapá,16,AP,877613,RREO-Anexo 03,E,Padrão,<MR-4>,IPVALiquidoExcetoTransferenciasEFUNDEB,IPVA,9844320.89,AP,16,2022,6
2022,RREO,6,B,Governo do Estado do Amapá,16,AP,877613,RREO-Anexo 03,E,Padrão,<MR-3>,IPVALiquidoExcetoTransferenciasEFUNDEB,IPVA,9361501.8,AP,16,2022,6
2022,RREO,6,B,Governo do Estado do Amapá,16,AP,877613,RREO-Anexo 03,E,Padrão,<MR-2>,IPVALiquidoExcetoTransferenciasEFUNDEB,IPVA,7087932.18,AP,16,2022,6
2022,RREO,6,B,Governo do Estado do Amapá,16,AP,877613,RREO-Anexo 03,E,Padrão,<MR-1>,IPVALiquidoExcetoTransferenciasEFUNDEB,IPVA,6074401.22,AP,16,2022,6
2022,RREO,6,B,Governo do Estado do Amapá,16,AP,877613,RREO-Anexo 03,E,Padrão,<MR>,IPVALiquidoExcetoTransferenciasEFUNDEB,IPVA,6253914.57,AP,16,2022,6
2022,RREO,6,B,Governo do Estado do Amapá,16,AP,877613,RREO-Anexo 03,E,Padrão,TOTAL (ÚLTIMOS 12 MESES),IPVALiquidoExcetoTransferenciasEFUNDEB,IPVA,114056595.63,AP,16,2022,6
2022,RREO,6,B,Governo do Estado do Amapá,16,AP,877613,RREO-Anexo 03,E,Padrão,PREVISÃO ATUALIZADA 2022,IPVALiquidoExcetoTransferenciasEFUNDEB,IPVA,93666473.0,AP,16,2022,6
2022,RREO,6,B,Governo do Estado do Amapá,16,AP,877613,RREO-Anexo 03,E,Padrão,<MR-11>,ITCDLiquidoExcetoTransferenciasEFUNDEB,ITCD,93638.77,AP,16,2022,6
2022,RREO,6,B,Governo do Estado do Amapá,16,AP,877613,RREO-Anexo 03,E,Padrão,<MR-10>,ITCDLiquidoExcetoTransferenciasEFUNDEB,ITCD,371939.46,AP,16,2022,6
2022,RREO,6,B,Governo do Estado do Amapá,16,AP,877613,RREO-Anexo 03,E,Padrão,<MR-9>,ITCDLiquidoExcetoTransferenciasEFUNDEB,ITCD,352269.43,AP,16,2022,6
2022,RREO,6,B,Governo do Estado do Amapá,16,AP,877613,RREO-Anexo 03,E,Padrão,<MR-8>,ITCDLiquidoExcetoTransferenciasEFUNDEB,ITCD,220596.15,AP,16,2022,6
2022,RREO,6,B,Governo do Estado do Amapá,16,AP,877613,RREO-Anexo 03,E,Padrão,<MR-7>,ITCDLiquidoExcetoTransferenciasEFUNDEB,ITCD,367964.54,AP,16,2022,6
2022,RREO,6,B,Governo do Estado do Amapá,16,AP,877613,RREO-Anexo 03,E,Padrão,<MR-6>,ITCDLiquidoExcetoTransferenciasEFUNDEB,ITCD,300028.57,AP,16,2022,6
2022,RREO,6,B,Governo do Estado do Amapá,16,AP,877613,RREO-Anexo 03,E,Padrão,<MR-5>,ITCDLiquidoExcetoTransferenciasEFUNDEB,ITCD,321065.77,AP,16,2022,6
2022,RREO,6,B,Governo do Estado do Amapá,16,AP,877613,RREO-Anexo 03,E,Padrão,<MR-4>,ITCDLiquidoExcetoTransferenciasEFUNDEB,ITCD,628873.85,AP,16,2022,6
2022,RREO,6,B,Governo do Estado do Amapá,16,AP,877613,RREO-Anexo 03,E,Padrão,<MR-3>,ITCDLiquidoExcetoTransferenciasEFUNDEB,ITCD,282492.25,AP,16,2022,6
2022,RREO,6,B,Governo do Estado do Amapá,16,AP,877613,RREO-Anexo 03,E,Padrão,<MR-2>,ITCDLiquidoExcetoTransferenciasEFUNDEB,ITCD,280257.14,AP,16,2022,6
2022,RREO,6,B,Governo do Estado do Amapá,16,AP,877613,RREO-Anexo 03,E,Padrão,<MR-1>,ITCDLiquidoExcetoTransferenciasEFUNDEB,ITCD,155518.73,AP,16,2022,6
2022,RREO,6,B,Governo do Estado do Amapá,16,AP,877613,RREO-Anexo 03,E,Padrão,<MR>,ITCDLiquidoExcetoTransferenciasEFUNDEB,ITCD,193312.58,AP,16,2022,6
2022,RREO,6,B,Governo do Estado do Amapá,16,AP,877613,RREO-Anexo 03,E,Padrão,TOTAL (ÚLTIMOS 12 MESES),ITCDLiquidoExcetoTransferenciasEFUNDEB,ITCD,3567957.24,AP,16,2022,6
2022,RREO,6,B,Governo do Estado do Amapá,16,AP,877613,RREO-Anexo 03,E,Padrão,PREVISÃO ATUALIZADA 2022,ITCDLiquidoExcetoTransferenciasEFUNDEB,ITCD,2826159.0,AP,16,2022,6
2022,RREO,6,B,Governo do Estado do Tocantins,17,TO,1607363,RREO-Anexo 03,E,Padrão,<MR-11>,ICMSLiquidoExcetoTransferenciasEFUNDEB,ICMS,378561959.63,TO,17,2022,6
2022,RREO,6,B,Governo do Estado do Tocantins,17,TO,1607363,RREO-Anexo 03,E,Padrão,<MR-10>,ICMSLiquidoExcetoTransferenciasEFUNDEB,ICMS,327581778.05,TO,17,2022,6
2022,RREO,6,B,Governo do Estado do Tocantins,17,TO,1607363,RREO-Anexo 03,E,Padrão,<MR-9>,ICMSLiquidoExcetoTransferenciasEFUNDEB,ICMS,345626256.78,TO,17,2022,6
2022,RREO,6,B,Governo do Estado do Tocantins,17,TO,1607363,RREO-Anexo 03,E,Padrão,<MR-8>,ICMSLiquidoExcetoTransferenciasEFUNDEB,ICMS,384452882.9,TO,17,2022,6
2022,RREO,6,B,Governo do Estado do Tocantins,17,TO,1607363,RREO-Anexo 03,E,Padrão,<MR-7>,ICMSLiquidoExcetoTransferenciasEFUNDEB,ICMS,377847759.93,TO,17,2022,6
2022,RREO,6,B,Governo do Estado do Tocantins,17,TO,1607363,RREO-Anexo 03,E,Padrão,<MR-6>,ICMSLiquidoExcetoTransferenciasEFUNDEB,ICMS,403860952.56,TO,17,2022,6
2022,RREO,6,B,Governo do Estado do Tocantins,17,TO,1607363,RREO-Anexo 03,E,Padrão,<MR-5>,ICMSLiquidoExcetoTransferenciasEFUNDEB,ICMS,402978727.06,TO,17,2022,6
2022,RREO,6,B,Governo do Estado do Tocantins,17,TO,1607363,RREO-Anexo 03,E,Padrão,<MR-4>,ICMSLiquidoExcetoTransferenciasEFUNDEB,ICMS,373980614.2,TO,17,2022,6
2022,RREO,6,B,Governo do Estado do Tocantins,17,TO,1607363,RREO-Anexo 03,E,Padrão,<MR-3>,ICMSLiquidoExcetoTransferenciasEFUNDEB,ICMS,366521123.26,TO,17,2022,6
2022,RREO,6,B,Governo do Estado do Tocantins,17,TO,1607363,RREO-Anexo 03,E,Padrão,<MR-2>,ICMSLiquidoExcetoTransferenciasEFUNDEB,ICMS,379478221.73,TO,17,2022,6
2022,RREO,6,B,Governo do Estado do Tocantins,17,TO,1607363,RREO-Anexo 03,E,Padrão,<MR-1>,ICMSLiquidoExcetoTransferenciasEFUNDEB,ICMS,381320353.29,TO,17,2022,6
2022,RREO,6,B,Governo do Estado do Tocantins,17,TO,1607363,RREO-Anexo 03,E,Padrão,<MR>,ICMSLiquidoExcetoTransferenciasEFUNDEB,ICMS,382224957.19,TO,17,2022,6
2022,RREO,6,B,Governo do Estado do Tocantins,17,TO,1607363,RREO-Anexo 03,E,Padrão,TOTAL (ÚLTIMOS 12 MESES),ICMSLiquidoExcetoTransferenciasEFUNDEB,ICMS,4504435586.58,TO,17,2022,6
2022,RREO,6,B,Governo do Estado do Tocantins,17,TO,1607363,RREO-Anexo 03,E,Padrão,PREVISÃO ATUALIZADA 2022,ICMSLiquidoExcetoTransferenciasEFUNDEB,ICMS,4066984906.22,TO,17,2022,6
2022,RREO,6,B,Governo do Estado do Tocantins,17,TO,1607363,RREO-Anexo 03,E,Padrão,<MR-11>,IPVALiquidoExcetoTransferenciasEFUNDEB,IPVA,48169265.08,TO,17,2022,6
2022,RREO,6,B,Governo do Estado do Tocantins,17,TO,1607363,RREO-Anexo 03,E,Padrão,<MR-10>,IPVALiquidoExcetoTransferenciasEFUNDEB,IPVA,18429459.84,TO,17,2022,6
2022,RREO,6,B,Governo do Estado do Tocantins,17,TO,1607363,RREO-Anexo 03,E,Padrão,<MR-9>,IPVALiquidoExcetoTransferenciasEFUNDEB,IPVA,18439647.81,TO,17,2022,6
2022,RREO,6,B,Governo do Estado do Tocantins,17,TO,1607363,RREO-Anexo 03,E,Padrão,<MR-8>,IPVALiquidoExcetoTransferenciasEFUNDEB,IPVA,15698126.71,TO,17,2022,6
2022,RREO,6,B,Governo do Estado do Tocantins,17,TO,1607363,RREO-Anexo 03,E,Padrão,<MR-7>,IPVALiquidoExcetoTransferenciasEFUNDEB,IPVA,18265120.69,TO,17,2022,6
2022,RREO,6,B,Governo do Estado do Tocantins,17,TO,1607363,RREO-Anexo 03,E,Padrão,<MR-6>,IPVALiquidoExcetoTransferenciasEFUNDEB,IPVA,19084438.04,TO,17,2022,6
2022,RREO,6,B,Governo do Estado do Tocantins,17,TO,1607363,RREO-Anexo 03,E,Padrão,<MR-5>,IPVALiquidoExcetoTransferenciasEFUNDEB,IPVA,21054754.84,TO,17,2022,6
2022,RREO,6,B,Governo do Estado do Tocantins,17,TO,1607363,RREO-Anexo 03,E,Padrão,<MR-4>,IPVALiquidoExcetoTransferenciasEFUNDEB,IPVA,26051457.58,TO,17,2022,6
2022,RREO,6,B,Governo do Estado do Tocantins,17,TO,1607363,RREO-Anexo 03,E,Padrão,<MR-3>,IPVALiquidoExcetoTransferenciasEFUNDEB,IPVA,36241405.25,TO,17,2022,6
2022,RREO,6,B,Governo do Estado do Tocantins,17,TO,1607363,RREO-Anexo 03,E,Padrão,<MR-2>,IPVALiquidoExcetoTransferenciasEFUNDEB,IPVA,134675556.23,TO,17,2022,6
2022,RREO,6,B,Governo do Estado do Tocantins,17,TO,1607363,RREO-Anexo 03,E,Padrão,<MR-1>,IPVALiquidoExcetoTransferenciasEFUNDEB,IPVA,30631700.51,TO,17,2022,6
2022,RREO,6,B,Governo do Estado do Tocantins,17,TO,1607363,RREO-Anexo 03,E,Padrão,<MR>,IPVALiquidoExcetoTransferenciasEFUNDEB,IPVA,28264677.92,TO,17,2022,6
2022,RREO,6,B,Governo do Estado do Tocantins,17,TO,1607363,RREO-Anexo 03,E,Padrão,TOTAL (ÚLTIMOS 12 MESES),IPVALiquidoExcetoTransferenciasEFUNDEB,IPVA,415005610.5,TO,17,2022,6
2022,RREO,6,B,Governo do Estado do Tocantins,17,TO,1607363,RREO-Anexo 03,E,Padrão,PREVISÃO ATUALIZADA 2022,IPVALiquidoExcetoTransferenciasEFUNDEB,IPVA,302048228.0,TO,17,2022,6
2022,RREO,6,B,Governo do Estado do Tocantins,17,TO,1607363,RREO-Anexo 03,E,Padrão,<MR-11>,ITCDLiquidoExcetoTransferenciasEFUNDEB,ITCD,1283609.21,TO,17,2022,6
2022,RREO,6,B,Governo do Estado do Tocantins,17,TO,1607363,RREO-Anexo 03,E,Padrão,<MR-10>,ITCDLiquidoExcetoTransferenciasEFUNDEB,ITCD,6850578.85,TO,17,2022,6
2022,RREO,6,B,Governo do Estado do Tocantins,17,TO,1607363,RREO-Anexo 03,E,Padrão,<MR-9>,ITCDLiquidoExcetoTransferenciasEFUNDEB,ITCD,6219350.78,TO,17,2022,6
2022,RREO,6,B,Governo do Estado do Tocantins,17,TO,1607363,RREO-Anexo 03,E,Padrão,<MR-8>,ITCDLiquidoExcetoTransferenciasEFUNDEB,ITCD,4706043.46,TO,17,2022,6
2022,RREO,6,B,Governo do Estado do Tocantins,17,TO,1607363,RREO-Anexo 03,E,Padrão,<MR-7>,ITCDLiquidoExcetoTransferenciasEFUNDEB,ITCD,4482509.52,TO,17,2022,6
2022,RREO,6,B,Governo do Estado do Tocantins,17,TO,1607363,RREO-Anexo 03,E,Padrão,<MR-6>,ITCDLiquidoExcetoTransferenciasEFUNDEB,ITCD,5676695.58,TO,17,2022,6
2022,RREO,6,B,Governo do Estado do Tocantins,17,TO,1607363,RREO-Anexo 03,E,Padrão,<MR-5>,ITCDLiquidoExcetoTransferenciasEFUNDEB,ITCD,7899482.34,TO,17,2022,6
2022,RREO,6,B,Governo do Estado do Tocantins,17,TO,1607363,RREO-Anexo 03,E,Padrão,<MR-4>,ITCDLiquidoExcetoTransferenciasEFUNDEB,ITCD,4416120.88,TO,17,2022,6
2022,RREO,6,B,Governo do Estado do Tocantins,17,TO,1607363,RREO-Anexo 03,E,Padrão,<MR-3>,ITCDLiquidoExcetoTransferenciasEFUNDEB,ITCD,6357960.93,TO,17,2022,6
2022,RREO,6,B,Governo do Estado do Tocantins,17,TO,1607363,RREO-Anexo 03,E,Padrão,<MR-2>,ITCDLiquidoExcetoTransferenciasEFUNDEB,ITCD,5878828.56,TO,17,2022,6
2022,RREO,6,B,Governo do Estado do Tocantins,17,TO,1607363,RREO-Anexo 03,E,Padrão,<MR-1>,ITCDLiquidoExcetoTransferenciasEFUNDEB,ITCD,7945223.77,TO,17,2022,6
2022,RREO,6,B,Governo do Estado do Tocantins,17,TO,1607363,RREO-Anexo 03,E,Padrão,<MR>,ITCDLiquidoExcetoTransferenciasEFUNDEB,ITCD,4843401.41,TO,17,2022,6
2022,RREO,6,B,Governo do Estado do Tocantins,17,TO,1607363,RREO-Anexo 03,E,Padrão,TOTAL (ÚLTIMOS 12 MESES),ITCDLiquidoExcetoTransferenciasEFUNDEB,ITCD,66559805.29,TO,17,2022,6
2022,RREO,6,B,Governo do Estado do Tocantins,17,TO,1607363,RREO-Anexo 03,E,Padrão,PREVISÃO ATUALIZADA 2022,ITCDLiquidoExcetoTransferenciasEFUNDEB,ITCD,25609723.0,TO,17,2022,6
2022,RREO,6,B,Governo do Estado do Maranhão,21,MA,7153262,RREO-Anexo 03,E,Padrão,<MR-11>,ICMSLiquidoExcetoTransferenciasEFUNDEB,ICMS,935514440.53,MA,21,2022,6
2022,RREO,6,B,Governo do Estado do Maranhão,21,MA,7153262,RREO-Anexo 03,E,Padrão,<MR-10>,ICMSLiquidoExcetoTransferenciasEFUNDEB,ICMS,775194682.0,MA,21,2022,6
2022,RREO,6,B,Governo do Estado do Maranhão,21,MA,7153262,RREO-Anexo 03,E,Padrão,<MR-9>,ICMSLiquidoExcetoTransferenciasEFUNDEB,ICMS,878824334.69,MA,21,2022,6
2022,RREO,6,B,Governo do Estado do Maranhão,21,MA,7153262,RREO-Anexo 03,E,Padrão,<MR-8>,ICMSLiquidoExcetoTransferenciasEFUNDEB,ICMS,920873190.84,MA,21,2022,6
2022,RREO,6,B,Governo do Estado do Maranhão,21,MA,7153262,RREO-Anexo 03,E,Padrão,<MR-7>,ICMSLiquidoExcetoTransferenciasEFUNDEB,ICMS,870580571.17,MA,21,2022,6
2022,RREO,6,B,Governo do Estado do Maranhão,21,MA,7153262,RREO-Anexo 03,E,Padrão,<MR-6>,ICMSLiquidoExcetoTransferenciasEFUNDEB,ICMS,1205403349.42,MA,21,2022,6
2022,RREO,6,B,Governo do Estado do Maranhão,21,MA,7153262,RREO-Anexo 03,E,Padrão,<MR-5>,ICMSLiquidoExcetoTransferenciasEFUNDEB,ICMS,866892064.05,MA,21,2022,6
2022,RREO,6,B,Governo do Estado do Maranhão,21,MA,7153262,RREO-Anexo 03,E,Padrão,<MR-4>,ICMSLiquidoExcetoTransferenciasEFUNDEB,ICMS,1023799787.52,MA,21,2022,6
2022,RREO,6,B,Governo do Estado do Maranhão,21,MA,7153262,RREO-Anexo 03,E,Padrão,<MR-3>,ICMSLiquidoExcetoTransferenciasEFUNDEB,ICMS,1268179380.5,MA,21,2022,6
2022,RREO,6,B,Governo do Estado do Maranhão,21,MA,7153262,RREO-Anexo 03,E,Padrão,<MR-2>,ICMSLiquidoExcetoTransferenciasEFUNDEB,ICMS,954896922.33,MA,21,2022,6
2022,RREO,6,B,Governo do Estado do Maranhão,21,MA,7153262,RREO-Anexo 03,E,Padrão,<MR-1>,ICMSLiquidoExcetoTransferenciasEFUNDEB,ICMS,839268225.81,MA,21,2022,6
2022,RREO,6,B,Governo do Estado do Maranhão,21,MA,7153262,RREO-Anexo 03,E,Padrão,<MR>,ICMSLiquidoExcetoTransferenciasEFUNDEB,ICMS,930017529.37,MA,21,2022,6
2022,RREO,6,B,Governo do Estado do Maranhão,21,MA,7153262,RREO-Anexo 03,E,Padrão,TOTAL (ÚLTIMOS 12 MESES),ICMSLiquidoExcetoTransferenciasEFUNDEB,ICMS,11469444478.23,MA,21,2022,6
2022,RREO,6,B,Governo do Estado do Maranhão,21,MA,7153262,RREO-Anexo 03,E,Padrão,PREVISÃO ATUALIZADA 2022,ICMSLiquidoExcetoTransferenciasEFUNDEB,ICMS,10000537000.0,MA,21,2022,6
2022,RREO,6,B,Governo do Estado do Maranhão,21,MA,7153262,RREO-Anexo 03,E,Padrão,<MR-11>,IPVALiquidoExcetoTransferenciasEFUNDEB,IPVA,52134974.52,MA,21,2022,6
2022,RREO,6,B,Governo do Estado do Maranhão,21,MA,7153262,RREO-Anexo 03,E,Padrão,<MR-10>,IPVALiquidoExcetoTransferenciasEFUNDEB,IPVA,100491716.42,MA,21,2022,6
2022,RREO,6,B,Governo do Estado do Maranhão,21,MA,7153262,RREO-Anexo 03,E,Padrão,<MR-9>,IPVALiquidoExcetoTransferenciasEFUNDEB,IPVA,114578362.46,MA,21,2022,6
2022,RREO,6,B,Governo do Estado do Maranhão,21,MA,7153262,RREO-Anexo 03,E,Padrão,<MR-8>,IPVALiquidoExcetoTransferenciasEFUNDEB,IPVA,75390587.54,MA,21,2022,6
2022,RREO,6,B,Governo do Estado do Maranhão,21,MA,7153262,RREO-Anexo 03,E,Padrão,<MR-7>,IPVALiquidoExcetoTransferenciasEFUNDEB,IPVA,85153423.88,MA,21,2022,6
2022,RREO,6,B,Governo do Estado do Maranhão,21,MA,7153262,RREO-Anexo 03,E,Padrão,<MR-6>,IPVALiquidoExcetoTransferenciasEFUNDEB,IPVA,62546179.1,MA,21,2022,6
2022,RREO,6,B,Governo do Estado do Maranhão,21,MA,7153262,RREO-Anexo 03,E,Padrão,<MR-5>,IPVALiquidoExcetoTransferenciasEFUNDEB,IPVA,48130255.6,MA,21,2022,6
2022,RREO,6,B,Governo do Estado do Maranhão,21,MA,7153262,RREO-Anexo 03,E,Padrão,<MR-4>,IPVALiquidoExcetoTransferenciasEFUNDEB,IPVA,41593675.66,MA,21,2022,6
2022,RREO,6,B,Governo do Estado do Maranhão,21,MA,7153262,RREO-Anexo 03,E,Padrão,<MR-3>,IPVALiquidoExcetoTransferenciasEFUNDEB,IPVA,31231570.47,MA,21,2022,6
2022,RREO,6,B,Governo do Estado do Maranhão,21,MA,7153262,RREO-Anexo 03,E,Padrão,<MR-2>,IPVALiquidoExcetoTransferenciasEFUNDEB,IPVA,23060073.64,MA,21,2022,6
2022,RREO,6,B,Governo do Estado do Maranhão,21,MA,7153262,RREO-Anexo 03,E,Padrão,<MR-1>,IPVALiquidoExcetoTransferenciasEFUNDEB,IPVA,20146398.25,MA,21,2022,6
2022,RREO,6,B,Governo do Estado do Maranhão,21,MA,7153262,RREO-Anexo 03,E,Padrão,<MR>,IPVALiquidoExcetoTransferenciasEFUNDEB,IPVA,26245166.41,MA,21,2022,6
2022,RREO,6,B,Governo do Estado do Maranhão,21,MA,7153262,RREO-Anexo 03,E,Padrão,TOTAL (ÚLTIMOS 12 MESES),IPVALiquidoExcetoTransferenciasEFUNDEB,IPVA,680702383.95,MA,21,2022,6
2022,RREO,6,B,Governo do Estado do Maranhão,21,MA,7153262,RREO-Anexo 03,E,Padrão,PREVISÃO ATUALIZADA 2022,IPVALiquidoExcetoTransferenciasEFUNDEB,IPVA,694763000.0,MA,21,2022,6
2022,RREO,6,B,Governo do Estado do Maranhão,21,MA,7153262,RREO-Anexo 03,E,Padrão,<MR-11>,ITCDLiquidoExcetoTransferenciasEFUNDEB,ITCD,1371392.11,MA,21,2022,6
2022,RREO,6,B,Governo do Estado do Maranhão,21,MA,7153262,RREO-Anexo 03,E,Padrão,<MR-10>,ITCDLiquidoExcetoTransferenciasEFUNDEB,ITCD,3046834.74,MA,21,2022,6
2022,RREO,6,B,Governo do Estado do Maranhão,21,MA,7153262,RREO-Anexo 03,E,Padrão,<MR-9>,ITCDLiquidoExcetoTransferenciasEFUNDEB,ITCD,4285654.17,MA,21,2022,6
2022,RREO,6,B,Governo do Estado do Maranhão,21,MA,7153262,RREO-Anexo 03,E,Padrão,<MR-8>,ITCDLiquidoExcetoTransferenciasEFUNDEB,ITCD,4039354.46,MA,21,2022,6
2022,RREO,6,B,Governo do Estado do Maranhão,21,MA,7153262,RREO-Anexo 03,E,Padrão,<MR-7>,ITCDLiquidoExcetoTransferenciasEFUNDEB,ITCD,5844355.51,MA,21,2022,6
2022,RREO,6,B,Governo do Estado do Maranhão,21,MA,7153262,RREO-Anexo 03,E,Padrão,<MR-6>,ITCDLiquidoExcetoTransferenciasEFUNDEB,ITCD,5483575.19,MA,21,2022,6
2022,RREO,6,B,Governo do Estado do Maranhão,21,MA,7153262,RREO-Anexo 03,E,Padrão,<MR-5>,ITCDLiquidoExcetoTransferenciasEFUNDEB,ITCD,4820075.43,MA,21,2022,6
2022,RREO,6,B,Governo do Estado do Maranhão,21,MA,7153262,RREO-Anexo 03,E,Padrão,<MR-4>,ITCDLiquidoExcetoTransferenciasEFUNDEB,ITCD,5567255.84,MA,21,2022,6
2022,RREO,6,B,Governo do Estado do Maranhão,21,MA,7153262,RREO-Anexo 03,E,Padrão,<MR-3>,ITCDLiquidoExcetoTransferenciasEFUNDEB,ITCD,6031827.62,MA,21,2022,6
2022,RREO,6,B,Governo do Estado do Maranhão,21,MA,7153262,RREO-Anexo 03,E,Padrão,<MR-2>,ITCDLiquidoExcetoTransferenciasEFUNDEB,ITCD,6191183.27,MA,21,2022,6
2022,RREO,6,B,Governo do Estado do Maranhão,21,MA,7153262,RREO-Anexo 03,E,Padrão,<MR-1>,ITCDLiquidoExcetoTransferenciasEFUNDEB,ITCD,4144017.31,MA,21,2022,6
2022,RREO,6,B,Governo do Estado do Maranhão,21,MA,7153262,RREO-Anexo 03,E,Padrão,<MR>,ITCDLiquidoExcetoTransferenciasEFUNDEB,ITCD,5766243.09,MA,21,2022,6
2022,RREO,6,B,Governo do Estado do Maranhão,21,MA,7153262,RREO-Anexo 03,E,Padrão,TOTAL (ÚLTIMOS 12 MESES),ITCDLiquidoExcetoTransferenciasEFUNDEB,ITCD,56591768.74,MA,21,2022,6
2022,RREO,6,B,Governo do Estado do Maranhão,21,MA,7153262,RREO-Anexo 03,E,Padrão,PREVISÃO ATUALIZADA 2022,ITCDLiquidoExcetoTransferenciasEFUNDEB,ITCD,32603000.0,MA,21,2022,6
2022,RREO,6,B,Governo do Estado do Piauí,22,PI,3289290,RREO-Anexo 03,E,Padrão,<MR-11>,ICMSLiquidoExcetoTransferenciasEFUNDEB,ICMS,528119245.64,PI,22,2022,6
2022,RREO,6,B,Governo do Estado do Piauí,22,PI,3289290,RREO-Anexo 03,E,Padrão,<MR-10>,ICMSLiquidoExcetoTransferenciasEFUNDEB,ICMS,458399801.32,PI,22,2022,6
2022,RREO,6,B,Governo do Estado do Piauí,22,PI,3289290,RREO-Anexo 03,E,Padrão,<MR-9>,ICMSLiquidoExcetoTransferenciasEFUNDEB,ICMS,446185713.76,PI,22,2022,6
2022,RREO,6,B,Governo do Estado do Piauí,22,PI,3289290,RREO-Anexo 03,E,Padrão,<MR-8>,ICMSLiquidoExcetoTransferenciasEFUNDEB,ICMS,468874472.37,PI,22,2022,6
2022,RREO,6,B,Governo do Estado do Piauí,22,PI,3289290,RREO-Anexo 03,E,Padrão,<MR-7>,ICMSLiquidoExcetoTransferenciasEFUNDEB,ICMS,490018546.09,PI,22,2022,6
2022,RREO,6,B,Governo do Estado do Piauí,22,PI,3289290,RREO-Anexo 03,E,Padrão,<MR-6>,ICMSLiquidoExcetoTransferenciasEFUNDEB,ICMS,514748257.71,PI,22,2022,6
2022,RREO,6,B,Governo do Estado do Piauí,22,PI,3289290,RREO-Anexo 03,E,Padrão,<MR-5>,ICMSLiquidoExcetoTransferenciasEFUNDEB,ICMS,518530987.3,PI,22,2022,6
2022,RREO,6,B,Governo do Estado do Piauí,22,PI,3289290,RREO-Anexo 03,E,Padrão,<MR-4>,ICMSLiquidoExcetoTransferenciasEFUNDEB,ICMS,472770126.6,PI,22,2022,6
2022,RREO,6,B,Governo do Estado do Piauí,22,PI,3289290,RREO-Anexo 03,E,Padrão,<MR-3>,ICMSLiquidoExcetoTransferenciasEFUNDEB,ICMS,477516749.81,PI,22,2022,6
2022,RREO,6,B,Governo do Estado do Piauí,22,PI,3289290,RREO-Anexo 03,E,Padrão,<MR-2>,ICMSLiquidoExcetoTransferenciasEFUNDEB,ICMS,449985347.63,PI,22,2022,6
2022,RREO,6,B,Governo do Estado do Piauí,22,PI,3289290,RREO-Anexo 03,E,Padrão,<MR-1>,ICMSLiquidoExcetoTransferenciasEFUNDEB,ICMS,486575523.52,PI,22,2022,6
2022,RREO,6,B,Governo do Estado do Piauí,22,PI,3289290,RREO-Anexo 03,E,Padrão,<MR>,ICMSLiquidoExcetoTransferenciasEFUNDEB,ICMS,460832033.95,PI,22,2022,6
2022,RREO,6,B,Governo do Estado do Piauí,22,PI,3289290,RREO-Anexo 03,E,Padrão,TOTAL (ÚLTIMOS 12 MESES),ICMSLiquidoExcetoTransferenciasEFUNDEB,ICMS,5772556805.7,PI,22,2022,6
2022,RREO,6,B,Governo do Estado do Piauí,22,PI,3289290,RREO-Anexo 03,E,Padrão,PREVISÃO ATUALIZADA 2022,ICMSLiquidoExcetoTransferenciasEFUNDEB,ICMS,5711056404.0,PI,22,2022,6
2022,RREO,6,B,Governo do Estado do Piauí,22,PI,3289290,RREO-Anexo 03,E,Padrão,<MR-11>,IPVALiquidoExcetoTransferenciasEFUNDEB,IPVA,182311111.22,PI,22,2022,6
2022,RREO,6,B,Governo do Estado do Piauí,22,PI,3289290,RREO-Anexo 03,E,Padrão,<MR-10>,IPVALiquidoExcetoTransferenciasEFUNDEB,IPVA,43613050.19,PI,22,2022,6
2022,RREO,6,B,Governo do Estado do Piauí,22,PI,3289290,RREO-Anexo 03,E,Padrão,<MR-9>,IPVALiquidoExcetoTransferenciasEFUNDEB,IPVA,65201893.25,PI,22,2022,6
2022,RREO,6,B,Governo do Estado do Piauí,22,PI,3289290,RREO-Anexo 03,E,Padrão,<MR-8>,IPVALiquidoExcetoTransferenciasEFUNDEB,IPVA,37911477.7,PI,22,2022,6
2022,RREO,6,B,Governo do Estado do Piauí,22,PI,3289290,RREO-Anexo 03,E,Padrão,<MR-7>,IPVALiquidoExcetoTransferenciasEFUNDEB,IPVA,47588843.08,PI,22,2022,6
2022,RREO,6,B,Governo do Estado do Piauí,22,PI,3289290,RREO-Anexo 03,E,Padrão,<MR-6>,IPVALiquidoExcetoTransferenciasEFUNDEB,IPVA,26689334.93,PI,22,2022,6
2022,RREO,6,B,Governo do Estado do Piauí,22,PI,3289290,RREO-Anexo 03,E,Padrão,<MR-5>,IPVALiquidoExcetoTransferenciasEFUNDEB,IPVA,20278474.38,PI,22,2022,6
2022,RREO,6,B,Governo do Estado do Piauí,22,PI,3289290,RREO-Anexo 03,E,Padrão,<MR-4>,IPVALiquidoExcetoTransferenciasEFUNDEB,IPVA,16433583.65,PI,22,2022,6
2022,RREO,6,B,Governo do Estado do Piauí,22,PI,3289290,RREO-Anexo 03,E,Padrão,<MR-3>,IPVALiquidoExcetoTransferenciasEFUNDEB,IPVA,12426757.12,PI,22,2022,6
2022,RREO,6,B,Governo do Estado do Piauí,22,PI,3289290,RREO-Anexo 03,E,Padrão,<MR-2>,IPVALiquidoExcetoTransferenciasEFUNDEB,IPVA,10252166.12,PI,22,2022,6
2022,RREO,6,B,Governo do Estado do Piauí,22,PI,3289290,RREO-Anexo 03,E,Padrão,<MR-1>,IPVALiquidoExcetoTransferenciasEFUNDEB,IPVA,8596024.25,PI,22,2022,6
2022,RREO,6,B,Governo do Estado do Piauí,22,PI,3289290,RREO-Anexo 03,E,Padrão,<MR>,IPVALiquidoExcetoTransferenciasEFUNDEB,IPVA,10037221.37,PI,22,2022,6
2022,RREO,6,B,Governo do Estado do Piauí,22,PI,3289290,RREO-Anexo 03,E,Padrão,TOTAL (ÚLTIMOS 12 MESES),IPVALiquidoExcetoTransferenciasEFUNDEB,IPVA,481339937.26,PI,22,2022,6
2022,RREO,6,B,Governo do Estado do Piauí,22,PI,3289290,RREO-Anexo 03,E,Padrão,PREVISÃO ATUALIZADA 2022,IPVALiquidoExcetoTransferenciasEFUNDEB,IPVA,411981169.0,PI,22,2022,6
2022,RREO,6,B,Governo do Estado do Piauí,22,PI,3289290,RREO-Anexo 03,E,Padrão,<MR-11>,ITCDLiquidoExcetoTransferenciasEFUNDEB,ITCD,4474559.41,PI,22,2022,6
2022,RREO,6,B,Governo do Estado do Piauí,22,PI,3289290,RREO-Anexo 03,E,Padrão,<MR-10>,ITCDLiquidoExcetoTransferenciasEFUNDEB,ITCD,6573078.16,PI,22,2022,6
2022,RREO,6,B,Governo do Estado do Piauí,22,PI,3289290,RREO-Anexo 03,E,Padrão,<MR-9>,ITCDLiquidoExcetoTransferenciasEFUNDEB,ITCD,5008688.29,PI,22,2022,6
2022,RREO,6,B,Governo do Estado do Piauí,22,PI,3289290,RREO-Anexo 03,E,Padrão,<MR-8>,ITCDLiquidoExcetoTransferenciasEFUNDEB,ITCD,4908052.76,PI,22,2022,6
2022,RREO,6,B,Governo do Estado do Piauí,22,PI,3289290,RREO-Anexo 03,E,Padrão,<MR-7>,ITCDLiquidoExcetoTransferenciasEFUNDEB,ITCD,5165986.29,PI,22,2022,6
2022,RREO,6,B,Governo do Estado do Piauí,22,PI,3289290,RREO-Anexo 03,E,Padrão,<MR-6>,ITCDLiquidoExcetoTransferenciasEFUNDEB,ITCD,1938043.06,PI,22,2022,6
2022,RREO,6,B,Governo do Estado do Piauí,22,PI,3289290,RREO-Anexo 03,E,Padrão,<MR-5>,ITCDLiquidoExcetoTransferenciasEFUNDEB,ITCD,2392612.04,PI,22,2022,6
2022,RREO,6,B,Governo do Estado do Piauí,22,PI,3289290,RREO-Anexo 03,E,Padrão,<MR-4>,ITCDLiquidoExcetoTransferenciasEFUNDEB,ITCD,1800549.76,PI,22,2022,6
2022,RREO,6,B,Governo do Estado do Piauí,22,PI,3289290,RREO-Anexo 03,E,Padrão,<MR-3>,ITCDLiquidoExcetoTransferenciasEFUNDEB,ITCD,2432258.92,PI,22,2022,6
2022,RREO,6,B,Governo do Estado do Piauí,22,PI,3289290,RREO-Anexo 03,E,Padrão,<MR-2>,ITCDLiquidoExcetoTransferenciasEFUNDEB,ITCD,2908704.29,PI,22,2022,6
2022,RREO,6,B,Governo do Estado do Piauí,22,PI,3289290,RREO-Anexo 03,E,Padrão,<MR-1>,ITCDLiquidoExcetoTransferenciasEFUNDEB,ITCD,2395932.42,PI,22,2022,6
2022,RREO,6,B,Governo do Estado do Piauí,22,PI,3289290,RREO-Anexo 03,E,Padrão,<MR>,ITCDLiquidoExcetoTransferenciasEFUNDEB,ITCD,2940856.66,PI,22,2022,6
2022,RREO,6,B,Governo do Estado do Piauí,22,PI,3289290,RREO-Anexo 03,E,Padrão,TOTAL (ÚLTIMOS 12 MESES),ITCDLiquidoExcetoTransferenciasEFUNDEB,ITCD,42939322.06,PI,22,2022,6
2022,RREO,6,B,Governo do Estado do Piauí,22,PI,3289290,RREO-Anexo 03,E,Padrão,PREVISÃO ATUALIZADA 2022,ITCDLiquidoExcetoTransferenciasEFUNDEB,ITCD,37328927.0,PI,22,2022,6
2022,RREO,6,B,Governo do Estado do Ceará,23,CE,9240580,RREO-Anexo 03,E,Padrão,<MR-11>,ICMSLiquidoExcetoTransferenciasEFUNDEB,ICMS,1499061888.22,CE,23,2022,6
2022,RREO,6,B,Governo do Estado do Ceará,23,CE,9240580,RREO-Anexo 03,E,Padrão,<MR-10>,ICMSLiquidoExcetoTransferenciasEFUNDEB,ICMS,1325085684.1,CE,23,2022,6
2022,RREO,6,B,Governo do Estado do Ceará,23,CE,9240580,RREO-Anexo 03,E,Padrão,<MR-9>,ICMSLiquidoExcetoTransferenciasEFUNDEB,ICMS,1283940543.15,CE,23,2022,6
2022,RREO,6,B,Governo do Estado do Ceará,23,CE,9240580,RREO-Anexo 03,E,Padrão,<MR-8>,ICMSLiquidoExcetoTransferenciasEFUNDEB,ICMS,1489900583.39,CE,23,2022,6
2022,RREO,6,B,Governo do Estado do Ceará,23,CE,9240580,RREO-Anexo 03,E,Padrão,<MR-7>,ICMSLiquidoExcetoTransferenciasEFUNDEB,ICMS,1381193445.05,CE,23,2022,6
2022,RREO,6,B,Governo do Estado do Ceará,23,CE,9240580,RREO-Anexo 03,E,Padrão,<MR-6>,ICMSLiquidoExcetoTransferenciasEFUNDEB,ICMS,1511160622.99,CE,23,2022,6
2022,RREO,6,B,Governo do Estado do Ceará,23,CE,9240580,RREO-Anexo 03,E,Padrão,<MR-5>,ICMSLiquidoExcetoTransferenciasEFUNDEB,ICMS,1488954004.13,CE,23,2022,6
2022,RREO,6,B,Governo do Estado do Ceará,23,CE,9240580,RREO-Anexo 03,E,Padrão,<MR-4>,ICMSLiquidoExcetoTransferenciasEFUNDEB,ICMS,1388256041.85,CE,23,2022,6
2022,RREO,6,B,Governo do Estado do Ceará,23,CE,9240580,RREO-Anexo 03,E,Padrão,<MR-3>,ICMSLiquidoExcetoTransferenciasEFUNDEB,ICMS,1490622924.84,CE,23,2022,6
2022,RREO,6,B,Governo do Estado do Ceará,23,CE,9240580,RREO-Anexo 03,E,Padrão,<MR-2>,ICMSLiquidoExcetoTransferenciasEFUNDEB,ICMS,1463931501.63,CE,23,2022,6
2022,RREO,6,B,Governo do Estado do Ceará,23,CE,9240580,RREO-Anexo 03,E,Padrão,<MR-1>,ICMSLiquidoExcetoTransferenciasEFUNDEB,ICMS,1408802522.2,CE,23,2022,6
2022,RREO,6,B,Governo do Estado do Ceará,23,CE,9240580,RREO-Anexo 03,E,Padrão,<MR>,ICMSLiquidoExcetoTransferenciasEFUNDEB,ICMS,1393757938.84,CE,23,2022,6
2022,RREO,6,B,Governo do Estado do Ceará,23,CE,9240580,RREO-Anexo 03,E,Padrão,TOTAL (ÚLTIMOS 12 MESES),ICMSLiquidoExcetoTransferenciasEFUNDEB,ICMS,17124667700.39,CE,23,2022,6
2022,RREO,6,B,Governo do Estado do Ceará,23,CE,9240580,RREO-Anexo 03,E,Padrão,PREVISÃO ATUALIZADA 2022,ICMSLiquidoExcetoTransferenciasEFUNDEB,ICMS,15586028476.0,CE,23,2022,6
2022,RREO,6,B,Governo do Estado do Ceará,23,CE,9240580,RREO-Anexo 03,E,Padrão,<MR-11>,IPVALiquidoExcetoTransferenciasEFUNDEB,IPVA,410461171.41,CE,23,2022,6
2022,RREO,6,B,Governo do Estado do Ceará,23,CE,9240580,RREO-Anexo 03,E,Padrão,<MR-10>,IPVALiquidoExcetoTransferenciasEFUNDEB,IPVA,175157888.8,CE,23,2022,6
2022,RREO,6,B,Governo do Estado do Ceará,23,CE,9240580,RREO-Anexo 03,E,Padrão,<MR-9>,IPVALiquidoExcetoTransferenciasEFUNDEB,IPVA,181169157.91,CE,23,2022,6
2022,RREO,6,B,Governo do Estado do Ceará,23,CE,9240580,RREO-Anexo 03,E,Padrão,<MR-8>,IPVALiquidoExcetoTransferenciasEFUNDEB,IPVA,161296220.35,CE,23,2022,6
2022,RREO,6,B,Governo do Estado do Ceará,23,CE,9240580,RREO-Anexo 03,E,Padrão,<MR-7>,IPVALiquidoExcetoTransferenciasEFUNDEB,IPVA,167769913.49,CE,23,2022,6
2022,RREO,6,B,Governo do Estado do Ceará,23,CE,9240580,RREO-Anexo 03,E,Padrão,<MR-6>,IPVALiquidoExcetoTransferenciasEFUNDEB,IPVA,148050237.01,CE,23,2022,6
2022,RREO,6,B,Governo do Estado do Ceará,23,CE,9240580,RREO-Anexo 03,E,Padrão,<MR-5>,IPVALiquidoExcetoTransferenciasEFUNDEB,IPVA,54861579.25,CE,23,2022,6
2022,RREO,6,B,Governo do Estado do Ceará,23,CE,9240580,RREO-Anexo 03,E,Padrão,<MR-4>,IPVALiquidoExcetoTransferenciasEFUNDEB,IPVA,47866924.23,CE,23,2022,6
2022,RREO,6,B,Governo do Estado do Ceará,23,CE,9240580,RREO-Anexo 03,E,Padrão,<MR-3>,IPVALiquidoExcetoTransferenciasEFUNDEB,IPVA,38174561.89,CE,23,2022,6
2022,RREO,6,B,Governo do Estado do Ceará,23,CE,9240580,RREO-Anexo 03,E,Padrão,<MR-2>,IPVALiquidoExcetoTransferenciasEFUNDEB,IPVA,31022724.8,CE,23,2022,6
2022,RREO,6,B,Governo do Estado do Ceará,23,CE,9240580,RREO-Anexo 03,E,Padrão,<MR-1>,IPVALiquidoExcetoTransferenciasEFUNDEB,IPVA,28880295.72,CE,23,2022,6
2022,RREO,6,B,Governo do Estado do Ceará,23,CE,9240580,RREO-Anexo 03,E,Padrão,<MR>,IPVALiquidoExcetoTransferenciasEFUNDEB,IPVA,34916836.09,CE,23,2022,6
2022,RREO,6,B,Governo do Estado do Ceará,23,CE,9240580,RREO-Anexo 03,E,Padrão,TOTAL (ÚLTIMOS 12 MESES),IPVALiquidoExcetoTransferenciasEFUNDEB,IPVA,1479627510.95,CE,23,2022,6
2022,RREO,6,B,Governo do Estado do Ceará,23,CE,9240580,RREO-Anexo 03,E,Padrão,PREVISÃO ATUALIZADA 2022,IPVALiquidoExcetoTransferenciasEFUNDEB,IPVA,1486399138.93,CE,23,2022,6
2022,RREO,6,B,Governo do Estado do Ceará,23,CE,9240580,RREO-Anexo 03,E,Padrão,<MR-11>,ITCDLiquidoExcetoTransferenciasEFUNDEB,ITCD,11550168.41,CE,23,2022,6
2022,RREO,6,B,Governo do Estado do Ceará,23,CE,9240580,RREO-Anexo 03,E,Padrão,<MR-10>,ITCDLiquidoExcetoTransferenciasEFUNDEB,ITCD,7819569.94,CE,23,2022,6
2022,RREO,6,B,Governo do Estado do Ceará,23,CE,9240580,RREO-Anexo 03,E,Padrão,<MR-9>,ITCDLiquidoExcetoTransferenciasEFUNDEB,ITCD,9154503.92,CE,23,2022,6
2022,RREO,6,B,Governo do Estado do Ceará,23,CE,9240580,RREO-Anexo 03,E,Padrão,<MR-8>,ITCDLiquidoExcetoTransferenciasEFUNDEB,ITCD,8175921.73,CE,23,2022,6
2022,RREO,6,B,Governo do Estado do Ceará,23,CE,9240580,RREO-Anexo 03,E,Padrão,<MR-7>,ITCDLiquidoExcetoTransferenciasEFUNDEB,ITCD,12131875.21,CE,23,2022,6
2022,RREO,6,B,Governo do Estado do Ceará,23,CE,9240580,RREO-Anexo 03,E,Padrão,<MR-6>,ITCDLiquidoExcetoTransferenciasEFUNDEB,ITCD,10886908.46,CE,23,2022,6
2022,RREO,6,B,Governo do Estado do Ceará,23,CE,9240580,RREO-Anexo 03,E,Padrão,<MR-5>,ITCDLiquidoExcetoTransferenciasEFUNDEB,ITCD,11703148.72,CE,23,2022,6
2022,RREO,6,B,Governo do Estado do Ceará,23,CE,9240580,RREO-Anexo 03,E,Padrão,<MR-4>,ITCDLiquidoExcetoTransferenciasEFUNDEB,ITCD,12967180.66,CE,23,2022,6
2022,RREO,6,B,Governo do Estado do Ceará,23,CE,9240580,RREO-Anexo 03,E,Padrão,<MR-3>,ITCDLiquidoExcetoTransferenciasEFUNDEB,ITCD,6513249.87,CE,23,2022,6
2022,RREO,6,B,Governo do Estado do Ceará,23,CE,9240580,RREO-Anexo 03,E,Padrão,<MR-2>,ITCDLiquidoExcetoTransferenciasEFUNDEB,ITCD,26672703.18,CE,23,2022,6
2022,RREO,6,B,Governo do Estado do Ceará,23,CE,9240580,RREO-Anexo 03,E,Padrão,<MR-1>,ITCDLiquidoExcetoTransferenciasEFUNDEB,ITCD,9207781.16,CE,23,2022,6
2022,RREO,6,B,Governo do Estado do Ceará,23,CE,9240580,RREO-Anexo 03,E,Padrão,<MR>,ITCDLiquidoExcetoTransferenciasEFUNDEB,ITCD,14576230.56,CE,23,2022,6
2022,RREO,6,B,Governo do Estado do Ceará,23,CE,9240580,RREO-Anexo 03,E,Padrão,TOTAL (ÚLTIMOS 12 MESES),ITCDLiquidoExcetoTransferenciasEFUNDEB,ITCD,141359241.82,CE,23,2022,6
2022,RREO,6,B,Governo do Estado do Ceará,23,CE,9240580,RREO-Anexo 03,E,Padrão,PREVISÃO ATUALIZADA 2022,ITCDLiquidoExcetoTransferenciasEFUNDEB,ITCD,84507727.0,CE,23,2022,6
2022,RREO,6,B,Governo do Estado do Rio Grande do Norte,24,RN,3560903,RREO-Anexo 03,E,Padrão,<MR-11>,ICMSLiquidoExcetoTransferenciasEFUNDEB,ICMS,639866447.53,RN,24,2022,6
2022,RREO,6,B,Governo do Estado do Rio Grande do Norte,24,RN,3560903,RREO-Anexo 03,E,Padrão,<MR-10>,ICMSLiquidoExcetoTransferenciasEFUNDEB,ICMS,518255410.46,RN,24,2022,6
2022,RREO,6,B,Governo do Estado do Rio Grande do Norte,24,RN,3560903,RREO-Anexo 03,E,Padrão,<MR-9>,ICMSLiquidoExcetoTransferenciasEFUNDEB,ICMS,643883896.77,RN,24,2022,6
2022,RREO,6,B,Governo do Estado do Rio Grande do Norte,24,RN,3560903,RREO-Anexo 03,E,Padrão,<MR-8>,ICMSLiquidoExcetoTransferenciasEFUNDEB,ICMS,568501677.1,RN,24,2022,6
2022,RREO,6,B,Governo do Estado do Rio Grande do Norte,24,RN,3560903,RREO-Anexo 03,E,Padrão,<MR-7>,ICMSLiquidoExcetoTransferenciasEFUNDEB,ICMS,599478963.67,RN,24,2022,6
2022,RREO,6,B,Governo do Estado do Rio Grande do Norte,24,RN,3560903,RREO-Anexo 03,E,Padrão,<MR-6>,ICMSLiquidoExcetoTransferenciasEFUNDEB,ICMS,605141829.85,RN,24,2022,6
2022,RREO,6,B,Governo do Estado do Rio Grande do Norte,24,RN,3560903,RREO-Anexo 03,E,Padrão,<MR-5>,ICMSLiquidoExcetoTransferenciasEFUNDEB,ICMS,626760558.86,RN,24,2022,6
2022,RREO,6,B,Governo do Estado do Rio Grande do Norte,24,RN,3560903,RREO-Anexo 03,E,Padrão,<MR-4>,ICMSLiquidoExcetoTransferenciasEFUNDEB,ICMS,624353129.33,RN,24,2022,6
2022,RREO,6,B,Governo do Estado do Rio Grande do Norte,24,RN,3560903,RREO-Anexo 03,E,Padrão,<MR-3>,ICMSLiquidoExcetoTransferenciasEFUNDEB,ICMS,592681740.14,RN,24,2022,6
2022,RREO,6,B,Governo do Estado do Rio Grande do Norte,24,RN,3560903,RREO-Anexo 03,E,Padrão,<MR-2>,ICMSLiquidoExcetoTransferenciasEFUNDEB,ICMS,562844281.57,RN,24,2022,6
2022,RREO,6,B,Governo do Estado do Rio Grande do Norte,24,RN,3560903,RREO-Anexo 03,E,Padrão,<MR-1>,ICMSLiquidoExcetoTransferenciasEFUNDEB,ICMS,590548790.02,RN,24,2022,6
2022,RREO,6,B,Governo do Estado do Rio Grande do Norte,24,RN,3560903,RREO-Anexo 03,E,Padrão,<MR>,ICMSLiquidoExcetoTransferenciasEFUNDEB,ICMS,612857201.42,RN,24,2022,6
2022,RREO,6,B,Governo do Estado do Rio Grande do Norte,24,RN,3560903,RREO-Anexo 03,E,Padrão,TOTAL (ÚLTIMOS 12 MESES),ICMSLiquidoExcetoTransferenciasEFUNDEB,ICMS,7185173926.72,RN,24,2022,6
2022,RREO,6,B,Governo do Estado do Rio Grande do Norte,24,RN,3560903,RREO-Anexo 03,E,Padrão,PREVISÃO ATUALIZADA 2022,ICMSLiquidoExcetoTransferenciasEFUNDEB,ICMS,7032332000.0,RN,24,2022,6
2022,RREO,6,B,Governo do Estado do Rio Grande do Norte,24,RN,3560903,RREO-Anexo 03,E,Padrão,<MR-11>,IPVALiquidoExcetoTransferenciasEFUNDEB,IPVA,22894409.15,RN,24,2022,6
2022,RREO,6,B,Governo do Estado do Rio Grande do Norte,24,RN,3560903,RREO-Anexo 03,E,Padrão,<MR-10>,IPVALiquidoExcetoTransferenciasEFUNDEB,IPVA,24212597.79,RN,24,2022,6
2022,RREO,6,B,Governo do Estado do Rio Grande do Norte,24,RN,3560903,RREO-Anexo 03,E,Padrão,<MR-9>,IPVALiquidoExcetoTransferenciasEFUNDEB,IPVA,40678772.33,RN,24,2022,6
2022,RREO,6,B,Governo do Estado do Rio Grande do Norte,24,RN,3560903,RREO-Anexo 03,E,Padrão,<MR-8>,IPVALiquidoExcetoTransferenciasEFUNDEB,IPVA,51763835.84,RN,24,2022,6
2022,RREO,6,B,Governo do Estado do Rio Grande do Norte,24,RN,3560903,RREO-Anexo 03,E,Padrão,<MR-7>,IPVALiquidoExcetoTransferenciasEFUNDEB,IPVA,64892478.44,RN,24,2022,6
2022,RREO,6,B,Governo do Estado do Rio Grande do Norte,24,RN,3560903,RREO-Anexo 03,E,Padrão,<MR-6>,IPVALiquidoExcetoTransferenciasEFUNDEB,IPVA,61110021.39,RN,24,2022,6
2022,RREO,6,B,Governo do Estado do Rio Grande do Norte,24,RN,3560903,RREO-Anexo 03,E,Padrão,<MR-5>,IPVALiquidoExcetoTransferenciasEFUNDEB,IPVA,47899315.6,RN,24,2022,6
2022,RREO,6,B,Governo do Estado do Rio Grande do Norte,24,RN,3560903,RREO-Anexo 03,E,Padrão,<MR-4>,IPVALiquidoExcetoTransferenciasEFUNDEB,IPVA,50549267.62,RN,24,2022,6
2022,RREO,6,B,Governo do Estado do Rio Grande do Norte,24,RN,3560903,RREO-Anexo 03,E,Padrão,<MR-3>,IPVALiquidoExcetoTransferenciasEFUNDEB,IPVA,46087870.99,RN,24,2022,6
2022,RREO,6,B,Governo do Estado do Rio Grande do Norte,24,RN,3560903,RREO-Anexo 03,E,Padrão,<MR-2>,IPVALiquidoExcetoTransferenciasEFUNDEB,IPVA,38894986.2,RN,24,2022,6
2022,RREO,6,B,Governo do Estado do Rio Grande do Norte,24,RN,3560903,RREO-Anexo 03,E,Padrão,<MR-1>,IPVALiquidoExcetoTransferenciasEFUNDEB,IPVA,31331907.21,RN,24,2022,6
2022,RREO,6,B,Governo do Estado do Rio Grande do Norte,24,RN,3560903,RREO-Anexo 03,E,Padrão,<MR>,IPVALiquidoExcetoTransferenciasEFUNDEB,IPVA,27530887.13,RN,24,2022,6
2022,RREO,6,B,Governo do Estado do Rio Grande do Norte,24,RN,3560903,RREO-Anexo 03,E,Padrão,TOTAL (ÚLTIMOS 12 MESES),IPVALiquidoExcetoTransferenciasEFUNDEB,IPVA,507846349.69,RN,24,2022,6
2022,RREO,6,B,Governo do Estado do Rio Grande do Norte,24,RN,3560903,RREO-Anexo 03,E,Padrão,PREVISÃO ATUALIZADA 2022,IPVALiquidoExcetoTransferenciasEFUNDEB,IPVA,582007000.0,RN,24,2022,6
2022,RREO,6,B,Governo do Estado do Rio Grande do Norte,24,RN,3560903,RREO-Anexo 03,E,Padrão,<MR-11>,ITCDLiquidoExcetoTransferenciasEFUNDEB,ITCD,2645565.98,RN,24,2022,6
2022,RREO,6,B,Governo do Estado do Rio Grande do Norte,24,RN,3560903,RREO-Anexo 03,E,Padrão,<MR-10>,ITCDLiquidoExcetoTransferenciasEFUNDEB,ITCD,1573070.94,RN,24,2022,6
2022,RREO,6,B,Governo do Estado do Rio Grande do Norte,24,RN,3560903,RREO-Anexo 03,E,Padrão,<MR-9>,ITCDLiquidoExcetoTransferenciasEFUNDEB,ITCD,2153528.29,RN,24,2022,6
2022,RREO,6,B,Governo do Estado do Rio Grande do Norte,24,RN,3560903,RREO-Anexo 03,E,Padrão,<MR-8>,ITCDLiquidoExcetoTransferenciasEFUNDEB,ITCD,2507042.18,RN,24,2022,6
2022,RREO,6,B,Governo do Estado do Rio Grande do Norte,24,RN,3560903,RREO-Anexo 03,E,Padrão,<MR-7>,ITCDLiquidoExcetoTransferenciasEFUNDEB,ITCD,2678336.46,RN,24,2022,6
2022,RREO,6,B,Governo do Estado do Rio Grande do Norte,24,RN,3560903,RREO-Anexo 03,E,Padrão,<MR-6>,ITCDLiquidoExcetoTransferenciasEFUNDEB,ITCD,2366624.22,RN,24,2022,6
2022,RREO,6,B,Governo do Estado do Rio Grande do Norte,24,RN,3560903,RREO-Anexo 03,E,Padrão,<MR-5>,ITCDLiquidoExcetoTransferenciasEFUNDEB,ITCD,2305460.07,RN,24,2022,6
2022,RREO,6,B,Governo do Estado do Rio Grande do Norte,24,RN,3560903,RREO-Anexo 03,E,Padrão,<MR-4>,ITCDLiquidoExcetoTransferenciasEFUNDEB,ITCD,2642962.0,RN,24,2022,6
2022,RREO,6,B,Governo do Estado do Rio Grande do Norte,24,RN,3560903,RREO-Anexo 03,E,Padrão,<MR-3>,ITCDLiquidoExcetoTransferenciasEFUNDEB,ITCD,2179387.18,RN,24,2022,6
2022,RREO,6,B,Governo do Estado do Rio Grande do Norte,24,RN,3560903,RREO-Anexo 03,E,Padrão,<MR-2>,ITCDLiquidoExcetoTransferenciasEFUNDEB,ITCD,2564363.88,RN,24,2022,6
2022,RREO,6,B,Governo do Estado do Rio Grande do Norte,24,RN,3560903,RREO-Anexo 03,E,Padrão,<MR-1>,ITCDLiquidoExcetoTransferenciasEFUNDEB,ITCD,1482738.92,RN,24,2022,6
2022,RREO,6,B,Governo do Estado do Rio Grande do Norte,24,RN,3560903,RREO-Anexo 03,E,Padrão,<MR>,ITCDLiquidoExcetoTransferenciasEFUNDEB,ITCD,2013464.89,RN,24,2022,6
2022,RREO,6,B,Governo do Estado do Rio Grande do Norte,24,RN,3560903,RREO-Anexo 03,E,Padrão,TOTAL (ÚLTIMOS 12 MESES),ITCDLiquidoExcetoTransferenciasEFUNDEB,ITCD,27112545.01,RN,24,2022,6
2022,RREO,6,B,Governo do Estado do Rio Grande do Norte,24,RN,3560903,RREO-Anexo 03,E,Padrão,PREVISÃO ATUALIZADA 2022,ITCDLiquidoExcetoTransferenciasEFUNDEB,ITCD,26740000.0,RN,24,2022,6
2022,RREO,6,B,Governo do Estado da Paraíba,25,PB,4059905,RREO-Anexo 03,E,Padrão,<MR-11>,ICMSLiquidoExcetoTransferenciasEFUNDEB,ICMS,795766250.08,PB,25,2022,6
2022,RREO,6,B,Governo do Estado da Paraíba,25,PB,4059905,RREO-Anexo 03,E,Padrão,<MR-10>,ICMSLiquidoExcetoTransferenciasEFUNDEB,ICMS,610866006.51,PB,25,2022,6
2022,RREO,6,B,Governo do Estado da Paraíba,25,PB,4059905,RREO-Anexo 03,E,Padrão,<MR-9>,ICMSLiquidoExcetoTransferenciasEFUNDEB,ICMS,584056382.35,PB,25,2022,6
2022,RREO,6,B,Governo do Estado da Paraíba,25,PB,4059905,RREO-Anexo 03,E,Padrão,<MR-8>,ICMSLiquidoExcetoTransferenciasEFUNDEB,ICMS,637256255.67,PB,25,2022,6
2022,RREO,6,B,Governo do Estado da Paraíba,25,PB,4059905,RREO-Anexo 03,E,Padrão,<MR-7>,ICMSLiquidoExcetoTransferenciasEFUNDEB,ICMS,649430551.2,PB,25,2022,6
2022,RREO,6,B,Governo do Estado da Paraíba,25,PB,4059905,RREO-Anexo 03,E,Padrão,<MR-6>,ICMSLiquidoExcetoTransferenciasEFUNDEB,ICMS,660930641.62,PB,25,2022,6
2022,RREO,6,B,Governo do Estado da Paraíba,25,PB,4059905,RREO-Anexo 03,E,Padrão,<MR-5>,ICMSLiquidoExcetoTransferenciasEFUNDEB,ICMS,654950542.85,PB,25,2022,6
2022,RREO,6,B,Governo do Estado da Paraíba,25,PB,4059905,RREO-Anexo 03,E,Padrão,<MR-4>,ICMSLiquidoExcetoTransferenciasEFUNDEB,ICMS,585432829.89,PB,25,2022,6
2022,RREO,6,B,Governo do Estado da Paraíba,25,PB,4059905,RREO-Anexo 03,E,Padrão,<MR-3>,ICMSLiquidoExcetoTransferenciasEFUNDEB,ICMS,607034580.78,PB,25,2022,6
2022,RREO,6,B,Governo do Estado da Paraíba,25,PB,4059905,RREO-Anexo 03,E,Padrão,<MR-2>,ICMSLiquidoExcetoTransferenciasEFUNDEB,ICMS,597389755.11,PB,25,2022,6
2022,RREO,6,B,Governo do Estado da Paraíba,25,PB,4059905,RREO-Anexo 03,E,Padrão,<MR-1>,ICMSLiquidoExcetoTransferenciasEFUNDEB,ICMS,631338941.23,PB,25,2022,6
2022,RREO,6,B,Governo do Estado da Paraíba,25,PB,4059905,RREO-Anexo 03,E,Padrão,<MR>,ICMSLiquidoExcetoTransferenciasEFUNDEB,ICMS,657882613.84,PB,25,2022,6
2022,RREO,6,B,Governo do Estado da Paraíba,25,PB,4059905,RREO-Anexo 03,E,Padrão,TOTAL (ÚLTIMOS 12 MESES),ICMSLiquidoExcetoTransferenciasEFUNDEB,ICMS,7672335351.13,PB,25,2022,6
2022,RREO,6,B,Governo do Estado da Paraíba,25,PB,4059905,RREO-Anexo 03,E,Padrão,PREVISÃO ATUALIZADA 2022,ICMSLiquidoExcetoTransferenciasEFUNDEB,ICMS,7410905246.67,PB,25,2022,6
2022,RREO,6,B,Governo do Estado da Paraíba,25,PB,4059905,RREO-Anexo 03,E,Padrão,<MR-11>,IPVALiquidoExcetoTransferenciasEFUNDEB,IPVA,49022419.65,PB,25,2022,6
2022,RREO,6,B,Governo do Estado da Paraíba,25,PB,4059905,RREO-Anexo 03,E,Padrão,<MR-10>,IPVALiquidoExcetoTransferenciasEFUNDEB,IPVA,45554632.0,PB,25,2022,6
2022,RREO,6,B,Governo do Estado da Paraíba,25,PB,4059905,RREO-Anexo 03,E,Padrão,<MR-9>,IPVALiquidoExcetoTransferenciasEFUNDEB,IPVA,62975443.88,PB,25,2022,6
2022,RREO,6,B,Governo do Estado da Paraíba,25,PB,4059905,RREO-Anexo 03,E,Padrão,<MR-8>,IPVALiquidoExcetoTransferenciasEFUNDEB,IPVA,52774471.92,PB,25,2022,6
2022,RREO,6,B,Governo do Estado da Paraíba,25,PB,4059905,RREO-Anexo 03,E,Padrão,<MR-7>,IPVALiquidoExcetoTransferenciasEFUNDEB,IPVA,61258292.56,PB,25,2022,6
2022,RREO,6,B,Governo do Estado da Paraíba,25,PB,4059905,RREO-Anexo 03,E,Padrão,<MR-6>,IPVALiquidoExcetoTransferenciasEFUNDEB,IPVA,57625103.37,PB,25,2022,6
2022,RREO,6,B,Governo do Estado da Paraíba,25,PB,4059905,RREO-Anexo 03,E,Padrão,<MR-5>,IPVALiquidoExcetoTransferenciasEFUNDEB,IPVA,62316422.38,PB,25,2022,6
2022,RREO,6,B,Governo do Estado da Paraíba,25,PB,4059905,RREO-Anexo 03,E,Padrão,<MR-4>,IPVALiquidoExcetoTransferenciasEFUNDEB,IPVA,51070677.3,PB,25,2022,6
2022,RREO,6,B,Governo do Estado da Paraíba,25,PB,4059905,RREO-Anexo 03,E,Padrão,<MR-3>,IPVALiquidoExcetoTransferenciasEFUNDEB,IPVA,49017087.09,PB,25,2022,6
2022,RREO,6,B,Governo do Estado da Paraíba,25,PB,4059905,RREO-Anexo 03,E,Padrão,<MR-2>,IPVALiquidoExcetoTransferenciasEFUNDEB,IPVA,43043368.63,PB,25,2022,6
2022,RREO,6,B,Governo do Estado da Paraíba,25,PB,4059905,RREO-Anexo 03,E,Padrão,<MR-1>,IPVALiquidoExcetoTransferenciasEFUNDEB,IPVA,30824465.32,PB,25,2022,6
2022,RREO,6,B,Governo do Estado da Paraíba,25,PB,4059905,RREO-Anexo 03,E,Padrão,<MR>,IPVALiquidoExcetoTransferenciasEFUNDEB,IPVA,35699495.28,PB,25,2022,6
2022,RREO,6,B,Governo do Estado da Paraíba,25,PB,4059905,RREO-Anexo 03,E,Padrão,TOTAL (ÚLTIMOS 12 MESES),IPVALiquidoExcetoTransferenciasEFUNDEB,IPVA,601181879.38,PB,25,2022,6
2022,RREO,6,B,Governo do Estado da Paraíba,25,PB,4059905,RREO-Anexo 03,E,Padrão,PREVISÃO ATUALIZADA 2022,IPVALiquidoExcetoTransferenciasEFUNDEB,IPVA,487235355.0,PB,25,2022,6
2022,RREO,6,B,Governo do Estado da Paraíba,25,PB,4059905,RREO-Anexo 03,E,Padrão,<MR-11>,ITCDLiquidoExcetoTransferenciasEFUNDEB,ITCD,7590678.84,PB,25,2022,6
2022,RREO,6,B,Governo do Estado da Paraíba,25,PB,4059905,RREO-Anexo 03,E,Padrão,<MR-10>,ITCDLiquidoExcetoTransferenciasEFUNDEB,ITCD,4868787.34,PB,25,2022,6
2022,RREO,6,B,Governo do Estado da Paraíba,25,PB,4059905,RREO-Anexo 03,E,Padrão,<MR-9>,ITCDLiquidoExcetoTransferenciasEFUNDEB,ITCD,7042568.83,PB,25,2022,6
2022,RREO,6,B,Governo do Estado da Paraíba,25,PB,4059905,RREO-Anexo 03,E,Padrão,<MR-8>,ITCDLiquidoExcetoTransferenciasEFUNDEB,ITCD,4898358.08,PB,25,2022,6
2022,RREO,6,B,Governo do Estado da Paraíba,25,PB,4059905,RREO-Anexo 03,E,Padrão,<MR-7>,ITCDLiquidoExcetoTransferenciasEFUNDEB,ITCD,5399999.21,PB,25,2022,6
2022,RREO,6,B,Governo do Estado da Paraíba,25,PB,4059905,RREO-Anexo 03,E,Padrão,<MR-6>,ITCDLiquidoExcetoTransferenciasEFUNDEB,ITCD,4664555.84,PB,25,2022,6
2022,RREO,6,B,Governo do Estado da Paraíba,25,PB,4059905,RREO-Anexo 03,E,Padrão,<MR-5>,ITCDLiquidoExcetoTransferenciasEFUNDEB,ITCD,7790567.44,PB,25,2022,6
2022,RREO,6,B,Governo do Estado da Paraíba,25,PB,4059905,RREO-Anexo 03,E,Padrão,<MR-4>,ITCDLiquidoExcetoTransferenciasEFUNDEB,ITCD,7780230.35,PB,25,2022,6
2022,RREO,6,B,Governo do Estado da Paraíba,25,PB,4059905,RREO-Anexo 03,E,Padrão,<MR-3>,ITCDLiquidoExcetoTransferenciasEFUNDEB,ITCD,8135589.56,PB,25,2022,6
2022,RREO,6,B,Governo do Estado da Paraíba,25,PB,4059905,RREO-Anexo 03,E,Padrão,<MR-2>,ITCDLiquidoExcetoTransferenciasEFUNDEB,ITCD,5147572.8,PB,25,2022,6
2022,RREO,6,B,Governo do Estado da Paraíba,25,PB,4059905,RREO-Anexo 03,E,Padrão,<MR-1>,ITCDLiquidoExcetoTransferenciasEFUNDEB,ITCD,7129249.23,PB,25,2022,6
2022,RREO,6,B,Governo do Estado da Paraíba,25,PB,4059905,RREO-Anexo 03,E,Padrão,<MR>,ITCDLiquidoExcetoTransferenciasEFUNDEB,ITCD,6302356.29,PB,25,2022,6
2022,RREO,6,B,Governo do Estado da Paraíba,25,PB,4059905,RREO-Anexo 03,E,Padrão,TOTAL (ÚLTIMOS 12 MESES),ITCDLiquidoExcetoTransferenciasEFUNDEB,ITCD,76750513.81,PB,25,2022,6
2022,RREO,6,B,Governo do Estado da Paraíba,25,PB,4059905,RREO-Anexo 03,E,Padrão,PREVISÃO ATUALIZADA 2022,ITCDLiquidoExcetoTransferenciasEFUNDEB,ITCD,65741944.0,PB,25,2022,6
2022,RREO,6,B,Governo do Estado de Pernambuco,26,PE,9674793,RREO-Anexo 03,E,Padrão,<MR-11>,ICMSLiquidoExcetoTransferenciasEFUNDEB,ICMS,1889267601.72,PE,26,2022,6
2022,RREO,6,B,Governo do Estado de Pernambuco,26,PE,9674793,RREO-Anexo 03,E,Padrão,<MR-10>,ICMSLiquidoExcetoTransferenciasEFUNDEB,ICMS,1444819683.54,PE,26,2022,6
2022,RREO,6,B,Governo do Estado de Pernambuco,26,PE,9674793,RREO-Anexo 03,E,Padrão,<MR-9>,ICMSLiquidoExcetoTransferenciasEFUNDEB,ICMS,1699450118.51,PE,26,2022,6
2022,RREO,6,B,Governo do Estado de Pernambuco,26,PE,9674793,RREO-Anexo 03,E,Padrão,<MR-8>,ICMSLiquidoExcetoTransferenciasEFUNDEB,ICMS,1786833061.8,PE,26,2022,6
2022,RREO,6,B,Governo do Estado de Pernambuco,26,PE,9674793,RREO-Anexo 03,E,Padrão,<MR-7>,ICMSLiquidoExcetoTransferenciasEFUNDEB,ICMS,1875474768.19,PE,26,2022,6
2022,RREO,6,B,Governo do Estado de Pernambuco,26,PE,9674793,RREO-Anexo 03,E,Padrão,<MR-6>,ICMSLiquidoExcetoTransferenciasEFUNDEB,ICMS,1858461767.08,PE,26,2022,6
2022,RREO,6,B,Governo do Estado de Pernambuco,26,PE,9674793,RREO-Anexo 03,E,Padrão,<MR-5>,ICMSLiquidoExcetoTransferenciasEFUNDEB,ICMS,1883388273.88,PE,26,2022,6
2022,RREO,6,B,Governo do Estado de Pernambuco,26,PE,9674793,RREO-Anexo 03,E,Padrão,<MR-4>,ICMSLiquidoExcetoTransferenciasEFUNDEB,ICMS,1724292030.0,PE,26,2022,6
2022,RREO,6,B,Governo do Estado de Pernambuco,26,PE,9674793,RREO-Anexo 03,E,Padrão,<MR-3>,ICMSLiquidoExcetoTransferenciasEFUNDEB,ICMS,1793441550.29,PE,26,2022,6
2022,RREO,6,B,Governo do Estado de Pernambuco,26,PE,9674793,RREO-Anexo 03,E,Padrão,<MR-2>,ICMSLiquidoExcetoTransferenciasEFUNDEB,ICMS,1703806230.48,PE,26,2022,6
2022,RREO,6,B,Governo do Estado de Pernambuco,26,PE,9674793,RREO-Anexo 03,E,Padrão,<MR-1>,ICMSLiquidoExcetoTransferenciasEFUNDEB,ICMS,1870824200.87,PE,26,2022,6
2022,RREO,6,B,Governo do Estado de Pernambuco,26,PE,9674793,RREO-Anexo 03,E,Padrão,<MR>,ICMSLiquidoExcetoTransferenciasEFUNDEB,ICMS,1818424358.9,PE,26,2022,6
2022,RREO,6,B,Governo do Estado de Pernambuco,26,PE,9674793,RREO-Anexo 03,E,Padrão,TOTAL (ÚLTIMOS 12 MESES),ICMSLiquidoExcetoTransferenciasEFUNDEB,ICMS,21348483645.26,PE,26,2022,6
2022,RREO,6,B,Governo do Estado de Pernambuco,26,PE,9674793,RREO-Anexo 03,E,Padrão,PREVISÃO ATUALIZADA 2022,ICMSLiquidoExcetoTransferenciasEFUNDEB,ICMS,21489453478.81,PE,26,2022,6
2022,RREO,6,B,Governo do Estado de Pernambuco,26,PE,9674793,RREO-Anexo 03,E,Padrão,<MR-11>,IPVALiquidoExcetoTransferenciasEFUNDEB,IPVA,203297681.73,PE,26,2022,6
2022,RREO,6,B,Governo do Estado de Pernambuco,26,PE,9674793,RREO-Anexo 03,E,Padrão,<MR-10>,IPVALiquidoExcetoTransferenciasEFUNDEB,IPVA,646665967.52,PE,26,2022,6
2022,RREO,6,B,Governo do Estado de Pernambuco,26,PE,9674793,RREO-Anexo 03,E,Padrão,<MR-9>,IPVALiquidoExcetoTransferenciasEFUNDEB,IPVA,309453258.18,PE,26,2022,6
2022,RREO,6,B,Governo do Estado de Pernambuco,26,PE,9674793,RREO-Anexo 03,E,Padrão,<MR-8>,IPVALiquidoExcetoTransferenciasEFUNDEB,IPVA,237149895.75,PE,26,2022,6
2022,RREO,6,B,Governo do Estado de Pernambuco,26,PE,9674793,RREO-Anexo 03,E,Padrão,<MR-7>,IPVALiquidoExcetoTransferenciasEFUNDEB,IPVA,111073668.74,PE,26,2022,6
2022,RREO,6,B,Governo do Estado de Pernambuco,26,PE,9674793,RREO-Anexo 03,E,Padrão,<MR-6>,IPVALiquidoExcetoTransferenciasEFUNDEB,IPVA,68880377.19,PE,26,2022,6
2022,RREO,6,B,Governo do Estado de Pernambuco,26,PE,9674793,RREO-Anexo 03,E,Padrão,<MR-5>,IPVALiquidoExcetoTransferenciasEFUNDEB,IPVA,62136006.74,PE,26,2022,6
2022,RREO,6,B,Governo do Estado de Pernambuco,26,PE,9674793,RREO-Anexo 03,E,Padrão,<MR-4>,IPVALiquidoExcetoTransferenciasEFUNDEB,IPVA,55276625.67,PE,26,2022,6
2022,RREO,6,B,Governo do Estado de Pernambuco,26,PE,9674793,RREO-Anexo 03,E,Padrão,<MR-3>,IPVALiquidoExcetoTransferenciasEFUNDEB,IPVA,46457666.01,PE,26,2022,6
2022,RREO,6,B,Governo do Estado de Pernambuco,26,PE,9674793,RREO-Anexo 03,E,Padrão,<MR-2>,IPVALiquidoExcetoTransferenciasEFUNDEB,IPVA,43617102.17,PE,26,2022,6
2022,RREO,6,B,Governo do Estado de Pernambuco,26,PE,9674793,RREO-Anexo 03,E,Padrão,<MR-1>,IPVALiquidoExcetoTransferenciasEFUNDEB,IPVA,39379225.66,PE,26,2022,6
2022,RREO,6,B,Governo do Estado de Pernambuco,26,PE,9674793,RREO-Anexo 03,E,Padrão,<MR>,IPVALiquidoExcetoTransferenciasEFUNDEB,IPVA,45349130.12,PE,26,2022,6
2022,RREO,6,B,Governo do Estado de Pernambuco,26,PE,9674793,RREO-Anexo 03,E,Padrão,TOTAL (ÚLTIMOS 12 MESES),IPVALiquidoExcetoTransferenciasEFUNDEB,IPVA,1868736605.48,PE,26,2022,6
2022,RREO,6,B,Governo do Estado de Pernambuco,26,PE,9674793,RREO-Anexo 03,E,Padrão,PREVISÃO ATUALIZADA 2022,IPVALiquidoExcetoTransferenciasEFUNDEB,IPVA,1750921116.52,PE,26,2022,6
2022,RREO,6,B,Governo do Estado de Pernambuco,26,PE,9674793,RREO-Anexo 03,E,Padrão,<MR-11>,ITCDLiquidoExcetoTransferenciasEFUNDEB,ITCD,10415351.69,PE,26,2022,6
2022,RREO,6,B,Governo do Estado de Pernambuco,26,PE,9674793,RREO-Anexo 03,E,Padrão,<MR-10>,ITCDLiquidoExcetoTransferenciasEFUNDEB,ITCD,10215125.77,PE,26,2022,6
2022,RREO,6,B,Governo do Estado de Pernambuco,26,PE,9674793,RREO-Anexo 03,E,Padrão,<MR-9>,ITCDLiquidoExcetoTransferenciasEFUNDEB,ITCD,22820286.44,PE,26,2022,6
2022,RREO,6,B,Governo do Estado de Pernambuco,26,PE,9674793,RREO-Anexo 03,E,Padrão,<MR-8>,ITCDLiquidoExcetoTransferenciasEFUNDEB,ITCD,17655978.82,PE,26,2022,6
2022,RREO,6,B,Governo do Estado de Pernambuco,26,PE,9674793,RREO-Anexo 03,E,Padrão,<MR-7>,ITCDLiquidoExcetoTransferenciasEFUNDEB,ITCD,14580782.22,PE,26,2022,6
2022,RREO,6,B,Governo do Estado de Pernambuco,26,PE,9674793,RREO-Anexo 03,E,Padrão,<MR-6>,ITCDLiquidoExcetoTransferenciasEFUNDEB,ITCD,18319604.14,PE,26,2022,6
2022,RREO,6,B,Governo do Estado de Pernambuco,26,PE,9674793,RREO-Anexo 03,E,Padrão,<MR-5>,ITCDLiquidoExcetoTransferenciasEFUNDEB,ITCD,16927054.08,PE,26,2022,6
2022,RREO,6,B,Governo do Estado de Pernambuco,26,PE,9674793,RREO-Anexo 03,E,Padrão,<MR-4>,ITCDLiquidoExcetoTransferenciasEFUNDEB,ITCD,28215362.04,PE,26,2022,6
2022,RREO,6,B,Governo do Estado de Pernambuco,26,PE,9674793,RREO-Anexo 03,E,Padrão,<MR-3>,ITCDLiquidoExcetoTransferenciasEFUNDEB,ITCD,14088368.78,PE,26,2022,6
2022,RREO,6,B,Governo do Estado de Pernambuco,26,PE,9674793,RREO-Anexo 03,E,Padrão,<MR-2>,ITCDLiquidoExcetoTransferenciasEFUNDEB,ITCD,21007410.47,PE,26,2022,6
2022,RREO,6,B,Governo do Estado de Pernambuco,26,PE,9674793,RREO-Anexo 03,E,Padrão,<MR-1>,ITCDLiquidoExcetoTransferenciasEFUNDEB,ITCD,12329573.74,PE,26,2022,6
2022,RREO,6,B,Governo do Estado de Pernambuco,26,PE,9674793,RREO-Anexo 03,E,Padrão,<MR>,ITCDLiquidoExcetoTransferenciasEFUNDEB,ITCD,39713678.27,PE,26,2022,6
2022,RREO,6,B,Governo do Estado de Pernambuco,26,PE,9674793,RREO-Anexo 03,E,Padrão,TOTAL (ÚLTIMOS 12 MESES),ITCDLiquidoExcetoTransferenciasEFUNDEB,ITCD,226288576.46,PE,26,2022,6
2022,RREO,6,B,Governo do Estado de Pernambuco,26,PE,9674793,RREO-Anexo 03,E,Padrão,PREVISÃO ATUALIZADA 2022,ITCDLiquidoExcetoTransferenciasEFUNDEB,ITCD,143605580.0,PE,26,2022,6
2022,RREO,6,B,Governo do Estado de Alagoas,27,AL,3365351,RREO-Anexo 03,E,Padrão,<MR-11>,ICMSLiquidoExcetoTransferenciasEFUNDEB,ICMS,574052208.28,AL,27,2022,6
2022,RREO,6,B,Governo do Estado de Alagoas,27,AL,3365351,RREO-Anexo 03,E,Padrão,<MR-10>,ICMSLiquidoExcetoTransferenciasEFUNDEB,ICMS,525401187.33,AL,27,2022,6
2022,RREO,6,B,Governo do Estado de Alagoas,27,AL,3365351,RREO-Anexo 03,E,Padrão,<MR-9>,ICMSLiquidoExcetoTransferenciasEFUNDEB,ICMS,459931784.19,AL,27,2022,6
2022,RREO,6,B,Governo do Estado de Alagoas,27,AL,3365351,RREO-Anexo 03,E,Padrão,<MR-8>,ICMSLiquidoExcetoTransferenciasEFUNDEB,ICMS,578063131.54,AL,27,2022,6
2022,RREO,6,B,Governo do Estado de Alagoas,27,AL,3365351,RREO-Anexo 03,E,Padrão,<MR-7>,ICMSLiquidoExcetoTransferenciasEFUNDEB,ICMS,503847002.05,AL,27,2022,6
2022,RREO,6,B,Governo do Estado de Alagoas,27,AL,3365351,RREO-Anexo 03,E,Padrão,<MR-6>,ICMSLiquidoExcetoTransferenciasEFUNDEB,ICMS,560382766.76,AL,27,2022,6
2022,RREO,6,B,Governo do Estado de Alagoas,27,AL,3365351,RREO-Anexo 03,E,Padrão,<MR-5>,ICMSLiquidoExcetoTransferenciasEFUNDEB,ICMS,482901929.87,AL,27,2022,6
2022,RREO,6,B,Governo do Estado de Alagoas,27,AL,3365351,RREO-Anexo 03,E,Padrão,<MR-4>,ICMSLiquidoExcetoTransferenciasEFUNDEB,ICMS,470889833.9,AL,27,2022,6
2022,RREO,6,B,Governo do Estado de Alagoas,27,AL,3365351,RREO-Anexo 03,E,Padrão,<MR-3>,ICMSLiquidoExcetoTransferenciasEFUNDEB,ICMS,490847201.78,AL,27,2022,6
2022,RREO,6,B,Governo do Estado de Alagoas,27,AL,3365351,RREO-Anexo 03,E,Padrão,<MR-2>,ICMSLiquidoExcetoTransferenciasEFUNDEB,ICMS,529371257.62,AL,27,2022,6
2022,RREO,6,B,Governo do Estado de Alagoas,27,AL,3365351,RREO-Anexo 03,E,Padrão,<MR-1>,ICMSLiquidoExcetoTransferenciasEFUNDEB,ICMS,542131670.24,AL,27,2022,6
2022,RREO,6,B,Governo do Estado de Alagoas,27,AL,3365351,RREO-Anexo 03,E,Padrão,<MR>,ICMSLiquidoExcetoTransferenciasEFUNDEB,ICMS,561036356.42,AL,27,2022,6
2022,RREO,6,B,Governo do Estado de Alagoas,27,AL,3365351,RREO-Anexo 03,E,Padrão,TOTAL (ÚLTIMOS 12 MESES),ICMSLiquidoExcetoTransferenciasEFUNDEB,ICMS,6278856329.98,AL,27,2022,6
2022,RREO,6,B,Governo do Estado de Alagoas,27,AL,3365351,RREO-Anexo 03,E,Padrão,PREVISÃO ATUALIZADA 2022,ICMSLiquidoExcetoTransferenciasEFUNDEB,ICMS,6348194753.87,AL,27,2022,6
2022,RREO,6,B,Governo do Estado de Alagoas,27,AL,3365351,RREO-Anexo 03,E,Padrão,<MR-11>,IPVALiquidoExcetoTransferenciasEFUNDEB,IPVA,68185359.4,AL,27,2022,6
2022,RREO,6,B,Governo do Estado de Alagoas,27,AL,3365351,RREO-Anexo 03,E,Padrão,<MR-10>,IPVALiquidoExcetoTransferenciasEFUNDEB,IPVA,32765351.33,AL,27,2022,6
2022,RREO,6,B,Governo do Estado de Alagoas,27,AL,3365351,RREO-Anexo 03,E,Padrão,<MR-9>,IPVALiquidoExcetoTransferenciasEFUNDEB,IPVA,50202503.77,AL,27,2022,6
2022,RREO,6,B,Governo do Estado de Alagoas,27,AL,3365351,RREO-Anexo 03,E,Padrão,<MR-8>,IPVALiquidoExcetoTransferenciasEFUNDEB,IPVA,48872755.51,AL,27,2022,6
2022,RREO,6,B,Governo do Estado de Alagoas,27,AL,3365351,RREO-Anexo 03,E,Padrão,<MR-7>,IPVALiquidoExcetoTransferenciasEFUNDEB,IPVA,62802734.33,AL,27,2022,6
2022,RREO,6,B,Governo do Estado de Alagoas,27,AL,3365351,RREO-Anexo 03,E,Padrão,<MR-6>,IPVALiquidoExcetoTransferenciasEFUNDEB,IPVA,62942822.79,AL,27,2022,6
2022,RREO,6,B,Governo do Estado de Alagoas,27,AL,3365351,RREO-Anexo 03,E,Padrão,<MR-5>,IPVALiquidoExcetoTransferenciasEFUNDEB,IPVA,50335650.22,AL,27,2022,6
2022,RREO,6,B,Governo do Estado de Alagoas,27,AL,3365351,RREO-Anexo 03,E,Padrão,<MR-4>,IPVALiquidoExcetoTransferenciasEFUNDEB,IPVA,49850001.22,AL,27,2022,6
2022,RREO,6,B,Governo do Estado de Alagoas,27,AL,3365351,RREO-Anexo 03,E,Padrão,<MR-3>,IPVALiquidoExcetoTransferenciasEFUNDEB,IPVA,34578216.68,AL,27,2022,6
2022,RREO,6,B,Governo do Estado de Alagoas,27,AL,3365351,RREO-Anexo 03,E,Padrão,<MR-2>,IPVALiquidoExcetoTransferenciasEFUNDEB,IPVA,28018027.06,AL,27,2022,6
2022,RREO,6,B,Governo do Estado de Alagoas,27,AL,3365351,RREO-Anexo 03,E,Padrão,<MR-1>,IPVALiquidoExcetoTransferenciasEFUNDEB,IPVA,19435851.4,AL,27,2022,6
2022,RREO,6,B,Governo do Estado de Alagoas,27,AL,3365351,RREO-Anexo 03,E,Padrão,<MR>,IPVALiquidoExcetoTransferenciasEFUNDEB,IPVA,16451140.06,AL,27,2022,6
2022,RREO,6,B,Governo do Estado de Alagoas,27,AL,3365351,RREO-Anexo 03,E,Padrão,TOTAL (ÚLTIMOS 12 MESES),IPVALiquidoExcetoTransferenciasEFUNDEB,IPVA,524440413.77,AL,27,2022,6
2022,RREO,6,B,Governo do Estado de Alagoas,27,AL,3365351,RREO-Anexo 03,E,Padrão,PREVISÃO ATUALIZADA 2022,IPVALiquidoExcetoTransferenciasEFUNDEB,IPVA,517726587.0,AL,27,2022,6
2022,RREO,6,B,Governo do Estado de Alagoas,27,AL,3365351,RREO-Anexo 03,E,Padrão,<MR-11>,ITCDLiquidoExcetoTransferenciasEFUNDEB,ITCD,2682986.06,AL,27,2022,6
2022,RREO,6,B,Governo do Estado de Alagoas,27,AL,3365351,RREO-Anexo 03,E,Padrão,<MR-10>,ITCDLiquidoExcetoTransferenciasEFUNDEB,ITCD,2864113.58,AL,27,2022,6
2022,RREO,6,B,Governo do Estado de Alagoas,27,AL,3365351,RREO-Anexo 03,E,Padrão,<MR-9>,ITCDLiquidoExcetoTransferenciasEFUNDEB,ITCD,2874085.47,AL,27,2022,6
2022,RREO,6,B,Governo do Estado de Alagoas,27,AL,3365351,RREO-Anexo 03,E,Padrão,<MR-8>,ITCDLiquidoExcetoTransferenciasEFUNDEB,ITCD,3057423.81,AL,27,2022,6
2022,RREO,6,B,Governo do Estado de Alagoas,27,AL,3365351,RREO-Anexo 03,E,Padrão,<MR-7>,ITCDLiquidoExcetoTransferenciasEFUNDEB,ITCD,4974647.79,AL,27,2022,6
2022,RREO,6,B,Governo do Estado de Alagoas,27,AL,3365351,RREO-Anexo 03,E,Padrão,<MR-6>,ITCDLiquidoExcetoTransferenciasEFUNDEB,ITCD,2260665.85,AL,27,2022,6
2022,RREO,6,B,Governo do Estado de Alagoas,27,AL,3365351,RREO-Anexo 03,E,Padrão,<MR-5>,ITCDLiquidoExcetoTransferenciasEFUNDEB,ITCD,2971970.94,AL,27,2022,6
2022,RREO,6,B,Governo do Estado de Alagoas,27,AL,3365351,RREO-Anexo 03,E,Padrão,<MR-4>,ITCDLiquidoExcetoTransferenciasEFUNDEB,ITCD,4825730.71,AL,27,2022,6
2022,RREO,6,B,Governo do Estado de Alagoas,27,AL,3365351,RREO-Anexo 03,E,Padrão,<MR-3>,ITCDLiquidoExcetoTransferenciasEFUNDEB,ITCD,3689208.85,AL,27,2022,6
2022,RREO,6,B,Governo do Estado de Alagoas,27,AL,3365351,RREO-Anexo 03,E,Padrão,<MR-2>,ITCDLiquidoExcetoTransferenciasEFUNDEB,ITCD,4037074.98,AL,27,2022,6
2022,RREO,6,B,Governo do Estado de Alagoas,27,AL,3365351,RREO-Anexo 03,E,Padrão,<MR-1>,ITCDLiquidoExcetoTransferenciasEFUNDEB,ITCD,3686703.83,AL,27,2022,6
2022,RREO,6,B,Governo do Estado de Alagoas,27,AL,3365351,RREO-Anexo 03,E,Padrão,<MR>,ITCDLiquidoExcetoTransferenciasEFUNDEB,ITCD,3784183.93,AL,27,2022,6
2022,RREO,6,B,Governo do Estado de Alagoas,27,AL,3365351,RREO-Anexo 03,E,Padrão,TOTAL (ÚLTIMOS 12 MESES),ITCDLiquidoExcetoTransferenciasEFUNDEB,ITCD,41708795.8,AL,27,2022,6
2022,RREO,6,B,Governo do Estado de Alagoas,27,AL,3365351,RREO-Anexo 03,E,Padrão,PREVISÃO ATUALIZADA 2022,ITCDLiquidoExcetoTransferenciasEFUNDEB,ITCD,52089669.0,AL,27,2022,6
2022,RREO,6,B,Governo do Estado de Sergipe,28,SE,2338474,RREO-Anexo 03,E,Padrão,<MR-11>,ICMSLiquidoExcetoTransferenciasEFUNDEB,ICMS,411026742.66,SE,28,2022,6
2022,RREO,6,B,Governo do Estado de Sergipe,28,SE,2338474,RREO-Anexo 03,E,Padrão,<MR-10>,ICMSLiquidoExcetoTransferenciasEFUNDEB,ICMS,356700453.03,SE,28,2022,6
2022,RREO,6,B,Governo do Estado de Sergipe,28,SE,2338474,RREO-Anexo 03,E,Padrão,<MR-9>,ICMSLiquidoExcetoTransferenciasEFUNDEB,ICMS,362070684.52,SE,28,2022,6
2022,RREO,6,B,Governo do Estado de Sergipe,28,SE,2338474,RREO-Anexo 03,E,Padrão,<MR-8>,ICMSLiquidoExcetoTransferenciasEFUNDEB,ICMS,415756617.76,SE,28,2022,6
2022,RREO,6,B,Governo do Estado de Sergipe,28,SE,2338474,RREO-Anexo 03,E,Padrão,<MR-7>,ICMSLiquidoExcetoTransferenciasEFUNDEB,ICMS,396523787.01,SE,28,2022,6
2022,RREO,6,B,Governo do Estado de Sergipe,28,SE,2338474,RREO-Anexo 03,E,Padrão,<MR-6>,ICMSLiquidoExcetoTransferenciasEFUNDEB,ICMS,426631399.3,SE,28,2022,6
2022,RREO,6,B,Governo do Estado de Sergipe,28,SE,2338474,RREO-Anexo 03,E,Padrão,<MR-5>,ICMSLiquidoExcetoTransferenciasEFUNDEB,ICMS,381894540.23,SE,28,2022,6
2022,RREO,6,B,Governo do Estado de Sergipe,28,SE,2338474,RREO-Anexo 03,E,Padrão,<MR-4>,ICMSLiquidoExcetoTransferenciasEFUNDEB,ICMS,347340759.15,SE,28,2022,6
2022,RREO,6,B,Governo do Estado de Sergipe,28,SE,2338474,RREO-Anexo 03,E,Padrão,<MR-3>,ICMSLiquidoExcetoTransferenciasEFUNDEB,ICMS,340676297.9,SE,28,2022,6
2022,RREO,6,B,Governo do Estado de Sergipe,28,SE,2338474,RREO-Anexo 03,E,Padrão,<MR-2>,ICMSLiquidoExcetoTransferenciasEFUNDEB,ICMS,358784716.44,SE,28,2022,6
2022,RREO,6,B,Governo do Estado de Sergipe,28,SE,2338474,RREO-Anexo 03,E,Padrão,<MR-1>,ICMSLiquidoExcetoTransferenciasEFUNDEB,ICMS,366518394.78,SE,28,2022,6
2022,RREO,6,B,Governo do Estado de Sergipe,28,SE,2338474,RREO-Anexo 03,E,Padrão,<MR>,ICMSLiquidoExcetoTransferenciasEFUNDEB,ICMS,399599544.76,SE,28,2022,6
2022,RREO,6,B,Governo do Estado de Sergipe,28,SE,2338474,RREO-Anexo 03,E,Padrão,TOTAL (ÚLTIMOS 12 MESES),ICMSLiquidoExcetoTransferenciasEFUNDEB,ICMS,4563523937.54,SE,28,2022,6
2022,RREO,6,B,Governo do Estado de Sergipe,28,SE,2338474,RREO-Anexo 03,E,Padrão,PREVISÃO ATUALIZADA 2022,ICMSLiquidoExcetoTransferenciasEFUNDEB,ICMS,4190904921.0,SE,28,2022,6
2022,RREO,6,B,Governo do Estado de Sergipe,28,SE,2338474,RREO-Anexo 03,E,Padrão,<MR-11>,IPVALiquidoExcetoTransferenciasEFUNDEB,IPVA,19638417.01,SE,28,2022,6
2022,RREO,6,B,Governo do Estado de Sergipe,28,SE,2338474,RREO-Anexo 03,E,Padrão,<MR-10>,IPVALiquidoExcetoTransferenciasEFUNDEB,IPVA,20206019.58,SE,28,2022,6
2022,RREO,6,B,Governo do Estado de Sergipe,28,SE,2338474,RREO-Anexo 03,E,Padrão,<MR-9>,IPVALiquidoExcetoTransferenciasEFUNDEB,IPVA,88671047.44,SE,28,2022,6
2022,RREO,6,B,Governo do Estado de Sergipe,28,SE,2338474,RREO-Anexo 03,E,Padrão,<MR-8>,IPVALiquidoExcetoTransferenciasEFUNDEB,IPVA,34116820.15,SE,28,2022,6
2022,RREO,6,B,Governo do Estado de Sergipe,28,SE,2338474,RREO-Anexo 03,E,Padrão,<MR-7>,IPVALiquidoExcetoTransferenciasEFUNDEB,IPVA,22908559.46,SE,28,2022,6
2022,RREO,6,B,Governo do Estado de Sergipe,28,SE,2338474,RREO-Anexo 03,E,Padrão,<MR-6>,IPVALiquidoExcetoTransferenciasEFUNDEB,IPVA,22183532.51,SE,28,2022,6
2022,RREO,6,B,Governo do Estado de Sergipe,28,SE,2338474,RREO-Anexo 03,E,Padrão,<MR-5>,IPVALiquidoExcetoTransferenciasEFUNDEB,IPVA,23869939.35,SE,28,2022,6
2022,RREO,6,B,Governo do Estado de Sergipe,28,SE,2338474,RREO-Anexo 03,E,Padrão,<MR-4>,IPVALiquidoExcetoTransferenciasEFUNDEB,IPVA,28318758.59,SE,28,2022,6
2022,RREO,6,B,Governo do Estado de Sergipe,28,SE,2338474,RREO-Anexo 03,E,Padrão,<MR-3>,IPVALiquidoExcetoTransferenciasEFUNDEB,IPVA,29898328.65,SE,28,2022,6
2022,RREO,6,B,Governo do Estado de Sergipe,28,SE,2338474,RREO-Anexo 03,E,Padrão,<MR-2>,IPVALiquidoExcetoTransferenciasEFUNDEB,IPVA,28038972.12,SE,28,2022,6
2022,RREO,6,B,Governo do Estado de Sergipe,28,SE,2338474,RREO-Anexo 03,E,Padrão,<MR-1>,IPVALiquidoExcetoTransferenciasEFUNDEB,IPVA,29629433.63,SE,28,2022,6
2022,RREO,6,B,Governo do Estado de Sergipe,28,SE,2338474,RREO-Anexo 03,E,Padrão,<MR>,IPVALiquidoExcetoTransferenciasEFUNDEB,IPVA,25926340.15,SE,28,2022,6
2022,RREO,6,B,Governo do Estado de Sergipe,28,SE,2338474,RREO-Anexo 03,E,Padrão,TOTAL (ÚLTIMOS 12 MESES),IPVALiquidoExcetoTransferenciasEFUNDEB,IPVA,373406168.64,SE,28,2022,6
2022,RREO,6,B,Governo do Estado de Sergipe,28,SE,2338474,RREO-Anexo 03,E,Padrão,PREVISÃO ATUALIZADA 2022,IPVALiquidoExcetoTransferenciasEFUNDEB,IPVA,313692853.0,SE,28,2022,6
2022,RREO,6,B,Governo do Estado de Sergipe,28,SE,2338474,RREO-Anexo 03,E,Padrão,<MR-11>,ITCDLiquidoExcetoTransferenciasEFUNDEB,ITCD,2827479.64,SE,28,2022,6
2022,RREO,6,B,Governo do Estado de Sergipe,28,SE,2338474,RREO-Anexo 03,E,Padrão,<MR-10>,ITCDLiquidoExcetoTransferenciasEFUNDEB,ITCD,2567455.08,SE,28,2022,6
2022,RREO,6,B,Governo do Estado de Sergipe,28,SE,2338474,RREO-Anexo 03,E,Padrão,<MR-9>,ITCDLiquidoExcetoTransferenciasEFUNDEB,ITCD,2872209.91,SE,28,2022,6
2022,RREO,6,B,Governo do Estado de Sergipe,28,SE,2338474,RREO-Anexo 03,E,Padrão,<MR-8>,ITCDLiquidoExcetoTransferenciasEFUNDEB,ITCD,1976787.98,SE,28,2022,6
2022,RREO,6,B,Governo do Estado de Sergipe,28,SE,2338474,RREO-Anexo 03,E,Padrão,<MR-7>,ITCDLiquidoExcetoTransferenciasEFUNDEB,ITCD,3021084.08,SE,28,2022,6
2022,RREO,6,B,Governo do Estado de Sergipe,28,SE,2338474,RREO-Anexo 03,E,Padrão,<MR-6>,ITCDLiquidoExcetoTransferenciasEFUNDEB,ITCD,2096779.65,SE,28,2022,6
2022,RREO,6,B,Governo do Estado de Sergipe,28,SE,2338474,RREO-Anexo 03,E,Padrão,<MR-5>,ITCDLiquidoExcetoTransferenciasEFUNDEB,ITCD,2846934.31,SE,28,2022,6
2022,RREO,6,B,Governo do Estado de Sergipe,28,SE,2338474,RREO-Anexo 03,E,Padrão,<MR-4>,ITCDLiquidoExcetoTransferenciasEFUNDEB,ITCD,3157287.01,SE,28,2022,6
2022,RREO,6,B,Governo do Estado de Sergipe,28,SE,2338474,RREO-Anexo 03,E,Padrão,<MR-3>,ITCDLiquidoExcetoTransferenciasEFUNDEB,ITCD,6334902.77,SE,28,2022,6
2022,RREO,6,B,Governo do Estado de Sergipe,28,SE,2338474,RREO-Anexo 03,E,Padrão,<MR-2>,ITCDLiquidoExcetoTransferenciasEFUNDEB,ITCD,2516306.67,SE,28,2022,6
2022,RREO,6,B,Governo do Estado de Sergipe,28,SE,2338474,RREO-Anexo 03,E,Padrão,<MR-1>,ITCDLiquidoExcetoTransferenciasEFUNDEB,ITCD,2333930.95,SE,28,2022,6
2022,RREO,6,B,Governo do Estado de Sergipe,28,SE,2338474,RREO-Anexo 03,E,Padrão,<MR>,ITCDLiquidoExcetoTransferenciasEFUNDEB,ITCD,3143553.66,SE,28,2022,6
2022,RREO,6,B,Governo do Estado de Sergipe,28,SE,2338474,RREO-Anexo 03,E,Padrão,TOTAL (ÚLTIMOS 12 MESES),ITCDLiquidoExcetoTransferenciasEFUNDEB,ITCD,35694711.71,SE,28,2022,6
2022,RREO,6,B,Governo do Estado de Sergipe,28,SE,2338474,RREO-Anexo 03,E,Padrão,PREVISÃO ATUALIZADA 2022,ITCDLiquidoExcetoTransferenciasEFUNDEB,ITCD,30973607.0,SE,28,2022,6
2022,RREO,6,B,Governo do Estado da Bahia,29,BA,14985284,RREO-Anexo 03,E,Padrão,<MR-11>,ICMSLiquidoExcetoTransferenciasEFUNDEB,ICMS,2916031912.19,BA,29,2022,6
2022,RREO,6,B,Governo do Estado da Bahia,29,BA,14985284,RREO-Anexo 03,E,Padrão,<MR-10>,ICMSLiquidoExcetoTransferenciasEFUNDEB,ICMS,2731732647.34,BA,29,2022,6
2022,RREO,6,B,Governo do Estado da Bahia,29,BA,14985284,RREO-Anexo 03,E,Padrão,<MR-9>,ICMSLiquidoExcetoTransferenciasEFUNDEB,ICMS,2962584198.85,BA,29,2022,6
2022,RREO,6,B,Governo do Estado da Bahia,29,BA,14985284,RREO-Anexo 03,E,Padrão,<MR-8>,ICMSLiquidoExcetoTransferenciasEFUNDEB,ICMS,2715823428.04,BA,29,2022,6
2022,RREO,6,B,Governo do Estado da Bahia,29,BA,14985284,RREO-Anexo 03,E,Padrão,<MR-7>,ICMSLiquidoExcetoTransferenciasEFUNDEB,ICMS,2677878571.43,BA,29,2022,6
2022,RREO,6,B,Governo do Estado da Bahia,29,BA,14985284,RREO-Anexo 03,E,Padrão,<MR-6>,ICMSLiquidoExcetoTransferenciasEFUNDEB,ICMS,2908806725.19,BA,29,2022,6
2022,RREO,6,B,Governo do Estado da Bahia,29,BA,14985284,RREO-Anexo 03,E,Padrão,<MR-5>,ICMSLiquidoExcetoTransferenciasEFUNDEB,ICMS,2775962329.86,BA,29,2022,6
2022,RREO,6,B,Governo do Estado da Bahia,29,BA,14985284,RREO-Anexo 03,E,Padrão,<MR-4>,ICMSLiquidoExcetoTransferenciasEFUNDEB,ICMS,2882365205.69,BA,29,2022,6
2022,RREO,6,B,Governo do Estado da Bahia,29,BA,14985284,RREO-Anexo 03,E,Padrão,<MR-3>,ICMSLiquidoExcetoTransferenciasEFUNDEB,ICMS,2716849156.08,BA,29,2022,6
2022,RREO,6,B,Governo do Estado da Bahia,29,BA,14985284,RREO-Anexo 03,E,Padrão,<MR-2>,ICMSLiquidoExcetoTransferenciasEFUNDEB,ICMS,2778891294.39,BA,29,2022,6
2022,RREO,6,B,Governo do Estado da Bahia,29,BA,14985284,RREO-Anexo 03,E,Padrão,<MR-1>,ICMSLiquidoExcetoTransferenciasEFUNDEB,ICMS,2586645688.65,BA,29,2022,6
2022,RREO,6,B,Governo do Estado da Bahia,29,BA,14985284,RREO-Anexo 03,E,Padrão,<MR>,ICMSLiquidoExcetoTransferenciasEFUNDEB,ICMS,2595455511.72,BA,29,2022,6
2022,RREO,6,B,Governo do Estado da Bahia,29,BA,14985284,RREO-Anexo 03,E,Padrão,TOTAL (ÚLTIMOS 12 MESES),ICMSLiquidoExcetoTransferenciasEFUNDEB,ICMS,33249026669.43,BA,29,2022,6
2022,RREO,6,B,Governo do Estado da Bahia,29,BA,14985284,RREO-Anexo 03,E,Padrão,PREVISÃO ATUALIZADA 2022,ICMSLiquidoExcetoTransferenciasEFUNDEB,ICMS,32740840034.0,BA,29,2022,6
2022,RREO,6,B,Governo do Estado da Bahia,29,BA,14985284,RREO-Anexo 03,E,Padrão,<MR-11>,IPVALiquidoExcetoTransferenciasEFUNDEB,IPVA,175620784.93,BA,29,2022,6
2022,RREO,6,B,Governo do Estado da Bahia,29,BA,14985284,RREO-Anexo 03,E,Padrão,<MR-10>,IPVALiquidoExcetoTransferenciasEFUNDEB,IPVA,363549881.31,BA,29,2022,6
2022,RREO,6,B,Governo do Estado da Bahia,29,BA,14985284,RREO-Anexo 03,E,Padrão,<MR-9>,IPVALiquidoExcetoTransferenciasEFUNDEB,IPVA,128476209.28,BA,29,2022,6
2022,RREO,6,B,Governo do Estado da Bahia,29,BA,14985284,RREO-Anexo 03,E,Padrão,<MR-8>,IPVALiquidoExcetoTransferenciasEFUNDEB,IPVA,106410313.87,BA,29,2022,6
2022,RREO,6,B,Governo do Estado da Bahia,29,BA,14985284,RREO-Anexo 03,E,Padrão,<MR-7>,IPVALiquidoExcetoTransferenciasEFUNDEB,IPVA,137543101.53,BA,29,2022,6
2022,RREO,6,B,Governo do Estado da Bahia,29,BA,14985284,RREO-Anexo 03,E,Padrão,<MR-6>,IPVALiquidoExcetoTransferenciasEFUNDEB,IPVA,139023691.98,BA,29,2022,6
2022,RREO,6,B,Governo do Estado da Bahia,29,BA,14985284,RREO-Anexo 03,E,Padrão,<MR-5>,IPVALiquidoExcetoTransferenciasEFUNDEB,IPVA,168234522.29,BA,29,2022,6
2022,RREO,6,B,Governo do Estado da Bahia,29,BA,14985284,RREO-Anexo 03,E,Padrão,<MR-4>,IPVALiquidoExcetoTransferenciasEFUNDEB,IPVA,178696776.97,BA,29,2022,6
2022,RREO,6,B,Governo do Estado da Bahia,29,BA,14985284,RREO-Anexo 03,E,Padrão,<MR-3>,IPVALiquidoExcetoTransferenciasEFUNDEB,IPVA,163836697.74,BA,29,2022,6
2022,RREO,6,B,Governo do Estado da Bahia,29,BA,14985284,RREO-Anexo 03,E,Padrão,<MR-2>,IPVALiquidoExcetoTransferenciasEFUNDEB,IPVA,148036012.83,BA,29,2022,6
2022,RREO,6,B,Governo do Estado da Bahia,29,BA,14985284,RREO-Anexo 03,E,Padrão,<MR-1>,IPVALiquidoExcetoTransferenciasEFUNDEB,IPVA,136856987.24,BA,29,2022,6
2022,RREO,6,B,Governo do Estado da Bahia,29,BA,14985284,RREO-Anexo 03,E,Padrão,<MR>,IPVALiquidoExcetoTransferenciasEFUNDEB,IPVA,117152421.05,BA,29,2022,6
2022,RREO,6,B,Governo do Estado da Bahia,29,BA,14985284,RREO-Anexo 03,E,Padrão,TOTAL (ÚLTIMOS 12 MESES),IPVALiquidoExcetoTransferenciasEFUNDEB,IPVA,1963437401.02,BA,29,2022,6
2022,RREO,6,B,Governo do Estado da Bahia,29,BA,14985284,RREO-Anexo 03,E,Padrão,PREVISÃO ATUALIZADA 2022,IPVALiquidoExcetoTransferenciasEFUNDEB,IPVA,1863785428.0,BA,29,2022,6
2022,RREO,6,B,Governo do Estado da Bahia,29,BA,14985284,RREO-Anexo 03,E,Padrão,<MR-11>,ITCDLiquidoExcetoTransferenciasEFUNDEB,ITCD,12684971.42,BA,29,2022,6
2022,RREO,6,B,Governo do Estado da Bahia,29,BA,14985284,RREO-Anexo 03,E,Padrão,<MR-10>,ITCDLiquidoExcetoTransferenciasEFUNDEB,ITCD,16207687.14,BA,29,2022,6
2022,RREO,6,B,Governo do Estado da Bahia,29,BA,14985284,RREO-Anexo 03,E,Padrão,<MR-9>,ITCDLiquidoExcetoTransferenciasEFUNDEB,ITCD,16595539.83,BA,29,2022,6
2022,RREO,6,B,Governo do Estado da Bahia,29,BA,14985284,RREO-Anexo 03,E,Padrão,<MR-8>,ITCDLiquidoExcetoTransferenciasEFUNDEB,ITCD,20491215.87,BA,29,2022,6
2022,RREO,6,B,Governo do Estado da Bahia,29,BA,14985284,RREO-Anexo 03,E,Padrão,<MR-7>,ITCDLiquidoExcetoTransferenciasEFUNDEB,ITCD,23040817.77,BA,29,2022,6
2022,RREO,6,B,Governo do Estado da Bahia,29,BA,14985284,RREO-Anexo 03,E,Padrão,<MR-6>,ITCDLiquidoExcetoTransferenciasEFUNDEB,ITCD,16402939.35,BA,29,2022,6
2022,RREO,6,B,Governo do Estado da Bahia,29,BA,14985284,RREO-Anexo 03,E,Padrão,<MR-5>,ITCDLiquidoExcetoTransferenciasEFUNDEB,ITCD,21232870.63,BA,29,2022,6
2022,RREO,6,B,Governo do Estado da Bahia,29,BA,14985284,RREO-Anexo 03,E,Padrão,<MR-4>,ITCDLiquidoExcetoTransferenciasEFUNDEB,ITCD,23461769.65,BA,29,2022,6
2022,RREO,6,B,Governo do Estado da Bahia,29,BA,14985284,RREO-Anexo 03,E,Padrão,<MR-3>,ITCDLiquidoExcetoTransferenciasEFUNDEB,ITCD,26448893.52,BA,29,2022,6
2022,RREO,6,B,Governo do Estado da Bahia,29,BA,14985284,RREO-Anexo 03,E,Padrão,<MR-2>,ITCDLiquidoExcetoTransferenciasEFUNDEB,ITCD,22639749.35,BA,29,2022,6
2022,RREO,6,B,Governo do Estado da Bahia,29,BA,14985284,RREO-Anexo 03,E,Padrão,<MR-1>,ITCDLiquidoExcetoTransferenciasEFUNDEB,ITCD,19757715.12,BA,29,2022,6
2022,RREO,6,B,Governo do Estado da Bahia,29,BA,14985284,RREO-Anexo 03,E,Padrão,<MR>,ITCDLiquidoExcetoTransferenciasEFUNDEB,ITCD,25014424.81,BA,29,2022,6
2022,RREO,6,B,Governo do Estado da Bahia,29,BA,14985284,RREO-Anexo 03,E,Padrão,TOTAL (ÚLTIMOS 12 MESES),ITCDLiquidoExcetoTransferenciasEFUNDEB,ITCD,243978594.46,BA,29,2022,6
2022,RREO,6,B,Governo do Estado da Bahia,29,BA,14985284,RREO-Anexo 03,E,Padrão,PREVISÃO ATUALIZADA 2022,ITCDLiquidoExcetoTransferenciasEFUNDEB,ITCD,200000000.0,BA,29,2022,6
2022,RREO,6,B,Governo do Estado de Minas Gerais,31,MG,21411923,RREO-Anexo 03,E,Padrão,<MR-11>,ICMSLiquidoExcetoTransferenciasEFUNDEB,ICMS,6170011210.68,MG,31,2022,6
2022,RREO,6,B,Governo do Estado de Minas Gerais,31,MG,21411923,RREO-Anexo 03,E,Padrão,<MR-10>,ICMSLiquidoExcetoTransferenciasEFUNDEB,ICMS,5392713408.13,MG,31,2022,6
2022,RREO,6,B,Governo do Estado de Minas Gerais,31,MG,21411923,RREO-Anexo 03,E,Padrão,<MR-9>,ICMSLiquidoExcetoTransferenciasEFUNDEB,ICMS,5581954838.42,MG,31,2022,6
2022,RREO,6,B,Governo do Estado de Minas Gerais,31,MG,21411923,RREO-Anexo 03,E,Padrão,<MR-8>,ICMSLiquidoExcetoTransferenciasEFUNDEB,ICMS,6297988791.23,MG,31,2022,6
2022,RREO,6,B,Governo do Estado de Minas Gerais,31,MG,21411923,RREO-Anexo 03,E,Padrão,<MR-7>,ICMSLiquidoExcetoTransferenciasEFUNDEB,ICMS,6302137852.98,MG,31,2022,6
2022,RREO,6,B,Governo do Estado de Minas Gerais,31,MG,21411923,RREO-Anexo 03,E,Padrão,<MR-6>,ICMSLiquidoExcetoTransferenciasEFUNDEB,ICMS,6371685127.97,MG,31,2022,6
2022,RREO,6,B,Governo do Estado de Minas Gerais,31,MG,21411923,RREO-Anexo 03,E,Padrão,<MR-5>,ICMSLiquidoExcetoTransferenciasEFUNDEB,ICMS,6043276782.57,MG,31,2022,6
2022,RREO,6,B,Governo do Estado de Minas Gerais,31,MG,21411923,RREO-Anexo 03,E,Padrão,<MR-4>,ICMSLiquidoExcetoTransferenciasEFUNDEB,ICMS,5685176249.31,MG,31,2022,6
2022,RREO,6,B,Governo do Estado de Minas Gerais,31,MG,21411923,RREO-Anexo 03,E,Padrão,<MR-3>,ICMSLiquidoExcetoTransferenciasEFUNDEB,ICMS,5836567605.63,MG,31,2022,6
2022,RREO,6,B,Governo do Estado de Minas Gerais,31,MG,21411923,RREO-Anexo 03,E,Padrão,<MR-2>,ICMSLiquidoExcetoTransferenciasEFUNDEB,ICMS,5719147911.12,MG,31,2022,6
2022,RREO,6,B,Governo do Estado de Minas Gerais,31,MG,21411923,RREO-Anexo 03,E,Padrão,<MR-1>,ICMSLiquidoExcetoTransferenciasEFUNDEB,ICMS,5641017310.38,MG,31,2022,6
2022,RREO,6,B,Governo do Estado de Minas Gerais,31,MG,21411923,RREO-Anexo 03,E,Padrão,<MR>,ICMSLiquidoExcetoTransferenciasEFUNDEB,ICMS,5676287304.19,MG,31,2022,6
2022,RREO,6,B,Governo do Estado de Minas Gerais,31,MG,21411923,RREO-Anexo 03,E,Padrão,TOTAL (ÚLTIMOS 12 MESES),ICMSLiquidoExcetoTransferenciasEFUNDEB,ICMS,70717964392.61,MG,31,2022,6
2022,RREO,6,B,Governo do Estado de Minas Gerais,31,MG,21411923,RREO-Anexo 03,E,Padrão,PREVISÃO ATUALIZADA 2022,ICMSLiquidoExcetoTransferenciasEFUNDEB,ICMS,68094312645.0,MG,31,2022,6
2022,RREO,6,B,Governo do Estado de Minas Gerais,31,MG,21411923,RREO-Anexo 03,E,Padrão,<MR-11>,IPVALiquidoExcetoTransferenciasEFUNDEB,IPVA,605490068.05,MG,31,2022,6
2022,RREO,6,B,Governo do Estado de Minas Gerais,31,MG,21411923,RREO-Anexo 03,E,Padrão,<MR-10>,IPVALiquidoExcetoTransferenciasEFUNDEB,IPVA,500989210.94,MG,31,2022,6
2022,RREO,6,B,Governo do Estado de Minas Gerais,31,MG,21411923,RREO-Anexo 03,E,Padrão,<MR-9>,IPVALiquidoExcetoTransferenciasEFUNDEB,IPVA,2698533172.1,MG,31,2022,6
2022,RREO,6,B,Governo do Estado de Minas Gerais,31,MG,21411923,RREO-Anexo 03,E,Padrão,<MR-8>,IPVALiquidoExcetoTransferenciasEFUNDEB,IPVA,941948270.62,MG,31,2022,6
2022,RREO,6,B,Governo do Estado de Minas Gerais,31,MG,21411923,RREO-Anexo 03,E,Padrão,<MR-7>,IPVALiquidoExcetoTransferenciasEFUNDEB,IPVA,998043475.19,MG,31,2022,6
2022,RREO,6,B,Governo do Estado de Minas Gerais,31,MG,21411923,RREO-Anexo 03,E,Padrão,<MR-6>,IPVALiquidoExcetoTransferenciasEFUNDEB,IPVA,500110645.48,MG,31,2022,6
2022,RREO,6,B,Governo do Estado de Minas Gerais,31,MG,21411923,RREO-Anexo 03,E,Padrão,<MR-5>,IPVALiquidoExcetoTransferenciasEFUNDEB,IPVA,309896905.59,MG,31,2022,6
2022,RREO,6,B,Governo do Estado de Minas Gerais,31,MG,21411923,RREO-Anexo 03,E,Padrão,<MR-4>,IPVALiquidoExcetoTransferenciasEFUNDEB,IPVA,273636829.85,MG,31,2022,6
2022,RREO,6,B,Governo do Estado de Minas Gerais,31,MG,21411923,RREO-Anexo 03,E,Padrão,<MR-3>,IPVALiquidoExcetoTransferenciasEFUNDEB,IPVA,213586051.62,MG,31,2022,6
2022,RREO,6,B,Governo do Estado de Minas Gerais,31,MG,21411923,RREO-Anexo 03,E,Padrão,<MR-2>,IPVALiquidoExcetoTransferenciasEFUNDEB,IPVA,184684190.81,MG,31,2022,6
2022,RREO,6,B,Governo do Estado de Minas Gerais,31,MG,21411923,RREO-Anexo 03,E,Padrão,<MR-1>,IPVALiquidoExcetoTransferenciasEFUNDEB,IPVA,270965322.09,MG,31,2022,6
2022,RREO,6,B,Governo do Estado de Minas Gerais,31,MG,21411923,RREO-Anexo 03,E,Padrão,<MR>,IPVALiquidoExcetoTransferenciasEFUNDEB,IPVA,235909262.77,MG,31,2022,6
2022,RREO,6,B,Governo do Estado de Minas Gerais,31,MG,21411923,RREO-Anexo 03,E,Padrão,TOTAL (ÚLTIMOS 12 MESES),IPVALiquidoExcetoTransferenciasEFUNDEB,IPVA,7733793405.11,MG,31,2022,6
2022,RREO,6,B,Governo do Estado de Minas Gerais,31,MG,21411923,RREO-Anexo 03,E,Padrão,PREVISÃO ATUALIZADA 2022,IPVALiquidoExcetoTransferenciasEFUNDEB,IPVA,7405879746.0,MG,31,2022,6
2022,RREO,6,B,Governo do Estado de Minas Gerais,31,MG,21411923,RREO-Anexo 03,E,Padrão,<MR-11>,ITCDLiquidoExcetoTransferenciasEFUNDEB,ITCD,81779220.07,MG,31,2022,6
2022,RREO,6,B,Governo do Estado de Minas Gerais,31,MG,21411923,RREO-Anexo 03,E,Padrão,<MR-10>,ITCDLiquidoExcetoTransferenciasEFUNDEB,ITCD,93136666.73,MG,31,2022,6
2022,RREO,6,B,Governo do Estado de Minas Gerais,31,MG,21411923,RREO-Anexo 03,E,Padrão,<MR-9>,ITCDLiquidoExcetoTransferenciasEFUNDEB,ITCD,128914841.81,MG,31,2022,6
2022,RREO,6,B,Governo do Estado de Minas Gerais,31,MG,21411923,RREO-Anexo 03,E,Padrão,<MR-8>,ITCDLiquidoExcetoTransferenciasEFUNDEB,ITCD,121128072.49,MG,31,2022,6
2022,RREO,6,B,Governo do Estado de Minas Gerais,31,MG,21411923,RREO-Anexo 03,E,Padrão,<MR-7>,ITCDLiquidoExcetoTransferenciasEFUNDEB,ITCD,150473502.54,MG,31,2022,6
2022,RREO,6,B,Governo do Estado de Minas Gerais,31,MG,21411923,RREO-Anexo 03,E,Padrão,<MR-6>,ITCDLiquidoExcetoTransferenciasEFUNDEB,ITCD,129049959.86,MG,31,2022,6
2022,RREO,6,B,Governo do Estado de Minas Gerais,31,MG,21411923,RREO-Anexo 03,E,Padrão,<MR-5>,ITCDLiquidoExcetoTransferenciasEFUNDEB,ITCD,129860204.98,MG,31,2022,6
2022,RREO,6,B,Governo do Estado de Minas Gerais,31,MG,21411923,RREO-Anexo 03,E,Padrão,<MR-4>,ITCDLiquidoExcetoTransferenciasEFUNDEB,ITCD,136600224.43,MG,31,2022,6
2022,RREO,6,B,Governo do Estado de Minas Gerais,31,MG,21411923,RREO-Anexo 03,E,Padrão,<MR-3>,ITCDLiquidoExcetoTransferenciasEFUNDEB,ITCD,139249090.34,MG,31,2022,6
2022,RREO,6,B,Governo do Estado de Minas Gerais,31,MG,21411923,RREO-Anexo 03,E,Padrão,<MR-2>,ITCDLiquidoExcetoTransferenciasEFUNDEB,ITCD,117683974.69,MG,31,2022,6
2022,RREO,6,B,Governo do Estado de Minas Gerais,31,MG,21411923,RREO-Anexo 03,E,Padrão,<MR-1>,ITCDLiquidoExcetoTransferenciasEFUNDEB,ITCD,138876171.77,MG,31,2022,6
2022,RREO,6,B,Governo do Estado de Minas Gerais,31,MG,21411923,RREO-Anexo 03,E,Padrão,<MR>,ITCDLiquidoExcetoTransferenciasEFUNDEB,ITCD,181643201.61,MG,31,2022,6
2022,RREO,6,B,Governo do Estado de Minas Gerais,31,MG,21411923,RREO-Anexo 03,E,Padrão,TOTAL (ÚLTIMOS 12 MESES),ITCDLiquidoExcetoTransferenciasEFUNDEB,ITCD,1548395131.32,MG,31,2022,6
2022,RREO,6,B,Governo do Estado de Minas Gerais,31,MG,21411923,RREO-Anexo 03,E,Padrão,PREVISÃO ATUALIZADA 2022,ITCDLiquidoExcetoTransferenciasEFUNDEB,ITCD,1273750206.0,MG,31,2022,6
2022,RREO,6,B,Governo do Estado do Espírito Santo,32,ES,4108508,RREO-Anexo 03,E,Padrão,<MR-11>,ICMSLiquidoExcetoTransferenciasEFUNDEB,ICMS,1479696102.47,ES,32,2022,6
2022,RREO,6,B,Governo do Estado do Espírito Santo,32,ES,4108508,RREO-Anexo 03,E,Padrão,<MR-10>,ICMSLiquidoExcetoTransferenciasEFUNDEB,ICMS,1379547530.04,ES,32,2022,6
2022,RREO,6,B,Governo do Estado do Espírito Santo,32,ES,4108508,RREO-Anexo 03,E,Padrão,<MR-9>,ICMSLiquidoExcetoTransferenciasEFUNDEB,ICMS,1322205799.28,ES,32,2022,6
2022,RREO,6,B,Governo do Estado do Espírito Santo,32,ES,4108508,RREO-Anexo 03,E,Padrão,<MR-8>,ICMSLiquidoExcetoTransferenciasEFUNDEB,ICMS,1449588545.2,ES,32,2022,6
2022,RREO,6,B,Governo do Estado do Espírito Santo,32,ES,4108508,RREO-Anexo 03,E,Padrão,<MR-7>,ICMSLiquidoExcetoTransferenciasEFUNDEB,ICMS,1469652204.81,ES,32,2022,6
2022,RREO,6,B,Governo do Estado do Espírito Santo,32,ES,4108508,RREO-Anexo 03,E,Padrão,<MR-6>,ICMSLiquidoExcetoTransferenciasEFUNDEB,ICMS,1489300634.86,ES,32,2022,6
2022,RREO,6,B,Governo do Estado do Espírito Santo,32,ES,4108508,RREO-Anexo 03,E,Padrão,<MR-5>,ICMSLiquidoExcetoTransferenciasEFUNDEB,ICMS,1442149171.41,ES,32,2022,6
2022,RREO,6,B,Governo do Estado do Espírito Santo,32,ES,4108508,RREO-Anexo 03,E,Padrão,<MR-4>,ICMSLiquidoExcetoTransferenciasEFUNDEB,ICMS,1265386995.38,ES,32,2022,6
2022,RREO,6,B,Governo do Estado do Espírito Santo,32,ES,4108508,RREO-Anexo 03,E,Padrão,<MR-3>,ICMSLiquidoExcetoTransferenciasEFUNDEB,ICMS,1276355891.91,ES,32,2022,6
2022,RREO,6,B,Governo do Estado do Espírito Santo,32,ES,4108508,RREO-Anexo 03,E,Padrão,<MR-2>,ICMSLiquidoExcetoTransferenciasEFUNDEB,ICMS,1345226156.3,ES,32,2022,6
2022,RREO,6,B,Governo do Estado do Espírito Santo,32,ES,4108508,RREO-Anexo 03,E,Padrão,<MR-1>,ICMSLiquidoExcetoTransferenciasEFUNDEB,ICMS,1375196499.07,ES,32,2022,6
2022,RREO,6,B,Governo do Estado do Espírito Santo,32,ES,4108508,RREO-Anexo 03,E,Padrão,<MR>,ICMSLiquidoExcetoTransferenciasEFUNDEB,ICMS,1356858176.31,ES,32,2022,6
2022,RREO,6,B,Governo do Estado do Espírito Santo,32,ES,4108508,RREO-Anexo 03,E,Padrão,TOTAL (ÚLTIMOS 12 MESES),ICMSLiquidoExcetoTransferenciasEFUNDEB,ICMS,16651163707.04,ES,32,2022,6
2022,RREO,6,B,Governo do Estado do Espírito Santo,32,ES,4108508,RREO-Anexo 03,E,Padrão,PREVISÃO ATUALIZADA 2022,ICMSLiquidoExcetoTransferenciasEFUNDEB,ICMS,15598569283.09,ES,32,2022,6
2022,RREO,6,B,Governo do Estado do Espírito Santo,32,ES,4108508,RREO-Anexo 03,E,Padrão,<MR-11>,IPVALiquidoExcetoTransferenciasEFUNDEB,IPVA,46565460.45,ES,32,2022,6
2022,RREO,6,B,Governo do Estado do Espírito Santo,32,ES,4108508,RREO-Anexo 03,E,Padrão,<MR-10>,IPVALiquidoExcetoTransferenciasEFUNDEB,IPVA,39300879.7,ES,32,2022,6
2022,RREO,6,B,Governo do Estado do Espírito Santo,32,ES,4108508,RREO-Anexo 03,E,Padrão,<MR-9>,IPVALiquidoExcetoTransferenciasEFUNDEB,IPVA,80370419.38,ES,32,2022,6
2022,RREO,6,B,Governo do Estado do Espírito Santo,32,ES,4108508,RREO-Anexo 03,E,Padrão,<MR-8>,IPVALiquidoExcetoTransferenciasEFUNDEB,IPVA,249382759.15,ES,32,2022,6
2022,RREO,6,B,Governo do Estado do Espírito Santo,32,ES,4108508,RREO-Anexo 03,E,Padrão,<MR-7>,IPVALiquidoExcetoTransferenciasEFUNDEB,IPVA,123504724.77,ES,32,2022,6
2022,RREO,6,B,Governo do Estado do Espírito Santo,32,ES,4108508,RREO-Anexo 03,E,Padrão,<MR-6>,IPVALiquidoExcetoTransferenciasEFUNDEB,IPVA,108664204.9,ES,32,2022,6
2022,RREO,6,B,Governo do Estado do Espírito Santo,32,ES,4108508,RREO-Anexo 03,E,Padrão,<MR-5>,IPVALiquidoExcetoTransferenciasEFUNDEB,IPVA,108465995.02,ES,32,2022,6
2022,RREO,6,B,Governo do Estado do Espírito Santo,32,ES,4108508,RREO-Anexo 03,E,Padrão,<MR-4>,IPVALiquidoExcetoTransferenciasEFUNDEB,IPVA,59358912.8,ES,32,2022,6
2022,RREO,6,B,Governo do Estado do Espírito Santo,32,ES,4108508,RREO-Anexo 03,E,Padrão,<MR-3>,IPVALiquidoExcetoTransferenciasEFUNDEB,IPVA,38758713.77,ES,32,2022,6
2022,RREO,6,B,Governo do Estado do Espírito Santo,32,ES,4108508,RREO-Anexo 03,E,Padrão,<MR-2>,IPVALiquidoExcetoTransferenciasEFUNDEB,IPVA,28911364.37,ES,32,2022,6
2022,RREO,6,B,Governo do Estado do Espírito Santo,32,ES,4108508,RREO-Anexo 03,E,Padrão,<MR-1>,IPVALiquidoExcetoTransferenciasEFUNDEB,IPVA,20938831.87,ES,32,2022,6
2022,RREO,6,B,Governo do Estado do Espírito Santo,32,ES,4108508,RREO-Anexo 03,E,Padrão,<MR>,IPVALiquidoExcetoTransferenciasEFUNDEB,IPVA,23732389.99,ES,32,2022,6
2022,RREO,6,B,Governo do Estado do Espírito Santo,32,ES,4108508,RREO-Anexo 03,E,Padrão,TOTAL (ÚLTIMOS 12 MESES),IPVALiquidoExcetoTransferenciasEFUNDEB,IPVA,927954656.17,ES,32,2022,6
2022,RREO,6,B,Governo do Estado do Espírito Santo,32,ES,4108508,RREO-Anexo 03,E,Padrão,PREVISÃO ATUALIZADA 2022,IPVALiquidoExcetoTransferenciasEFUNDEB,IPVA,753754905.0,ES,32,2022,6
2022,RREO,6,B,Governo do Estado do Espírito Santo,32,ES,4108508,RREO-Anexo 03,E,Padrão,<MR-11>,ITCDLiquidoExcetoTransferenciasEFUNDEB,ITCD,7202754.77,ES,32,2022,6
2022,RREO,6,B,Governo do Estado do Espírito Santo,32,ES,4108508,RREO-Anexo 03,E,Padrão,<MR-10>,ITCDLiquidoExcetoTransferenciasEFUNDEB,ITCD,5822877.22,ES,32,2022,6
2022,RREO,6,B,Governo do Estado do Espírito Santo,32,ES,4108508,RREO-Anexo 03,E,Padrão,<MR-9>,ITCDLiquidoExcetoTransferenciasEFUNDEB,ITCD,10003399.43,ES,32,2022,6
2022,RREO,6,B,Governo do Estado do Espírito Santo,32,ES,4108508,RREO-Anexo 03,E,Padrão,<MR-8>,ITCDLiquidoExcetoTransferenciasEFUNDEB,ITCD,9425209.71,ES,32,2022,6
2022,RREO,6,B,Governo do Estado do Espírito Santo,32,ES,4108508,RREO-Anexo 03,E,Padrão,<MR-7>,ITCDLiquidoExcetoTransferenciasEFUNDEB,ITCD,12975611.81,ES,32,2022,6
2022,RREO,6,B,Governo do Estado do Espírito Santo,32,ES,4108508,RREO-Anexo 03,E,Padrão,<MR-6>,ITCDLiquidoExcetoTransferenciasEFUNDEB,ITCD,12559772.47,ES,32,2022,6
2022,RREO,6,B,Governo do Estado do Espírito Santo,32,ES,4108508,RREO-Anexo 03,E,Padrão,<MR-5>,ITCDLiquidoExcetoTransferenciasEFUNDEB,ITCD,12155794.13,ES,32,2022,6
2022,RREO,6,B,Governo do Estado do Espírito Santo,32,ES,4108508,RREO-Anexo 03,E,Padrão,<MR-4>,ITCDLiquidoExcetoTransferenciasEFUNDEB,ITCD,16030505.01,ES,32,2022,6
2022,RREO,6,B,Governo do Estado do Espírito Santo,32,ES,4108508,RREO-Anexo 03,E,Padrão,<MR-3>,ITCDLiquidoExcetoTransferenciasEFUNDEB,ITCD,11161705.66,ES,32,2022,6
2022,RREO,6,B,Governo do Estado do Espírito Santo,32,ES,4108508,RREO-Anexo 03,E,Padrão,<MR-2>,ITCDLiquidoExcetoTransferenciasEFUNDEB,ITCD,11838388.78,ES,32,2022,6
2022,RREO,6,B,Governo do Estado do Espírito Santo,32,ES,4108508,RREO-Anexo 03,E,Padrão,<MR-1>,ITCDLiquidoExcetoTransferenciasEFUNDEB,ITCD,12204295.54,ES,32,2022,6
2022,RREO,6,B,Governo do Estado do Espírito Santo,32,ES,4108508,RREO-Anexo 03,E,Padrão,<MR>,ITCDLiquidoExcetoTransferenciasEFUNDEB,ITCD,14732492.37,ES,32,2022,6
2022,RREO,6,B,Governo do Estado do Espírito Santo,32,ES,4108508,RREO-Anexo 03,E,Padrão,TOTAL (ÚLTIMOS 12 MESES),ITCDLiquidoExcetoTransferenciasEFUNDEB,ITCD,136112806.9,ES,32,2022,6
2022,RREO,6,B,Governo do Estado do Espírito Santo,32,ES,4108508,RREO-Anexo 03,E,Padrão,PREVISÃO ATUALIZADA 2022,ITCDLiquidoExcetoTransferenciasEFUNDEB,ITCD,94472430.0,ES,32,2022,6
2022,RREO,6,B,Governo do Estado do Rio de Janeiro,33,RJ,17463349,RREO-Anexo 03,E,Padrão,<MR-11>,ICMSLiquidoExcetoTransferenciasEFUNDEB,ICMS,4801372951.06,RJ,33,2022,6
2022,RREO,6,B,Governo do Estado do Rio de Janeiro,33,RJ,17463349,RREO-Anexo 03,E,Padrão,<MR-10>,ICMSLiquidoExcetoTransferenciasEFUNDEB,ICMS,4001646632.73,RJ,33,2022,6
2022,RREO,6,B,Governo do Estado do Rio de Janeiro,33,RJ,17463349,RREO-Anexo 03,E,Padrão,<MR-9>,ICMSLiquidoExcetoTransferenciasEFUNDEB,ICMS,3996198915.89,RJ,33,2022,6
2022,RREO,6,B,Governo do Estado do Rio de Janeiro,33,RJ,17463349,RREO-Anexo 03,E,Padrão,<MR-8>,ICMSLiquidoExcetoTransferenciasEFUNDEB,ICMS,4501988533.57,RJ,33,2022,6
2022,RREO,6,B,Governo do Estado do Rio de Janeiro,33,RJ,17463349,RREO-Anexo 03,E,Padrão,<MR-7>,ICMSLiquidoExcetoTransferenciasEFUNDEB,ICMS,4300200781.83,RJ,33,2022,6
2022,RREO,6,B,Governo do Estado do Rio de Janeiro,33,RJ,17463349,RREO-Anexo 03,E,Padrão,<MR-6>,ICMSLiquidoExcetoTransferenciasEFUNDEB,ICMS,4611856487.63,RJ,33,2022,6
2022,RREO,6,B,Governo do Estado do Rio de Janeiro,33,RJ,17463349,RREO-Anexo 03,E,Padrão,<MR-5>,ICMSLiquidoExcetoTransferenciasEFUNDEB,ICMS,4249319815.19,RJ,33,2022,6
2022,RREO,6,B,Governo do Estado do Rio de Janeiro,33,RJ,17463349,RREO-Anexo 03,E,Padrão,<MR-4>,ICMSLiquidoExcetoTransferenciasEFUNDEB,ICMS,3879924936.04,RJ,33,2022,6
2022,RREO,6,B,Governo do Estado do Rio de Janeiro,33,RJ,17463349,RREO-Anexo 03,E,Padrão,<MR-3>,ICMSLiquidoExcetoTransferenciasEFUNDEB,ICMS,4779207377.64,RJ,33,2022,6
2022,RREO,6,B,Governo do Estado do Rio de Janeiro,33,RJ,17463349,RREO-Anexo 03,E,Padrão,<MR-2>,ICMSLiquidoExcetoTransferenciasEFUNDEB,ICMS,3844477950.25,RJ,33,2022,6
2022,RREO,6,B,Governo do Estado do Rio de Janeiro,33,RJ,17463349,RREO-Anexo 03,E,Padrão,<MR-1>,ICMSLiquidoExcetoTransferenciasEFUNDEB,ICMS,4006567683.91,RJ,33,2022,6
2022,RREO,6,B,Governo do Estado do Rio de Janeiro,33,RJ,17463349,RREO-Anexo 03,E,Padrão,<MR>,ICMSLiquidoExcetoTransferenciasEFUNDEB,ICMS,3800776210.83,RJ,33,2022,6
2022,RREO,6,B,Governo do Estado do Rio de Janeiro,33,RJ,17463349,RREO-Anexo 03,E,Padrão,TOTAL (ÚLTIMOS 12 MESES),ICMSLiquidoExcetoTransferenciasEFUNDEB,ICMS,50773538276.57,RJ,33,2022,6
2022,RREO,6,B,Governo do Estado do Rio de Janeiro,33,RJ,17463349,RREO-Anexo 03,E,Padrão,PREVISÃO ATUALIZADA 2022,ICMSLiquidoExcetoTransferenciasEFUNDEB,ICMS,50763604061.14,RJ,33,2022,6
2022,RREO,6,B,Governo do Estado do Rio de Janeiro,33,RJ,17463349,RREO-Anexo 03,E,Padrão,<MR-11>,IPVALiquidoExcetoTransferenciasEFUNDEB,IPVA,1114475127.67,RJ,33,2022,6
2022,RREO,6,B,Governo do Estado do Rio de Janeiro,33,RJ,17463349,RREO-Anexo 03,E,Padrão,<MR-10>,IPVALiquidoExcetoTransferenciasEFUNDEB,IPVA,835650549.21,RJ,33,2022,6
2022,RREO,6,B,Governo do Estado do Rio de Janeiro,33,RJ,17463349,RREO-Anexo 03,E,Padrão,<MR-9>,IPVALiquidoExcetoTransferenciasEFUNDEB,IPVA,606543915.63,RJ,33,2022,6
2022,RREO,6,B,Governo do Estado do Rio de Janeiro,33,RJ,17463349,RREO-Anexo 03,E,Padrão,<MR-8>,IPVALiquidoExcetoTransferenciasEFUNDEB,IPVA,368990584.5,RJ,33,2022,6
2022,RREO,6,B,Governo do Estado do Rio de Janeiro,33,RJ,17463349,RREO-Anexo 03,E,Padrão,<MR-7>,IPVALiquidoExcetoTransferenciasEFUNDEB,IPVA,208607442.34,RJ,33,2022,6
2022,RREO,6,B,Governo do Estado do Rio de Janeiro,33,RJ,17463349,RREO-Anexo 03,E,Padrão,<MR-6>,IPVALiquidoExcetoTransferenciasEFUNDEB,IPVA,172122085.65,RJ,33,2022,6
2022,RREO,6,B,Governo do Estado do Rio de Janeiro,33,RJ,17463349,RREO-Anexo 03,E,Padrão,<MR-5>,IPVALiquidoExcetoTransferenciasEFUNDEB,IPVA,163197059.26,RJ,33,2022,6
2022,RREO,6,B,Governo do Estado do Rio de Janeiro,33,RJ,17463349,RREO-Anexo 03,E,Padrão,<MR-4>,IPVALiquidoExcetoTransferenciasEFUNDEB,IPVA,151553424.74,RJ,33,2022,6
2022,RREO,6,B,Governo do Estado do Rio de Janeiro,33,RJ,17463349,RREO-Anexo 03,E,Padrão,<MR-3>,IPVALiquidoExcetoTransferenciasEFUNDEB,IPVA,124565641.61,RJ,33,2022,6
2022,RREO,6,B,Governo do Estado do Rio de Janeiro,33,RJ,17463349,RREO-Anexo 03,E,Padrão,<MR-2>,IPVALiquidoExcetoTransferenciasEFUNDEB,IPVA,106301110.59,RJ,33,2022,6
2022,RREO,6,B,Governo do Estado do Rio de Janeiro,33,RJ,17463349,RREO-Anexo 03,E,Padrão,<MR-1>,IPVALiquidoExcetoTransferenciasEFUNDEB,IPVA,102244924.53,RJ,33,2022,6
2022,RREO,6,B,Governo do Estado do Rio de Janeiro,33,RJ,17463349,RREO-Anexo 03,E,Padrão,<MR>,IPVALiquidoExcetoTransferenciasEFUNDEB,IPVA,136278723.28,RJ,33,2022,6
2022,RREO,6,B,Governo do Estado do Rio de Janeiro,33,RJ,17463349,RREO-Anexo 03,E,Padrão,TOTAL (ÚLTIMOS 12 MESES),IPVALiquidoExcetoTransferenciasEFUNDEB,IPVA,4090530589.01,RJ,33,2022,6
2022,RREO,6,B,Governo do Estado do Rio de Janeiro,33,RJ,17463349,RREO-Anexo 03,E,Padrão,PREVISÃO ATUALIZADA 2022,IPVALiquidoExcetoTransferenciasEFUNDEB,IPVA,4084999387.87,RJ,33,2022,6
2022,RREO,6,B,Governo do Estado do Rio de Janeiro,33,RJ,17463349,RREO-Anexo 03,E,Padrão,<MR-11>,ITCDLiquidoExcetoTransferenciasEFUNDEB,ITCD,79107582.82,RJ,33,2022,6
2022,RREO,6,B,Governo do Estado do Rio de Janeiro,33,RJ,17463349,RREO-Anexo 03,E,Padrão,<MR-10>,ITCDLiquidoExcetoTransferenciasEFUNDEB,ITCD,106751308.88,RJ,33,2022,6
2022,RREO,6,B,Governo do Estado do Rio de Janeiro,33,RJ,17463349,RREO-Anexo 03,E,Padrão,<MR-9>,ITCDLiquidoExcetoTransferenciasEFUNDEB,ITCD,108559162.16,RJ,33,2022,6
2022,RREO,6,B,Governo do Estado do Rio de Janeiro,33,RJ,17463349,RREO-Anexo 03,E,Padrão,<MR-8>,ITCDLiquidoExcetoTransferenciasEFUNDEB,ITCD,114424926.83,RJ,33,2022,6
2022,RREO,6,B,Governo do Estado do Rio de Janeiro,33,RJ,17463349,RREO-Anexo 03,E,Padrão,<MR-7>,ITCDLiquidoExcetoTransferenciasEFUNDEB,ITCD,119305524.23,RJ,33,2022,6
2022,RREO,6,B,Governo do Estado do Rio de Janeiro,33,RJ,17463349,RREO-Anexo 03,E,Padrão,<MR-6>,ITCDLiquidoExcetoTransferenciasEFUNDEB,ITCD,111598437.62,RJ,33,2022,6
2022,RREO,6,B,Governo do Estado do Rio de Janeiro,33,RJ,17463349,RREO-Anexo 03,E,Padrão,<MR-5>,ITCDLiquidoExcetoTransferenciasEFUNDEB,ITCD,217923834.0,RJ,33,2022,6
2022,RREO,6,B,Governo do Estado do Rio de Janeiro,33,RJ,17463349,RREO-Anexo 03,E,Padrão,<MR-4>,ITCDLiquidoExcetoTransferenciasEFUNDEB,ITCD,116735686.84,RJ,33,2022,6
2022,RREO,6,B,Governo do Estado do Rio de Janeiro,33,RJ,17463349,RREO-Anexo 03,E,Padrão,<MR-3>,ITCDLiquidoExcetoTransferenciasEFUNDEB,ITCD,125134569.19,RJ,33,2022,6
2022,RREO,6,B,Governo do Estado do Rio de Janeiro,33,RJ,17463349,RREO-Anexo 03,E,Padrão,<MR-2>,ITCDLiquidoExcetoTransferenciasEFUNDEB,ITCD,137283179.04,RJ,33,2022,6
2022,RREO,6,B,Governo do Estado do Rio de Janeiro,33,RJ,17463349,RREO-Anexo 03,E,Padrão,<MR-1>,ITCDLiquidoExcetoTransferenciasEFUNDEB,ITCD,162700339.19,RJ,33,2022,6
2022,RREO,6,B,Governo do Estado do Rio de Janeiro,33,RJ,17463349,RREO-Anexo 03,E,Padrão,<MR>,ITCDLiquidoExcetoTransferenciasEFUNDEB,ITCD,189455852.89,RJ,33,2022,6
2022,RREO,6,B,Governo do Estado do Rio de Janeiro,33,RJ,17463349,RREO-Anexo 03,E,Padrão,TOTAL (ÚLTIMOS 12 MESES),ITCDLiquidoExcetoTransferenciasEFUNDEB,ITCD,1588980403.69,RJ,33,2022,6
2022,RREO,6,B,Governo do Estado do Rio de Janeiro,33,RJ,17463349,RREO-Anexo 03,E,Padrão,PREVISÃO ATUALIZADA 2022,ITCDLiquidoExcetoTransferenciasEFUNDEB,ITCD,1584761486.64,RJ,33,2022,6
2022,RREO,6,B,Governo do Estado de São Paulo,35,SP,46649132,RREO-Anexo 03,E,Padrão,<MR-11>,ICMSLiquidoExcetoTransferenciasEFUNDEB,ICMS,16955709126.27,SP,35,2022,6
2022,RREO,6,B,Governo do Estado de São Paulo,35,SP,46649132,RREO-Anexo 03,E,Padrão,<MR-10>,ICMSLiquidoExcetoTransferenciasEFUNDEB,ICMS,14389928689.63,SP,35,2022,6
2022,RREO,6,B,Governo do Estado de São Paulo,35,SP,46649132,RREO-Anexo 03,E,Padrão,<MR-9>,ICMSLiquidoExcetoTransferenciasEFUNDEB,ICMS,18190770860.23,SP,35,2022,6
2022,RREO,6,B,Governo do Estado de São Paulo,35,SP,46649132,RREO-Anexo 03,E,Padrão,<MR-8>,ICMSLiquidoExcetoTransferenciasEFUNDEB,ICMS,17051530693.13,SP,35,2022,6
2022,RREO,6,B,Governo do Estado de São Paulo,35,SP,46649132,RREO-Anexo 03,E,Padrão,<MR-7>,ICMSLiquidoExcetoTransferenciasEFUNDEB,ICMS,17150425738.24,SP,35,2022,6
2022,RREO,6,B,Governo do Estado de São Paulo,35,SP,46649132,RREO-Anexo 03,E,Padrão,<MR-6>,ICMSLiquidoExcetoTransferenciasEFUNDEB,ICMS,17225240102.9,SP,35,2022,6
2022,RREO,6,B,Governo do Estado de São Paulo,35,SP,46649132,RREO-Anexo 03,E,Padrão,<MR-5>,ICMSLiquidoExcetoTransferenciasEFUNDEB,ICMS,17689914697.13,SP,35,2022,6
2022,RREO,6,B,Governo do Estado de São Paulo,35,SP,46649132,RREO-Anexo 03,E,Padrão,<MR-4>,ICMSLiquidoExcetoTransferenciasEFUNDEB,ICMS,17771329629.46,SP,35,2022,6
2022,RREO,6,B,Governo do Estado de São Paulo,35,SP,46649132,RREO-Anexo 03,E,Padrão,<MR-3>,ICMSLiquidoExcetoTransferenciasEFUNDEB,ICMS,17499191766.28,SP,35,2022,6
2022,RREO,6,B,Governo do Estado de São Paulo,35,SP,46649132,RREO-Anexo 03,E,Padrão,<MR-2>,ICMSLiquidoExcetoTransferenciasEFUNDEB,ICMS,15968683749.26,SP,35,2022,6
2022,RREO,6,B,Governo do Estado de São Paulo,35,SP,46649132,RREO-Anexo 03,E,Padrão,<MR-1>,ICMSLiquidoExcetoTransferenciasEFUNDEB,ICMS,16217025081.73,SP,35,2022,6
2022,RREO,6,B,Governo do Estado de São Paulo,35,SP,46649132,RREO-Anexo 03,E,Padrão,<MR>,ICMSLiquidoExcetoTransferenciasEFUNDEB,ICMS,17867933707.56,SP,35,2022,6
2022,RREO,6,B,Governo do Estado de São Paulo,35,SP,46649132,RREO-Anexo 03,E,Padrão,TOTAL (ÚLTIMOS 12 MESES),ICMSLiquidoExcetoTransferenciasEFUNDEB,ICMS,203977683841.82,SP,35,2022,6
2022,RREO,6,B,Governo do Estado de São Paulo,35,SP,46649132,RREO-Anexo 03,E,Padrão,PREVISÃO ATUALIZADA 2022,ICMSLiquidoExcetoTransferenciasEFUNDEB,ICMS,203689962852.0,SP,35,2022,6
2022,RREO,6,B,Governo do Estado de São Paulo,35,SP,46649132,RREO-Anexo 03,E,Padrão,<MR-11>,IPVALiquidoExcetoTransferenciasEFUNDEB,IPVA,7850444184.49,SP,35,2022,6
2022,RREO,6,B,Governo do Estado de São Paulo,35,SP,46649132,RREO-Anexo 03,E,Padrão,<MR-10>,IPVALiquidoExcetoTransferenciasEFUNDEB,IPVA,2683766030.89,SP,35,2022,6
2022,RREO,6,B,Governo do Estado de São Paulo,35,SP,46649132,RREO-Anexo 03,E,Padrão,<MR-9>,IPVALiquidoExcetoTransferenciasEFUNDEB,IPVA,2359628983.39,SP,35,2022,6
2022,RREO,6,B,Governo do Estado de São Paulo,35,SP,46649132,RREO-Anexo 03,E,Padrão,<MR-8>,IPVALiquidoExcetoTransferenciasEFUNDEB,IPVA,1947938552.08,SP,35,2022,6
2022,RREO,6,B,Governo do Estado de São Paulo,35,SP,46649132,RREO-Anexo 03,E,Padrão,<MR-7>,IPVALiquidoExcetoTransferenciasEFUNDEB,IPVA,1876983221.67,SP,35,2022,6
2022,RREO,6,B,Governo do Estado de São Paulo,35,SP,46649132,RREO-Anexo 03,E,Padrão,<MR-6>,IPVALiquidoExcetoTransferenciasEFUNDEB,IPVA,1443355617.76,SP,35,2022,6
2022,RREO,6,B,Governo do Estado de São Paulo,35,SP,46649132,RREO-Anexo 03,E,Padrão,<MR-5>,IPVALiquidoExcetoTransferenciasEFUNDEB,IPVA,847985385.93,SP,35,2022,6
2022,RREO,6,B,Governo do Estado de São Paulo,35,SP,46649132,RREO-Anexo 03,E,Padrão,<MR-4>,IPVALiquidoExcetoTransferenciasEFUNDEB,IPVA,926665861.66,SP,35,2022,6
2022,RREO,6,B,Governo do Estado de São Paulo,35,SP,46649132,RREO-Anexo 03,E,Padrão,<MR-3>,IPVALiquidoExcetoTransferenciasEFUNDEB,IPVA,840086332.75,SP,35,2022,6
2022,RREO,6,B,Governo do Estado de São Paulo,35,SP,46649132,RREO-Anexo 03,E,Padrão,<MR-2>,IPVALiquidoExcetoTransferenciasEFUNDEB,IPVA,526394852.64,SP,35,2022,6
2022,RREO,6,B,Governo do Estado de São Paulo,35,SP,46649132,RREO-Anexo 03,E,Padrão,<MR-1>,IPVALiquidoExcetoTransferenciasEFUNDEB,IPVA,631884074.61,SP,35,2022,6
2022,RREO,6,B,Governo do Estado de São Paulo,35,SP,46649132,RREO-Anexo 03,E,Padrão,<MR>,IPVALiquidoExcetoTransferenciasEFUNDEB,IPVA,812954490.59,SP,35,2022,6
2022,RREO,6,B,Governo do Estado de São Paulo,35,SP,46649132,RREO-Anexo 03,E,Padrão,TOTAL (ÚLTIMOS 12 MESES),IPVALiquidoExcetoTransferenciasEFUNDEB,IPVA,22748087588.46,SP,35,2022,6
2022,RREO,6,B,Governo do Estado de São Paulo,35,SP,46649132,RREO-Anexo 03,E,Padrão,PREVISÃO ATUALIZADA 2022,IPVALiquidoExcetoTransferenciasEFUNDEB,IPVA,22761330494.0,SP,35,2022,6
2022,RREO,6,B,Governo do Estado de São Paulo,35,SP,46649132,RREO-Anexo 03,E,Padrão,<MR-11>,ITCDLiquidoExcetoTransferenciasEFUNDEB,ITCD,149719496.77,SP,35,2022,6
2022,RREO,6,B,Governo do Estado de São Paulo,35,SP,46649132,RREO-Anexo 03,E,Padrão,<MR-10>,ITCDLiquidoExcetoTransferenciasEFUNDEB,ITCD,236090320.55,SP,35,2022,6
2022,RREO,6,B,Governo do Estado de São Paulo,35,SP,46649132,RREO-Anexo 03,E,Padrão,<MR-9>,ITCDLiquidoExcetoTransferenciasEFUNDEB,ITCD,301065037.67,SP,35,2022,6
2022,RREO,6,B,Governo do Estado de São Paulo,35,SP,46649132,RREO-Anexo 03,E,Padrão,<MR-8>,ITCDLiquidoExcetoTransferenciasEFUNDEB,ITCD,279844524.29,SP,35,2022,6
2022,RREO,6,B,Governo do Estado de São Paulo,35,SP,46649132,RREO-Anexo 03,E,Padrão,<MR-7>,ITCDLiquidoExcetoTransferenciasEFUNDEB,ITCD,601910436.72,SP,35,2022,6
2022,RREO,6,B,Governo do Estado de São Paulo,35,SP,46649132,RREO-Anexo 03,E,Padrão,<MR-6>,ITCDLiquidoExcetoTransferenciasEFUNDEB,ITCD,341903939.08,SP,35,2022,6
2022,RREO,6,B,Governo do Estado de São Paulo,35,SP,46649132,RREO-Anexo 03,E,Padrão,<MR-5>,ITCDLiquidoExcetoTransferenciasEFUNDEB,ITCD,308871501.88,SP,35,2022,6
2022,RREO,6,B,Governo do Estado de São Paulo,35,SP,46649132,RREO-Anexo 03,E,Padrão,<MR-4>,ITCDLiquidoExcetoTransferenciasEFUNDEB,ITCD,408220517.83,SP,35,2022,6
2022,RREO,6,B,Governo do Estado de São Paulo,35,SP,46649132,RREO-Anexo 03,E,Padrão,<MR-3>,ITCDLiquidoExcetoTransferenciasEFUNDEB,ITCD,300567206.13,SP,35,2022,6
2022,RREO,6,B,Governo do Estado de São Paulo,35,SP,46649132,RREO-Anexo 03,E,Padrão,<MR-2>,ITCDLiquidoExcetoTransferenciasEFUNDEB,ITCD,329349968.26,SP,35,2022,6
2022,RREO,6,B,Governo do Estado de São Paulo,35,SP,46649132,RREO-Anexo 03,E,Padrão,<MR-1>,ITCDLiquidoExcetoTransferenciasEFUNDEB,ITCD,328004205.55,SP,35,2022,6
2022,RREO,6,B,Governo do Estado de São Paulo,35,SP,46649132,RREO-Anexo 03,E,Padrão,<MR>,ITCDLiquidoExcetoTransferenciasEFUNDEB,ITCD,564429969.63,SP,35,2022,6
2022,RREO,6,B,Governo do Estado de São Paulo,35,SP,46649132,RREO-Anexo 03,E,Padrão,TOTAL (ÚLTIMOS 12 MESES),ITCDLiquidoExcetoTransferenciasEFUNDEB,ITCD,4149977124.36,SP,35,2022,6
2022,RREO,6,B,Governo do Estado de São Paulo,35,SP,46649132,RREO-Anexo 03,E,Padrão,PREVISÃO ATUALIZADA 2022,ITCDLiquidoExcetoTransferenciasEFUNDEB,ITCD,4269292000.0,SP,35,2022,6
2022,RREO,6,B,Governo do Estado do Paraná,41,PR,11597484,RREO-Anexo 03,E,Padrão,<MR-11>,ICMSLiquidoExcetoTransferenciasEFUNDEB,ICMS,3940757811.17,PR,41,2022,6
2022,RREO,6,B,Governo do Estado do Paraná,41,PR,11597484,RREO-Anexo 03,E,Padrão,<MR-10>,ICMSLiquidoExcetoTransferenciasEFUNDEB,ICMS,3287888914.18,PR,41,2022,6
2022,RREO,6,B,Governo do Estado do Paraná,41,PR,11597484,RREO-Anexo 03,E,Padrão,<MR-9>,ICMSLiquidoExcetoTransferenciasEFUNDEB,ICMS,3583501356.75,PR,41,2022,6
2022,RREO,6,B,Governo do Estado do Paraná,41,PR,11597484,RREO-Anexo 03,E,Padrão,<MR-8>,ICMSLiquidoExcetoTransferenciasEFUNDEB,ICMS,3822746622.76,PR,41,2022,6
2022,RREO,6,B,Governo do Estado do Paraná,41,PR,11597484,RREO-Anexo 03,E,Padrão,<MR-7>,ICMSLiquidoExcetoTransferenciasEFUNDEB,ICMS,3689218647.98,PR,41,2022,6
2022,RREO,6,B,Governo do Estado do Paraná,41,PR,11597484,RREO-Anexo 03,E,Padrão,<MR-6>,ICMSLiquidoExcetoTransferenciasEFUNDEB,ICMS,3478363853.08,PR,41,2022,6
2022,RREO,6,B,Governo do Estado do Paraná,41,PR,11597484,RREO-Anexo 03,E,Padrão,<MR-5>,ICMSLiquidoExcetoTransferenciasEFUNDEB,ICMS,3861017396.19,PR,41,2022,6
2022,RREO,6,B,Governo do Estado do Paraná,41,PR,11597484,RREO-Anexo 03,E,Padrão,<MR-4>,ICMSLiquidoExcetoTransferenciasEFUNDEB,ICMS,3417732051.2,PR,41,2022,6
2022,RREO,6,B,Governo do Estado do Paraná,41,PR,11597484,RREO-Anexo 03,E,Padrão,<MR-3>,ICMSLiquidoExcetoTransferenciasEFUNDEB,ICMS,3707044681.09,PR,41,2022,6
2022,RREO,6,B,Governo do Estado do Paraná,41,PR,11597484,RREO-Anexo 03,E,Padrão,<MR-2>,ICMSLiquidoExcetoTransferenciasEFUNDEB,ICMS,3253725922.44,PR,41,2022,6
2022,RREO,6,B,Governo do Estado do Paraná,41,PR,11597484,RREO-Anexo 03,E,Padrão,<MR-1>,ICMSLiquidoExcetoTransferenciasEFUNDEB,ICMS,2931419768.78,PR,41,2022,6
2022,RREO,6,B,Governo do Estado do Paraná,41,PR,11597484,RREO-Anexo 03,E,Padrão,<MR>,ICMSLiquidoExcetoTransferenciasEFUNDEB,ICMS,3243256849.15,PR,41,2022,6
2022,RREO,6,B,Governo do Estado do Paraná,41,PR,11597484,RREO-Anexo 03,E,Padrão,TOTAL (ÚLTIMOS 12 MESES),ICMSLiquidoExcetoTransferenciasEFUNDEB,ICMS,42216673874.77,PR,41,2022,6
2022,RREO,6,B,Governo do Estado do Paraná,41,PR,11597484,RREO-Anexo 03,E,Padrão,PREVISÃO ATUALIZADA 2022,ICMSLiquidoExcetoTransferenciasEFUNDEB,ICMS,36358740274.0,PR,41,2022,6
2022,RREO,6,B,Governo do Estado do Paraná,41,PR,11597484,RREO-Anexo 03,E,Padrão,<MR-11>,IPVALiquidoExcetoTransferenciasEFUNDEB,IPVA,1942419308.79,PR,41,2022,6
2022,RREO,6,B,Governo do Estado do Paraná,41,PR,11597484,RREO-Anexo 03,E,Padrão,<MR-10>,IPVALiquidoExcetoTransferenciasEFUNDEB,IPVA,649253798.03,PR,41,2022,6
2022,RREO,6,B,Governo do Estado do Paraná,41,PR,11597484,RREO-Anexo 03,E,Padrão,<MR-9>,IPVALiquidoExcetoTransferenciasEFUNDEB,IPVA,664931148.7,PR,41,2022,6
2022,RREO,6,B,Governo do Estado do Paraná,41,PR,11597484,RREO-Anexo 03,E,Padrão,<MR-8>,IPVALiquidoExcetoTransferenciasEFUNDEB,IPVA,574765824.41,PR,41,2022,6
2022,RREO,6,B,Governo do Estado do Paraná,41,PR,11597484,RREO-Anexo 03,E,Padrão,<MR-7>,IPVALiquidoExcetoTransferenciasEFUNDEB,IPVA,561452162.02,PR,41,2022,6
2022,RREO,6,B,Governo do Estado do Paraná,41,PR,11597484,RREO-Anexo 03,E,Padrão,<MR-6>,IPVALiquidoExcetoTransferenciasEFUNDEB,IPVA,217376171.44,PR,41,2022,6
2022,RREO,6,B,Governo do Estado do Paraná,41,PR,11597484,RREO-Anexo 03,E,Padrão,<MR-5>,IPVALiquidoExcetoTransferenciasEFUNDEB,IPVA,173484468.9,PR,41,2022,6
2022,RREO,6,B,Governo do Estado do Paraná,41,PR,11597484,RREO-Anexo 03,E,Padrão,<MR-4>,IPVALiquidoExcetoTransferenciasEFUNDEB,IPVA,161765632.27,PR,41,2022,6
2022,RREO,6,B,Governo do Estado do Paraná,41,PR,11597484,RREO-Anexo 03,E,Padrão,<MR-3>,IPVALiquidoExcetoTransferenciasEFUNDEB,IPVA,135211546.4,PR,41,2022,6
2022,RREO,6,B,Governo do Estado do Paraná,41,PR,11597484,RREO-Anexo 03,E,Padrão,<MR-2>,IPVALiquidoExcetoTransferenciasEFUNDEB,IPVA,120505888.17,PR,41,2022,6
2022,RREO,6,B,Governo do Estado do Paraná,41,PR,11597484,RREO-Anexo 03,E,Padrão,<MR-1>,IPVALiquidoExcetoTransferenciasEFUNDEB,IPVA,114346764.51,PR,41,2022,6
2022,RREO,6,B,Governo do Estado do Paraná,41,PR,11597484,RREO-Anexo 03,E,Padrão,<MR>,IPVALiquidoExcetoTransferenciasEFUNDEB,IPVA,146733347.61,PR,41,2022,6
2022,RREO,6,B,Governo do Estado do Paraná,41,PR,11597484,RREO-Anexo 03,E,Padrão,TOTAL (ÚLTIMOS 12 MESES),IPVALiquidoExcetoTransferenciasEFUNDEB,IPVA,5462246061.25,PR,41,2022,6
2022,RREO,6,B,Governo do Estado do Paraná,41,PR,11597484,RREO-Anexo 03,E,Padrão,PREVISÃO ATUALIZADA 2022,IPVALiquidoExcetoTransferenciasEFUNDEB,IPVA,4490316200.0,PR,41,2022,6
2022,RREO,6,B,Governo do Estado do Paraná,41,PR,11597484,RREO-Anexo 03,E,Padrão,<MR-11>,ITCDLiquidoExcetoTransferenciasEFUNDEB,ITCD,67065137.0,PR,41,2022,6
2022,RREO,6,B,Governo do Estado do Paraná,41,PR,11597484,RREO-Anexo 03,E,Padrão,<MR-10>,ITCDLiquidoExcetoTransferenciasEFUNDEB,ITCD,68364632.34,PR,41,2022,6
2022,RREO,6,B,Governo do Estado do Paraná,41,PR,11597484,RREO-Anexo 03,E,Padrão,<MR-9>,ITCDLiquidoExcetoTransferenciasEFUNDEB,ITCD,111498784.94,PR,41,2022,6
2022,RREO,6,B,Governo do Estado do Paraná,41,PR,11597484,RREO-Anexo 03,E,Padrão,<MR-8>,ITCDLiquidoExcetoTransferenciasEFUNDEB,ITCD,71435574.83,PR,41,2022,6
2022,RREO,6,B,Governo do Estado do Paraná,41,PR,11597484,RREO-Anexo 03,E,Padrão,<MR-7>,ITCDLiquidoExcetoTransferenciasEFUNDEB,ITCD,97136782.4,PR,41,2022,6
2022,RREO,6,B,Governo do Estado do Paraná,41,PR,11597484,RREO-Anexo 03,E,Padrão,<MR-6>,ITCDLiquidoExcetoTransferenciasEFUNDEB,ITCD,78596628.31,PR,41,2022,6
2022,RREO,6,B,Governo do Estado do Paraná,41,PR,11597484,RREO-Anexo 03,E,Padrão,<MR-5>,ITCDLiquidoExcetoTransferenciasEFUNDEB,ITCD,100538061.01,PR,41,2022,6
2022,RREO,6,B,Governo do Estado do Paraná,41,PR,11597484,RREO-Anexo 03,E,Padrão,<MR-4>,ITCDLiquidoExcetoTransferenciasEFUNDEB,ITCD,97262400.08,PR,41,2022,6
2022,RREO,6,B,Governo do Estado do Paraná,41,PR,11597484,RREO-Anexo 03,E,Padrão,<MR-3>,ITCDLiquidoExcetoTransferenciasEFUNDEB,ITCD,101111121.93,PR,41,2022,6
2022,RREO,6,B,Governo do Estado do Paraná,41,PR,11597484,RREO-Anexo 03,E,Padrão,<MR-2>,ITCDLiquidoExcetoTransferenciasEFUNDEB,ITCD,82315663.44,PR,41,2022,6
2022,RREO,6,B,Governo do Estado do Paraná,41,PR,11597484,RREO-Anexo 03,E,Padrão,<MR-1>,ITCDLiquidoExcetoTransferenciasEFUNDEB,ITCD,84267781.02,PR,41,2022,6
2022,RREO,6,B,Governo do Estado do Paraná,41,PR,11597484,RREO-Anexo 03,E,Padrão,<MR>,ITCDLiquidoExcetoTransferenciasEFUNDEB,ITCD,113013584.99,PR,41,2022,6
2022,RREO,6,B,Governo do Estado do Paraná,41,PR,11597484,RREO-Anexo 03,E,Padrão,TOTAL (ÚLTIMOS 12 MESES),ITCDLiquidoExcetoTransferenciasEFUNDEB,ITCD,1072606152.29,PR,41,2022,6
2022,RREO,6,B,Governo do Estado do Paraná,41,PR,11597484,RREO-Anexo 03,E,Padrão,PREVISÃO ATUALIZADA 2022,ITCDLiquidoExcetoTransferenciasEFUNDEB,ITCD,788743630.0,PR,41,2022,6
2022,RREO,6,B,Governo do Estado de Santa Catarina,42,SC,7338473,RREO-Anexo 03,E,Padrão,<MR-11>,ICMSLiquidoExcetoTransferenciasEFUNDEB,ICMS,3394723147.72,SC,42,2022,6
2022,RREO,6,B,Governo do Estado de Santa Catarina,42,SC,7338473,RREO-Anexo 03,E,Padrão,<MR-10>,ICMSLiquidoExcetoTransferenciasEFUNDEB,ICMS,3285834286.6,SC,42,2022,6
2022,RREO,6,B,Governo do Estado de Santa Catarina,42,SC,7338473,RREO-Anexo 03,E,Padrão,<MR-9>,ICMSLiquidoExcetoTransferenciasEFUNDEB,ICMS,2651360581.91,SC,42,2022,6
2022,RREO,6,B,Governo do Estado de Santa Catarina,42,SC,7338473,RREO-Anexo 03,E,Padrão,<MR-8>,ICMSLiquidoExcetoTransferenciasEFUNDEB,ICMS,3306050380.48,SC,42,2022,6
2022,RREO,6,B,Governo do Estado de Santa Catarina,42,SC,7338473,RREO-Anexo 03,E,Padrão,<MR-7>,ICMSLiquidoExcetoTransferenciasEFUNDEB,ICMS,3129145661.36,SC,42,2022,6
2022,RREO,6,B,Governo do Estado de Santa Catarina,42,SC,7338473,RREO-Anexo 03,E,Padrão,<MR-6>,ICMSLiquidoExcetoTransferenciasEFUNDEB,ICMS,2752964790.24,SC,42,2022,6
2022,RREO,6,B,Governo do Estado de Santa Catarina,42,SC,7338473,RREO-Anexo 03,E,Padrão,<MR-5>,ICMSLiquidoExcetoTransferenciasEFUNDEB,ICMS,2723835792.51,SC,42,2022,6
2022,RREO,6,B,Governo do Estado de Santa Catarina,42,SC,7338473,RREO-Anexo 03,E,Padrão,<MR-4>,ICMSLiquidoExcetoTransferenciasEFUNDEB,ICMS,2553552353.19,SC,42,2022,6
2022,RREO,6,B,Governo do Estado de Santa Catarina,42,SC,7338473,RREO-Anexo 03,E,Padrão,<MR-3>,ICMSLiquidoExcetoTransferenciasEFUNDEB,ICMS,2650726645.89,SC,42,2022,6
2022,RREO,6,B,Governo do Estado de Santa Catarina,42,SC,7338473,RREO-Anexo 03,E,Padrão,<MR-2>,ICMSLiquidoExcetoTransferenciasEFUNDEB,ICMS,2655274132.11,SC,42,2022,6
2022,RREO,6,B,Governo do Estado de Santa Catarina,42,SC,7338473,RREO-Anexo 03,E,Padrão,<MR-1>,ICMSLiquidoExcetoTransferenciasEFUNDEB,ICMS,2605524080.93,SC,42,2022,6
2022,RREO,6,B,Governo do Estado de Santa Catarina,42,SC,7338473,RREO-Anexo 03,E,Padrão,<MR>,ICMSLiquidoExcetoTransferenciasEFUNDEB,ICMS,2883351421.3,SC,42,2022,6
2022,RREO,6,B,Governo do Estado de Santa Catarina,42,SC,7338473,RREO-Anexo 03,E,Padrão,TOTAL (ÚLTIMOS 12 MESES),ICMSLiquidoExcetoTransferenciasEFUNDEB,ICMS,34592343274.24,SC,42,2022,6
2022,RREO,6,B,Governo do Estado de Santa Catarina,42,SC,7338473,RREO-Anexo 03,E,Padrão,PREVISÃO ATUALIZADA 2022,ICMSLiquidoExcetoTransferenciasEFUNDEB,ICMS,33241445237.0,SC,42,2022,6
2022,RREO,6,B,Governo do Estado de Santa Catarina,42,SC,7338473,RREO-Anexo 03,E,Padrão,<MR-11>,IPVALiquidoExcetoTransferenciasEFUNDEB,IPVA,221976896.99,SC,42,2022,6
2022,RREO,6,B,Governo do Estado de Santa Catarina,42,SC,7338473,RREO-Anexo 03,E,Padrão,<MR-10>,IPVALiquidoExcetoTransferenciasEFUNDEB,IPVA,224246333.66,SC,42,2022,6
2022,RREO,6,B,Governo do Estado de Santa Catarina,42,SC,7338473,RREO-Anexo 03,E,Padrão,<MR-9>,IPVALiquidoExcetoTransferenciasEFUNDEB,IPVA,332111092.63,SC,42,2022,6
2022,RREO,6,B,Governo do Estado de Santa Catarina,42,SC,7338473,RREO-Anexo 03,E,Padrão,<MR-8>,IPVALiquidoExcetoTransferenciasEFUNDEB,IPVA,268672766.11,SC,42,2022,6
2022,RREO,6,B,Governo do Estado de Santa Catarina,42,SC,7338473,RREO-Anexo 03,E,Padrão,<MR-7>,IPVALiquidoExcetoTransferenciasEFUNDEB,IPVA,342465737.22,SC,42,2022,6
2022,RREO,6,B,Governo do Estado de Santa Catarina,42,SC,7338473,RREO-Anexo 03,E,Padrão,<MR-6>,IPVALiquidoExcetoTransferenciasEFUNDEB,IPVA,300269126.17,SC,42,2022,6
2022,RREO,6,B,Governo do Estado de Santa Catarina,42,SC,7338473,RREO-Anexo 03,E,Padrão,<MR-5>,IPVALiquidoExcetoTransferenciasEFUNDEB,IPVA,276176990.09,SC,42,2022,6
2022,RREO,6,B,Governo do Estado de Santa Catarina,42,SC,7338473,RREO-Anexo 03,E,Padrão,<MR-4>,IPVALiquidoExcetoTransferenciasEFUNDEB,IPVA,325259037.49,SC,42,2022,6
2022,RREO,6,B,Governo do Estado de Santa Catarina,42,SC,7338473,RREO-Anexo 03,E,Padrão,<MR-3>,IPVALiquidoExcetoTransferenciasEFUNDEB,IPVA,275467234.56,SC,42,2022,6
2022,RREO,6,B,Governo do Estado de Santa Catarina,42,SC,7338473,RREO-Anexo 03,E,Padrão,<MR-2>,IPVALiquidoExcetoTransferenciasEFUNDEB,IPVA,266335882.67,SC,42,2022,6
2022,RREO,6,B,Governo do Estado de Santa Catarina,42,SC,7338473,RREO-Anexo 03,E,Padrão,<MR-1>,IPVALiquidoExcetoTransferenciasEFUNDEB,IPVA,147931649.62,SC,42,2022,6
2022,RREO,6,B,Governo do Estado de Santa Catarina,42,SC,7338473,RREO-Anexo 03,E,Padrão,<MR>,IPVALiquidoExcetoTransferenciasEFUNDEB,IPVA,108503865.17,SC,42,2022,6
2022,RREO,6,B,Governo do Estado de Santa Catarina,42,SC,7338473,RREO-Anexo 03,E,Padrão,TOTAL (ÚLTIMOS 12 MESES),IPVALiquidoExcetoTransferenciasEFUNDEB,IPVA,3089416612.38,SC,42,2022,6
2022,RREO,6,B,Governo do Estado de Santa Catarina,42,SC,7338473,RREO-Anexo 03,E,Padrão,PREVISÃO ATUALIZADA 2022,IPVALiquidoExcetoTransferenciasEFUNDEB,IPVA,2379720442.0,SC,42,2022,6
2022,RREO,6,B,Governo do Estado de Santa Catarina,42,SC,7338473,RREO-Anexo 03,E,Padrão,<MR-11>,ITCDLiquidoExcetoTransferenciasEFUNDEB,ITCD,46733252.55,SC,42,2022,6
2022,RREO,6,B,Governo do Estado de Santa Catarina,42,SC,7338473,RREO-Anexo 03,E,Padrão,<MR-10>,ITCDLiquidoExcetoTransferenciasEFUNDEB,ITCD,69017272.68,SC,42,2022,6
2022,RREO,6,B,Governo do Estado de Santa Catarina,42,SC,7338473,RREO-Anexo 03,E,Padrão,<MR-9>,ITCDLiquidoExcetoTransferenciasEFUNDEB,ITCD,56748010.29,SC,42,2022,6
2022,RREO,6,B,Governo do Estado de Santa Catarina,42,SC,7338473,RREO-Anexo 03,E,Padrão,<MR-8>,ITCDLiquidoExcetoTransferenciasEFUNDEB,ITCD,63410919.56,SC,42,2022,6
2022,RREO,6,B,Governo do Estado de Santa Catarina,42,SC,7338473,RREO-Anexo 03,E,Padrão,<MR-7>,ITCDLiquidoExcetoTransferenciasEFUNDEB,ITCD,62494664.94,SC,42,2022,6
2022,RREO,6,B,Governo do Estado de Santa Catarina,42,SC,7338473,RREO-Anexo 03,E,Padrão,<MR-6>,ITCDLiquidoExcetoTransferenciasEFUNDEB,ITCD,56372745.93,SC,42,2022,6
2022,RREO,6,B,Governo do Estado de Santa Catarina,42,SC,7338473,RREO-Anexo 03,E,Padrão,<MR-5>,ITCDLiquidoExcetoTransferenciasEFUNDEB,ITCD,66236153.81,SC,42,2022,6
2022,RREO,6,B,Governo do Estado de Santa Catarina,42,SC,7338473,RREO-Anexo 03,E,Padrão,<MR-4>,ITCDLiquidoExcetoTransferenciasEFUNDEB,ITCD,70404618.93,SC,42,2022,6
2022,RREO,6,B,Governo do Estado de Santa Catarina,42,SC,7338473,RREO-Anexo 03,E,Padrão,<MR-3>,ITCDLiquidoExcetoTransferenciasEFUNDEB,ITCD,66556766.26,SC,42,2022,6
2022,RREO,6,B,Governo do Estado de Santa Catarina,42,SC,7338473,RREO-Anexo 03,E,Padrão,<MR-2>,ITCDLiquidoExcetoTransferenciasEFUNDEB,ITCD,68707623.79,SC,42,2022,6
2022,RREO,6,B,Governo do Estado de Santa Catarina,42,SC,7338473,RREO-Anexo 03,E,Padrão,<MR-1>,ITCDLiquidoExcetoTransferenciasEFUNDEB,ITCD,68148965.47,SC,42,2022,6
2022,RREO,6,B,Governo do Estado de Santa Catarina,42,SC,7338473,RREO-Anexo 03,E,Padrão,<MR>,ITCDLiquidoExcetoTransferenciasEFUNDEB,ITCD,76653082.41,SC,42,2022,6
2022,RREO,6,B,Governo do Estado de Santa Catarina,42,SC,7338473,RREO-Anexo 03,E,Padrão,TOTAL (ÚLTIMOS 12 MESES),ITCDLiquidoExcetoTransferenciasEFUNDEB,ITCD,771484076.62,SC,42,2022,6
2022,RREO,6,B,Governo do Estado de Santa Catarina,42,SC,7338473,RREO-Anexo 03,E,Padrão,PREVISÃO ATUALIZADA 2022,ITCDLiquidoExcetoTransferenciasEFUNDEB,ITCD,551608420.0,SC,42,2022,6
2022,RREO,6,B,Governo do Estado do Rio Grande do Sul,43,RS,11466630,RREO-Anexo 03,E,Padrão,<MR-11>,ICMSLiquidoExcetoTransferenciasEFUNDEB,ICMS,4071091320.96,RS,43,2022,6
2022,RREO,6,B,Governo do Estado do Rio Grande do Sul,43,RS,11466630,RREO-Anexo 03,E,Padrão,<MR-10>,ICMSLiquidoExcetoTransferenciasEFUNDEB,ICMS,3348232996.45,RS,43,2022,6
2022,RREO,6,B,Governo do Estado do Rio Grande do Sul,43,RS,11466630,RREO-Anexo 03,E,Padrão,<MR-9>,ICMSLiquidoExcetoTransferenciasEFUNDEB,ICMS,3818286138.33,RS,43,2022,6
2022,RREO,6,B,Governo do Estado do Rio Grande do Sul,43,RS,11466630,RREO-Anexo 03,E,Padrão,<MR-8>,ICMSLiquidoExcetoTransferenciasEFUNDEB,ICMS,4009356458.46,RS,43,2022,6
2022,RREO,6,B,Governo do Estado do Rio Grande do Sul,43,RS,11466630,RREO-Anexo 03,E,Padrão,<MR-7>,ICMSLiquidoExcetoTransferenciasEFUNDEB,ICMS,3688106099.48,RS,43,2022,6
2022,RREO,6,B,Governo do Estado do Rio Grande do Sul,43,RS,11466630,RREO-Anexo 03,E,Padrão,<MR-6>,ICMSLiquidoExcetoTransferenciasEFUNDEB,ICMS,3678640535.51,RS,43,2022,6
2022,RREO,6,B,Governo do Estado do Rio Grande do Sul,43,RS,11466630,RREO-Anexo 03,E,Padrão,<MR-5>,ICMSLiquidoExcetoTransferenciasEFUNDEB,ICMS,3602509176.59,RS,43,2022,6
2022,RREO,6,B,Governo do Estado do Rio Grande do Sul,43,RS,11466630,RREO-Anexo 03,E,Padrão,<MR-4>,ICMSLiquidoExcetoTransferenciasEFUNDEB,ICMS,3378484305.55,RS,43,2022,6
2022,RREO,6,B,Governo do Estado do Rio Grande do Sul,43,RS,11466630,RREO-Anexo 03,E,Padrão,<MR-3>,ICMSLiquidoExcetoTransferenciasEFUNDEB,ICMS,3665156627.22,RS,43,2022,6
2022,RREO,6,B,Governo do Estado do Rio Grande do Sul,43,RS,11466630,RREO-Anexo 03,E,Padrão,<MR-2>,ICMSLiquidoExcetoTransferenciasEFUNDEB,ICMS,3384391304.06,RS,43,2022,6
2022,RREO,6,B,Governo do Estado do Rio Grande do Sul,43,RS,11466630,RREO-Anexo 03,E,Padrão,<MR-1>,ICMSLiquidoExcetoTransferenciasEFUNDEB,ICMS,3065823171.86,RS,43,2022,6
2022,RREO,6,B,Governo do Estado do Rio Grande do Sul,43,RS,11466630,RREO-Anexo 03,E,Padrão,<MR>,ICMSLiquidoExcetoTransferenciasEFUNDEB,ICMS,3672157635.4,RS,43,2022,6
2022,RREO,6,B,Governo do Estado do Rio Grande do Sul,43,RS,11466630,RREO-Anexo 03,E,Padrão,TOTAL (ÚLTIMOS 12 MESES),ICMSLiquidoExcetoTransferenciasEFUNDEB,ICMS,43382235769.87,RS,43,2022,6
2022,RREO,6,B,Governo do Estado do Rio Grande do Sul,43,RS,11466630,RREO-Anexo 03,E,Padrão,PREVISÃO ATUALIZADA 2022,ICMSLiquidoExcetoTransferenciasEFUNDEB,ICMS,42526624220.0,RS,43,2022,6
2022,RREO,6,B,Governo do Estado do Rio Grande do Sul,43,RS,11466630,RREO-Anexo 03,E,Padrão,<MR-11>,IPVALiquidoExcetoTransferenciasEFUNDEB,IPVA,397430699.08,RS,43,2022,6
2022,RREO,6,B,Governo do Estado do Rio Grande do Sul,43,RS,11466630,RREO-Anexo 03,E,Padrão,<MR-10>,IPVALiquidoExcetoTransferenciasEFUNDEB,IPVA,234561224.35,RS,43,2022,6
2022,RREO,6,B,Governo do Estado do Rio Grande do Sul,43,RS,11466630,RREO-Anexo 03,E,Padrão,<MR-9>,IPVALiquidoExcetoTransferenciasEFUNDEB,IPVA,392132608.02,RS,43,2022,6
2022,RREO,6,B,Governo do Estado do Rio Grande do Sul,43,RS,11466630,RREO-Anexo 03,E,Padrão,<MR-8>,IPVALiquidoExcetoTransferenciasEFUNDEB,IPVA,753478062.32,RS,43,2022,6
2022,RREO,6,B,Governo do Estado do Rio Grande do Sul,43,RS,11466630,RREO-Anexo 03,E,Padrão,<MR-7>,IPVALiquidoExcetoTransferenciasEFUNDEB,IPVA,409414019.21,RS,43,2022,6
2022,RREO,6,B,Governo do Estado do Rio Grande do Sul,43,RS,11466630,RREO-Anexo 03,E,Padrão,<MR-6>,IPVALiquidoExcetoTransferenciasEFUNDEB,IPVA,227781922.5,RS,43,2022,6
2022,RREO,6,B,Governo do Estado do Rio Grande do Sul,43,RS,11466630,RREO-Anexo 03,E,Padrão,<MR-5>,IPVALiquidoExcetoTransferenciasEFUNDEB,IPVA,147403641.27,RS,43,2022,6
2022,RREO,6,B,Governo do Estado do Rio Grande do Sul,43,RS,11466630,RREO-Anexo 03,E,Padrão,<MR-4>,IPVALiquidoExcetoTransferenciasEFUNDEB,IPVA,114581941.98,RS,43,2022,6
2022,RREO,6,B,Governo do Estado do Rio Grande do Sul,43,RS,11466630,RREO-Anexo 03,E,Padrão,<MR-3>,IPVALiquidoExcetoTransferenciasEFUNDEB,IPVA,68198386.37,RS,43,2022,6
2022,RREO,6,B,Governo do Estado do Rio Grande do Sul,43,RS,11466630,RREO-Anexo 03,E,Padrão,<MR-2>,IPVALiquidoExcetoTransferenciasEFUNDEB,IPVA,54362538.25,RS,43,2022,6
2022,RREO,6,B,Governo do Estado do Rio Grande do Sul,43,RS,11466630,RREO-Anexo 03,E,Padrão,<MR-1>,IPVALiquidoExcetoTransferenciasEFUNDEB,IPVA,42107566.07,RS,43,2022,6
2022,RREO,6,B,Governo do Estado do Rio Grande do Sul,43,RS,11466630,RREO-Anexo 03,E,Padrão,<MR>,IPVALiquidoExcetoTransferenciasEFUNDEB,IPVA,1815730080.05,RS,43,2022,6
2022,RREO,6,B,Governo do Estado do Rio Grande do Sul,43,RS,11466630,RREO-Anexo 03,E,Padrão,TOTAL (ÚLTIMOS 12 MESES),IPVALiquidoExcetoTransferenciasEFUNDEB,IPVA,4657182689.47,RS,43,2022,6
2022,RREO,6,B,Governo do Estado do Rio Grande do Sul,43,RS,11466630,RREO-Anexo 03,E,Padrão,PREVISÃO ATUALIZADA 2022,IPVALiquidoExcetoTransferenciasEFUNDEB,IPVA,3494300001.0,RS,43,2022,6
2022,RREO,6,B,Governo do Estado do Rio Grande do Sul,43,RS,11466630,RREO-Anexo 03,E,Padrão,<MR-11>,ITCDLiquidoExcetoTransferenciasEFUNDEB,ITCD,54712758.11,RS,43,2022,6
2022,RREO,6,B,Governo do Estado do Rio Grande do Sul,43,RS,11466630,RREO-Anexo 03,E,Padrão,<MR-10>,ITCDLiquidoExcetoTransferenciasEFUNDEB,ITCD,65069891.58,RS,43,2022,6
2022,RREO,6,B,Governo do Estado do Rio Grande do Sul,43,RS,11466630,RREO-Anexo 03,E,Padrão,<MR-9>,ITCDLiquidoExcetoTransferenciasEFUNDEB,ITCD,101919964.48,RS,43,2022,6
2022,RREO,6,B,Governo do Estado do Rio Grande do Sul,43,RS,11466630,RREO-Anexo 03,E,Padrão,<MR-8>,ITCDLiquidoExcetoTransferenciasEFUNDEB,ITCD,168052464.9,RS,43,2022,6
2022,RREO,6,B,Governo do Estado do Rio Grande do Sul,43,RS,11466630,RREO-Anexo 03,E,Padrão,<MR-7>,ITCDLiquidoExcetoTransferenciasEFUNDEB,ITCD,92270275.18,RS,43,2022,6
2022,RREO,6,B,Governo do Estado do Rio Grande do Sul,43,RS,11466630,RREO-Anexo 03,E,Padrão,<MR-6>,ITCDLiquidoExcetoTransferenciasEFUNDEB,ITCD,97717776.57,RS,43,2022,6
2022,RREO,6,B,Governo do Estado do Rio Grande do Sul,43,RS,11466630,RREO-Anexo 03,E,Padrão,<MR-5>,ITCDLiquidoExcetoTransferenciasEFUNDEB,ITCD,103189795.57,RS,43,2022,6
2022,RREO,6,B,Governo do Estado do Rio Grande do Sul,43,RS,11466630,RREO-Anexo 03,E,Padrão,<MR-4>,ITCDLiquidoExcetoTransferenciasEFUNDEB,ITCD,108489063.04,RS,43,2022,6
2022,RREO,6,B,Governo do Estado do Rio Grande do Sul,43,RS,11466630,RREO-Anexo 03,E,Padrão,<MR-3>,ITCDLiquidoExcetoTransferenciasEFUNDEB,ITCD,91793527.05,RS,43,2022,6
2022,RREO,6,B,Governo do Estado do Rio Grande do Sul,43,RS,11466630,RREO-Anexo 03,E,Padrão,<MR-2>,ITCDLiquidoExcetoTransferenciasEFUNDEB,ITCD,115364213.1,RS,43,2022,6
2022,RREO,6,B,Governo do Estado do Rio Grande do Sul,43,RS,11466630,RREO-Anexo 03,E,Padrão,<MR-1>,ITCDLiquidoExcetoTransferenciasEFUNDEB,ITCD,101666422.7,RS,43,2022,6
2022,RREO,6,B,Governo do Estado do Rio Grande do Sul,43,RS,11466630,RREO-Anexo 03,E,Padrão,<MR>,ITCDLiquidoExcetoTransferenciasEFUNDEB,ITCD,240785874.35,RS,43,2022,6
2022,RREO,6,B,Governo do Estado do Rio Grande do Sul,43,RS,11466630,RREO-Anexo 03,E,Padrão,TOTAL (ÚLTIMOS 12 MESES),ITCDLiquidoExcetoTransferenciasEFUNDEB,ITCD,1341032026.63,RS,43,2022,6
2022,RREO,6,B,Governo do Estado do Rio Grande do Sul,43,RS,11466630,RREO-Anexo 03,E,Padrão,PREVISÃO ATUALIZADA 2022,ITCDLiquidoExcetoTransferenciasEFUNDEB,ITCD,891395044.0,RS,43,2022,6
2022,RREO,6,B,Governo do Estado do Mato Grosso do Sul,50,MS,2839188,RREO-Anexo 03,E,Padrão,<MR-11>,ICMSLiquidoExcetoTransferenciasEFUNDEB,ICMS,1131724091.3,MS,50,2022,6
2022,RREO,6,B,Governo do Estado do Mato Grosso do Sul,50,MS,2839188,RREO-Anexo 03,E,Padrão,<MR-10>,ICMSLiquidoExcetoTransferenciasEFUNDEB,ICMS,1006713066.54,MS,50,2022,6
2022,RREO,6,B,Governo do Estado do Mato Grosso do Sul,50,MS,2839188,RREO-Anexo 03,E,Padrão,<MR-9>,ICMSLiquidoExcetoTransferenciasEFUNDEB,ICMS,1151128906.28,MS,50,2022,6
2022,RREO,6,B,Governo do Estado do Mato Grosso do Sul,50,MS,2839188,RREO-Anexo 03,E,Padrão,<MR-8>,ICMSLiquidoExcetoTransferenciasEFUNDEB,ICMS,1155542669.61,MS,50,2022,6
2022,RREO,6,B,Governo do Estado do Mato Grosso do Sul,50,MS,2839188,RREO-Anexo 03,E,Padrão,<MR-7>,ICMSLiquidoExcetoTransferenciasEFUNDEB,ICMS,1161400061.4,MS,50,2022,6
2022,RREO,6,B,Governo do Estado do Mato Grosso do Sul,50,MS,2839188,RREO-Anexo 03,E,Padrão,<MR-6>,ICMSLiquidoExcetoTransferenciasEFUNDEB,ICMS,1189251102.33,MS,50,2022,6
2022,RREO,6,B,Governo do Estado do Mato Grosso do Sul,50,MS,2839188,RREO-Anexo 03,E,Padrão,<MR-5>,ICMSLiquidoExcetoTransferenciasEFUNDEB,ICMS,1170378294.15,MS,50,2022,6
2022,RREO,6,B,Governo do Estado do Mato Grosso do Sul,50,MS,2839188,RREO-Anexo 03,E,Padrão,<MR-4>,ICMSLiquidoExcetoTransferenciasEFUNDEB,ICMS,1318760332.28,MS,50,2022,6
2022,RREO,6,B,Governo do Estado do Mato Grosso do Sul,50,MS,2839188,RREO-Anexo 03,E,Padrão,<MR-3>,ICMSLiquidoExcetoTransferenciasEFUNDEB,ICMS,1244781227.02,MS,50,2022,6
2022,RREO,6,B,Governo do Estado do Mato Grosso do Sul,50,MS,2839188,RREO-Anexo 03,E,Padrão,<MR-2>,ICMSLiquidoExcetoTransferenciasEFUNDEB,ICMS,1142911487.11,MS,50,2022,6
2022,RREO,6,B,Governo do Estado do Mato Grosso do Sul,50,MS,2839188,RREO-Anexo 03,E,Padrão,<MR-1>,ICMSLiquidoExcetoTransferenciasEFUNDEB,ICMS,1184979954.83,MS,50,2022,6
2022,RREO,6,B,Governo do Estado do Mato Grosso do Sul,50,MS,2839188,RREO-Anexo 03,E,Padrão,<MR>,ICMSLiquidoExcetoTransferenciasEFUNDEB,ICMS,1228114366.78,MS,50,2022,6
2022,RREO,6,B,Governo do Estado do Mato Grosso do Sul,50,MS,2839188,RREO-Anexo 03,E,Padrão,TOTAL (ÚLTIMOS 12 MESES),ICMSLiquidoExcetoTransferenciasEFUNDEB,ICMS,14085685559.63,MS,50,2022,6
2022,RREO,6,B,Governo do Estado do Mato Grosso do Sul,50,MS,2839188,RREO-Anexo 03,E,Padrão,PREVISÃO ATUALIZADA 2022,ICMSLiquidoExcetoTransferenciasEFUNDEB,ICMS,14398700845.77,MS,50,2022,6
2022,RREO,6,B,Governo do Estado do Mato Grosso do Sul,50,MS,2839188,RREO-Anexo 03,E,Padrão,<MR-11>,IPVALiquidoExcetoTransferenciasEFUNDEB,IPVA,428681696.0,MS,50,2022,6
2022,RREO,6,B,Governo do Estado do Mato Grosso do Sul,50,MS,2839188,RREO-Anexo 03,E,Padrão,<MR-10>,IPVALiquidoExcetoTransferenciasEFUNDEB,IPVA,52700293.95,MS,50,2022,6
2022,RREO,6,B,Governo do Estado do Mato Grosso do Sul,50,MS,2839188,RREO-Anexo 03,E,Padrão,<MR-9>,IPVALiquidoExcetoTransferenciasEFUNDEB,IPVA,88375617.46,MS,50,2022,6
2022,RREO,6,B,Governo do Estado do Mato Grosso do Sul,50,MS,2839188,RREO-Anexo 03,E,Padrão,<MR-8>,IPVALiquidoExcetoTransferenciasEFUNDEB,IPVA,58559695.04,MS,50,2022,6
2022,RREO,6,B,Governo do Estado do Mato Grosso do Sul,50,MS,2839188,RREO-Anexo 03,E,Padrão,<MR-7>,IPVALiquidoExcetoTransferenciasEFUNDEB,IPVA,66232339.94,MS,50,2022,6
2022,RREO,6,B,Governo do Estado do Mato Grosso do Sul,50,MS,2839188,RREO-Anexo 03,E,Padrão,<MR-6>,IPVALiquidoExcetoTransferenciasEFUNDEB,IPVA,34390010.75,MS,50,2022,6
2022,RREO,6,B,Governo do Estado do Mato Grosso do Sul,50,MS,2839188,RREO-Anexo 03,E,Padrão,<MR-5>,IPVALiquidoExcetoTransferenciasEFUNDEB,IPVA,34345187.72,MS,50,2022,6
2022,RREO,6,B,Governo do Estado do Mato Grosso do Sul,50,MS,2839188,RREO-Anexo 03,E,Padrão,<MR-4>,IPVALiquidoExcetoTransferenciasEFUNDEB,IPVA,29720880.87,MS,50,2022,6
2022,RREO,6,B,Governo do Estado do Mato Grosso do Sul,50,MS,2839188,RREO-Anexo 03,E,Padrão,<MR-3>,IPVALiquidoExcetoTransferenciasEFUNDEB,IPVA,24774143.06,MS,50,2022,6
2022,RREO,6,B,Governo do Estado do Mato Grosso do Sul,50,MS,2839188,RREO-Anexo 03,E,Padrão,<MR-2>,IPVALiquidoExcetoTransferenciasEFUNDEB,IPVA,19487729.61,MS,50,2022,6
2022,RREO,6,B,Governo do Estado do Mato Grosso do Sul,50,MS,2839188,RREO-Anexo 03,E,Padrão,<MR-1>,IPVALiquidoExcetoTransferenciasEFUNDEB,IPVA,17591007.04,MS,50,2022,6
2022,RREO,6,B,Governo do Estado do Mato Grosso do Sul,50,MS,2839188,RREO-Anexo 03,E,Padrão,<MR>,IPVALiquidoExcetoTransferenciasEFUNDEB,IPVA,77505946.46,MS,50,2022,6
2022,RREO,6,B,Governo do Estado do Mato Grosso do Sul,50,MS,2839188,RREO-Anexo 03,E,Padrão,TOTAL (ÚLTIMOS 12 MESES),IPVALiquidoExcetoTransferenciasEFUNDEB,IPVA,932364547.9,MS,50,2022,6
2022,RREO,6,B,Governo do Estado do Mato Grosso do Sul,50,MS,2839188,RREO-Anexo 03,E,Padrão,PREVISÃO ATUALIZADA 2022,IPVALiquidoExcetoTransferenciasEFUNDEB,IPVA,925275000.0,MS,50,2022,6
2022,RREO,6,B,Governo do Estado do Mato Grosso do Sul,50,MS,2839188,RREO-Anexo 03,E,Padrão,<MR-11>,ITCDLiquidoExcetoTransferenciasEFUNDEB,ITCD,25711937.93,MS,50,2022,6
2022,RREO,6,B,Governo do Estado do Mato Grosso do Sul,50,MS,2839188,RREO-Anexo 03,E,Padrão,<MR-10>,ITCDLiquidoExcetoTransferenciasEFUNDEB,ITCD,26617213.28,MS,50,2022,6
2022,RREO,6,B,Governo do Estado do Mato Grosso do Sul,50,MS,2839188,RREO-Anexo 03,E,Padrão,<MR-9>,ITCDLiquidoExcetoTransferenciasEFUNDEB,ITCD,41644319.15,MS,50,2022,6
2022,RREO,6,B,Governo do Estado do Mato Grosso do Sul,50,MS,2839188,RREO-Anexo 03,E,Padrão,<MR-8>,ITCDLiquidoExcetoTransferenciasEFUNDEB,ITCD,25446410.35,MS,50,2022,6
2022,RREO,6,B,Governo do Estado do Mato Grosso do Sul,50,MS,2839188,RREO-Anexo 03,E,Padrão,<MR-7>,ITCDLiquidoExcetoTransferenciasEFUNDEB,ITCD,31099437.37,MS,50,2022,6
2022,RREO,6,B,Governo do Estado do Mato Grosso do Sul,50,MS,2839188,RREO-Anexo 03,E,Padrão,<MR-6>,ITCDLiquidoExcetoTransferenciasEFUNDEB,ITCD,34524087.21,MS,50,2022,6
2022,RREO,6,B,Governo do Estado do Mato Grosso do Sul,50,MS,2839188,RREO-Anexo 03,E,Padrão,<MR-5>,ITCDLiquidoExcetoTransferenciasEFUNDEB,ITCD,42767422.33,MS,50,2022,6
2022,RREO,6,B,Governo do Estado do Mato Grosso do Sul,50,MS,2839188,RREO-Anexo 03,E,Padrão,<MR-4>,ITCDLiquidoExcetoTransferenciasEFUNDEB,ITCD,34453000.52,MS,50,2022,6
2022,RREO,6,B,Governo do Estado do Mato Grosso do Sul,50,MS,2839188,RREO-Anexo 03,E,Padrão,<MR-3>,ITCDLiquidoExcetoTransferenciasEFUNDEB,ITCD,29831701.96,MS,50,2022,6
2022,RREO,6,B,Governo do Estado do Mato Grosso do Sul,50,MS,2839188,RREO-Anexo 03,E,Padrão,<MR-2>,ITCDLiquidoExcetoTransferenciasEFUNDEB,ITCD,39350352.58,MS,50,2022,6
2022,RREO,6,B,Governo do Estado do Mato Grosso do Sul,50,MS,2839188,RREO-Anexo 03,E,Padrão,<MR-1>,ITCDLiquidoExcetoTransferenciasEFUNDEB,ITCD,34220400.0,MS,50,2022,6
2022,RREO,6,B,Governo do Estado do Mato Grosso do Sul,50,MS,2839188,RREO-Anexo 03,E,Padrão,<MR>,ITCDLiquidoExcetoTransferenciasEFUNDEB,ITCD,42022389.21,MS,50,2022,6
2022,RREO,6,B,Governo do Estado do Mato Grosso do Sul,50,MS,2839188,RREO-Anexo 03,E,Padrão,TOTAL (ÚLTIMOS 12 MESES),ITCDLiquidoExcetoTransferenciasEFUNDEB,ITCD,407688671.89,MS,50,2022,6
2022,RREO,6,B,Governo do Estado do Mato Grosso do Sul,50,MS,2839188,RREO-Anexo 03,E,Padrão,PREVISÃO ATUALIZADA 2022,ITCDLiquidoExcetoTransferenciasEFUNDEB,ITCD,295720100.0,MS,50,2022,6
2022,RREO,6,B,Governo do Estado do Mato Grosso,51,MT,3567234,RREO-Anexo 03,E,Padrão,<MR-11>,ICMSLiquidoExcetoTransferenciasEFUNDEB,ICMS,1688768106.09,MT,51,2022,6
2022,RREO,6,B,Governo do Estado do Mato Grosso,51,MT,3567234,RREO-Anexo 03,E,Padrão,<MR-10>,ICMSLiquidoExcetoTransferenciasEFUNDEB,ICMS,1574652171.38,MT,51,2022,6
2022,RREO,6,B,Governo do Estado do Mato Grosso,51,MT,3567234,RREO-Anexo 03,E,Padrão,<MR-9>,ICMSLiquidoExcetoTransferenciasEFUNDEB,ICMS,1556086923.41,MT,51,2022,6
2022,RREO,6,B,Governo do Estado do Mato Grosso,51,MT,3567234,RREO-Anexo 03,E,Padrão,<MR-8>,ICMSLiquidoExcetoTransferenciasEFUNDEB,ICMS,1685585604.87,MT,51,2022,6
2022,RREO,6,B,Governo do Estado do Mato Grosso,51,MT,3567234,RREO-Anexo 03,E,Padrão,<MR-7>,ICMSLiquidoExcetoTransferenciasEFUNDEB,ICMS,1641339518.63,MT,51,2022,6
2022,RREO,6,B,Governo do Estado do Mato Grosso,51,MT,3567234,RREO-Anexo 03,E,Padrão,<MR-6>,ICMSLiquidoExcetoTransferenciasEFUNDEB,ICMS,1759247587.48,MT,51,2022,6
2022,RREO,6,B,Governo do Estado do Mato Grosso,51,MT,3567234,RREO-Anexo 03,E,Padrão,<MR-5>,ICMSLiquidoExcetoTransferenciasEFUNDEB,ICMS,1714151128.57,MT,51,2022,6
2022,RREO,6,B,Governo do Estado do Mato Grosso,51,MT,3567234,RREO-Anexo 03,E,Padrão,<MR-4>,ICMSLiquidoExcetoTransferenciasEFUNDEB,ICMS,1702259690.22,MT,51,2022,6
2022,RREO,6,B,Governo do Estado do Mato Grosso,51,MT,3567234,RREO-Anexo 03,E,Padrão,<MR-3>,ICMSLiquidoExcetoTransferenciasEFUNDEB,ICMS,1744734400.96,MT,51,2022,6
2022,RREO,6,B,Governo do Estado do Mato Grosso,51,MT,3567234,RREO-Anexo 03,E,Padrão,<MR-2>,ICMSLiquidoExcetoTransferenciasEFUNDEB,ICMS,1601991497.84,MT,51,2022,6
2022,RREO,6,B,Governo do Estado do Mato Grosso,51,MT,3567234,RREO-Anexo 03,E,Padrão,<MR-1>,ICMSLiquidoExcetoTransferenciasEFUNDEB,ICMS,1532076184.98,MT,51,2022,6
2022,RREO,6,B,Governo do Estado do Mato Grosso,51,MT,3567234,RREO-Anexo 03,E,Padrão,<MR>,ICMSLiquidoExcetoTransferenciasEFUNDEB,ICMS,1498280931.78,MT,51,2022,6
2022,RREO,6,B,Governo do Estado do Mato Grosso,51,MT,3567234,RREO-Anexo 03,E,Padrão,TOTAL (ÚLTIMOS 12 MESES),ICMSLiquidoExcetoTransferenciasEFUNDEB,ICMS,19699173746.21,MT,51,2022,6
2022,RREO,6,B,Governo do Estado do Mato Grosso,51,MT,3567234,RREO-Anexo 03,E,Padrão,PREVISÃO ATUALIZADA 2022,ICMSLiquidoExcetoTransferenciasEFUNDEB,ICMS,18581190439.52,MT,51,2022,6
2022,RREO,6,B,Governo do Estado do Mato Grosso,51,MT,3567234,RREO-Anexo 03,E,Padrão,<MR-11>,IPVALiquidoExcetoTransferenciasEFUNDEB,IPVA,69138415.23,MT,51,2022,6
2022,RREO,6,B,Governo do Estado do Mato Grosso,51,MT,3567234,RREO-Anexo 03,E,Padrão,<MR-10>,IPVALiquidoExcetoTransferenciasEFUNDEB,IPVA,63855734.74,MT,51,2022,6
2022,RREO,6,B,Governo do Estado do Mato Grosso,51,MT,3567234,RREO-Anexo 03,E,Padrão,<MR-9>,IPVALiquidoExcetoTransferenciasEFUNDEB,IPVA,164284071.64,MT,51,2022,6
2022,RREO,6,B,Governo do Estado do Mato Grosso,51,MT,3567234,RREO-Anexo 03,E,Padrão,<MR-8>,IPVALiquidoExcetoTransferenciasEFUNDEB,IPVA,162866390.39,MT,51,2022,6
2022,RREO,6,B,Governo do Estado do Mato Grosso,51,MT,3567234,RREO-Anexo 03,E,Padrão,<MR-7>,IPVALiquidoExcetoTransferenciasEFUNDEB,IPVA,201027862.01,MT,51,2022,6
2022,RREO,6,B,Governo do Estado do Mato Grosso,51,MT,3567234,RREO-Anexo 03,E,Padrão,<MR-6>,IPVALiquidoExcetoTransferenciasEFUNDEB,IPVA,154255441.41,MT,51,2022,6
2022,RREO,6,B,Governo do Estado do Mato Grosso,51,MT,3567234,RREO-Anexo 03,E,Padrão,<MR-5>,IPVALiquidoExcetoTransferenciasEFUNDEB,IPVA,111386495.73,MT,51,2022,6
2022,RREO,6,B,Governo do Estado do Mato Grosso,51,MT,3567234,RREO-Anexo 03,E,Padrão,<MR-4>,IPVALiquidoExcetoTransferenciasEFUNDEB,IPVA,100907625.82,MT,51,2022,6
2022,RREO,6,B,Governo do Estado do Mato Grosso,51,MT,3567234,RREO-Anexo 03,E,Padrão,<MR-3>,IPVALiquidoExcetoTransferenciasEFUNDEB,IPVA,71118986.78,MT,51,2022,6
2022,RREO,6,B,Governo do Estado do Mato Grosso,51,MT,3567234,RREO-Anexo 03,E,Padrão,<MR-2>,IPVALiquidoExcetoTransferenciasEFUNDEB,IPVA,55927219.93,MT,51,2022,6
2022,RREO,6,B,Governo do Estado do Mato Grosso,51,MT,3567234,RREO-Anexo 03,E,Padrão,<MR-1>,IPVALiquidoExcetoTransferenciasEFUNDEB,IPVA,41233451.41,MT,51,2022,6
2022,RREO,6,B,Governo do Estado do Mato Grosso,51,MT,3567234,RREO-Anexo 03,E,Padrão,<MR>,IPVALiquidoExcetoTransferenciasEFUNDEB,IPVA,42838303.04,MT,51,2022,6
2022,RREO,6,B,Governo do Estado do Mato Grosso,51,MT,3567234,RREO-Anexo 03,E,Padrão,TOTAL (ÚLTIMOS 12 MESES),IPVALiquidoExcetoTransferenciasEFUNDEB,IPVA,1238839998.13,MT,51,2022,6
2022,RREO,6,B,Governo do Estado do Mato Grosso,51,MT,3567234,RREO-Anexo 03,E,Padrão,PREVISÃO ATUALIZADA 2022,IPVALiquidoExcetoTransferenciasEFUNDEB,IPVA,1044222110.62,MT,51,2022,6
2022,RREO,6,B,Governo do Estado do Mato Grosso,51,MT,3567234,RREO-Anexo 03,E,Padrão,<MR-11>,ITCDLiquidoExcetoTransferenciasEFUNDEB,ITCD,22127846.58,MT,51,2022,6
2022,RREO,6,B,Governo do Estado do Mato Grosso,51,MT,3567234,RREO-Anexo 03,E,Padrão,<MR-10>,ITCDLiquidoExcetoTransferenciasEFUNDEB,ITCD,14705513.07,MT,51,2022,6
2022,RREO,6,B,Governo do Estado do Mato Grosso,51,MT,3567234,RREO-Anexo 03,E,Padrão,<MR-9>,ITCDLiquidoExcetoTransferenciasEFUNDEB,ITCD,12874797.35,MT,51,2022,6
2022,RREO,6,B,Governo do Estado do Mato Grosso,51,MT,3567234,RREO-Anexo 03,E,Padrão,<MR-8>,ITCDLiquidoExcetoTransferenciasEFUNDEB,ITCD,27009120.51,MT,51,2022,6
2022,RREO,6,B,Governo do Estado do Mato Grosso,51,MT,3567234,RREO-Anexo 03,E,Padrão,<MR-7>,ITCDLiquidoExcetoTransferenciasEFUNDEB,ITCD,25152774.53,MT,51,2022,6
2022,RREO,6,B,Governo do Estado do Mato Grosso,51,MT,3567234,RREO-Anexo 03,E,Padrão,<MR-6>,ITCDLiquidoExcetoTransferenciasEFUNDEB,ITCD,19380967.0,MT,51,2022,6
2022,RREO,6,B,Governo do Estado do Mato Grosso,51,MT,3567234,RREO-Anexo 03,E,Padrão,<MR-5>,ITCDLiquidoExcetoTransferenciasEFUNDEB,ITCD,12303368.16,MT,51,2022,6
2022,RREO,6,B,Governo do Estado do Mato Grosso,51,MT,3567234,RREO-Anexo 03,E,Padrão,<MR-4>,ITCDLiquidoExcetoTransferenciasEFUNDEB,ITCD,19911632.64,MT,51,2022,6
2022,RREO,6,B,Governo do Estado do Mato Grosso,51,MT,3567234,RREO-Anexo 03,E,Padrão,<MR-3>,ITCDLiquidoExcetoTransferenciasEFUNDEB,ITCD,22787975.08,MT,51,2022,6
2022,RREO,6,B,Governo do Estado do Mato Grosso,51,MT,3567234,RREO-Anexo 03,E,Padrão,<MR-2>,ITCDLiquidoExcetoTransferenciasEFUNDEB,ITCD,20110986.87,MT,51,2022,6
2022,RREO,6,B,Governo do Estado do Mato Grosso,51,MT,3567234,RREO-Anexo 03,E,Padrão,<MR-1>,ITCDLiquidoExcetoTransferenciasEFUNDEB,ITCD,10130935.19,MT,51,2022,6
2022,RREO,6,B,Governo do Estado do Mato Grosso,51,MT,3567234,RREO-Anexo 03,E,Padrão,<MR>,ITCDLiquidoExcetoTransferenciasEFUNDEB,ITCD,16445591.05,MT,51,2022,6
2022,RREO,6,B,Governo do Estado do Mato Grosso,51,MT,3567234,RREO-Anexo 03,E,Padrão,TOTAL (ÚLTIMOS 12 MESES),ITCDLiquidoExcetoTransferenciasEFUNDEB,ITCD,222941508.03,MT,51,2022,6
2022,RREO,6,B,Governo do Estado do Mato Grosso,51,MT,3567234,RREO-Anexo 03,E,Padrão,PREVISÃO ATUALIZADA 2022,ITCDLiquidoExcetoTransferenciasEFUNDEB,ITCD,188315971.38,MT,51,2022,6
2022,RREO,6,B,Governo do Estado de Goiás,52,GO,7206589,RREO-Anexo 03,E,Padrão,<MR-11>,ICMSLiquidoExcetoTransferenciasEFUNDEB,ICMS,2063956963.98,GO,52,2022,6
2022,RREO,6,B,Governo do Estado de Goiás,52,GO,7206589,RREO-Anexo 03,E,Padrão,<MR-10>,ICMSLiquidoExcetoTransferenciasEFUNDEB,ICMS,1932528871.58,GO,52,2022,6
2022,RREO,6,B,Governo do Estado de Goiás,52,GO,7206589,RREO-Anexo 03,E,Padrão,<MR-9>,ICMSLiquidoExcetoTransferenciasEFUNDEB,ICMS,2036724399.76,GO,52,2022,6
2022,RREO,6,B,Governo do Estado de Goiás,52,GO,7206589,RREO-Anexo 03,E,Padrão,<MR-8>,ICMSLiquidoExcetoTransferenciasEFUNDEB,ICMS,2143677269.32,GO,52,2022,6
2022,RREO,6,B,Governo do Estado de Goiás,52,GO,7206589,RREO-Anexo 03,E,Padrão,<MR-7>,ICMSLiquidoExcetoTransferenciasEFUNDEB,ICMS,2181898645.57,GO,52,2022,6
2022,RREO,6,B,Governo do Estado de Goiás,52,GO,7206589,RREO-Anexo 03,E,Padrão,<MR-6>,ICMSLiquidoExcetoTransferenciasEFUNDEB,ICMS,2173100251.09,GO,52,2022,6
2022,RREO,6,B,Governo do Estado de Goiás,52,GO,7206589,RREO-Anexo 03,E,Padrão,<MR-5>,ICMSLiquidoExcetoTransferenciasEFUNDEB,ICMS,2096080802.37,GO,52,2022,6
2022,RREO,6,B,Governo do Estado de Goiás,52,GO,7206589,RREO-Anexo 03,E,Padrão,<MR-4>,ICMSLiquidoExcetoTransferenciasEFUNDEB,ICMS,1914775772.89,GO,52,2022,6
2022,RREO,6,B,Governo do Estado de Goiás,52,GO,7206589,RREO-Anexo 03,E,Padrão,<MR-3>,ICMSLiquidoExcetoTransferenciasEFUNDEB,ICMS,1934368023.08,GO,52,2022,6
2022,RREO,6,B,Governo do Estado de Goiás,52,GO,7206589,RREO-Anexo 03,E,Padrão,<MR-2>,ICMSLiquidoExcetoTransferenciasEFUNDEB,ICMS,1911610039.78,GO,52,2022,6
2022,RREO,6,B,Governo do Estado de Goiás,52,GO,7206589,RREO-Anexo 03,E,Padrão,<MR-1>,ICMSLiquidoExcetoTransferenciasEFUNDEB,ICMS,1884809832.16,GO,52,2022,6
2022,RREO,6,B,Governo do Estado de Goiás,52,GO,7206589,RREO-Anexo 03,E,Padrão,<MR>,ICMSLiquidoExcetoTransferenciasEFUNDEB,ICMS,1792329546.82,GO,52,2022,6
2022,RREO,6,B,Governo do Estado de Goiás,52,GO,7206589,RREO-Anexo 03,E,Padrão,TOTAL (ÚLTIMOS 12 MESES),ICMSLiquidoExcetoTransferenciasEFUNDEB,ICMS,24065860418.4,GO,52,2022,6
2022,RREO,6,B,Governo do Estado de Goiás,52,GO,7206589,RREO-Anexo 03,E,Padrão,PREVISÃO ATUALIZADA 2022,ICMSLiquidoExcetoTransferenciasEFUNDEB,ICMS,24358421000.0,GO,52,2022,6
2022,RREO,6,B,Governo do Estado de Goiás,52,GO,7206589,RREO-Anexo 03,E,Padrão,<MR-11>,IPVALiquidoExcetoTransferenciasEFUNDEB,IPVA,106190323.77,GO,52,2022,6
2022,RREO,6,B,Governo do Estado de Goiás,52,GO,7206589,RREO-Anexo 03,E,Padrão,<MR-10>,IPVALiquidoExcetoTransferenciasEFUNDEB,IPVA,108225770.44,GO,52,2022,6
2022,RREO,6,B,Governo do Estado de Goiás,52,GO,7206589,RREO-Anexo 03,E,Padrão,<MR-9>,IPVALiquidoExcetoTransferenciasEFUNDEB,IPVA,133542417.42,GO,52,2022,6
2022,RREO,6,B,Governo do Estado de Goiás,52,GO,7206589,RREO-Anexo 03,E,Padrão,<MR-8>,IPVALiquidoExcetoTransferenciasEFUNDEB,IPVA,127086435.81,GO,52,2022,6
2022,RREO,6,B,Governo do Estado de Goiás,52,GO,7206589,RREO-Anexo 03,E,Padrão,<MR-7>,IPVALiquidoExcetoTransferenciasEFUNDEB,IPVA,165567983.14,GO,52,2022,6
2022,RREO,6,B,Governo do Estado de Goiás,52,GO,7206589,RREO-Anexo 03,E,Padrão,<MR-6>,IPVALiquidoExcetoTransferenciasEFUNDEB,IPVA,163951599.04,GO,52,2022,6
2022,RREO,6,B,Governo do Estado de Goiás,52,GO,7206589,RREO-Anexo 03,E,Padrão,<MR-5>,IPVALiquidoExcetoTransferenciasEFUNDEB,IPVA,157959935.18,GO,52,2022,6
2022,RREO,6,B,Governo do Estado de Goiás,52,GO,7206589,RREO-Anexo 03,E,Padrão,<MR-4>,IPVALiquidoExcetoTransferenciasEFUNDEB,IPVA,192890189.27,GO,52,2022,6
2022,RREO,6,B,Governo do Estado de Goiás,52,GO,7206589,RREO-Anexo 03,E,Padrão,<MR-3>,IPVALiquidoExcetoTransferenciasEFUNDEB,IPVA,230725902.5,GO,52,2022,6
2022,RREO,6,B,Governo do Estado de Goiás,52,GO,7206589,RREO-Anexo 03,E,Padrão,<MR-2>,IPVALiquidoExcetoTransferenciasEFUNDEB,IPVA,289104415.88,GO,52,2022,6
2022,RREO,6,B,Governo do Estado de Goiás,52,GO,7206589,RREO-Anexo 03,E,Padrão,<MR-1>,IPVALiquidoExcetoTransferenciasEFUNDEB,IPVA,339001742.73,GO,52,2022,6
2022,RREO,6,B,Governo do Estado de Goiás,52,GO,7206589,RREO-Anexo 03,E,Padrão,<MR>,IPVALiquidoExcetoTransferenciasEFUNDEB,IPVA,408726417.81,GO,52,2022,6
2022,RREO,6,B,Governo do Estado de Goiás,52,GO,7206589,RREO-Anexo 03,E,Padrão,TOTAL (ÚLTIMOS 12 MESES),IPVALiquidoExcetoTransferenciasEFUNDEB,IPVA,2422973132.99,GO,52,2022,6
2022,RREO,6,B,Governo do Estado de Goiás,52,GO,7206589,RREO-Anexo 03,E,Padrão,PREVISÃO ATUALIZADA 2022,IPVALiquidoExcetoTransferenciasEFUNDEB,IPVA,1947723000.0,GO,52,2022,6
2022,RREO,6,B,Governo do Estado de Goiás,52,GO,7206589,RREO-Anexo 03,E,Padrão,<MR-11>,ITCDLiquidoExcetoTransferenciasEFUNDEB,ITCD,56147048.1,GO,52,2022,6
2022,RREO,6,B,Governo do Estado de Goiás,52,GO,7206589,RREO-Anexo 03,E,Padrão,<MR-10>,ITCDLiquidoExcetoTransferenciasEFUNDEB,ITCD,42318224.76,GO,52,2022,6
2022,RREO,6,B,Governo do Estado de Goiás,52,GO,7206589,RREO-Anexo 03,E,Padrão,<MR-9>,ITCDLiquidoExcetoTransferenciasEFUNDEB,ITCD,61347926.37,GO,52,2022,6
2022,RREO,6,B,Governo do Estado de Goiás,52,GO,7206589,RREO-Anexo 03,E,Padrão,<MR-8>,ITCDLiquidoExcetoTransferenciasEFUNDEB,ITCD,67551820.53,GO,52,2022,6
2022,RREO,6,B,Governo do Estado de Goiás,52,GO,7206589,RREO-Anexo 03,E,Padrão,<MR-7>,ITCDLiquidoExcetoTransferenciasEFUNDEB,ITCD,57988550.45,GO,52,2022,6
2022,RREO,6,B,Governo do Estado de Goiás,52,GO,7206589,RREO-Anexo 03,E,Padrão,<MR-6>,ITCDLiquidoExcetoTransferenciasEFUNDEB,ITCD,91267860.48,GO,52,2022,6
2022,RREO,6,B,Governo do Estado de Goiás,52,GO,7206589,RREO-Anexo 03,E,Padrão,<MR-5>,ITCDLiquidoExcetoTransferenciasEFUNDEB,ITCD,52128811.63,GO,52,2022,6
2022,RREO,6,B,Governo do Estado de Goiás,52,GO,7206589,RREO-Anexo 03,E,Padrão,<MR-4>,ITCDLiquidoExcetoTransferenciasEFUNDEB,ITCD,64293473.34,GO,52,2022,6
2022,RREO,6,B,Governo do Estado de Goiás,52,GO,7206589,RREO-Anexo 03,E,Padrão,<MR-3>,ITCDLiquidoExcetoTransferenciasEFUNDEB,ITCD,107706284.71,GO,52,2022,6
2022,RREO,6,B,Governo do Estado de Goiás,52,GO,7206589,RREO-Anexo 03,E,Padrão,<MR-2>,ITCDLiquidoExcetoTransferenciasEFUNDEB,ITCD,99542072.35,GO,52,2022,6
2022,RREO,6,B,Governo do Estado de Goiás,52,GO,7206589,RREO-Anexo 03,E,Padrão,<MR-1>,ITCDLiquidoExcetoTransferenciasEFUNDEB,ITCD,81591862.37,GO,52,2022,6
2022,RREO,6,B,Governo do Estado de Goiás,52,GO,7206589,RREO-Anexo 03,E,Padrão,<MR>,ITCDLiquidoExcetoTransferenciasEFUNDEB,ITCD,107237433.44,GO,52,2022,6
2022,RREO,6,B,Governo do Estado de Goiás,52,GO,7206589,RREO-Anexo 03,E,Padrão,TOTAL (ÚLTIMOS 12 MESES),ITCDLiquidoExcetoTransferenciasEFUNDEB,ITCD,889121368.53,GO,52,2022,6
2022,RREO,6,B,Governo do Estado de Goiás,52,GO,7206589,RREO-Anexo 03,E,Padrão,PREVISÃO ATUALIZADA 2022,ITCDLiquidoExcetoTransferenciasEFUNDEB,ITCD,600872000.0,GO,52,2022,6
2022,RREO,6,B,Governo do Distrito Federal,53,DF,3094325,RREO-Anexo 03,E,Padrão,<MR-11>,ICMSLiquidoExcetoTransferenciasEFUNDEB,ICMS,950318877.07,DF,53,2022,6
2022,RREO,6,B,Governo do Distrito Federal,53,DF,3094325,RREO-Anexo 03,E,Padrão,<MR-10>,ICMSLiquidoExcetoTransferenciasEFUNDEB,ICMS,810517024.86,DF,53,2022,6
2022,RREO,6,B,Governo do Distrito Federal,53,DF,3094325,RREO-Anexo 03,E,Padrão,<MR-9>,ICMSLiquidoExcetoTransferenciasEFUNDEB,ICMS,804499068.25,DF,53,2022,6
2022,RREO,6,B,Governo do Distrito Federal,53,DF,3094325,RREO-Anexo 03,E,Padrão,<MR-8>,ICMSLiquidoExcetoTransferenciasEFUNDEB,ICMS,892547135.65,DF,53,2022,6
2022,RREO,6,B,Governo do Distrito Federal,53,DF,3094325,RREO-Anexo 03,E,Padrão,<MR-7>,ICMSLiquidoExcetoTransferenciasEFUNDEB,ICMS,872255781.3,DF,53,2022,6
2022,RREO,6,B,Governo do Distrito Federal,53,DF,3094325,RREO-Anexo 03,E,Padrão,<MR-6>,ICMSLiquidoExcetoTransferenciasEFUNDEB,ICMS,914377608.79,DF,53,2022,6
2022,RREO,6,B,Governo do Distrito Federal,53,DF,3094325,RREO-Anexo 03,E,Padrão,<MR-5>,ICMSLiquidoExcetoTransferenciasEFUNDEB,ICMS,932721754.38,DF,53,2022,6
2022,RREO,6,B,Governo do Distrito Federal,53,DF,3094325,RREO-Anexo 03,E,Padrão,<MR-4>,ICMSLiquidoExcetoTransferenciasEFUNDEB,ICMS,789375058.05,DF,53,2022,6
2022,RREO,6,B,Governo do Distrito Federal,53,DF,3094325,RREO-Anexo 03,E,Padrão,<MR-3>,ICMSLiquidoExcetoTransferenciasEFUNDEB,ICMS,789162902.05,DF,53,2022,6
2022,RREO,6,B,Governo do Distrito Federal,53,DF,3094325,RREO-Anexo 03,E,Padrão,<MR-2>,ICMSLiquidoExcetoTransferenciasEFUNDEB,ICMS,773768008.34,DF,53,2022,6
2022,RREO,6,B,Governo do Distrito Federal,53,DF,3094325,RREO-Anexo 03,E,Padrão,<MR-1>,ICMSLiquidoExcetoTransferenciasEFUNDEB,ICMS,775363711.4,DF,53,2022,6
2022,RREO,6,B,Governo do Distrito Federal,53,DF,3094325,RREO-Anexo 03,E,Padrão,<MR>,ICMSLiquidoExcetoTransferenciasEFUNDEB,ICMS,796947401.31,DF,53,2022,6
2022,RREO,6,B,Governo do Distrito Federal,53,DF,3094325,RREO-Anexo 03,E,Padrão,TOTAL (ÚLTIMOS 12 MESES),ICMSLiquidoExcetoTransferenciasEFUNDEB,ICMS,10101854331.45,DF,53,2022,6
2022,RREO,6,B,Governo do Distrito Federal,53,DF,3094325,RREO-Anexo 03,E,Padrão,PREVISÃO ATUALIZADA 2022,ICMSLiquidoExcetoTransferenciasEFUNDEB,ICMS,10292772759.0,DF,53,2022,6
2022,RREO,6,B,Governo do Distrito Federal,53,DF,3094325,RREO-Anexo 03,E,Padrão,<MR-11>,IPVALiquidoExcetoTransferenciasEFUNDEB,IPVA,105340973.02,DF,53,2022,6
2022,RREO,6,B,Governo do Distrito Federal,53,DF,3094325,RREO-Anexo 03,E,Padrão,<MR-10>,IPVALiquidoExcetoTransferenciasEFUNDEB,IPVA,468074420.35,DF,53,2022,6
2022,RREO,6,B,Governo do Distrito Federal,53,DF,3094325,RREO-Anexo 03,E,Padrão,<MR-9>,IPVALiquidoExcetoTransferenciasEFUNDEB,IPVA,181770458.57,DF,53,2022,6
2022,RREO,6,B,Governo do Distrito Federal,53,DF,3094325,RREO-Anexo 03,E,Padrão,<MR-8>,IPVALiquidoExcetoTransferenciasEFUNDEB,IPVA,113550446.45,DF,53,2022,6
2022,RREO,6,B,Governo do Distrito Federal,53,DF,3094325,RREO-Anexo 03,E,Padrão,<MR-7>,IPVALiquidoExcetoTransferenciasEFUNDEB,IPVA,120013622.82,DF,53,2022,6
2022,RREO,6,B,Governo do Distrito Federal,53,DF,3094325,RREO-Anexo 03,E,Padrão,<MR-6>,IPVALiquidoExcetoTransferenciasEFUNDEB,IPVA,108335571.15,DF,53,2022,6
2022,RREO,6,B,Governo do Distrito Federal,53,DF,3094325,RREO-Anexo 03,E,Padrão,<MR-5>,IPVALiquidoExcetoTransferenciasEFUNDEB,IPVA,99416137.17,DF,53,2022,6
2022,RREO,6,B,Governo do Distrito Federal,53,DF,3094325,RREO-Anexo 03,E,Padrão,<MR-4>,IPVALiquidoExcetoTransferenciasEFUNDEB,IPVA,54922323.42,DF,53,2022,6
2022,RREO,6,B,Governo do Distrito Federal,53,DF,3094325,RREO-Anexo 03,E,Padrão,<MR-3>,IPVALiquidoExcetoTransferenciasEFUNDEB,IPVA,49857360.49,DF,53,2022,6
2022,RREO,6,B,Governo do Distrito Federal,53,DF,3094325,RREO-Anexo 03,E,Padrão,<MR-2>,IPVALiquidoExcetoTransferenciasEFUNDEB,IPVA,48288086.53,DF,53,2022,6
2022,RREO,6,B,Governo do Distrito Federal,53,DF,3094325,RREO-Anexo 03,E,Padrão,<MR-1>,IPVALiquidoExcetoTransferenciasEFUNDEB,IPVA,40460568.24,DF,53,2022,6
2022,RREO,6,B,Governo do Distrito Federal,53,DF,3094325,RREO-Anexo 03,E,Padrão,<MR>,IPVALiquidoExcetoTransferenciasEFUNDEB,IPVA,54688840.98,DF,53,2022,6
2022,RREO,6,B,Governo do Distrito Federal,53,DF,3094325,RREO-Anexo 03,E,Padrão,TOTAL (ÚLTIMOS 12 MESES),IPVALiquidoExcetoTransferenciasEFUNDEB,IPVA,1444718809.19,DF,53,2022,6
2022,RREO,6,B,Governo do Distrito Federal,53,DF,3094325,RREO-Anexo 03,E,Padrão,PREVISÃO ATUALIZADA 2022,IPVALiquidoExcetoTransferenciasEFUNDEB,IPVA,1372595974.0,DF,53,2022,6
2022,RREO,6,B,Governo do Distrito Federal,53,DF,3094325,RREO-Anexo 03,E,Padrão,<MR-11>,ITCDLiquidoExcetoTransferenciasEFUNDEB,ITCD,20537613.79,DF,53,2022,6
2022,RREO,6,B,Governo do Distrito Federal,53,DF,3094325,RREO-Anexo 03,E,Padrão,<MR-10>,ITCDLiquidoExcetoTransferenciasEFUNDEB,ITCD,19305370.74,DF,53,2022,6
2022,RREO,6,B,Governo do Distrito Federal,53,DF,3094325,RREO-Anexo 03,E,Padrão,<MR-9>,ITCDLiquidoExcetoTransferenciasEFUNDEB,ITCD,33818360.27,DF,53,2022,6
2022,RREO,6,B,Governo do Distrito Federal,53,DF,3094325,RREO-Anexo 03,E,Padrão,<MR-8>,ITCDLiquidoExcetoTransferenciasEFUNDEB,ITCD,20499311.62,DF,53,2022,6
2022,RREO,6,B,Governo do Distrito Federal,53,DF,3094325,RREO-Anexo 03,E,Padrão,<MR-7>,ITCDLiquidoExcetoTransferenciasEFUNDEB,ITCD,26485399.11,DF,53,2022,6
2022,RREO,6,B,Governo do Distrito Federal,53,DF,3094325,RREO-Anexo 03,E,Padrão,<MR-6>,ITCDLiquidoExcetoTransferenciasEFUNDEB,ITCD,32151620.84,DF,53,2022,6
2022,RREO,6,B,Governo do Distrito Federal,53,DF,3094325,RREO-Anexo 03,E,Padrão,<MR-5>,ITCDLiquidoExcetoTransferenciasEFUNDEB,ITCD,19006767.45,DF,53,2022,6
2022,RREO,6,B,Governo do Distrito Federal,53,DF,3094325,RREO-Anexo 03,E,Padrão,<MR-4>,ITCDLiquidoExcetoTransferenciasEFUNDEB,ITCD,17777495.47,DF,53,2022,6
2022,RREO,6,B,Governo do Distrito Federal,53,DF,3094325,RREO-Anexo 03,E,Padrão,<MR-3>,ITCDLiquidoExcetoTransferenciasEFUNDEB,ITCD,18394466.51,DF,53,2022,6
2022,RREO,6,B,Governo do Distrito Federal,53,DF,3094325,RREO-Anexo 03,E,Padrão,<MR-2>,ITCDLiquidoExcetoTransferenciasEFUNDEB,ITCD,15981126.11,DF,53,2022,6
2022,RREO,6,B,Governo do Distrito Federal,53,DF,3094325,RREO-Anexo 03,E,Padrão,<MR-1>,ITCDLiquidoExcetoTransferenciasEFUNDEB,ITCD,18374659.69,DF,53,2022,6
2022,RREO,6,B,Governo do Distrito Federal,53,DF,3094325,RREO-Anexo 03,E,Padrão,<MR>,ITCDLiquidoExcetoTransferenciasEFUNDEB,ITCD,27890445.83,DF,53,2022,6
2022,RREO,6,B,Governo do Distrito Federal,53,DF,3094325,RREO-Anexo 03,E,Padrão,TOTAL (ÚLTIMOS 12 MESES),ITCDLiquidoExcetoTransferenciasEFUNDEB,ITCD,270222637.43,DF,53,2022,6
2022,RREO,6,B,Governo do Distrito Federal,53,DF,3094325,RREO-Anexo 03,E,Padrão,PREVISÃO ATUALIZADA 2022,ITCDLiquidoExcetoTransferenciasEFUNDEB,ITCD,226401313.0,DF,53,2022,6
2023,RREO,6,B,Governo do Estado de Rondônia,11,RO,1815278,RREO-Anexo 03,E,Padrão,<MR-11>,ICMSLiquidoExcetoTransferenciasEFUNDEB,ICMS,430547028.68,RO,11,2023,6
2023,RREO,6,B,Governo do Estado de Rondônia,11,RO,1815278,RREO-Anexo 03,E,Padrão,<MR-10>,ICMSLiquidoExcetoTransferenciasEFUNDEB,ICMS,387966385.22,RO,11,2023,6
2023,RREO,6,B,Governo do Estado de Rondônia,11,RO,1815278,RREO-Anexo 03,E,Padrão,<MR-9>,ICMSLiquidoExcetoTransferenciasEFUNDEB,ICMS,424234705.07,RO,11,2023,6
2023,RREO,6,B,Governo do Estado de Rondônia,11,RO,1815278,RREO-Anexo 03,E,Padrão,<MR-8>,ICMSLiquidoExcetoTransferenciasEFUNDEB,ICMS,530258184.25,RO,11,2023,6
2023,RREO,6,B,Governo do Estado de Rondônia,11,RO,1815278,RREO-Anexo 03,E,Padrão,<MR-7>,ICMSLiquidoExcetoTransferenciasEFUNDEB,ICMS,540094873.76,RO,11,2023,6
2023,RREO,6,B,Governo do Estado de Rondônia,11,RO,1815278,RREO-Anexo 03,E,Padrão,<MR-6>,ICMSLiquidoExcetoTransferenciasEFUNDEB,ICMS,590512395.35,RO,11,2023,6
2023,RREO,6,B,Governo do Estado de Rondônia,11,RO,1815278,RREO-Anexo 03,E,Padrão,<MR-5>,ICMSLiquidoExcetoTransferenciasEFUNDEB,ICMS,573191794.37,RO,11,2023,6
2023,RREO,6,B,Governo do Estado de Rondônia,11,RO,1815278,RREO-Anexo 03,E,Padrão,<MR-4>,ICMSLiquidoExcetoTransferenciasEFUNDEB,ICMS,553334409.19,RO,11,2023,6
2023,RREO,6,B,Governo do Estado de Rondônia,11,RO,1815278,RREO-Anexo 03,E,Padrão,<MR-3>,ICMSLiquidoExcetoTransferenciasEFUNDEB,ICMS,557061759.33,RO,11,2023,6
2023,RREO,6,B,Governo do Estado de Rondônia,11,RO,1815278,RREO-Anexo 03,E,Padrão,<MR-2>,ICMSLiquidoExcetoTransferenciasEFUNDEB,ICMS,516169623.62,RO,11,2023,6
2023,RREO,6,B,Governo do Estado de Rondônia,11,RO,1815278,RREO-Anexo 03,E,Padrão,<MR-1>,ICMSLiquidoExcetoTransferenciasEFUNDEB,ICMS,438662700.04,RO,11,2023,6
2023,RREO,6,B,Governo do Estado de Rondônia,11,RO,1815278,RREO-Anexo 03,E,Padrão,<MR>,ICMSLiquidoExcetoTransferenciasEFUNDEB,ICMS,571482517.36,RO,11,2023,6
2023,RREO,6,B,Governo do Estado de Rondônia,11,RO,1815278,RREO-Anexo 03,E,Padrão,TOTAL (ÚLTIMOS 12 MESES),ICMSLiquidoExcetoTransferenciasEFUNDEB,ICMS,6113516376.24,RO,11,2023,6
2023,RREO,6,B,Governo do Estado de Rondônia,11,RO,1815278,RREO-Anexo 03,E,Padrão,PREVISÃO ATUALIZADA 2023,ICMSLiquidoExcetoTransferenciasEFUNDEB,ICMS,6704039423.05,RO,11,2023,6
2023,RREO,6,B,Governo do Estado de Rondônia,11,RO,1815278,RREO-Anexo 03,E,Padrão,<MR-11>,IPVALiquidoExcetoTransferenciasEFUNDEB,IPVA,60972985.13,RO,11,2023,6
2023,RREO,6,B,Governo do Estado de Rondônia,11,RO,1815278,RREO-Anexo 03,E,Padrão,<MR-10>,IPVALiquidoExcetoTransferenciasEFUNDEB,IPVA,56914541.77,RO,11,2023,6
2023,RREO,6,B,Governo do Estado de Rondônia,11,RO,1815278,RREO-Anexo 03,E,Padrão,<MR-9>,IPVALiquidoExcetoTransferenciasEFUNDEB,IPVA,71856879.14,RO,11,2023,6
2023,RREO,6,B,Governo do Estado de Rondônia,11,RO,1815278,RREO-Anexo 03,E,Padrão,<MR-8>,IPVALiquidoExcetoTransferenciasEFUNDEB,IPVA,59270347.47,RO,11,2023,6
2023,RREO,6,B,Governo do Estado de Rondônia,11,RO,1815278,RREO-Anexo 03,E,Padrão,<MR-7>,IPVALiquidoExcetoTransferenciasEFUNDEB,IPVA,69880161.62,RO,11,2023,6
2023,RREO,6,B,Governo do Estado de Rondônia,11,RO,1815278,RREO-Anexo 03,E,Padrão,<MR-6>,IPVALiquidoExcetoTransferenciasEFUNDEB,IPVA,60696792.01,RO,11,2023,6
2023,RREO,6,B,Governo do Estado de Rondônia,11,RO,1815278,RREO-Anexo 03,E,Padrão,<MR-5>,IPVALiquidoExcetoTransferenciasEFUNDEB,IPVA,62168321.82,RO,11,2023,6
2023,RREO,6,B,Governo do Estado de Rondônia,11,RO,1815278,RREO-Anexo 03,E,Padrão,<MR-4>,IPVALiquidoExcetoTransferenciasEFUNDEB,IPVA,61600617.63,RO,11,2023,6
2023,RREO,6,B,Governo do Estado de Rondônia,11,RO,1815278,RREO-Anexo 03,E,Padrão,<MR-3>,IPVALiquidoExcetoTransferenciasEFUNDEB,IPVA,41205922.14,RO,11,2023,6
2023,RREO,6,B,Governo do Estado de Rondônia,11,RO,1815278,RREO-Anexo 03,E,Padrão,<MR-2>,IPVALiquidoExcetoTransferenciasEFUNDEB,IPVA,38720893.88,RO,11,2023,6
2023,RREO,6,B,Governo do Estado de Rondônia,11,RO,1815278,RREO-Anexo 03,E,Padrão,<MR-1>,IPVALiquidoExcetoTransferenciasEFUNDEB,IPVA,25232331.85,RO,11,2023,6
2023,RREO,6,B,Governo do Estado de Rondônia,11,RO,1815278,RREO-Anexo 03,E,Padrão,<MR>,IPVALiquidoExcetoTransferenciasEFUNDEB,IPVA,20770137.41,RO,11,2023,6
2023,RREO,6,B,Governo do Estado de Rondônia,11,RO,1815278,RREO-Anexo 03,E,Padrão,TOTAL (ÚLTIMOS 12 MESES),IPVALiquidoExcetoTransferenciasEFUNDEB,IPVA,629289931.87,RO,11,2023,6
2023,RREO,6,B,Governo do Estado de Rondônia,11,RO,1815278,RREO-Anexo 03,E,Padrão,PREVISÃO ATUALIZADA 2023,IPVALiquidoExcetoTransferenciasEFUNDEB,IPVA,534488678.45,RO,11,2023,6
2023,RREO,6,B,Governo do Estado de Rondônia,11,RO,1815278,RREO-Anexo 03,E,Padrão,<MR-11>,ITCDLiquidoExcetoTransferenciasEFUNDEB,ITCD,1656382.79,RO,11,2023,6
2023,RREO,6,B,Governo do Estado de Rondônia,11,RO,1815278,RREO-Anexo 03,E,Padrão,<MR-10>,ITCDLiquidoExcetoTransferenciasEFUNDEB,ITCD,1908899.5,RO,11,2023,6
2023,RREO,6,B,Governo do Estado de Rondônia,11,RO,1815278,RREO-Anexo 03,E,Padrão,<MR-9>,ITCDLiquidoExcetoTransferenciasEFUNDEB,ITCD,5205155.28,RO,11,2023,6
2023,RREO,6,B,Governo do Estado de Rondônia,11,RO,1815278,RREO-Anexo 03,E,Padrão,<MR-8>,ITCDLiquidoExcetoTransferenciasEFUNDEB,ITCD,2114156.6,RO,11,2023,6
2023,RREO,6,B,Governo do Estado de Rondônia,11,RO,1815278,RREO-Anexo 03,E,Padrão,<MR-7>,ITCDLiquidoExcetoTransferenciasEFUNDEB,ITCD,2429302.45,RO,11,2023,6
2023,RREO,6,B,Governo do Estado de Rondônia,11,RO,1815278,RREO-Anexo 03,E,Padrão,<MR-6>,ITCDLiquidoExcetoTransferenciasEFUNDEB,ITCD,4475892.82,RO,11,2023,6
2023,RREO,6,B,Governo do Estado de Rondônia,11,RO,1815278,RREO-Anexo 03,E,Padrão,<MR-5>,ITCDLiquidoExcetoTransferenciasEFUNDEB,ITCD,2533763.19,RO,11,2023,6
2023,RREO,6,B,Governo do Estado de Rondônia,11,RO,1815278,RREO-Anexo 03,E,Padrão,<MR-4>,ITCDLiquidoExcetoTransferenciasEFUNDEB,ITCD,2324130.67,RO,11,2023,6
2023,RREO,6,B,Governo do Estado de Rondônia,11,RO,1815278,RREO-Anexo 03,E,Padrão,<MR-3>,ITCDLiquidoExcetoTransferenciasEFUNDEB,ITCD,2602887.83,RO,11,2023,6
2023,RREO,6,B,Governo do Estado de Rondônia,11,RO,1815278,RREO-Anexo 03,E,Padrão,<MR-2>,ITCDLiquidoExcetoTransferenciasEFUNDEB,ITCD,1597457.09,RO,11,2023,6
2023,RREO,6,B,Governo do Estado de Rondônia,11,RO,1815278,RREO-Anexo 03,E,Padrão,<MR-1>,ITCDLiquidoExcetoTransferenciasEFUNDEB,ITCD,1574166.76,RO,11,2023,6
2023,RREO,6,B,Governo do Estado de Rondônia,11,RO,1815278,RREO-Anexo 03,E,Padrão,<MR>,ITCDLiquidoExcetoTransferenciasEFUNDEB,ITCD,3730187.29,RO,11,2023,6
2023,RREO,6,B,Governo do Estado de Rondônia,11,RO,1815278,RREO-Anexo 03,E,Padrão,TOTAL (ÚLTIMOS 12 MESES),ITCDLiquidoExcetoTransferenciasEFUNDEB,ITCD,32152382.27,RO,11,2023,6
2023,RREO,6,B,Governo do Estado de Rondônia,11,RO,1815278,RREO-Anexo 03,E,Padrão,PREVISÃO ATUALIZADA 2023,ITCDLiquidoExcetoTransferenciasEFUNDEB,ITCD,36351297.56,RO,11,2023,6
2023,RREO,6,B,Governo do Estado do Acre,12,AC,906876,RREO-Anexo 03,E,Padrão,<MR-11>,ICMSLiquidoExcetoTransferenciasEFUNDEB,ICMS,153781939.55,AC,12,2023,6
2023,RREO,6,B,Governo do Estado do Acre,12,AC,906876,RREO-Anexo 03,E,Padrão,<MR-10>,ICMSLiquidoExcetoTransferenciasEFUNDEB,ICMS,143570893.76,AC,12,2023,6
2023,RREO,6,B,Governo do Estado do Acre,12,AC,906876,RREO-Anexo 03,E,Padrão,<MR-9>,ICMSLiquidoExcetoTransferenciasEFUNDEB,ICMS,156276933.55,AC,12,2023,6
2023,RREO,6,B,Governo do Estado do Acre,12,AC,906876,RREO-Anexo 03,E,Padrão,<MR-8>,ICMSLiquidoExcetoTransferenciasEFUNDEB,ICMS,145887873.05,AC,12,2023,6
2023,RREO,6,B,Governo do Estado do Acre,12,AC,906876,RREO-Anexo 03,E,Padrão,<MR-7>,ICMSLiquidoExcetoTransferenciasEFUNDEB,ICMS,141930183.59,AC,12,2023,6
2023,RREO,6,B,Governo do Estado do Acre,12,AC,906876,RREO-Anexo 03,E,Padrão,<MR-6>,ICMSLiquidoExcetoTransferenciasEFUNDEB,ICMS,159502382.96,AC,12,2023,6
2023,RREO,6,B,Governo do Estado do Acre,12,AC,906876,RREO-Anexo 03,E,Padrão,<MR-5>,ICMSLiquidoExcetoTransferenciasEFUNDEB,ICMS,155384329.6,AC,12,2023,6
2023,RREO,6,B,Governo do Estado do Acre,12,AC,906876,RREO-Anexo 03,E,Padrão,<MR-4>,ICMSLiquidoExcetoTransferenciasEFUNDEB,ICMS,165720266.52,AC,12,2023,6
2023,RREO,6,B,Governo do Estado do Acre,12,AC,906876,RREO-Anexo 03,E,Padrão,<MR-3>,ICMSLiquidoExcetoTransferenciasEFUNDEB,ICMS,176566687.54,AC,12,2023,6
2023,RREO,6,B,Governo do Estado do Acre,12,AC,906876,RREO-Anexo 03,E,Padrão,<MR-2>,ICMSLiquidoExcetoTransferenciasEFUNDEB,ICMS,167797530.91,AC,12,2023,6
2023,RREO,6,B,Governo do Estado do Acre,12,AC,906876,RREO-Anexo 03,E,Padrão,<MR-1>,ICMSLiquidoExcetoTransferenciasEFUNDEB,ICMS,162448905.38,AC,12,2023,6
2023,RREO,6,B,Governo do Estado do Acre,12,AC,906876,RREO-Anexo 03,E,Padrão,<MR>,ICMSLiquidoExcetoTransferenciasEFUNDEB,ICMS,183264632.01,AC,12,2023,6
2023,RREO,6,B,Governo do Estado do Acre,12,AC,906876,RREO-Anexo 03,E,Padrão,TOTAL (ÚLTIMOS 12 MESES),ICMSLiquidoExcetoTransferenciasEFUNDEB,ICMS,1912132558.42,AC,12,2023,6
2023,RREO,6,B,Governo do Estado do Acre,12,AC,906876,RREO-Anexo 03,E,Padrão,PREVISÃO ATUALIZADA 2023,ICMSLiquidoExcetoTransferenciasEFUNDEB,ICMS,1905352075.68,AC,12,2023,6
2023,RREO,6,B,Governo do Estado do Acre,12,AC,906876,RREO-Anexo 03,E,Padrão,<MR-11>,IPVALiquidoExcetoTransferenciasEFUNDEB,IPVA,11502008.25,AC,12,2023,6
2023,RREO,6,B,Governo do Estado do Acre,12,AC,906876,RREO-Anexo 03,E,Padrão,<MR-10>,IPVALiquidoExcetoTransferenciasEFUNDEB,IPVA,13585356.96,AC,12,2023,6
2023,RREO,6,B,Governo do Estado do Acre,12,AC,906876,RREO-Anexo 03,E,Padrão,<MR-9>,IPVALiquidoExcetoTransferenciasEFUNDEB,IPVA,16195570.81,AC,12,2023,6
2023,RREO,6,B,Governo do Estado do Acre,12,AC,906876,RREO-Anexo 03,E,Padrão,<MR-8>,IPVALiquidoExcetoTransferenciasEFUNDEB,IPVA,8812917.83,AC,12,2023,6
2023,RREO,6,B,Governo do Estado do Acre,12,AC,906876,RREO-Anexo 03,E,Padrão,<MR-7>,IPVALiquidoExcetoTransferenciasEFUNDEB,IPVA,8732668.37,AC,12,2023,6
2023,RREO,6,B,Governo do Estado do Acre,12,AC,906876,RREO-Anexo 03,E,Padrão,<MR-6>,IPVALiquidoExcetoTransferenciasEFUNDEB,IPVA,12438147.25,AC,12,2023,6
2023,RREO,6,B,Governo do Estado do Acre,12,AC,906876,RREO-Anexo 03,E,Padrão,<MR-5>,IPVALiquidoExcetoTransferenciasEFUNDEB,IPVA,16899594.91,AC,12,2023,6
2023,RREO,6,B,Governo do Estado do Acre,12,AC,906876,RREO-Anexo 03,E,Padrão,<MR-4>,IPVALiquidoExcetoTransferenciasEFUNDEB,IPVA,14575091.78,AC,12,2023,6
2023,RREO,6,B,Governo do Estado do Acre,12,AC,906876,RREO-Anexo 03,E,Padrão,<MR-3>,IPVALiquidoExcetoTransferenciasEFUNDEB,IPVA,10246215.9,AC,12,2023,6
2023,RREO,6,B,Governo do Estado do Acre,12,AC,906876,RREO-Anexo 03,E,Padrão,<MR-2>,IPVALiquidoExcetoTransferenciasEFUNDEB,IPVA,8129404.48,AC,12,2023,6
2023,RREO,6,B,Governo do Estado do Acre,12,AC,906876,RREO-Anexo 03,E,Padrão,<MR-1>,IPVALiquidoExcetoTransferenciasEFUNDEB,IPVA,5054255.33,AC,12,2023,6
2023,RREO,6,B,Governo do Estado do Acre,12,AC,906876,RREO-Anexo 03,E,Padrão,<MR>,IPVALiquidoExcetoTransferenciasEFUNDEB,IPVA,5361040.0,AC,12,2023,6
2023,RREO,6,B,Governo do Estado do Acre,12,AC,906876,RREO-Anexo 03,E,Padrão,TOTAL (ÚLTIMOS 12 MESES),IPVALiquidoExcetoTransferenciasEFUNDEB,IPVA,131532271.87,AC,12,2023,6
2023,RREO,6,B,Governo do Estado do Acre,12,AC,906876,RREO-Anexo 03,E,Padrão,PREVISÃO ATUALIZADA 2023,IPVALiquidoExcetoTransferenciasEFUNDEB,IPVA,131673752.49,AC,12,2023,6
2023,RREO,6,B,Governo do Estado do Acre,12,AC,906876,RREO-Anexo 03,E,Padrão,<MR-11>,ITCDLiquidoExcetoTransferenciasEFUNDEB,ITCD,834692.52,AC,12,2023,6
2023,RREO,6,B,Governo do Estado do Acre,12,AC,906876,RREO-Anexo 03,E,Padrão,<MR-10>,ITCDLiquidoExcetoTransferenciasEFUNDEB,ITCD,935511.61,AC,12,2023,6
2023,RREO,6,B,Governo do Estado do Acre,12,AC,906876,RREO-Anexo 03,E,Padrão,<MR-9>,ITCDLiquidoExcetoTransferenciasEFUNDEB,ITCD,1944609.81,AC,12,2023,6
2023,RREO,6,B,Governo do Estado do Acre,12,AC,906876,RREO-Anexo 03,E,Padrão,<MR-8>,ITCDLiquidoExcetoTransferenciasEFUNDEB,ITCD,2360909.28,AC,12,2023,6
2023,RREO,6,B,Governo do Estado do Acre,12,AC,906876,RREO-Anexo 03,E,Padrão,<MR-7>,ITCDLiquidoExcetoTransferenciasEFUNDEB,ITCD,1557193.21,AC,12,2023,6
2023,RREO,6,B,Governo do Estado do Acre,12,AC,906876,RREO-Anexo 03,E,Padrão,<MR-6>,ITCDLiquidoExcetoTransferenciasEFUNDEB,ITCD,423028.39,AC,12,2023,6
2023,RREO,6,B,Governo do Estado do Acre,12,AC,906876,RREO-Anexo 03,E,Padrão,<MR-5>,ITCDLiquidoExcetoTransferenciasEFUNDEB,ITCD,2132573.67,AC,12,2023,6
2023,RREO,6,B,Governo do Estado do Acre,12,AC,906876,RREO-Anexo 03,E,Padrão,<MR-4>,ITCDLiquidoExcetoTransferenciasEFUNDEB,ITCD,1193224.54,AC,12,2023,6
2023,RREO,6,B,Governo do Estado do Acre,12,AC,906876,RREO-Anexo 03,E,Padrão,<MR-3>,ITCDLiquidoExcetoTransferenciasEFUNDEB,ITCD,779792.28,AC,12,2023,6
2023,RREO,6,B,Governo do Estado do Acre,12,AC,906876,RREO-Anexo 03,E,Padrão,<MR-2>,ITCDLiquidoExcetoTransferenciasEFUNDEB,ITCD,1037628.19,AC,12,2023,6
2023,RREO,6,B,Governo do Estado do Acre,12,AC,906876,RREO-Anexo 03,E,Padrão,<MR-1>,ITCDLiquidoExcetoTransferenciasEFUNDEB,ITCD,1064421.34,AC,12,2023,6
2023,RREO,6,B,Governo do Estado do Acre,12,AC,906876,RREO-Anexo 03,E,Padrão,<MR>,ITCDLiquidoExcetoTransferenciasEFUNDEB,ITCD,1434275.22,AC,12,2023,6
2023,RREO,6,B,Governo do Estado do Acre,12,AC,906876,RREO-Anexo 03,E,Padrão,TOTAL (ÚLTIMOS 12 MESES),ITCDLiquidoExcetoTransferenciasEFUNDEB,ITCD,15697860.06,AC,12,2023,6
2023,RREO,6,B,Governo do Estado do Acre,12,AC,906876,RREO-Anexo 03,E,Padrão,PREVISÃO ATUALIZADA 2023,ITCDLiquidoExcetoTransferenciasEFUNDEB,ITCD,13678586.12,AC,12,2023,6
2023,RREO,6,B,Governo do Estado do Amazonas,13,AM,4269995,RREO-Anexo 03,E,Padrão,<MR-11>,ICMSLiquidoExcetoTransferenciasEFUNDEB,ICMS,1247698058.57,AM,13,2023,6
2023,RREO,6,B,Governo do Estado do Amazonas,13,AM,4269995,RREO-Anexo 03,E,Padrão,<MR-10>,ICMSLiquidoExcetoTransferenciasEFUNDEB,ICMS,1112020071.72,AM,13,2023,6
2023,RREO,6,B,Governo do Estado do Amazonas,13,AM,4269995,RREO-Anexo 03,E,Padrão,<MR-9>,ICMSLiquidoExcetoTransferenciasEFUNDEB,ICMS,1056971732.2,AM,13,2023,6
2023,RREO,6,B,Governo do Estado do Amazonas,13,AM,4269995,RREO-Anexo 03,E,Padrão,<MR-8>,ICMSLiquidoExcetoTransferenciasEFUNDEB,ICMS,1074983139.81,AM,13,2023,6
2023,RREO,6,B,Governo do Estado do Amazonas,13,AM,4269995,RREO-Anexo 03,E,Padrão,<MR-7>,ICMSLiquidoExcetoTransferenciasEFUNDEB,ICMS,1249926459.51,AM,13,2023,6
2023,RREO,6,B,Governo do Estado do Amazonas,13,AM,4269995,RREO-Anexo 03,E,Padrão,<MR-6>,ICMSLiquidoExcetoTransferenciasEFUNDEB,ICMS,1232294489.58,AM,13,2023,6
2023,RREO,6,B,Governo do Estado do Amazonas,13,AM,4269995,RREO-Anexo 03,E,Padrão,<MR-5>,ICMSLiquidoExcetoTransferenciasEFUNDEB,ICMS,1215273390.26,AM,13,2023,6
2023,RREO,6,B,Governo do Estado do Amazonas,13,AM,4269995,RREO-Anexo 03,E,Padrão,<MR-4>,ICMSLiquidoExcetoTransferenciasEFUNDEB,ICMS,1301206506.24,AM,13,2023,6
2023,RREO,6,B,Governo do Estado do Amazonas,13,AM,4269995,RREO-Anexo 03,E,Padrão,<MR-3>,ICMSLiquidoExcetoTransferenciasEFUNDEB,ICMS,1307261331.97,AM,13,2023,6
2023,RREO,6,B,Governo do Estado do Amazonas,13,AM,4269995,RREO-Anexo 03,E,Padrão,<MR-2>,ICMSLiquidoExcetoTransferenciasEFUNDEB,ICMS,1186976807.19,AM,13,2023,6
2023,RREO,6,B,Governo do Estado do Amazonas,13,AM,4269995,RREO-Anexo 03,E,Padrão,<MR-1>,ICMSLiquidoExcetoTransferenciasEFUNDEB,ICMS,1130189052.95,AM,13,2023,6
2023,RREO,6,B,Governo do Estado do Amazonas,13,AM,4269995,RREO-Anexo 03,E,Padrão,<MR>,ICMSLiquidoExcetoTransferenciasEFUNDEB,ICMS,1131413030.74,AM,13,2023,6
2023,RREO,6,B,Governo do Estado do Amazonas,13,AM,4269995,RREO-Anexo 03,E,Padrão,TOTAL (ÚLTIMOS 12 MESES),ICMSLiquidoExcetoTransferenciasEFUNDEB,ICMS,14246214070.74,AM,13,2023,6
2023,RREO,6,B,Governo do Estado do Amazonas,13,AM,4269995,RREO-Anexo 03,E,Padrão,PREVISÃO ATUALIZADA 2023,ICMSLiquidoExcetoTransferenciasEFUNDEB,ICMS,12097568957.53,AM,13,2023,6
2023,RREO,6,B,Governo do Estado do Amazonas,13,AM,4269995,RREO-Anexo 03,E,Padrão,<MR-11>,IPVALiquidoExcetoTransferenciasEFUNDEB,IPVA,53511181.2,AM,13,2023,6
2023,RREO,6,B,Governo do Estado do Amazonas,13,AM,4269995,RREO-Anexo 03,E,Padrão,<MR-10>,IPVALiquidoExcetoTransferenciasEFUNDEB,IPVA,45123275.56,AM,13,2023,6
2023,RREO,6,B,Governo do Estado do Amazonas,13,AM,4269995,RREO-Anexo 03,E,Padrão,<MR-9>,IPVALiquidoExcetoTransferenciasEFUNDEB,IPVA,74753019.09,AM,13,2023,6
2023,RREO,6,B,Governo do Estado do Amazonas,13,AM,4269995,RREO-Anexo 03,E,Padrão,<MR-8>,IPVALiquidoExcetoTransferenciasEFUNDEB,IPVA,61819161.32,AM,13,2023,6
2023,RREO,6,B,Governo do Estado do Amazonas,13,AM,4269995,RREO-Anexo 03,E,Padrão,<MR-7>,IPVALiquidoExcetoTransferenciasEFUNDEB,IPVA,89713726.06,AM,13,2023,6
2023,RREO,6,B,Governo do Estado do Amazonas,13,AM,4269995,RREO-Anexo 03,E,Padrão,<MR-6>,IPVALiquidoExcetoTransferenciasEFUNDEB,IPVA,83634872.83,AM,13,2023,6
2023,RREO,6,B,Governo do Estado do Amazonas,13,AM,4269995,RREO-Anexo 03,E,Padrão,<MR-5>,IPVALiquidoExcetoTransferenciasEFUNDEB,IPVA,87927409.37,AM,13,2023,6
2023,RREO,6,B,Governo do Estado do Amazonas,13,AM,4269995,RREO-Anexo 03,E,Padrão,<MR-4>,IPVALiquidoExcetoTransferenciasEFUNDEB,IPVA,82447853.58,AM,13,2023,6
2023,RREO,6,B,Governo do Estado do Amazonas,13,AM,4269995,RREO-Anexo 03,E,Padrão,<MR-3>,IPVALiquidoExcetoTransferenciasEFUNDEB,IPVA,64681901.41,AM,13,2023,6
2023,RREO,6,B,Governo do Estado do Amazonas,13,AM,4269995,RREO-Anexo 03,E,Padrão,<MR-2>,IPVALiquidoExcetoTransferenciasEFUNDEB,IPVA,61619143.68,AM,13,2023,6
2023,RREO,6,B,Governo do Estado do Amazonas,13,AM,4269995,RREO-Anexo 03,E,Padrão,<MR-1>,IPVALiquidoExcetoTransferenciasEFUNDEB,IPVA,41061486.44,AM,13,2023,6
2023,RREO,6,B,Governo do Estado do Amazonas,13,AM,4269995,RREO-Anexo 03,E,Padrão,<MR>,IPVALiquidoExcetoTransferenciasEFUNDEB,IPVA,34300516.07,AM,13,2023,6
2023,RREO,6,B,Governo do Estado do Amazonas,13,AM,4269995,RREO-Anexo 03,E,Padrão,TOTAL (ÚLTIMOS 12 MESES),IPVALiquidoExcetoTransferenciasEFUNDEB,IPVA,780593546.61,AM,13,2023,6
2023,RREO,6,B,Governo do Estado do Amazonas,13,AM,4269995,RREO-Anexo 03,E,Padrão,PREVISÃO ATUALIZADA 2023,IPVALiquidoExcetoTransferenciasEFUNDEB,IPVA,691936256.26,AM,13,2023,6
2023,RREO,6,B,Governo do Estado do Amazonas,13,AM,4269995,RREO-Anexo 03,E,Padrão,<MR-11>,ITCDLiquidoExcetoTransferenciasEFUNDEB,ITCD,5003652.18,AM,13,2023,6
2023,RREO,6,B,Governo do Estado do Amazonas,13,AM,4269995,RREO-Anexo 03,E,Padrão,<MR-10>,ITCDLiquidoExcetoTransferenciasEFUNDEB,ITCD,8215663.01,AM,13,2023,6
2023,RREO,6,B,Governo do Estado do Amazonas,13,AM,4269995,RREO-Anexo 03,E,Padrão,<MR-9>,ITCDLiquidoExcetoTransferenciasEFUNDEB,ITCD,1882889.44,AM,13,2023,6
2023,RREO,6,B,Governo do Estado do Amazonas,13,AM,4269995,RREO-Anexo 03,E,Padrão,<MR-8>,ITCDLiquidoExcetoTransferenciasEFUNDEB,ITCD,2301739.88,AM,13,2023,6
2023,RREO,6,B,Governo do Estado do Amazonas,13,AM,4269995,RREO-Anexo 03,E,Padrão,<MR-7>,ITCDLiquidoExcetoTransferenciasEFUNDEB,ITCD,2683222.18,AM,13,2023,6
2023,RREO,6,B,Governo do Estado do Amazonas,13,AM,4269995,RREO-Anexo 03,E,Padrão,<MR-6>,ITCDLiquidoExcetoTransferenciasEFUNDEB,ITCD,1781757.62,AM,13,2023,6
2023,RREO,6,B,Governo do Estado do Amazonas,13,AM,4269995,RREO-Anexo 03,E,Padrão,<MR-5>,ITCDLiquidoExcetoTransferenciasEFUNDEB,ITCD,2848577.11,AM,13,2023,6
2023,RREO,6,B,Governo do Estado do Amazonas,13,AM,4269995,RREO-Anexo 03,E,Padrão,<MR-4>,ITCDLiquidoExcetoTransferenciasEFUNDEB,ITCD,2488951.68,AM,13,2023,6
2023,RREO,6,B,Governo do Estado do Amazonas,13,AM,4269995,RREO-Anexo 03,E,Padrão,<MR-3>,ITCDLiquidoExcetoTransferenciasEFUNDEB,ITCD,2209082.98,AM,13,2023,6
2023,RREO,6,B,Governo do Estado do Amazonas,13,AM,4269995,RREO-Anexo 03,E,Padrão,<MR-2>,ITCDLiquidoExcetoTransferenciasEFUNDEB,ITCD,2847098.76,AM,13,2023,6
2023,RREO,6,B,Governo do Estado do Amazonas,13,AM,4269995,RREO-Anexo 03,E,Padrão,<MR-1>,ITCDLiquidoExcetoTransferenciasEFUNDEB,ITCD,4461547.53,AM,13,2023,6
2023,RREO,6,B,Governo do Estado do Amazonas,13,AM,4269995,RREO-Anexo 03,E,Padrão,<MR>,ITCDLiquidoExcetoTransferenciasEFUNDEB,ITCD,9480713.82,AM,13,2023,6
2023,RREO,6,B,Governo do Estado do Amazonas,13,AM,4269995,RREO-Anexo 03,E,Padrão,TOTAL (ÚLTIMOS 12 MESES),ITCDLiquidoExcetoTransferenciasEFUNDEB,ITCD,46204896.19,AM,13,2023,6
2023,RREO,6,B,Governo do Estado do Amazonas,13,AM,4269995,RREO-Anexo 03,E,Padrão,PREVISÃO ATUALIZADA 2023,ITCDLiquidoExcetoTransferenciasEFUNDEB,ITCD,26884000.0,AM,13,2023,6
2023,RREO,6,B,Governo do Estado de Roraima,14,RR,652713,RREO-Anexo 03,E,Padrão,<MR-11>,ICMSLiquidoExcetoTransferenciasEFUNDEB,ICMS,127945184.06,RR,14,2023,6
2023,RREO,6,B,Governo do Estado de Roraima,14,RR,652713,RREO-Anexo 03,E,Padrão,<MR-10>,ICMSLiquidoExcetoTransferenciasEFUNDEB,ICMS,124972158.86,RR,14,2023,6
2023,RREO,6,B,Governo do Estado de Roraima,14,RR,652713,RREO-Anexo 03,E,Padrão,<MR-9>,ICMSLiquidoExcetoTransferenciasEFUNDEB,ICMS,119682316.37,RR,14,2023,6
2023,RREO,6,B,Governo do Estado de Roraima,14,RR,652713,RREO-Anexo 03,E,Padrão,<MR-8>,ICMSLiquidoExcetoTransferenciasEFUNDEB,ICMS,137460925.74,RR,14,2023,6
2023,RREO,6,B,Governo do Estado de Roraima,14,RR,652713,RREO-Anexo 03,E,Padrão,<MR-7>,ICMSLiquidoExcetoTransferenciasEFUNDEB,ICMS,150063994.36,RR,14,2023,6
2023,RREO,6,B,Governo do Estado de Roraima,14,RR,652713,RREO-Anexo 03,E,Padrão,<MR-6>,ICMSLiquidoExcetoTransferenciasEFUNDEB,ICMS,147678818.08,RR,14,2023,6
2023,RREO,6,B,Governo do Estado de Roraima,14,RR,652713,RREO-Anexo 03,E,Padrão,<MR-5>,ICMSLiquidoExcetoTransferenciasEFUNDEB,ICMS,140860753.59,RR,14,2023,6
2023,RREO,6,B,Governo do Estado de Roraima,14,RR,652713,RREO-Anexo 03,E,Padrão,<MR-4>,ICMSLiquidoExcetoTransferenciasEFUNDEB,ICMS,137336071.15,RR,14,2023,6
2023,RREO,6,B,Governo do Estado de Roraima,14,RR,652713,RREO-Anexo 03,E,Padrão,<MR-3>,ICMSLiquidoExcetoTransferenciasEFUNDEB,ICMS,151614236.22,RR,14,2023,6
2023,RREO,6,B,Governo do Estado de Roraima,14,RR,652713,RREO-Anexo 03,E,Padrão,<MR-2>,ICMSLiquidoExcetoTransferenciasEFUNDEB,ICMS,157687405.76,RR,14,2023,6
2023,RREO,6,B,Governo do Estado de Roraima,14,RR,652713,RREO-Anexo 03,E,Padrão,<MR-1>,ICMSLiquidoExcetoTransferenciasEFUNDEB,ICMS,139191713.24,RR,14,2023,6
2023,RREO,6,B,Governo do Estado de Roraima,14,RR,652713,RREO-Anexo 03,E,Padrão,<MR>,ICMSLiquidoExcetoTransferenciasEFUNDEB,ICMS,167127436.15,RR,14,2023,6
2023,RREO,6,B,Governo do Estado de Roraima,14,RR,652713,RREO-Anexo 03,E,Padrão,TOTAL (ÚLTIMOS 12 MESES),ICMSLiquidoExcetoTransferenciasEFUNDEB,ICMS,1701621013.58,RR,14,2023,6
2023,RREO,6,B,Governo do Estado de Roraima,14,RR,652713,RREO-Anexo 03,E,Padrão,PREVISÃO ATUALIZADA 2023,ICMSLiquidoExcetoTransferenciasEFUNDEB,ICMS,1811862953.0,RR,14,2023,6
2023,RREO,6,B,Governo do Estado de Roraima,14,RR,652713,RREO-Anexo 03,E,Padrão,<MR-11>,IPVALiquidoExcetoTransferenciasEFUNDEB,IPVA,8645163.0,RR,14,2023,6
2023,RREO,6,B,Governo do Estado de Roraima,14,RR,652713,RREO-Anexo 03,E,Padrão,<MR-10>,IPVALiquidoExcetoTransferenciasEFUNDEB,IPVA,8212928.77,RR,14,2023,6
2023,RREO,6,B,Governo do Estado de Roraima,14,RR,652713,RREO-Anexo 03,E,Padrão,<MR-9>,IPVALiquidoExcetoTransferenciasEFUNDEB,IPVA,10528915.59,RR,14,2023,6
2023,RREO,6,B,Governo do Estado de Roraima,14,RR,652713,RREO-Anexo 03,E,Padrão,<MR-8>,IPVALiquidoExcetoTransferenciasEFUNDEB,IPVA,8487274.59,RR,14,2023,6
2023,RREO,6,B,Governo do Estado de Roraima,14,RR,652713,RREO-Anexo 03,E,Padrão,<MR-7>,IPVALiquidoExcetoTransferenciasEFUNDEB,IPVA,12048499.39,RR,14,2023,6
2023,RREO,6,B,Governo do Estado de Roraima,14,RR,652713,RREO-Anexo 03,E,Padrão,<MR-6>,IPVALiquidoExcetoTransferenciasEFUNDEB,IPVA,12738367.03,RR,14,2023,6
2023,RREO,6,B,Governo do Estado de Roraima,14,RR,652713,RREO-Anexo 03,E,Padrão,<MR-5>,IPVALiquidoExcetoTransferenciasEFUNDEB,IPVA,15449145.0,RR,14,2023,6
2023,RREO,6,B,Governo do Estado de Roraima,14,RR,652713,RREO-Anexo 03,E,Padrão,<MR-4>,IPVALiquidoExcetoTransferenciasEFUNDEB,IPVA,13351201.24,RR,14,2023,6
2023,RREO,6,B,Governo do Estado de Roraima,14,RR,652713,RREO-Anexo 03,E,Padrão,<MR-3>,IPVALiquidoExcetoTransferenciasEFUNDEB,IPVA,9696117.23,RR,14,2023,6
2023,RREO,6,B,Governo do Estado de Roraima,14,RR,652713,RREO-Anexo 03,E,Padrão,<MR-2>,IPVALiquidoExcetoTransferenciasEFUNDEB,IPVA,9030208.9,RR,14,2023,6
2023,RREO,6,B,Governo do Estado de Roraima,14,RR,652713,RREO-Anexo 03,E,Padrão,<MR-1>,IPVALiquidoExcetoTransferenciasEFUNDEB,IPVA,6757340.69,RR,14,2023,6
2023,RREO,6,B,Governo do Estado de Roraima,14,RR,652713,RREO-Anexo 03,E,Padrão,<MR>,IPVALiquidoExcetoTransferenciasEFUNDEB,IPVA,6694179.5,RR,14,2023,6
2023,RREO,6,B,Governo do Estado de Roraima,14,RR,652713,RREO-Anexo 03,E,Padrão,TOTAL (ÚLTIMOS 12 MESES),IPVALiquidoExcetoTransferenciasEFUNDEB,IPVA,121639340.93,RR,14,2023,6
2023,RREO,6,B,Governo do Estado de Roraima,14,RR,652713,RREO-Anexo 03,E,Padrão,PREVISÃO ATUALIZADA 2023,IPVALiquidoExcetoTransferenciasEFUNDEB,IPVA,114945682.0,RR,14,2023,6
2023,RREO,6,B,Governo do Estado de Roraima,14,RR,652713,RREO-Anexo 03,E,Padrão,<MR-11>,ITCDLiquidoExcetoTransferenciasEFUNDEB,ITCD,627570.35,RR,14,2023,6
2023,RREO,6,B,Governo do Estado de Roraima,14,RR,652713,RREO-Anexo 03,E,Padrão,<MR-10>,ITCDLiquidoExcetoTransferenciasEFUNDEB,ITCD,1632003.46,RR,14,2023,6
2023,RREO,6,B,Governo do Estado de Roraima,14,RR,652713,RREO-Anexo 03,E,Padrão,<MR-9>,ITCDLiquidoExcetoTransferenciasEFUNDEB,ITCD,753983.0,RR,14,2023,6
2023,RREO,6,B,Governo do Estado de Roraima,14,RR,652713,RREO-Anexo 03,E,Padrão,<MR-8>,ITCDLiquidoExcetoTransferenciasEFUNDEB,ITCD,749715.47,RR,14,2023,6
2023,RREO,6,B,Governo do Estado de Roraima,14,RR,652713,RREO-Anexo 03,E,Padrão,<MR-7>,ITCDLiquidoExcetoTransferenciasEFUNDEB,ITCD,689725.39,RR,14,2023,6
2023,RREO,6,B,Governo do Estado de Roraima,14,RR,652713,RREO-Anexo 03,E,Padrão,<MR-6>,ITCDLiquidoExcetoTransferenciasEFUNDEB,ITCD,508219.9,RR,14,2023,6
2023,RREO,6,B,Governo do Estado de Roraima,14,RR,652713,RREO-Anexo 03,E,Padrão,<MR-5>,ITCDLiquidoExcetoTransferenciasEFUNDEB,ITCD,392779.55,RR,14,2023,6
2023,RREO,6,B,Governo do Estado de Roraima,14,RR,652713,RREO-Anexo 03,E,Padrão,<MR-4>,ITCDLiquidoExcetoTransferenciasEFUNDEB,ITCD,546880.04,RR,14,2023,6
2023,RREO,6,B,Governo do Estado de Roraima,14,RR,652713,RREO-Anexo 03,E,Padrão,<MR-3>,ITCDLiquidoExcetoTransferenciasEFUNDEB,ITCD,964713.07,RR,14,2023,6
2023,RREO,6,B,Governo do Estado de Roraima,14,RR,652713,RREO-Anexo 03,E,Padrão,<MR-2>,ITCDLiquidoExcetoTransferenciasEFUNDEB,ITCD,475406.21,RR,14,2023,6
2023,RREO,6,B,Governo do Estado de Roraima,14,RR,652713,RREO-Anexo 03,E,Padrão,<MR-1>,ITCDLiquidoExcetoTransferenciasEFUNDEB,ITCD,686912.44,RR,14,2023,6
2023,RREO,6,B,Governo do Estado de Roraima,14,RR,652713,RREO-Anexo 03,E,Padrão,<MR>,ITCDLiquidoExcetoTransferenciasEFUNDEB,ITCD,442775.85,RR,14,2023,6
2023,RREO,6,B,Governo do Estado de Roraima,14,RR,652713,RREO-Anexo 03,E,Padrão,TOTAL (ÚLTIMOS 12 MESES),ITCDLiquidoExcetoTransferenciasEFUNDEB,ITCD,8470684.73,RR,14,2023,6
2023,RREO,6,B,Governo do Estado de Roraima,14,RR,652713,RREO-Anexo 03,E,Padrão,PREVISÃO ATUALIZADA 2023,ITCDLiquidoExcetoTransferenciasEFUNDEB,ITCD,8046198.0,RR,14,2023,6
2023,RREO,6,B,Governo do Estado do Pará,15,PA,8777124,RREO-Anexo 03,E,Padrão,<MR-11>,ICMSLiquidoExcetoTransferenciasEFUNDEB,ICMS,1630780636.93,PA,15,2023,6
2023,RREO,6,B,Governo do Estado do Pará,15,PA,8777124,RREO-Anexo 03,E,Padrão,<MR-10>,ICMSLiquidoExcetoTransferenciasEFUNDEB,ICMS,1344926464.04,PA,15,2023,6
2023,RREO,6,B,Governo do Estado do Pará,15,PA,8777124,RREO-Anexo 03,E,Padrão,<MR-9>,ICMSLiquidoExcetoTransferenciasEFUNDEB,ICMS,1452777706.51,PA,15,2023,6
2023,RREO,6,B,Governo do Estado do Pará,15,PA,8777124,RREO-Anexo 03,E,Padrão,<MR-8>,ICMSLiquidoExcetoTransferenciasEFUNDEB,ICMS,1548682404.24,PA,15,2023,6
2023,RREO,6,B,Governo do Estado do Pará,15,PA,8777124,RREO-Anexo 03,E,Padrão,<MR-7>,ICMSLiquidoExcetoTransferenciasEFUNDEB,ICMS,1637390971.22,PA,15,2023,6
2023,RREO,6,B,Governo do Estado do Pará,15,PA,8777124,RREO-Anexo 03,E,Padrão,<MR-6>,ICMSLiquidoExcetoTransferenciasEFUNDEB,ICMS,1910991410.1,PA,15,2023,6
2023,RREO,6,B,Governo do Estado do Pará,15,PA,8777124,RREO-Anexo 03,E,Padrão,<MR-5>,ICMSLiquidoExcetoTransferenciasEFUNDEB,ICMS,1790682124.3,PA,15,2023,6
2023,RREO,6,B,Governo do Estado do Pará,15,PA,8777124,RREO-Anexo 03,E,Padrão,<MR-4>,ICMSLiquidoExcetoTransferenciasEFUNDEB,ICMS,1760524253.17,PA,15,2023,6
2023,RREO,6,B,Governo do Estado do Pará,15,PA,8777124,RREO-Anexo 03,E,Padrão,<MR-3>,ICMSLiquidoExcetoTransferenciasEFUNDEB,ICMS,1950401529.34,PA,15,2023,6
2023,RREO,6,B,Governo do Estado do Pará,15,PA,8777124,RREO-Anexo 03,E,Padrão,<MR-2>,ICMSLiquidoExcetoTransferenciasEFUNDEB,ICMS,1848639979.6,PA,15,2023,6
2023,RREO,6,B,Governo do Estado do Pará,15,PA,8777124,RREO-Anexo 03,E,Padrão,<MR-1>,ICMSLiquidoExcetoTransferenciasEFUNDEB,ICMS,1933617550.03,PA,15,2023,6
2023,RREO,6,B,Governo do Estado do Pará,15,PA,8777124,RREO-Anexo 03,E,Padrão,<MR>,ICMSLiquidoExcetoTransferenciasEFUNDEB,ICMS,1986381318.75,PA,15,2023,6
2023,RREO,6,B,Governo do Estado do Pará,15,PA,8777124,RREO-Anexo 03,E,Padrão,TOTAL (ÚLTIMOS 12 MESES),ICMSLiquidoExcetoTransferenciasEFUNDEB,ICMS,20795796348.23,PA,15,2023,6
2023,RREO,6,B,Governo do Estado do Pará,15,PA,8777124,RREO-Anexo 03,E,Padrão,PREVISÃO ATUALIZADA 2023,ICMSLiquidoExcetoTransferenciasEFUNDEB,ICMS,20625418189.56,PA,15,2023,6
2023,RREO,6,B,Governo do Estado do Pará,15,PA,8777124,RREO-Anexo 03,E,Padrão,<MR-11>,IPVALiquidoExcetoTransferenciasEFUNDEB,IPVA,90209479.17,PA,15,2023,6
2023,RREO,6,B,Governo do Estado do Pará,15,PA,8777124,RREO-Anexo 03,E,Padrão,<MR-10>,IPVALiquidoExcetoTransferenciasEFUNDEB,IPVA,75922535.31,PA,15,2023,6
2023,RREO,6,B,Governo do Estado do Pará,15,PA,8777124,RREO-Anexo 03,E,Padrão,<MR-9>,IPVALiquidoExcetoTransferenciasEFUNDEB,IPVA,134538675.59,PA,15,2023,6
2023,RREO,6,B,Governo do Estado do Pará,15,PA,8777124,RREO-Anexo 03,E,Padrão,<MR-8>,IPVALiquidoExcetoTransferenciasEFUNDEB,IPVA,100969442.94,PA,15,2023,6
2023,RREO,6,B,Governo do Estado do Pará,15,PA,8777124,RREO-Anexo 03,E,Padrão,<MR-7>,IPVALiquidoExcetoTransferenciasEFUNDEB,IPVA,127931058.5,PA,15,2023,6
2023,RREO,6,B,Governo do Estado do Pará,15,PA,8777124,RREO-Anexo 03,E,Padrão,<MR-6>,IPVALiquidoExcetoTransferenciasEFUNDEB,IPVA,129306750.56,PA,15,2023,6
2023,RREO,6,B,Governo do Estado do Pará,15,PA,8777124,RREO-Anexo 03,E,Padrão,<MR-5>,IPVALiquidoExcetoTransferenciasEFUNDEB,IPVA,140069918.37,PA,15,2023,6
2023,RREO,6,B,Governo do Estado do Pará,15,PA,8777124,RREO-Anexo 03,E,Padrão,<MR-4>,IPVALiquidoExcetoTransferenciasEFUNDEB,IPVA,128170106.59,PA,15,2023,6
2023,RREO,6,B,Governo do Estado do Pará,15,PA,8777124,RREO-Anexo 03,E,Padrão,<MR-3>,IPVALiquidoExcetoTransferenciasEFUNDEB,IPVA,109192317.85,PA,15,2023,6
2023,RREO,6,B,Governo do Estado do Pará,15,PA,8777124,RREO-Anexo 03,E,Padrão,<MR-2>,IPVALiquidoExcetoTransferenciasEFUNDEB,IPVA,98647741.41,PA,15,2023,6
2023,RREO,6,B,Governo do Estado do Pará,15,PA,8777124,RREO-Anexo 03,E,Padrão,<MR-1>,IPVALiquidoExcetoTransferenciasEFUNDEB,IPVA,79703193.66,PA,15,2023,6
2023,RREO,6,B,Governo do Estado do Pará,15,PA,8777124,RREO-Anexo 03,E,Padrão,<MR>,IPVALiquidoExcetoTransferenciasEFUNDEB,IPVA,57633824.74,PA,15,2023,6
2023,RREO,6,B,Governo do Estado do Pará,15,PA,8777124,RREO-Anexo 03,E,Padrão,TOTAL (ÚLTIMOS 12 MESES),IPVALiquidoExcetoTransferenciasEFUNDEB,IPVA,1272295044.69,PA,15,2023,6
2023,RREO,6,B,Governo do Estado do Pará,15,PA,8777124,RREO-Anexo 03,E,Padrão,PREVISÃO ATUALIZADA 2023,IPVALiquidoExcetoTransferenciasEFUNDEB,IPVA,1174013866.13,PA,15,2023,6
2023,RREO,6,B,Governo do Estado do Pará,15,PA,8777124,RREO-Anexo 03,E,Padrão,<MR-11>,ITCDLiquidoExcetoTransferenciasEFUNDEB,ITCD,3645845.1,PA,15,2023,6
2023,RREO,6,B,Governo do Estado do Pará,15,PA,8777124,RREO-Anexo 03,E,Padrão,<MR-10>,ITCDLiquidoExcetoTransferenciasEFUNDEB,ITCD,3206948.34,PA,15,2023,6
2023,RREO,6,B,Governo do Estado do Pará,15,PA,8777124,RREO-Anexo 03,E,Padrão,<MR-9>,ITCDLiquidoExcetoTransferenciasEFUNDEB,ITCD,6168500.06,PA,15,2023,6
2023,RREO,6,B,Governo do Estado do Pará,15,PA,8777124,RREO-Anexo 03,E,Padrão,<MR-8>,ITCDLiquidoExcetoTransferenciasEFUNDEB,ITCD,6176419.19,PA,15,2023,6
2023,RREO,6,B,Governo do Estado do Pará,15,PA,8777124,RREO-Anexo 03,E,Padrão,<MR-7>,ITCDLiquidoExcetoTransferenciasEFUNDEB,ITCD,4324418.85,PA,15,2023,6
2023,RREO,6,B,Governo do Estado do Pará,15,PA,8777124,RREO-Anexo 03,E,Padrão,<MR-6>,ITCDLiquidoExcetoTransferenciasEFUNDEB,ITCD,5448381.41,PA,15,2023,6
2023,RREO,6,B,Governo do Estado do Pará,15,PA,8777124,RREO-Anexo 03,E,Padrão,<MR-5>,ITCDLiquidoExcetoTransferenciasEFUNDEB,ITCD,28460056.1,PA,15,2023,6
2023,RREO,6,B,Governo do Estado do Pará,15,PA,8777124,RREO-Anexo 03,E,Padrão,<MR-4>,ITCDLiquidoExcetoTransferenciasEFUNDEB,ITCD,5613219.69,PA,15,2023,6
2023,RREO,6,B,Governo do Estado do Pará,15,PA,8777124,RREO-Anexo 03,E,Padrão,<MR-3>,ITCDLiquidoExcetoTransferenciasEFUNDEB,ITCD,5302803.57,PA,15,2023,6
2023,RREO,6,B,Governo do Estado do Pará,15,PA,8777124,RREO-Anexo 03,E,Padrão,<MR-2>,ITCDLiquidoExcetoTransferenciasEFUNDEB,ITCD,9524539.3,PA,15,2023,6
2023,RREO,6,B,Governo do Estado do Pará,15,PA,8777124,RREO-Anexo 03,E,Padrão,<MR-1>,ITCDLiquidoExcetoTransferenciasEFUNDEB,ITCD,-714591.79,PA,15,2023,6
2023,RREO,6,B,Governo do Estado do Pará,15,PA,8777124,RREO-Anexo 03,E,Padrão,<MR>,ITCDLiquidoExcetoTransferenciasEFUNDEB,ITCD,12607529.08,PA,15,2023,6
2023,RREO,6,B,Governo do Estado do Pará,15,PA,8777124,RREO-Anexo 03,E,Padrão,TOTAL (ÚLTIMOS 12 MESES),ITCDLiquidoExcetoTransferenciasEFUNDEB,ITCD,89764068.9,PA,15,2023,6
2023,RREO,6,B,Governo do Estado do Pará,15,PA,8777124,RREO-Anexo 03,E,Padrão,PREVISÃO ATUALIZADA 2023,ITCDLiquidoExcetoTransferenciasEFUNDEB,ITCD,55083826.0,PA,15,2023,6
2023,RREO,6,B,Governo do Estado do Amapá,16,AP,877613,RREO-Anexo 03,E,Padrão,<MR-11>,ICMSLiquidoExcetoTransferenciasEFUNDEB,ICMS,122020901.65,AP,16,2023,6
2023,RREO,6,B,Governo do Estado do Amapá,16,AP,877613,RREO-Anexo 03,E,Padrão,<MR-10>,ICMSLiquidoExcetoTransferenciasEFUNDEB,ICMS,105722573.72,AP,16,2023,6
2023,RREO,6,B,Governo do Estado do Amapá,16,AP,877613,RREO-Anexo 03,E,Padrão,<MR-9>,ICMSLiquidoExcetoTransferenciasEFUNDEB,ICMS,96051262.15,AP,16,2023,6
2023,RREO,6,B,Governo do Estado do Amapá,16,AP,877613,RREO-Anexo 03,E,Padrão,<MR-8>,ICMSLiquidoExcetoTransferenciasEFUNDEB,ICMS,101422879.53,AP,16,2023,6
2023,RREO,6,B,Governo do Estado do Amapá,16,AP,877613,RREO-Anexo 03,E,Padrão,<MR-7>,ICMSLiquidoExcetoTransferenciasEFUNDEB,ICMS,102550805.09,AP,16,2023,6
2023,RREO,6,B,Governo do Estado do Amapá,16,AP,877613,RREO-Anexo 03,E,Padrão,<MR-6>,ICMSLiquidoExcetoTransferenciasEFUNDEB,ICMS,110283107.0,AP,16,2023,6
2023,RREO,6,B,Governo do Estado do Amapá,16,AP,877613,RREO-Anexo 03,E,Padrão,<MR-5>,ICMSLiquidoExcetoTransferenciasEFUNDEB,ICMS,113369736.76,AP,16,2023,6
2023,RREO,6,B,Governo do Estado do Amapá,16,AP,877613,RREO-Anexo 03,E,Padrão,<MR-4>,ICMSLiquidoExcetoTransferenciasEFUNDEB,ICMS,119037742.79,AP,16,2023,6
2023,RREO,6,B,Governo do Estado do Amapá,16,AP,877613,RREO-Anexo 03,E,Padrão,<MR-3>,ICMSLiquidoExcetoTransferenciasEFUNDEB,ICMS,131223706.26,AP,16,2023,6
2023,RREO,6,B,Governo do Estado do Amapá,16,AP,877613,RREO-Anexo 03,E,Padrão,<MR-2>,ICMSLiquidoExcetoTransferenciasEFUNDEB,ICMS,114648146.85,AP,16,2023,6
2023,RREO,6,B,Governo do Estado do Amapá,16,AP,877613,RREO-Anexo 03,E,Padrão,<MR-1>,ICMSLiquidoExcetoTransferenciasEFUNDEB,ICMS,121891822.03,AP,16,2023,6
2023,RREO,6,B,Governo do Estado do Amapá,16,AP,877613,RREO-Anexo 03,E,Padrão,<MR>,ICMSLiquidoExcetoTransferenciasEFUNDEB,ICMS,134024224.54,AP,16,2023,6
2023,RREO,6,B,Governo do Estado do Amapá,16,AP,877613,RREO-Anexo 03,E,Padrão,TOTAL (ÚLTIMOS 12 MESES),ICMSLiquidoExcetoTransferenciasEFUNDEB,ICMS,1372246908.37,AP,16,2023,6
2023,RREO,6,B,Governo do Estado do Amapá,16,AP,877613,RREO-Anexo 03,E,Padrão,PREVISÃO ATUALIZADA 2023,ICMSLiquidoExcetoTransferenciasEFUNDEB,ICMS,1389651259.0,AP,16,2023,6
2023,RREO,6,B,Governo do Estado do Amapá,16,AP,877613,RREO-Anexo 03,E,Padrão,<MR-11>,IPVALiquidoExcetoTransferenciasEFUNDEB,IPVA,9961317.89,AP,16,2023,6
2023,RREO,6,B,Governo do Estado do Amapá,16,AP,877613,RREO-Anexo 03,E,Padrão,<MR-10>,IPVALiquidoExcetoTransferenciasEFUNDEB,IPVA,9190692.29,AP,16,2023,6
2023,RREO,6,B,Governo do Estado do Amapá,16,AP,877613,RREO-Anexo 03,E,Padrão,<MR-9>,IPVALiquidoExcetoTransferenciasEFUNDEB,IPVA,37488168.4,AP,16,2023,6
2023,RREO,6,B,Governo do Estado do Amapá,16,AP,877613,RREO-Anexo 03,E,Padrão,<MR-8>,IPVALiquidoExcetoTransferenciasEFUNDEB,IPVA,8371796.22,AP,16,2023,6
2023,RREO,6,B,Governo do Estado do Amapá,16,AP,877613,RREO-Anexo 03,E,Padrão,<MR-7>,IPVALiquidoExcetoTransferenciasEFUNDEB,IPVA,10062716.05,AP,16,2023,6
2023,RREO,6,B,Governo do Estado do Amapá,16,AP,877613,RREO-Anexo 03,E,Padrão,<MR-6>,IPVALiquidoExcetoTransferenciasEFUNDEB,IPVA,10643539.55,AP,16,2023,6
2023,RREO,6,B,Governo do Estado do Amapá,16,AP,877613,RREO-Anexo 03,E,Padrão,<MR-5>,IPVALiquidoExcetoTransferenciasEFUNDEB,IPVA,11625987.59,AP,16,2023,6
2023,RREO,6,B,Governo do Estado do Amapá,16,AP,877613,RREO-Anexo 03,E,Padrão,<MR-4>,IPVALiquidoExcetoTransferenciasEFUNDEB,IPVA,10230637.28,AP,16,2023,6
2023,RREO,6,B,Governo do Estado do Amapá,16,AP,877613,RREO-Anexo 03,E,Padrão,<MR-3>,IPVALiquidoExcetoTransferenciasEFUNDEB,IPVA,8724434.51,AP,16,2023,6
2023,RREO,6,B,Governo do Estado do Amapá,16,AP,877613,RREO-Anexo 03,E,Padrão,<MR-2>,IPVALiquidoExcetoTransferenciasEFUNDEB,IPVA,5390836.24,AP,16,2023,6
2023,RREO,6,B,Governo do Estado do Amapá,16,AP,877613,RREO-Anexo 03,E,Padrão,<MR-1>,IPVALiquidoExcetoTransferenciasEFUNDEB,IPVA,5739621.68,AP,16,2023,6
2023,RREO,6,B,Governo do Estado do Amapá,16,AP,877613,RREO-Anexo 03,E,Padrão,<MR>,IPVALiquidoExcetoTransferenciasEFUNDEB,IPVA,5819848.99,AP,16,2023,6
2023,RREO,6,B,Governo do Estado do Amapá,16,AP,877613,RREO-Anexo 03,E,Padrão,TOTAL (ÚLTIMOS 12 MESES),IPVALiquidoExcetoTransferenciasEFUNDEB,IPVA,133249596.69,AP,16,2023,6
2023,RREO,6,B,Governo do Estado do Amapá,16,AP,877613,RREO-Anexo 03,E,Padrão,PREVISÃO ATUALIZADA 2023,IPVALiquidoExcetoTransferenciasEFUNDEB,IPVA,110045166.0,AP,16,2023,6
2023,RREO,6,B,Governo do Estado do Amapá,16,AP,877613,RREO-Anexo 03,E,Padrão,<MR-11>,ITCDLiquidoExcetoTransferenciasEFUNDEB,ITCD,308210.15,AP,16,2023,6
2023,RREO,6,B,Governo do Estado do Amapá,16,AP,877613,RREO-Anexo 03,E,Padrão,<MR-10>,ITCDLiquidoExcetoTransferenciasEFUNDEB,ITCD,87033.65,AP,16,2023,6
2023,RREO,6,B,Governo do Estado do Amapá,16,AP,877613,RREO-Anexo 03,E,Padrão,<MR-9>,ITCDLiquidoExcetoTransferenciasEFUNDEB,ITCD,377203.41,AP,16,2023,6
2023,RREO,6,B,Governo do Estado do Amapá,16,AP,877613,RREO-Anexo 03,E,Padrão,<MR-8>,ITCDLiquidoExcetoTransferenciasEFUNDEB,ITCD,31614.55,AP,16,2023,6
2023,RREO,6,B,Governo do Estado do Amapá,16,AP,877613,RREO-Anexo 03,E,Padrão,<MR-7>,ITCDLiquidoExcetoTransferenciasEFUNDEB,ITCD,543911.25,AP,16,2023,6
2023,RREO,6,B,Governo do Estado do Amapá,16,AP,877613,RREO-Anexo 03,E,Padrão,<MR-6>,ITCDLiquidoExcetoTransferenciasEFUNDEB,ITCD,275043.14,AP,16,2023,6
2023,RREO,6,B,Governo do Estado do Amapá,16,AP,877613,RREO-Anexo 03,E,Padrão,<MR-5>,ITCDLiquidoExcetoTransferenciasEFUNDEB,ITCD,107543.15,AP,16,2023,6
2023,RREO,6,B,Governo do Estado do Amapá,16,AP,877613,RREO-Anexo 03,E,Padrão,<MR-4>,ITCDLiquidoExcetoTransferenciasEFUNDEB,ITCD,140310.8,AP,16,2023,6
2023,RREO,6,B,Governo do Estado do Amapá,16,AP,877613,RREO-Anexo 03,E,Padrão,<MR-3>,ITCDLiquidoExcetoTransferenciasEFUNDEB,ITCD,99148.22,AP,16,2023,6
2023,RREO,6,B,Governo do Estado do Amapá,16,AP,877613,RREO-Anexo 03,E,Padrão,<MR-2>,ITCDLiquidoExcetoTransferenciasEFUNDEB,ITCD,60216.41,AP,16,2023,6
2023,RREO,6,B,Governo do Estado do Amapá,16,AP,877613,RREO-Anexo 03,E,Padrão,<MR-1>,ITCDLiquidoExcetoTransferenciasEFUNDEB,ITCD,352154.24,AP,16,2023,6
2023,RREO,6,B,Governo do Estado do Amapá,16,AP,877613,RREO-Anexo 03,E,Padrão,<MR>,ITCDLiquidoExcetoTransferenciasEFUNDEB,ITCD,771259.74,AP,16,2023,6
2023,RREO,6,B,Governo do Estado do Amapá,16,AP,877613,RREO-Anexo 03,E,Padrão,TOTAL (ÚLTIMOS 12 MESES),ITCDLiquidoExcetoTransferenciasEFUNDEB,ITCD,3153648.71,AP,16,2023,6
2023,RREO,6,B,Governo do Estado do Amapá,16,AP,877613,RREO-Anexo 03,E,Padrão,PREVISÃO ATUALIZADA 2023,ITCDLiquidoExcetoTransferenciasEFUNDEB,ITCD,2505299.0,AP,16,2023,6
2023,RREO,6,B,Governo do Estado do Tocantins,17,TO,1607363,RREO-Anexo 03,E,Padrão,<MR-11>,ICMSLiquidoExcetoTransferenciasEFUNDEB,ICMS,353174085.74,TO,17,2023,6
2023,RREO,6,B,Governo do Estado do Tocantins,17,TO,1607363,RREO-Anexo 03,E,Padrão,<MR-10>,ICMSLiquidoExcetoTransferenciasEFUNDEB,ICMS,335474608.36,TO,17,2023,6
2023,RREO,6,B,Governo do Estado do Tocantins,17,TO,1607363,RREO-Anexo 03,E,Padrão,<MR-9>,ICMSLiquidoExcetoTransferenciasEFUNDEB,ICMS,348730178.13,TO,17,2023,6
2023,RREO,6,B,Governo do Estado do Tocantins,17,TO,1607363,RREO-Anexo 03,E,Padrão,<MR-8>,ICMSLiquidoExcetoTransferenciasEFUNDEB,ICMS,380432024.06,TO,17,2023,6
2023,RREO,6,B,Governo do Estado do Tocantins,17,TO,1607363,RREO-Anexo 03,E,Padrão,<MR-7>,ICMSLiquidoExcetoTransferenciasEFUNDEB,ICMS,393969134.59,TO,17,2023,6
2023,RREO,6,B,Governo do Estado do Tocantins,17,TO,1607363,RREO-Anexo 03,E,Padrão,<MR-6>,ICMSLiquidoExcetoTransferenciasEFUNDEB,ICMS,435327089.45,TO,17,2023,6
2023,RREO,6,B,Governo do Estado do Tocantins,17,TO,1607363,RREO-Anexo 03,E,Padrão,<MR-5>,ICMSLiquidoExcetoTransferenciasEFUNDEB,ICMS,442084191.89,TO,17,2023,6
2023,RREO,6,B,Governo do Estado do Tocantins,17,TO,1607363,RREO-Anexo 03,E,Padrão,<MR-4>,ICMSLiquidoExcetoTransferenciasEFUNDEB,ICMS,454100876.71,TO,17,2023,6
2023,RREO,6,B,Governo do Estado do Tocantins,17,TO,1607363,RREO-Anexo 03,E,Padrão,<MR-3>,ICMSLiquidoExcetoTransferenciasEFUNDEB,ICMS,466572417.98,TO,17,2023,6
2023,RREO,6,B,Governo do Estado do Tocantins,17,TO,1607363,RREO-Anexo 03,E,Padrão,<MR-2>,ICMSLiquidoExcetoTransferenciasEFUNDEB,ICMS,470906125.69,TO,17,2023,6
2023,RREO,6,B,Governo do Estado do Tocantins,17,TO,1607363,RREO-Anexo 03,E,Padrão,<MR-1>,ICMSLiquidoExcetoTransferenciasEFUNDEB,ICMS,466614280.7,TO,17,2023,6
2023,RREO,6,B,Governo do Estado do Tocantins,17,TO,1607363,RREO-Anexo 03,E,Padrão,<MR>,ICMSLiquidoExcetoTransferenciasEFUNDEB,ICMS,478088328.68,TO,17,2023,6
2023,RREO,6,B,Governo do Estado do Tocantins,17,TO,1607363,RREO-Anexo 03,E,Padrão,TOTAL (ÚLTIMOS 12 MESES),ICMSLiquidoExcetoTransferenciasEFUNDEB,ICMS,5025473341.98,TO,17,2023,6
2023,RREO,6,B,Governo do Estado do Tocantins,17,TO,1607363,RREO-Anexo 03,E,Padrão,PREVISÃO ATUALIZADA 2023,ICMSLiquidoExcetoTransferenciasEFUNDEB,ICMS,4604580477.62,TO,17,2023,6
2023,RREO,6,B,Governo do Estado do Tocantins,17,TO,1607363,RREO-Anexo 03,E,Padrão,<MR-11>,IPVALiquidoExcetoTransferenciasEFUNDEB,IPVA,73087214.87,TO,17,2023,6
2023,RREO,6,B,Governo do Estado do Tocantins,17,TO,1607363,RREO-Anexo 03,E,Padrão,<MR-10>,IPVALiquidoExcetoTransferenciasEFUNDEB,IPVA,22373369.62,TO,17,2023,6
2023,RREO,6,B,Governo do Estado do Tocantins,17,TO,1607363,RREO-Anexo 03,E,Padrão,<MR-9>,IPVALiquidoExcetoTransferenciasEFUNDEB,IPVA,26716877.19,TO,17,2023,6
2023,RREO,6,B,Governo do Estado do Tocantins,17,TO,1607363,RREO-Anexo 03,E,Padrão,<MR-8>,IPVALiquidoExcetoTransferenciasEFUNDEB,IPVA,19163238.17,TO,17,2023,6
2023,RREO,6,B,Governo do Estado do Tocantins,17,TO,1607363,RREO-Anexo 03,E,Padrão,<MR-7>,IPVALiquidoExcetoTransferenciasEFUNDEB,IPVA,22593143.65,TO,17,2023,6
2023,RREO,6,B,Governo do Estado do Tocantins,17,TO,1607363,RREO-Anexo 03,E,Padrão,<MR-6>,IPVALiquidoExcetoTransferenciasEFUNDEB,IPVA,21642540.16,TO,17,2023,6
2023,RREO,6,B,Governo do Estado do Tocantins,17,TO,1607363,RREO-Anexo 03,E,Padrão,<MR-5>,IPVALiquidoExcetoTransferenciasEFUNDEB,IPVA,22690268.79,TO,17,2023,6
2023,RREO,6,B,Governo do Estado do Tocantins,17,TO,1607363,RREO-Anexo 03,E,Padrão,<MR-4>,IPVALiquidoExcetoTransferenciasEFUNDEB,IPVA,28752048.01,TO,17,2023,6
2023,RREO,6,B,Governo do Estado do Tocantins,17,TO,1607363,RREO-Anexo 03,E,Padrão,<MR-3>,IPVALiquidoExcetoTransferenciasEFUNDEB,IPVA,40963299.28,TO,17,2023,6
2023,RREO,6,B,Governo do Estado do Tocantins,17,TO,1607363,RREO-Anexo 03,E,Padrão,<MR-2>,IPVALiquidoExcetoTransferenciasEFUNDEB,IPVA,175800277.93,TO,17,2023,6
2023,RREO,6,B,Governo do Estado do Tocantins,17,TO,1607363,RREO-Anexo 03,E,Padrão,<MR-1>,IPVALiquidoExcetoTransferenciasEFUNDEB,IPVA,30525860.23,TO,17,2023,6
2023,RREO,6,B,Governo do Estado do Tocantins,17,TO,1607363,RREO-Anexo 03,E,Padrão,<MR>,IPVALiquidoExcetoTransferenciasEFUNDEB,IPVA,29255068.35,TO,17,2023,6
2023,RREO,6,B,Governo do Estado do Tocantins,17,TO,1607363,RREO-Anexo 03,E,Padrão,TOTAL (ÚLTIMOS 12 MESES),IPVALiquidoExcetoTransferenciasEFUNDEB,IPVA,513563206.25,TO,17,2023,6
2023,RREO,6,B,Governo do Estado do Tocantins,17,TO,1607363,RREO-Anexo 03,E,Padrão,PREVISÃO ATUALIZADA 2023,IPVALiquidoExcetoTransferenciasEFUNDEB,IPVA,339107353.0,TO,17,2023,6
2023,RREO,6,B,Governo do Estado do Tocantins,17,TO,1607363,RREO-Anexo 03,E,Padrão,<MR-11>,ITCDLiquidoExcetoTransferenciasEFUNDEB,ITCD,8029284.58,TO,17,2023,6
2023,RREO,6,B,Governo do Estado do Tocantins,17,TO,1607363,RREO-Anexo 03,E,Padrão,<MR-10>,ITCDLiquidoExcetoTransferenciasEFUNDEB,ITCD,4445217.8,TO,17,2023,6
2023,RREO,6,B,Governo do Estado do Tocantins,17,TO,1607363,RREO-Anexo 03,E,Padrão,<MR-9>,ITCDLiquidoExcetoTransferenciasEFUNDEB,ITCD,9778040.51,TO,17,2023,6
2023,RREO,6,B,Governo do Estado do Tocantins,17,TO,1607363,RREO-Anexo 03,E,Padrão,<MR-8>,ITCDLiquidoExcetoTransferenciasEFUNDEB,ITCD,6235094.99,TO,17,2023,6
2023,RREO,6,B,Governo do Estado do Tocantins,17,TO,1607363,RREO-Anexo 03,E,Padrão,<MR-7>,ITCDLiquidoExcetoTransferenciasEFUNDEB,ITCD,6203009.98,TO,17,2023,6
2023,RREO,6,B,Governo do Estado do Tocantins,17,TO,1607363,RREO-Anexo 03,E,Padrão,<MR-6>,ITCDLiquidoExcetoTransferenciasEFUNDEB,ITCD,6458534.2,TO,17,2023,6
2023,RREO,6,B,Governo do Estado do Tocantins,17,TO,1607363,RREO-Anexo 03,E,Padrão,<MR-5>,ITCDLiquidoExcetoTransferenciasEFUNDEB,ITCD,3467445.78,TO,17,2023,6
2023,RREO,6,B,Governo do Estado do Tocantins,17,TO,1607363,RREO-Anexo 03,E,Padrão,<MR-4>,ITCDLiquidoExcetoTransferenciasEFUNDEB,ITCD,7112023.69,TO,17,2023,6
2023,RREO,6,B,Governo do Estado do Tocantins,17,TO,1607363,RREO-Anexo 03,E,Padrão,<MR-3>,ITCDLiquidoExcetoTransferenciasEFUNDEB,ITCD,3537986.21,TO,17,2023,6
2023,RREO,6,B,Governo do Estado do Tocantins,17,TO,1607363,RREO-Anexo 03,E,Padrão,<MR-2>,ITCDLiquidoExcetoTransferenciasEFUNDEB,ITCD,5476923.51,TO,17,2023,6
2023,RREO,6,B,Governo do Estado do Tocantins,17,TO,1607363,RREO-Anexo 03,E,Padrão,<MR-1>,ITCDLiquidoExcetoTransferenciasEFUNDEB,ITCD,14983349.27,TO,17,2023,6
2023,RREO,6,B,Governo do Estado do Tocantins,17,TO,1607363,RREO-Anexo 03,E,Padrão,<MR>,ITCDLiquidoExcetoTransferenciasEFUNDEB,ITCD,17690884.6,TO,17,2023,6
2023,RREO,6,B,Governo do Estado do Tocantins,17,TO,1607363,RREO-Anexo 03,E,Padrão,TOTAL (ÚLTIMOS 12 MESES),ITCDLiquidoExcetoTransferenciasEFUNDEB,ITCD,93417795.12,TO,17,2023,6
2023,RREO,6,B,Governo do Estado do Tocantins,17,TO,1607363,RREO-Anexo 03,E,Padrão,PREVISÃO ATUALIZADA 2023,ITCDLiquidoExcetoTransferenciasEFUNDEB,ITCD,54311848.0,TO,17,2023,6
2023,RREO,6,B,Governo do Estado do Maranhão,21,MA,7153262,RREO-Anexo 03,E,Padrão,<MR-11>,ICMSLiquidoExcetoTransferenciasEFUNDEB,ICMS,840521838.07,MA,21,2023,6
2023,RREO,6,B,Governo do Estado do Maranhão,21,MA,7153262,RREO-Anexo 03,E,Padrão,<MR-10>,ICMSLiquidoExcetoTransferenciasEFUNDEB,ICMS,739906482.35,MA,21,2023,6
2023,RREO,6,B,Governo do Estado do Maranhão,21,MA,7153262,RREO-Anexo 03,E,Padrão,<MR-9>,ICMSLiquidoExcetoTransferenciasEFUNDEB,ICMS,647028487.15,MA,21,2023,6
2023,RREO,6,B,Governo do Estado do Maranhão,21,MA,7153262,RREO-Anexo 03,E,Padrão,<MR-8>,ICMSLiquidoExcetoTransferenciasEFUNDEB,ICMS,747973648.41,MA,21,2023,6
2023,RREO,6,B,Governo do Estado do Maranhão,21,MA,7153262,RREO-Anexo 03,E,Padrão,<MR-7>,ICMSLiquidoExcetoTransferenciasEFUNDEB,ICMS,842526573.9,MA,21,2023,6
2023,RREO,6,B,Governo do Estado do Maranhão,21,MA,7153262,RREO-Anexo 03,E,Padrão,<MR-6>,ICMSLiquidoExcetoTransferenciasEFUNDEB,ICMS,894647644.96,MA,21,2023,6
2023,RREO,6,B,Governo do Estado do Maranhão,21,MA,7153262,RREO-Anexo 03,E,Padrão,<MR-5>,ICMSLiquidoExcetoTransferenciasEFUNDEB,ICMS,1022500760.92,MA,21,2023,6
2023,RREO,6,B,Governo do Estado do Maranhão,21,MA,7153262,RREO-Anexo 03,E,Padrão,<MR-4>,ICMSLiquidoExcetoTransferenciasEFUNDEB,ICMS,921928614.15,MA,21,2023,6
2023,RREO,6,B,Governo do Estado do Maranhão,21,MA,7153262,RREO-Anexo 03,E,Padrão,<MR-3>,ICMSLiquidoExcetoTransferenciasEFUNDEB,ICMS,1590199440.55,MA,21,2023,6
2023,RREO,6,B,Governo do Estado do Maranhão,21,MA,7153262,RREO-Anexo 03,E,Padrão,<MR-2>,ICMSLiquidoExcetoTransferenciasEFUNDEB,ICMS,934232665.85,MA,21,2023,6
2023,RREO,6,B,Governo do Estado do Maranhão,21,MA,7153262,RREO-Anexo 03,E,Padrão,<MR-1>,ICMSLiquidoExcetoTransferenciasEFUNDEB,ICMS,1098923872.19,MA,21,2023,6
2023,RREO,6,B,Governo do Estado do Maranhão,21,MA,7153262,RREO-Anexo 03,E,Padrão,<MR>,ICMSLiquidoExcetoTransferenciasEFUNDEB,ICMS,600354995.06,MA,21,2023,6
2023,RREO,6,B,Governo do Estado do Maranhão,21,MA,7153262,RREO-Anexo 03,E,Padrão,TOTAL (ÚLTIMOS 12 MESES),ICMSLiquidoExcetoTransferenciasEFUNDEB,ICMS,10880745023.56,MA,21,2023,6
2023,RREO,6,B,Governo do Estado do Maranhão,21,MA,7153262,RREO-Anexo 03,E,Padrão,PREVISÃO ATUALIZADA 2023,ICMSLiquidoExcetoTransferenciasEFUNDEB,ICMS,9809876131.0,MA,21,2023,6
2023,RREO,6,B,Governo do Estado do Maranhão,21,MA,7153262,RREO-Anexo 03,E,Padrão,<MR-11>,IPVALiquidoExcetoTransferenciasEFUNDEB,IPVA,73538073.01,MA,21,2023,6
2023,RREO,6,B,Governo do Estado do Maranhão,21,MA,7153262,RREO-Anexo 03,E,Padrão,<MR-10>,IPVALiquidoExcetoTransferenciasEFUNDEB,IPVA,209594830.06,MA,21,2023,6
2023,RREO,6,B,Governo do Estado do Maranhão,21,MA,7153262,RREO-Anexo 03,E,Padrão,<MR-9>,IPVALiquidoExcetoTransferenciasEFUNDEB,IPVA,111468177.96,MA,21,2023,6
2023,RREO,6,B,Governo do Estado do Maranhão,21,MA,7153262,RREO-Anexo 03,E,Padrão,<MR-8>,IPVALiquidoExcetoTransferenciasEFUNDEB,IPVA,82225636.56,MA,21,2023,6
2023,RREO,6,B,Governo do Estado do Maranhão,21,MA,7153262,RREO-Anexo 03,E,Padrão,<MR-7>,IPVALiquidoExcetoTransferenciasEFUNDEB,IPVA,101254590.91,MA,21,2023,6
2023,RREO,6,B,Governo do Estado do Maranhão,21,MA,7153262,RREO-Anexo 03,E,Padrão,<MR-6>,IPVALiquidoExcetoTransferenciasEFUNDEB,IPVA,73348715.72,MA,21,2023,6
2023,RREO,6,B,Governo do Estado do Maranhão,21,MA,7153262,RREO-Anexo 03,E,Padrão,<MR-5>,IPVALiquidoExcetoTransferenciasEFUNDEB,IPVA,61772342.65,MA,21,2023,6
2023,RREO,6,B,Governo do Estado do Maranhão,21,MA,7153262,RREO-Anexo 03,E,Padrão,<MR-4>,IPVALiquidoExcetoTransferenciasEFUNDEB,IPVA,48162851.13,MA,21,2023,6
2023,RREO,6,B,Governo do Estado do Maranhão,21,MA,7153262,RREO-Anexo 03,E,Padrão,<MR-3>,IPVALiquidoExcetoTransferenciasEFUNDEB,IPVA,37640913.66,MA,21,2023,6
2023,RREO,6,B,Governo do Estado do Maranhão,21,MA,7153262,RREO-Anexo 03,E,Padrão,<MR-2>,IPVALiquidoExcetoTransferenciasEFUNDEB,IPVA,43307585.06,MA,21,2023,6
2023,RREO,6,B,Governo do Estado do Maranhão,21,MA,7153262,RREO-Anexo 03,E,Padrão,<MR-1>,IPVALiquidoExcetoTransferenciasEFUNDEB,IPVA,31762269.59,MA,21,2023,6
2023,RREO,6,B,Governo do Estado do Maranhão,21,MA,7153262,RREO-Anexo 03,E,Padrão,<MR>,IPVALiquidoExcetoTransferenciasEFUNDEB,IPVA,33007856.12,MA,21,2023,6
2023,RREO,6,B,Governo do Estado do Maranhão,21,MA,7153262,RREO-Anexo 03,E,Padrão,TOTAL (ÚLTIMOS 12 MESES),IPVALiquidoExcetoTransferenciasEFUNDEB,IPVA,907083842.43,MA,21,2023,6
2023,RREO,6,B,Governo do Estado do Maranhão,21,MA,7153262,RREO-Anexo 03,E,Padrão,PREVISÃO ATUALIZADA 2023,IPVALiquidoExcetoTransferenciasEFUNDEB,IPVA,721281000.0,MA,21,2023,6
2023,RREO,6,B,Governo do Estado do Maranhão,21,MA,7153262,RREO-Anexo 03,E,Padrão,<MR-11>,ITCDLiquidoExcetoTransferenciasEFUNDEB,ITCD,3005074.97,MA,21,2023,6
2023,RREO,6,B,Governo do Estado do Maranhão,21,MA,7153262,RREO-Anexo 03,E,Padrão,<MR-10>,ITCDLiquidoExcetoTransferenciasEFUNDEB,ITCD,3476918.97,MA,21,2023,6
2023,RREO,6,B,Governo do Estado do Maranhão,21,MA,7153262,RREO-Anexo 03,E,Padrão,<MR-9>,ITCDLiquidoExcetoTransferenciasEFUNDEB,ITCD,3988055.9,MA,21,2023,6
2023,RREO,6,B,Governo do Estado do Maranhão,21,MA,7153262,RREO-Anexo 03,E,Padrão,<MR-8>,ITCDLiquidoExcetoTransferenciasEFUNDEB,ITCD,11832183.34,MA,21,2023,6
2023,RREO,6,B,Governo do Estado do Maranhão,21,MA,7153262,RREO-Anexo 03,E,Padrão,<MR-7>,ITCDLiquidoExcetoTransferenciasEFUNDEB,ITCD,4325067.52,MA,21,2023,6
2023,RREO,6,B,Governo do Estado do Maranhão,21,MA,7153262,RREO-Anexo 03,E,Padrão,<MR-6>,ITCDLiquidoExcetoTransferenciasEFUNDEB,ITCD,3784528.66,MA,21,2023,6
2023,RREO,6,B,Governo do Estado do Maranhão,21,MA,7153262,RREO-Anexo 03,E,Padrão,<MR-5>,ITCDLiquidoExcetoTransferenciasEFUNDEB,ITCD,4520409.42,MA,21,2023,6
2023,RREO,6,B,Governo do Estado do Maranhão,21,MA,7153262,RREO-Anexo 03,E,Padrão,<MR-4>,ITCDLiquidoExcetoTransferenciasEFUNDEB,ITCD,8839684.3,MA,21,2023,6
2023,RREO,6,B,Governo do Estado do Maranhão,21,MA,7153262,RREO-Anexo 03,E,Padrão,<MR-3>,ITCDLiquidoExcetoTransferenciasEFUNDEB,ITCD,4320479.83,MA,21,2023,6
2023,RREO,6,B,Governo do Estado do Maranhão,21,MA,7153262,RREO-Anexo 03,E,Padrão,<MR-2>,ITCDLiquidoExcetoTransferenciasEFUNDEB,ITCD,3914945.9,MA,21,2023,6
2023,RREO,6,B,Governo do Estado do Maranhão,21,MA,7153262,RREO-Anexo 03,E,Padrão,<MR-1>,ITCDLiquidoExcetoTransferenciasEFUNDEB,ITCD,6176684.04,MA,21,2023,6
2023,RREO,6,B,Governo do Estado do Maranhão,21,MA,7153262,RREO-Anexo 03,E,Padrão,<MR>,ITCDLiquidoExcetoTransferenciasEFUNDEB,ITCD,4508334.29,MA,21,2023,6
2023,RREO,6,B,Governo do Estado do Maranhão,21,MA,7153262,RREO-Anexo 03,E,Padrão,TOTAL (ÚLTIMOS 12 MESES),ITCDLiquidoExcetoTransferenciasEFUNDEB,ITCD,62692367.14,MA,21,2023,6
2023,RREO,6,B,Governo do Estado do Maranhão,21,MA,7153262,RREO-Anexo 03,E,Padrão,PREVISÃO ATUALIZADA 2023,ITCDLiquidoExcetoTransferenciasEFUNDEB,ITCD,30911000.0,MA,21,2023,6
2023,RREO,6,B,Governo do Estado do Piauí,22,PI,3289290,RREO-Anexo 03,E,Padrão,<MR-11>,ICMSLiquidoExcetoTransferenciasEFUNDEB,ICMS,487128736.71,PI,22,2023,6
2023,RREO,6,B,Governo do Estado do Piauí,22,PI,3289290,RREO-Anexo 03,E,Padrão,<MR-10>,ICMSLiquidoExcetoTransferenciasEFUNDEB,ICMS,472752261.19,PI,22,2023,6
2023,RREO,6,B,Governo do Estado do Piauí,22,PI,3289290,RREO-Anexo 03,E,Padrão,<MR-9>,ICMSLiquidoExcetoTransferenciasEFUNDEB,ICMS,405421099.57,PI,22,2023,6
2023,RREO,6,B,Governo do Estado do Piauí,22,PI,3289290,RREO-Anexo 03,E,Padrão,<MR-8>,ICMSLiquidoExcetoTransferenciasEFUNDEB,ICMS,507869219.35,PI,22,2023,6
2023,RREO,6,B,Governo do Estado do Piauí,22,PI,3289290,RREO-Anexo 03,E,Padrão,<MR-7>,ICMSLiquidoExcetoTransferenciasEFUNDEB,ICMS,545514680.02,PI,22,2023,6
2023,RREO,6,B,Governo do Estado do Piauí,22,PI,3289290,RREO-Anexo 03,E,Padrão,<MR-6>,ICMSLiquidoExcetoTransferenciasEFUNDEB,ICMS,598290070.04,PI,22,2023,6
2023,RREO,6,B,Governo do Estado do Piauí,22,PI,3289290,RREO-Anexo 03,E,Padrão,<MR-5>,ICMSLiquidoExcetoTransferenciasEFUNDEB,ICMS,580711114.17,PI,22,2023,6
2023,RREO,6,B,Governo do Estado do Piauí,22,PI,3289290,RREO-Anexo 03,E,Padrão,<MR-4>,ICMSLiquidoExcetoTransferenciasEFUNDEB,ICMS,615564014.12,PI,22,2023,6
2023,RREO,6,B,Governo do Estado do Piauí,22,PI,3289290,RREO-Anexo 03,E,Padrão,<MR-3>,ICMSLiquidoExcetoTransferenciasEFUNDEB,ICMS,601227984.82,PI,22,2023,6
2023,RREO,6,B,Governo do Estado do Piauí,22,PI,3289290,RREO-Anexo 03,E,Padrão,<MR-2>,ICMSLiquidoExcetoTransferenciasEFUNDEB,ICMS,601379288.24,PI,22,2023,6
2023,RREO,6,B,Governo do Estado do Piauí,22,PI,3289290,RREO-Anexo 03,E,Padrão,<MR-1>,ICMSLiquidoExcetoTransferenciasEFUNDEB,ICMS,632658651.7,PI,22,2023,6
2023,RREO,6,B,Governo do Estado do Piauí,22,PI,3289290,RREO-Anexo 03,E,Padrão,<MR>,ICMSLiquidoExcetoTransferenciasEFUNDEB,ICMS,680773433.71,PI,22,2023,6
2023,RREO,6,B,Governo do Estado do Piauí,22,PI,3289290,RREO-Anexo 03,E,Padrão,TOTAL (ÚLTIMOS 12 MESES),ICMSLiquidoExcetoTransferenciasEFUNDEB,ICMS,6729290553.64,PI,22,2023,6
2023,RREO,6,B,Governo do Estado do Piauí,22,PI,3289290,RREO-Anexo 03,E,Padrão,PREVISÃO ATUALIZADA 2023,ICMSLiquidoExcetoTransferenciasEFUNDEB,ICMS,4369453295.0,PI,22,2023,6
2023,RREO,6,B,Governo do Estado do Piauí,22,PI,3289290,RREO-Anexo 03,E,Padrão,<MR-11>,IPVALiquidoExcetoTransferenciasEFUNDEB,IPVA,224672981.43,PI,22,2023,6
2023,RREO,6,B,Governo do Estado do Piauí,22,PI,3289290,RREO-Anexo 03,E,Padrão,<MR-10>,IPVALiquidoExcetoTransferenciasEFUNDEB,IPVA,41559896.89,PI,22,2023,6
2023,RREO,6,B,Governo do Estado do Piauí,22,PI,3289290,RREO-Anexo 03,E,Padrão,<MR-9>,IPVALiquidoExcetoTransferenciasEFUNDEB,IPVA,65316893.79,PI,22,2023,6
2023,RREO,6,B,Governo do Estado do Piauí,22,PI,3289290,RREO-Anexo 03,E,Padrão,<MR-8>,IPVALiquidoExcetoTransferenciasEFUNDEB,IPVA,45271918.92,PI,22,2023,6
2023,RREO,6,B,Governo do Estado do Piauí,22,PI,3289290,RREO-Anexo 03,E,Padrão,<MR-7>,IPVALiquidoExcetoTransferenciasEFUNDEB,IPVA,52408206.07,PI,22,2023,6
2023,RREO,6,B,Governo do Estado do Piauí,22,PI,3289290,RREO-Anexo 03,E,Padrão,<MR-6>,IPVALiquidoExcetoTransferenciasEFUNDEB,IPVA,34734814.51,PI,22,2023,6
2023,RREO,6,B,Governo do Estado do Piauí,22,PI,3289290,RREO-Anexo 03,E,Padrão,<MR-5>,IPVALiquidoExcetoTransferenciasEFUNDEB,IPVA,21484536.39,PI,22,2023,6
2023,RREO,6,B,Governo do Estado do Piauí,22,PI,3289290,RREO-Anexo 03,E,Padrão,<MR-4>,IPVALiquidoExcetoTransferenciasEFUNDEB,IPVA,15984195.64,PI,22,2023,6
2023,RREO,6,B,Governo do Estado do Piauí,22,PI,3289290,RREO-Anexo 03,E,Padrão,<MR-3>,IPVALiquidoExcetoTransferenciasEFUNDEB,IPVA,12287424.11,PI,22,2023,6
2023,RREO,6,B,Governo do Estado do Piauí,22,PI,3289290,RREO-Anexo 03,E,Padrão,<MR-2>,IPVALiquidoExcetoTransferenciasEFUNDEB,IPVA,10718188.14,PI,22,2023,6
2023,RREO,6,B,Governo do Estado do Piauí,22,PI,3289290,RREO-Anexo 03,E,Padrão,<MR-1>,IPVALiquidoExcetoTransferenciasEFUNDEB,IPVA,9983210.4,PI,22,2023,6
2023,RREO,6,B,Governo do Estado do Piauí,22,PI,3289290,RREO-Anexo 03,E,Padrão,<MR>,IPVALiquidoExcetoTransferenciasEFUNDEB,IPVA,14828853.4,PI,22,2023,6
2023,RREO,6,B,Governo do Estado do Piauí,22,PI,3289290,RREO-Anexo 03,E,Padrão,TOTAL (ÚLTIMOS 12 MESES),IPVALiquidoExcetoTransferenciasEFUNDEB,IPVA,549251119.69,PI,22,2023,6
2023,RREO,6,B,Governo do Estado do Piauí,22,PI,3289290,RREO-Anexo 03,E,Padrão,PREVISÃO ATUALIZADA 2023,IPVALiquidoExcetoTransferenciasEFUNDEB,IPVA,528292344.0,PI,22,2023,6
2023,RREO,6,B,Governo do Estado do Piauí,22,PI,3289290,RREO-Anexo 03,E,Padrão,<MR-11>,ITCDLiquidoExcetoTransferenciasEFUNDEB,ITCD,2381861.77,PI,22,2023,6
2023,RREO,6,B,Governo do Estado do Piauí,22,PI,3289290,RREO-Anexo 03,E,Padrão,<MR-10>,ITCDLiquidoExcetoTransferenciasEFUNDEB,ITCD,4438180.07,PI,22,2023,6
2023,RREO,6,B,Governo do Estado do Piauí,22,PI,3289290,RREO-Anexo 03,E,Padrão,<MR-9>,ITCDLiquidoExcetoTransferenciasEFUNDEB,ITCD,2678431.7,PI,22,2023,6
2023,RREO,6,B,Governo do Estado do Piauí,22,PI,3289290,RREO-Anexo 03,E,Padrão,<MR-8>,ITCDLiquidoExcetoTransferenciasEFUNDEB,ITCD,2208470.83,PI,22,2023,6
2023,RREO,6,B,Governo do Estado do Piauí,22,PI,3289290,RREO-Anexo 03,E,Padrão,<MR-7>,ITCDLiquidoExcetoTransferenciasEFUNDEB,ITCD,1977193.55,PI,22,2023,6
2023,RREO,6,B,Governo do Estado do Piauí,22,PI,3289290,RREO-Anexo 03,E,Padrão,<MR-6>,ITCDLiquidoExcetoTransferenciasEFUNDEB,ITCD,3022075.85,PI,22,2023,6
2023,RREO,6,B,Governo do Estado do Piauí,22,PI,3289290,RREO-Anexo 03,E,Padrão,<MR-5>,ITCDLiquidoExcetoTransferenciasEFUNDEB,ITCD,2026033.44,PI,22,2023,6
2023,RREO,6,B,Governo do Estado do Piauí,22,PI,3289290,RREO-Anexo 03,E,Padrão,<MR-4>,ITCDLiquidoExcetoTransferenciasEFUNDEB,ITCD,1665744.38,PI,22,2023,6
2023,RREO,6,B,Governo do Estado do Piauí,22,PI,3289290,RREO-Anexo 03,E,Padrão,<MR-3>,ITCDLiquidoExcetoTransferenciasEFUNDEB,ITCD,3522249.83,PI,22,2023,6
2023,RREO,6,B,Governo do Estado do Piauí,22,PI,3289290,RREO-Anexo 03,E,Padrão,<MR-2>,ITCDLiquidoExcetoTransferenciasEFUNDEB,ITCD,4295445.69,PI,22,2023,6
2023,RREO,6,B,Governo do Estado do Piauí,22,PI,3289290,RREO-Anexo 03,E,Padrão,<MR-1>,ITCDLiquidoExcetoTransferenciasEFUNDEB,ITCD,2587316.83,PI,22,2023,6
2023,RREO,6,B,Governo do Estado do Piauí,22,PI,3289290,RREO-Anexo 03,E,Padrão,<MR>,ITCDLiquidoExcetoTransferenciasEFUNDEB,ITCD,4979492.03,PI,22,2023,6
2023,RREO,6,B,Governo do Estado do Piauí,22,PI,3289290,RREO-Anexo 03,E,Padrão,TOTAL (ÚLTIMOS 12 MESES),ITCDLiquidoExcetoTransferenciasEFUNDEB,ITCD,35782495.97,PI,22,2023,6
2023,RREO,6,B,Governo do Estado do Piauí,22,PI,3289290,RREO-Anexo 03,E,Padrão,PREVISÃO ATUALIZADA 2023,ITCDLiquidoExcetoTransferenciasEFUNDEB,ITCD,52098120.0,PI,22,2023,6
2023,RREO,6,B,Governo do Estado do Ceará,23,CE,9240580,RREO-Anexo 03,E,Padrão,<MR-11>,ICMSLiquidoExcetoTransferenciasEFUNDEB,ICMS,1496390285.44,CE,23,2023,6
2023,RREO,6,B,Governo do Estado do Ceará,23,CE,9240580,RREO-Anexo 03,E,Padrão,<MR-10>,ICMSLiquidoExcetoTransferenciasEFUNDEB,ICMS,1229356536.75,CE,23,2023,6
2023,RREO,6,B,Governo do Estado do Ceará,23,CE,9240580,RREO-Anexo 03,E,Padrão,<MR-9>,ICMSLiquidoExcetoTransferenciasEFUNDEB,ICMS,1256610650.85,CE,23,2023,6
2023,RREO,6,B,Governo do Estado do Ceará,23,CE,9240580,RREO-Anexo 03,E,Padrão,<MR-8>,ICMSLiquidoExcetoTransferenciasEFUNDEB,ICMS,1339260100.78,CE,23,2023,6
2023,RREO,6,B,Governo do Estado do Ceará,23,CE,9240580,RREO-Anexo 03,E,Padrão,<MR-7>,ICMSLiquidoExcetoTransferenciasEFUNDEB,ICMS,1305890942.69,CE,23,2023,6
2023,RREO,6,B,Governo do Estado do Ceará,23,CE,9240580,RREO-Anexo 03,E,Padrão,<MR-6>,ICMSLiquidoExcetoTransferenciasEFUNDEB,ICMS,1399308186.89,CE,23,2023,6
2023,RREO,6,B,Governo do Estado do Ceará,23,CE,9240580,RREO-Anexo 03,E,Padrão,<MR-5>,ICMSLiquidoExcetoTransferenciasEFUNDEB,ICMS,1394075405.14,CE,23,2023,6
2023,RREO,6,B,Governo do Estado do Ceará,23,CE,9240580,RREO-Anexo 03,E,Padrão,<MR-4>,ICMSLiquidoExcetoTransferenciasEFUNDEB,ICMS,1468938952.86,CE,23,2023,6
2023,RREO,6,B,Governo do Estado do Ceará,23,CE,9240580,RREO-Anexo 03,E,Padrão,<MR-3>,ICMSLiquidoExcetoTransferenciasEFUNDEB,ICMS,1550714240.69,CE,23,2023,6
2023,RREO,6,B,Governo do Estado do Ceará,23,CE,9240580,RREO-Anexo 03,E,Padrão,<MR-2>,ICMSLiquidoExcetoTransferenciasEFUNDEB,ICMS,1514327163.24,CE,23,2023,6
2023,RREO,6,B,Governo do Estado do Ceará,23,CE,9240580,RREO-Anexo 03,E,Padrão,<MR-1>,ICMSLiquidoExcetoTransferenciasEFUNDEB,ICMS,1506529984.16,CE,23,2023,6
2023,RREO,6,B,Governo do Estado do Ceará,23,CE,9240580,RREO-Anexo 03,E,Padrão,<MR>,ICMSLiquidoExcetoTransferenciasEFUNDEB,ICMS,1592146582.99,CE,23,2023,6
2023,RREO,6,B,Governo do Estado do Ceará,23,CE,9240580,RREO-Anexo 03,E,Padrão,TOTAL (ÚLTIMOS 12 MESES),ICMSLiquidoExcetoTransferenciasEFUNDEB,ICMS,17053549032.48,CE,23,2023,6
2023,RREO,6,B,Governo do Estado do Ceará,23,CE,9240580,RREO-Anexo 03,E,Padrão,PREVISÃO ATUALIZADA 2023,ICMSLiquidoExcetoTransferenciasEFUNDEB,ICMS,16452155620.3,CE,23,2023,6
2023,RREO,6,B,Governo do Estado do Ceará,23,CE,9240580,RREO-Anexo 03,E,Padrão,<MR-11>,IPVALiquidoExcetoTransferenciasEFUNDEB,IPVA,469950292.36,CE,23,2023,6
2023,RREO,6,B,Governo do Estado do Ceará,23,CE,9240580,RREO-Anexo 03,E,Padrão,<MR-10>,IPVALiquidoExcetoTransferenciasEFUNDEB,IPVA,236774791.01,CE,23,2023,6
2023,RREO,6,B,Governo do Estado do Ceará,23,CE,9240580,RREO-Anexo 03,E,Padrão,<MR-9>,IPVALiquidoExcetoTransferenciasEFUNDEB,IPVA,243554167.32,CE,23,2023,6
2023,RREO,6,B,Governo do Estado do Ceará,23,CE,9240580,RREO-Anexo 03,E,Padrão,<MR-8>,IPVALiquidoExcetoTransferenciasEFUNDEB,IPVA,217034963.29,CE,23,2023,6
2023,RREO,6,B,Governo do Estado do Ceará,23,CE,9240580,RREO-Anexo 03,E,Padrão,<MR-7>,IPVALiquidoExcetoTransferenciasEFUNDEB,IPVA,224325063.4,CE,23,2023,6
2023,RREO,6,B,Governo do Estado do Ceará,23,CE,9240580,RREO-Anexo 03,E,Padrão,<MR-6>,IPVALiquidoExcetoTransferenciasEFUNDEB,IPVA,200065158.25,CE,23,2023,6
2023,RREO,6,B,Governo do Estado do Ceará,23,CE,9240580,RREO-Anexo 03,E,Padrão,<MR-5>,IPVALiquidoExcetoTransferenciasEFUNDEB,IPVA,72664366.79,CE,23,2023,6
2023,RREO,6,B,Governo do Estado do Ceará,23,CE,9240580,RREO-Anexo 03,E,Padrão,<MR-4>,IPVALiquidoExcetoTransferenciasEFUNDEB,IPVA,55662669.92,CE,23,2023,6
2023,RREO,6,B,Governo do Estado do Ceará,23,CE,9240580,RREO-Anexo 03,E,Padrão,<MR-3>,IPVALiquidoExcetoTransferenciasEFUNDEB,IPVA,43541798.5,CE,23,2023,6
2023,RREO,6,B,Governo do Estado do Ceará,23,CE,9240580,RREO-Anexo 03,E,Padrão,<MR-2>,IPVALiquidoExcetoTransferenciasEFUNDEB,IPVA,39702238.73,CE,23,2023,6
2023,RREO,6,B,Governo do Estado do Ceará,23,CE,9240580,RREO-Anexo 03,E,Padrão,<MR-1>,IPVALiquidoExcetoTransferenciasEFUNDEB,IPVA,34712688.71,CE,23,2023,6
2023,RREO,6,B,Governo do Estado do Ceará,23,CE,9240580,RREO-Anexo 03,E,Padrão,<MR>,IPVALiquidoExcetoTransferenciasEFUNDEB,IPVA,42935772.14,CE,23,2023,6
2023,RREO,6,B,Governo do Estado do Ceará,23,CE,9240580,RREO-Anexo 03,E,Padrão,TOTAL (ÚLTIMOS 12 MESES),IPVALiquidoExcetoTransferenciasEFUNDEB,IPVA,1880923970.42,CE,23,2023,6
2023,RREO,6,B,Governo do Estado do Ceará,23,CE,9240580,RREO-Anexo 03,E,Padrão,PREVISÃO ATUALIZADA 2023,IPVALiquidoExcetoTransferenciasEFUNDEB,IPVA,1423801326.0,CE,23,2023,6
2023,RREO,6,B,Governo do Estado do Ceará,23,CE,9240580,RREO-Anexo 03,E,Padrão,<MR-11>,ITCDLiquidoExcetoTransferenciasEFUNDEB,ITCD,8923192.79,CE,23,2023,6
2023,RREO,6,B,Governo do Estado do Ceará,23,CE,9240580,RREO-Anexo 03,E,Padrão,<MR-10>,ITCDLiquidoExcetoTransferenciasEFUNDEB,ITCD,6588278.96,CE,23,2023,6
2023,RREO,6,B,Governo do Estado do Ceará,23,CE,9240580,RREO-Anexo 03,E,Padrão,<MR-9>,ITCDLiquidoExcetoTransferenciasEFUNDEB,ITCD,12035902.41,CE,23,2023,6
2023,RREO,6,B,Governo do Estado do Ceará,23,CE,9240580,RREO-Anexo 03,E,Padrão,<MR-8>,ITCDLiquidoExcetoTransferenciasEFUNDEB,ITCD,10488697.91,CE,23,2023,6
2023,RREO,6,B,Governo do Estado do Ceará,23,CE,9240580,RREO-Anexo 03,E,Padrão,<MR-7>,ITCDLiquidoExcetoTransferenciasEFUNDEB,ITCD,8987241.98,CE,23,2023,6
2023,RREO,6,B,Governo do Estado do Ceará,23,CE,9240580,RREO-Anexo 03,E,Padrão,<MR-6>,ITCDLiquidoExcetoTransferenciasEFUNDEB,ITCD,8813627.88,CE,23,2023,6
2023,RREO,6,B,Governo do Estado do Ceará,23,CE,9240580,RREO-Anexo 03,E,Padrão,<MR-5>,ITCDLiquidoExcetoTransferenciasEFUNDEB,ITCD,8702682.67,CE,23,2023,6
2023,RREO,6,B,Governo do Estado do Ceará,23,CE,9240580,RREO-Anexo 03,E,Padrão,<MR-4>,ITCDLiquidoExcetoTransferenciasEFUNDEB,ITCD,9765032.04,CE,23,2023,6
2023,RREO,6,B,Governo do Estado do Ceará,23,CE,9240580,RREO-Anexo 03,E,Padrão,<MR-3>,ITCDLiquidoExcetoTransferenciasEFUNDEB,ITCD,6101619.44,CE,23,2023,6
2023,RREO,6,B,Governo do Estado do Ceará,23,CE,9240580,RREO-Anexo 03,E,Padrão,<MR-2>,ITCDLiquidoExcetoTransferenciasEFUNDEB,ITCD,8878694.39,CE,23,2023,6
2023,RREO,6,B,Governo do Estado do Ceará,23,CE,9240580,RREO-Anexo 03,E,Padrão,<MR-1>,ITCDLiquidoExcetoTransferenciasEFUNDEB,ITCD,9217148.72,CE,23,2023,6
2023,RREO,6,B,Governo do Estado do Ceará,23,CE,9240580,RREO-Anexo 03,E,Padrão,<MR>,ITCDLiquidoExcetoTransferenciasEFUNDEB,ITCD,12505801.05,CE,23,2023,6
2023,RREO,6,B,Governo do Estado do Ceará,23,CE,9240580,RREO-Anexo 03,E,Padrão,TOTAL (ÚLTIMOS 12 MESES),ITCDLiquidoExcetoTransferenciasEFUNDEB,ITCD,111007920.24,CE,23,2023,6
2023,RREO,6,B,Governo do Estado do Ceará,23,CE,9240580,RREO-Anexo 03,E,Padrão,PREVISÃO ATUALIZADA 2023,ITCDLiquidoExcetoTransferenciasEFUNDEB,ITCD,115879956.0,CE,23,2023,6
2023,RREO,6,B,Governo do Estado do Rio Grande do Norte,24,RN,3560903,RREO-Anexo 03,E,Padrão,<MR-11>,ICMSLiquidoExcetoTransferenciasEFUNDEB,ICMS,673230262.09,RN,24,2023,6
2023,RREO,6,B,Governo do Estado do Rio Grande do Norte,24,RN,3560903,RREO-Anexo 03,E,Padrão,<MR-10>,ICMSLiquidoExcetoTransferenciasEFUNDEB,ICMS,560318054.54,RN,24,2023,6
2023,RREO,6,B,Governo do Estado do Rio Grande do Norte,24,RN,3560903,RREO-Anexo 03,E,Padrão,<MR-9>,ICMSLiquidoExcetoTransferenciasEFUNDEB,ICMS,600418502.03,RN,24,2023,6
2023,RREO,6,B,Governo do Estado do Rio Grande do Norte,24,RN,3560903,RREO-Anexo 03,E,Padrão,<MR-8>,ICMSLiquidoExcetoTransferenciasEFUNDEB,ICMS,634236677.24,RN,24,2023,6
2023,RREO,6,B,Governo do Estado do Rio Grande do Norte,24,RN,3560903,RREO-Anexo 03,E,Padrão,<MR-7>,ICMSLiquidoExcetoTransferenciasEFUNDEB,ICMS,657532546.51,RN,24,2023,6
2023,RREO,6,B,Governo do Estado do Rio Grande do Norte,24,RN,3560903,RREO-Anexo 03,E,Padrão,<MR-6>,ICMSLiquidoExcetoTransferenciasEFUNDEB,ICMS,690052732.49,RN,24,2023,6
2023,RREO,6,B,Governo do Estado do Rio Grande do Norte,24,RN,3560903,RREO-Anexo 03,E,Padrão,<MR-5>,ICMSLiquidoExcetoTransferenciasEFUNDEB,ICMS,758943567.17,RN,24,2023,6
2023,RREO,6,B,Governo do Estado do Rio Grande do Norte,24,RN,3560903,RREO-Anexo 03,E,Padrão,<MR-4>,ICMSLiquidoExcetoTransferenciasEFUNDEB,ICMS,758871851.76,RN,24,2023,6
2023,RREO,6,B,Governo do Estado do Rio Grande do Norte,24,RN,3560903,RREO-Anexo 03,E,Padrão,<MR-3>,ICMSLiquidoExcetoTransferenciasEFUNDEB,ICMS,727798119.27,RN,24,2023,6
2023,RREO,6,B,Governo do Estado do Rio Grande do Norte,24,RN,3560903,RREO-Anexo 03,E,Padrão,<MR-2>,ICMSLiquidoExcetoTransferenciasEFUNDEB,ICMS,917158444.26,RN,24,2023,6
2023,RREO,6,B,Governo do Estado do Rio Grande do Norte,24,RN,3560903,RREO-Anexo 03,E,Padrão,<MR-1>,ICMSLiquidoExcetoTransferenciasEFUNDEB,ICMS,586250179.24,RN,24,2023,6
2023,RREO,6,B,Governo do Estado do Rio Grande do Norte,24,RN,3560903,RREO-Anexo 03,E,Padrão,<MR>,ICMSLiquidoExcetoTransferenciasEFUNDEB,ICMS,709720252.76,RN,24,2023,6
2023,RREO,6,B,Governo do Estado do Rio Grande do Norte,24,RN,3560903,RREO-Anexo 03,E,Padrão,TOTAL (ÚLTIMOS 12 MESES),ICMSLiquidoExcetoTransferenciasEFUNDEB,ICMS,8274531189.36,RN,24,2023,6
2023,RREO,6,B,Governo do Estado do Rio Grande do Norte,24,RN,3560903,RREO-Anexo 03,E,Padrão,PREVISÃO ATUALIZADA 2023,ICMSLiquidoExcetoTransferenciasEFUNDEB,ICMS,7512641000.0,RN,24,2023,6
2023,RREO,6,B,Governo do Estado do Rio Grande do Norte,24,RN,3560903,RREO-Anexo 03,E,Padrão,<MR-11>,IPVALiquidoExcetoTransferenciasEFUNDEB,IPVA,33019066.1,RN,24,2023,6
2023,RREO,6,B,Governo do Estado do Rio Grande do Norte,24,RN,3560903,RREO-Anexo 03,E,Padrão,<MR-10>,IPVALiquidoExcetoTransferenciasEFUNDEB,IPVA,29174727.82,RN,24,2023,6
2023,RREO,6,B,Governo do Estado do Rio Grande do Norte,24,RN,3560903,RREO-Anexo 03,E,Padrão,<MR-9>,IPVALiquidoExcetoTransferenciasEFUNDEB,IPVA,49714793.81,RN,24,2023,6
2023,RREO,6,B,Governo do Estado do Rio Grande do Norte,24,RN,3560903,RREO-Anexo 03,E,Padrão,<MR-8>,IPVALiquidoExcetoTransferenciasEFUNDEB,IPVA,58997396.36,RN,24,2023,6
2023,RREO,6,B,Governo do Estado do Rio Grande do Norte,24,RN,3560903,RREO-Anexo 03,E,Padrão,<MR-7>,IPVALiquidoExcetoTransferenciasEFUNDEB,IPVA,78530538.68,RN,24,2023,6
2023,RREO,6,B,Governo do Estado do Rio Grande do Norte,24,RN,3560903,RREO-Anexo 03,E,Padrão,<MR-6>,IPVALiquidoExcetoTransferenciasEFUNDEB,IPVA,78998707.63,RN,24,2023,6
2023,RREO,6,B,Governo do Estado do Rio Grande do Norte,24,RN,3560903,RREO-Anexo 03,E,Padrão,<MR-5>,IPVALiquidoExcetoTransferenciasEFUNDEB,IPVA,62710277.05,RN,24,2023,6
2023,RREO,6,B,Governo do Estado do Rio Grande do Norte,24,RN,3560903,RREO-Anexo 03,E,Padrão,<MR-4>,IPVALiquidoExcetoTransferenciasEFUNDEB,IPVA,63315714.15,RN,24,2023,6
2023,RREO,6,B,Governo do Estado do Rio Grande do Norte,24,RN,3560903,RREO-Anexo 03,E,Padrão,<MR-3>,IPVALiquidoExcetoTransferenciasEFUNDEB,IPVA,57434192.25,RN,24,2023,6
2023,RREO,6,B,Governo do Estado do Rio Grande do Norte,24,RN,3560903,RREO-Anexo 03,E,Padrão,<MR-2>,IPVALiquidoExcetoTransferenciasEFUNDEB,IPVA,52980939.34,RN,24,2023,6
2023,RREO,6,B,Governo do Estado do Rio Grande do Norte,24,RN,3560903,RREO-Anexo 03,E,Padrão,<MR-1>,IPVALiquidoExcetoTransferenciasEFUNDEB,IPVA,41197846.96,RN,24,2023,6
2023,RREO,6,B,Governo do Estado do Rio Grande do Norte,24,RN,3560903,RREO-Anexo 03,E,Padrão,<MR>,IPVALiquidoExcetoTransferenciasEFUNDEB,IPVA,38958452.48,RN,24,2023,6
2023,RREO,6,B,Governo do Estado do Rio Grande do Norte,24,RN,3560903,RREO-Anexo 03,E,Padrão,TOTAL (ÚLTIMOS 12 MESES),IPVALiquidoExcetoTransferenciasEFUNDEB,IPVA,645032652.63,RN,24,2023,6
2023,RREO,6,B,Governo do Estado do Rio Grande do Norte,24,RN,3560903,RREO-Anexo 03,E,Padrão,PREVISÃO ATUALIZADA 2023,IPVALiquidoExcetoTransferenciasEFUNDEB,IPVA,621238000.0,RN,24,2023,6
2023,RREO,6,B,Governo do Estado do Rio Grande do Norte,24,RN,3560903,RREO-Anexo 03,E,Padrão,<MR-11>,ITCDLiquidoExcetoTransferenciasEFUNDEB,ITCD,1741491.35,RN,24,2023,6
2023,RREO,6,B,Governo do Estado do Rio Grande do Norte,24,RN,3560903,RREO-Anexo 03,E,Padrão,<MR-10>,ITCDLiquidoExcetoTransferenciasEFUNDEB,ITCD,1982497.19,RN,24,2023,6
2023,RREO,6,B,Governo do Estado do Rio Grande do Norte,24,RN,3560903,RREO-Anexo 03,E,Padrão,<MR-9>,ITCDLiquidoExcetoTransferenciasEFUNDEB,ITCD,3877154.79,RN,24,2023,6
2023,RREO,6,B,Governo do Estado do Rio Grande do Norte,24,RN,3560903,RREO-Anexo 03,E,Padrão,<MR-8>,ITCDLiquidoExcetoTransferenciasEFUNDEB,ITCD,2558756.37,RN,24,2023,6
2023,RREO,6,B,Governo do Estado do Rio Grande do Norte,24,RN,3560903,RREO-Anexo 03,E,Padrão,<MR-7>,ITCDLiquidoExcetoTransferenciasEFUNDEB,ITCD,3019785.59,RN,24,2023,6
2023,RREO,6,B,Governo do Estado do Rio Grande do Norte,24,RN,3560903,RREO-Anexo 03,E,Padrão,<MR-6>,ITCDLiquidoExcetoTransferenciasEFUNDEB,ITCD,2127107.29,RN,24,2023,6
2023,RREO,6,B,Governo do Estado do Rio Grande do Norte,24,RN,3560903,RREO-Anexo 03,E,Padrão,<MR-5>,ITCDLiquidoExcetoTransferenciasEFUNDEB,ITCD,1904362.39,RN,24,2023,6
2023,RREO,6,B,Governo do Estado do Rio Grande do Norte,24,RN,3560903,RREO-Anexo 03,E,Padrão,<MR-4>,ITCDLiquidoExcetoTransferenciasEFUNDEB,ITCD,1980503.62,RN,24,2023,6
2023,RREO,6,B,Governo do Estado do Rio Grande do Norte,24,RN,3560903,RREO-Anexo 03,E,Padrão,<MR-3>,ITCDLiquidoExcetoTransferenciasEFUNDEB,ITCD,1905738.69,RN,24,2023,6
2023,RREO,6,B,Governo do Estado do Rio Grande do Norte,24,RN,3560903,RREO-Anexo 03,E,Padrão,<MR-2>,ITCDLiquidoExcetoTransferenciasEFUNDEB,ITCD,3042160.66,RN,24,2023,6
2023,RREO,6,B,Governo do Estado do Rio Grande do Norte,24,RN,3560903,RREO-Anexo 03,E,Padrão,<MR-1>,ITCDLiquidoExcetoTransferenciasEFUNDEB,ITCD,2008108.04,RN,24,2023,6
2023,RREO,6,B,Governo do Estado do Rio Grande do Norte,24,RN,3560903,RREO-Anexo 03,E,Padrão,<MR>,ITCDLiquidoExcetoTransferenciasEFUNDEB,ITCD,3837520.86,RN,24,2023,6
2023,RREO,6,B,Governo do Estado do Rio Grande do Norte,24,RN,3560903,RREO-Anexo 03,E,Padrão,TOTAL (ÚLTIMOS 12 MESES),ITCDLiquidoExcetoTransferenciasEFUNDEB,ITCD,29985186.84,RN,24,2023,6
2023,RREO,6,B,Governo do Estado do Rio Grande do Norte,24,RN,3560903,RREO-Anexo 03,E,Padrão,PREVISÃO ATUALIZADA 2023,ITCDLiquidoExcetoTransferenciasEFUNDEB,ITCD,28542000.0,RN,24,2023,6
2023,RREO,6,B,Governo do Estado da Paraíba,25,PB,4059905,RREO-Anexo 03,E,Padrão,<MR-11>,ICMSLiquidoExcetoTransferenciasEFUNDEB,ICMS,700437694.43,PB,25,2023,6
2023,RREO,6,B,Governo do Estado da Paraíba,25,PB,4059905,RREO-Anexo 03,E,Padrão,<MR-10>,ICMSLiquidoExcetoTransferenciasEFUNDEB,ICMS,632157891.2,PB,25,2023,6
2023,RREO,6,B,Governo do Estado da Paraíba,25,PB,4059905,RREO-Anexo 03,E,Padrão,<MR-9>,ICMSLiquidoExcetoTransferenciasEFUNDEB,ICMS,582040466.27,PB,25,2023,6
2023,RREO,6,B,Governo do Estado da Paraíba,25,PB,4059905,RREO-Anexo 03,E,Padrão,<MR-8>,ICMSLiquidoExcetoTransferenciasEFUNDEB,ICMS,653363530.45,PB,25,2023,6
2023,RREO,6,B,Governo do Estado da Paraíba,25,PB,4059905,RREO-Anexo 03,E,Padrão,<MR-7>,ICMSLiquidoExcetoTransferenciasEFUNDEB,ICMS,616704448.58,PB,25,2023,6
2023,RREO,6,B,Governo do Estado da Paraíba,25,PB,4059905,RREO-Anexo 03,E,Padrão,<MR-6>,ICMSLiquidoExcetoTransferenciasEFUNDEB,ICMS,656705145.15,PB,25,2023,6
2023,RREO,6,B,Governo do Estado da Paraíba,25,PB,4059905,RREO-Anexo 03,E,Padrão,<MR-5>,ICMSLiquidoExcetoTransferenciasEFUNDEB,ICMS,699471955.21,PB,25,2023,6
2023,RREO,6,B,Governo do Estado da Paraíba,25,PB,4059905,RREO-Anexo 03,E,Padrão,<MR-4>,ICMSLiquidoExcetoTransferenciasEFUNDEB,ICMS,682771382.19,PB,25,2023,6
2023,RREO,6,B,Governo do Estado da Paraíba,25,PB,4059905,RREO-Anexo 03,E,Padrão,<MR-3>,ICMSLiquidoExcetoTransferenciasEFUNDEB,ICMS,679967586.53,PB,25,2023,6
2023,RREO,6,B,Governo do Estado da Paraíba,25,PB,4059905,RREO-Anexo 03,E,Padrão,<MR-2>,ICMSLiquidoExcetoTransferenciasEFUNDEB,ICMS,656415968.3,PB,25,2023,6
2023,RREO,6,B,Governo do Estado da Paraíba,25,PB,4059905,RREO-Anexo 03,E,Padrão,<MR-1>,ICMSLiquidoExcetoTransferenciasEFUNDEB,ICMS,732675705.06,PB,25,2023,6
2023,RREO,6,B,Governo do Estado da Paraíba,25,PB,4059905,RREO-Anexo 03,E,Padrão,<MR>,ICMSLiquidoExcetoTransferenciasEFUNDEB,ICMS,752324442.71,PB,25,2023,6
2023,RREO,6,B,Governo do Estado da Paraíba,25,PB,4059905,RREO-Anexo 03,E,Padrão,TOTAL (ÚLTIMOS 12 MESES),ICMSLiquidoExcetoTransferenciasEFUNDEB,ICMS,8045036216.08,PB,25,2023,6
2023,RREO,6,B,Governo do Estado da Paraíba,25,PB,4059905,RREO-Anexo 03,E,Padrão,PREVISÃO ATUALIZADA 2023,ICMSLiquidoExcetoTransferenciasEFUNDEB,ICMS,7854148091.13,PB,25,2023,6
2023,RREO,6,B,Governo do Estado da Paraíba,25,PB,4059905,RREO-Anexo 03,E,Padrão,<MR-11>,IPVALiquidoExcetoTransferenciasEFUNDEB,IPVA,66842595.91,PB,25,2023,6
2023,RREO,6,B,Governo do Estado da Paraíba,25,PB,4059905,RREO-Anexo 03,E,Padrão,<MR-10>,IPVALiquidoExcetoTransferenciasEFUNDEB,IPVA,57860468.93,PB,25,2023,6
2023,RREO,6,B,Governo do Estado da Paraíba,25,PB,4059905,RREO-Anexo 03,E,Padrão,<MR-9>,IPVALiquidoExcetoTransferenciasEFUNDEB,IPVA,70992704.73,PB,25,2023,6
2023,RREO,6,B,Governo do Estado da Paraíba,25,PB,4059905,RREO-Anexo 03,E,Padrão,<MR-8>,IPVALiquidoExcetoTransferenciasEFUNDEB,IPVA,59619972.36,PB,25,2023,6
2023,RREO,6,B,Governo do Estado da Paraíba,25,PB,4059905,RREO-Anexo 03,E,Padrão,<MR-7>,IPVALiquidoExcetoTransferenciasEFUNDEB,IPVA,70305288.29,PB,25,2023,6
2023,RREO,6,B,Governo do Estado da Paraíba,25,PB,4059905,RREO-Anexo 03,E,Padrão,<MR-6>,IPVALiquidoExcetoTransferenciasEFUNDEB,IPVA,67554950.92,PB,25,2023,6
2023,RREO,6,B,Governo do Estado da Paraíba,25,PB,4059905,RREO-Anexo 03,E,Padrão,<MR-5>,IPVALiquidoExcetoTransferenciasEFUNDEB,IPVA,63823090.81,PB,25,2023,6
2023,RREO,6,B,Governo do Estado da Paraíba,25,PB,4059905,RREO-Anexo 03,E,Padrão,<MR-4>,IPVALiquidoExcetoTransferenciasEFUNDEB,IPVA,59251068.26,PB,25,2023,6
2023,RREO,6,B,Governo do Estado da Paraíba,25,PB,4059905,RREO-Anexo 03,E,Padrão,<MR-3>,IPVALiquidoExcetoTransferenciasEFUNDEB,IPVA,49463428.59,PB,25,2023,6
2023,RREO,6,B,Governo do Estado da Paraíba,25,PB,4059905,RREO-Anexo 03,E,Padrão,<MR-2>,IPVALiquidoExcetoTransferenciasEFUNDEB,IPVA,52878709.93,PB,25,2023,6
2023,RREO,6,B,Governo do Estado da Paraíba,25,PB,4059905,RREO-Anexo 03,E,Padrão,<MR-1>,IPVALiquidoExcetoTransferenciasEFUNDEB,IPVA,34627876.29,PB,25,2023,6
2023,RREO,6,B,Governo do Estado da Paraíba,25,PB,4059905,RREO-Anexo 03,E,Padrão,<MR>,IPVALiquidoExcetoTransferenciasEFUNDEB,IPVA,39217220.99,PB,25,2023,6
2023,RREO,6,B,Governo do Estado da Paraíba,25,PB,4059905,RREO-Anexo 03,E,Padrão,TOTAL (ÚLTIMOS 12 MESES),IPVALiquidoExcetoTransferenciasEFUNDEB,IPVA,692437376.01,PB,25,2023,6
2023,RREO,6,B,Governo do Estado da Paraíba,25,PB,4059905,RREO-Anexo 03,E,Padrão,PREVISÃO ATUALIZADA 2023,IPVALiquidoExcetoTransferenciasEFUNDEB,IPVA,671835627.0,PB,25,2023,6
2023,RREO,6,B,Governo do Estado da Paraíba,25,PB,4059905,RREO-Anexo 03,E,Padrão,<MR-11>,ITCDLiquidoExcetoTransferenciasEFUNDEB,ITCD,32869681.39,PB,25,2023,6
2023,RREO,6,B,Governo do Estado da Paraíba,25,PB,4059905,RREO-Anexo 03,E,Padrão,<MR-10>,ITCDLiquidoExcetoTransferenciasEFUNDEB,ITCD,5817731.26,PB,25,2023,6
2023,RREO,6,B,Governo do Estado da Paraíba,25,PB,4059905,RREO-Anexo 03,E,Padrão,<MR-9>,ITCDLiquidoExcetoTransferenciasEFUNDEB,ITCD,8792883.41,PB,25,2023,6
2023,RREO,6,B,Governo do Estado da Paraíba,25,PB,4059905,RREO-Anexo 03,E,Padrão,<MR-8>,ITCDLiquidoExcetoTransferenciasEFUNDEB,ITCD,4238189.13,PB,25,2023,6
2023,RREO,6,B,Governo do Estado da Paraíba,25,PB,4059905,RREO-Anexo 03,E,Padrão,<MR-7>,ITCDLiquidoExcetoTransferenciasEFUNDEB,ITCD,4596054.35,PB,25,2023,6
2023,RREO,6,B,Governo do Estado da Paraíba,25,PB,4059905,RREO-Anexo 03,E,Padrão,<MR-6>,ITCDLiquidoExcetoTransferenciasEFUNDEB,ITCD,46925084.32,PB,25,2023,6
2023,RREO,6,B,Governo do Estado da Paraíba,25,PB,4059905,RREO-Anexo 03,E,Padrão,<MR-5>,ITCDLiquidoExcetoTransferenciasEFUNDEB,ITCD,12548721.88,PB,25,2023,6
2023,RREO,6,B,Governo do Estado da Paraíba,25,PB,4059905,RREO-Anexo 03,E,Padrão,<MR-4>,ITCDLiquidoExcetoTransferenciasEFUNDEB,ITCD,10145275.04,PB,25,2023,6
2023,RREO,6,B,Governo do Estado da Paraíba,25,PB,4059905,RREO-Anexo 03,E,Padrão,<MR-3>,ITCDLiquidoExcetoTransferenciasEFUNDEB,ITCD,19442049.36,PB,25,2023,6
2023,RREO,6,B,Governo do Estado da Paraíba,25,PB,4059905,RREO-Anexo 03,E,Padrão,<MR-2>,ITCDLiquidoExcetoTransferenciasEFUNDEB,ITCD,12691596.99,PB,25,2023,6
2023,RREO,6,B,Governo do Estado da Paraíba,25,PB,4059905,RREO-Anexo 03,E,Padrão,<MR-1>,ITCDLiquidoExcetoTransferenciasEFUNDEB,ITCD,1947734.18,PB,25,2023,6
2023,RREO,6,B,Governo do Estado da Paraíba,25,PB,4059905,RREO-Anexo 03,E,Padrão,<MR>,ITCDLiquidoExcetoTransferenciasEFUNDEB,ITCD,3713681.26,PB,25,2023,6
2023,RREO,6,B,Governo do Estado da Paraíba,25,PB,4059905,RREO-Anexo 03,E,Padrão,TOTAL (ÚLTIMOS 12 MESES),ITCDLiquidoExcetoTransferenciasEFUNDEB,ITCD,163728682.57,PB,25,2023,6
2023,RREO,6,B,Governo do Estado da Paraíba,25,PB,4059905,RREO-Anexo 03,E,Padrão,PREVISÃO ATUALIZADA 2023,ITCDLiquidoExcetoTransferenciasEFUNDEB,ITCD,161885066.0,PB,25,2023,6
2023,RREO,6,B,Governo do Estado de Pernambuco,26,PE,9674793,RREO-Anexo 03,E,Padrão,<MR-11>,ICMSLiquidoExcetoTransferenciasEFUNDEB,ICMS,1937210140.06,PE,26,2023,6
2023,RREO,6,B,Governo do Estado de Pernambuco,26,PE,9674793,RREO-Anexo 03,E,Padrão,<MR-10>,ICMSLiquidoExcetoTransferenciasEFUNDEB,ICMS,1513556479.65,PE,26,2023,6
2023,RREO,6,B,Governo do Estado de Pernambuco,26,PE,9674793,RREO-Anexo 03,E,Padrão,<MR-9>,ICMSLiquidoExcetoTransferenciasEFUNDEB,ICMS,1490656832.17,PE,26,2023,6
2023,RREO,6,B,Governo do Estado de Pernambuco,26,PE,9674793,RREO-Anexo 03,E,Padrão,<MR-8>,ICMSLiquidoExcetoTransferenciasEFUNDEB,ICMS,1735561772.52,PE,26,2023,6
2023,RREO,6,B,Governo do Estado de Pernambuco,26,PE,9674793,RREO-Anexo 03,E,Padrão,<MR-7>,ICMSLiquidoExcetoTransferenciasEFUNDEB,ICMS,1560274643.9,PE,26,2023,6
2023,RREO,6,B,Governo do Estado de Pernambuco,26,PE,9674793,RREO-Anexo 03,E,Padrão,<MR-6>,ICMSLiquidoExcetoTransferenciasEFUNDEB,ICMS,1678389228.42,PE,26,2023,6
2023,RREO,6,B,Governo do Estado de Pernambuco,26,PE,9674793,RREO-Anexo 03,E,Padrão,<MR-5>,ICMSLiquidoExcetoTransferenciasEFUNDEB,ICMS,1798355870.89,PE,26,2023,6
2023,RREO,6,B,Governo do Estado de Pernambuco,26,PE,9674793,RREO-Anexo 03,E,Padrão,<MR-4>,ICMSLiquidoExcetoTransferenciasEFUNDEB,ICMS,1811969353.02,PE,26,2023,6
2023,RREO,6,B,Governo do Estado de Pernambuco,26,PE,9674793,RREO-Anexo 03,E,Padrão,<MR-3>,ICMSLiquidoExcetoTransferenciasEFUNDEB,ICMS,1900325404.04,PE,26,2023,6
2023,RREO,6,B,Governo do Estado de Pernambuco,26,PE,9674793,RREO-Anexo 03,E,Padrão,<MR-2>,ICMSLiquidoExcetoTransferenciasEFUNDEB,ICMS,1784180066.49,PE,26,2023,6
2023,RREO,6,B,Governo do Estado de Pernambuco,26,PE,9674793,RREO-Anexo 03,E,Padrão,<MR-1>,ICMSLiquidoExcetoTransferenciasEFUNDEB,ICMS,2035640882.85,PE,26,2023,6
2023,RREO,6,B,Governo do Estado de Pernambuco,26,PE,9674793,RREO-Anexo 03,E,Padrão,<MR>,ICMSLiquidoExcetoTransferenciasEFUNDEB,ICMS,2080957517.75,PE,26,2023,6
2023,RREO,6,B,Governo do Estado de Pernambuco,26,PE,9674793,RREO-Anexo 03,E,Padrão,TOTAL (ÚLTIMOS 12 MESES),ICMSLiquidoExcetoTransferenciasEFUNDEB,ICMS,21327078191.76,PE,26,2023,6
2023,RREO,6,B,Governo do Estado de Pernambuco,26,PE,9674793,RREO-Anexo 03,E,Padrão,PREVISÃO ATUALIZADA 2023,ICMSLiquidoExcetoTransferenciasEFUNDEB,ICMS,21156949932.92,PE,26,2023,6
2023,RREO,6,B,Governo do Estado de Pernambuco,26,PE,9674793,RREO-Anexo 03,E,Padrão,<MR-11>,IPVALiquidoExcetoTransferenciasEFUNDEB,IPVA,264279900.26,PE,26,2023,6
2023,RREO,6,B,Governo do Estado de Pernambuco,26,PE,9674793,RREO-Anexo 03,E,Padrão,<MR-10>,IPVALiquidoExcetoTransferenciasEFUNDEB,IPVA,760280290.07,PE,26,2023,6
2023,RREO,6,B,Governo do Estado de Pernambuco,26,PE,9674793,RREO-Anexo 03,E,Padrão,<MR-9>,IPVALiquidoExcetoTransferenciasEFUNDEB,IPVA,362722784.15,PE,26,2023,6
2023,RREO,6,B,Governo do Estado de Pernambuco,26,PE,9674793,RREO-Anexo 03,E,Padrão,<MR-8>,IPVALiquidoExcetoTransferenciasEFUNDEB,IPVA,275492012.37,PE,26,2023,6
2023,RREO,6,B,Governo do Estado de Pernambuco,26,PE,9674793,RREO-Anexo 03,E,Padrão,<MR-7>,IPVALiquidoExcetoTransferenciasEFUNDEB,IPVA,127177573.84,PE,26,2023,6
2023,RREO,6,B,Governo do Estado de Pernambuco,26,PE,9674793,RREO-Anexo 03,E,Padrão,<MR-6>,IPVALiquidoExcetoTransferenciasEFUNDEB,IPVA,88339078.87,PE,26,2023,6
2023,RREO,6,B,Governo do Estado de Pernambuco,26,PE,9674793,RREO-Anexo 03,E,Padrão,<MR-5>,IPVALiquidoExcetoTransferenciasEFUNDEB,IPVA,75314910.37,PE,26,2023,6
2023,RREO,6,B,Governo do Estado de Pernambuco,26,PE,9674793,RREO-Anexo 03,E,Padrão,<MR-4>,IPVALiquidoExcetoTransferenciasEFUNDEB,IPVA,60654020.38,PE,26,2023,6
2023,RREO,6,B,Governo do Estado de Pernambuco,26,PE,9674793,RREO-Anexo 03,E,Padrão,<MR-3>,IPVALiquidoExcetoTransferenciasEFUNDEB,IPVA,50229253.8,PE,26,2023,6
2023,RREO,6,B,Governo do Estado de Pernambuco,26,PE,9674793,RREO-Anexo 03,E,Padrão,<MR-2>,IPVALiquidoExcetoTransferenciasEFUNDEB,IPVA,54705138.2,PE,26,2023,6
2023,RREO,6,B,Governo do Estado de Pernambuco,26,PE,9674793,RREO-Anexo 03,E,Padrão,<MR-1>,IPVALiquidoExcetoTransferenciasEFUNDEB,IPVA,52469754.11,PE,26,2023,6
2023,RREO,6,B,Governo do Estado de Pernambuco,26,PE,9674793,RREO-Anexo 03,E,Padrão,<MR>,IPVALiquidoExcetoTransferenciasEFUNDEB,IPVA,51147407.47,PE,26,2023,6
2023,RREO,6,B,Governo do Estado de Pernambuco,26,PE,9674793,RREO-Anexo 03,E,Padrão,TOTAL (ÚLTIMOS 12 MESES),IPVALiquidoExcetoTransferenciasEFUNDEB,IPVA,2222812123.89,PE,26,2023,6
2023,RREO,6,B,Governo do Estado de Pernambuco,26,PE,9674793,RREO-Anexo 03,E,Padrão,PREVISÃO ATUALIZADA 2023,IPVALiquidoExcetoTransferenciasEFUNDEB,IPVA,2094146000.0,PE,26,2023,6
2023,RREO,6,B,Governo do Estado de Pernambuco,26,PE,9674793,RREO-Anexo 03,E,Padrão,<MR-11>,ITCDLiquidoExcetoTransferenciasEFUNDEB,ITCD,11700141.4,PE,26,2023,6
2023,RREO,6,B,Governo do Estado de Pernambuco,26,PE,9674793,RREO-Anexo 03,E,Padrão,<MR-10>,ITCDLiquidoExcetoTransferenciasEFUNDEB,ITCD,8806646.67,PE,26,2023,6
2023,RREO,6,B,Governo do Estado de Pernambuco,26,PE,9674793,RREO-Anexo 03,E,Padrão,<MR-9>,ITCDLiquidoExcetoTransferenciasEFUNDEB,ITCD,17464373.24,PE,26,2023,6
2023,RREO,6,B,Governo do Estado de Pernambuco,26,PE,9674793,RREO-Anexo 03,E,Padrão,<MR-8>,ITCDLiquidoExcetoTransferenciasEFUNDEB,ITCD,12992822.72,PE,26,2023,6
2023,RREO,6,B,Governo do Estado de Pernambuco,26,PE,9674793,RREO-Anexo 03,E,Padrão,<MR-7>,ITCDLiquidoExcetoTransferenciasEFUNDEB,ITCD,17715844.31,PE,26,2023,6
2023,RREO,6,B,Governo do Estado de Pernambuco,26,PE,9674793,RREO-Anexo 03,E,Padrão,<MR-6>,ITCDLiquidoExcetoTransferenciasEFUNDEB,ITCD,13285627.85,PE,26,2023,6
2023,RREO,6,B,Governo do Estado de Pernambuco,26,PE,9674793,RREO-Anexo 03,E,Padrão,<MR-5>,ITCDLiquidoExcetoTransferenciasEFUNDEB,ITCD,15682016.29,PE,26,2023,6
2023,RREO,6,B,Governo do Estado de Pernambuco,26,PE,9674793,RREO-Anexo 03,E,Padrão,<MR-4>,ITCDLiquidoExcetoTransferenciasEFUNDEB,ITCD,14154099.64,PE,26,2023,6
2023,RREO,6,B,Governo do Estado de Pernambuco,26,PE,9674793,RREO-Anexo 03,E,Padrão,<MR-3>,ITCDLiquidoExcetoTransferenciasEFUNDEB,ITCD,17869671.99,PE,26,2023,6
2023,RREO,6,B,Governo do Estado de Pernambuco,26,PE,9674793,RREO-Anexo 03,E,Padrão,<MR-2>,ITCDLiquidoExcetoTransferenciasEFUNDEB,ITCD,21862423.89,PE,26,2023,6
2023,RREO,6,B,Governo do Estado de Pernambuco,26,PE,9674793,RREO-Anexo 03,E,Padrão,<MR-1>,ITCDLiquidoExcetoTransferenciasEFUNDEB,ITCD,20117354.77,PE,26,2023,6
2023,RREO,6,B,Governo do Estado de Pernambuco,26,PE,9674793,RREO-Anexo 03,E,Padrão,<MR>,ITCDLiquidoExcetoTransferenciasEFUNDEB,ITCD,22818657.2,PE,26,2023,6
2023,RREO,6,B,Governo do Estado de Pernambuco,26,PE,9674793,RREO-Anexo 03,E,Padrão,TOTAL (ÚLTIMOS 12 MESES),ITCDLiquidoExcetoTransferenciasEFUNDEB,ITCD,194469679.97,PE,26,2023,6
2023,RREO,6,B,Governo do Estado de Pernambuco,26,PE,9674793,RREO-Anexo 03,E,Padrão,PREVISÃO ATUALIZADA 2023,ITCDLiquidoExcetoTransferenciasEFUNDEB,ITCD,207752500.0,PE,26,2023,6
2023,RREO,6,B,Governo do Estado de Alagoas,27,AL,3365351,RREO-Anexo 03,E,Padrão,<MR-11>,ICMSLiquidoExcetoTransferenciasEFUNDEB,ICMS,563708811.16,AL,27,2023,6
2023,RREO,6,B,Governo do Estado de Alagoas,27,AL,3365351,RREO-Anexo 03,E,Padrão,<MR-10>,ICMSLiquidoExcetoTransferenciasEFUNDEB,ICMS,533355522.58,AL,27,2023,6
2023,RREO,6,B,Governo do Estado de Alagoas,27,AL,3365351,RREO-Anexo 03,E,Padrão,<MR-9>,ICMSLiquidoExcetoTransferenciasEFUNDEB,ICMS,531625021.95,AL,27,2023,6
2023,RREO,6,B,Governo do Estado de Alagoas,27,AL,3365351,RREO-Anexo 03,E,Padrão,<MR-8>,ICMSLiquidoExcetoTransferenciasEFUNDEB,ICMS,569759397.6,AL,27,2023,6
2023,RREO,6,B,Governo do Estado de Alagoas,27,AL,3365351,RREO-Anexo 03,E,Padrão,<MR-7>,ICMSLiquidoExcetoTransferenciasEFUNDEB,ICMS,578985575.95,AL,27,2023,6
2023,RREO,6,B,Governo do Estado de Alagoas,27,AL,3365351,RREO-Anexo 03,E,Padrão,<MR-6>,ICMSLiquidoExcetoTransferenciasEFUNDEB,ICMS,593378081.39,AL,27,2023,6
2023,RREO,6,B,Governo do Estado de Alagoas,27,AL,3365351,RREO-Anexo 03,E,Padrão,<MR-5>,ICMSLiquidoExcetoTransferenciasEFUNDEB,ICMS,595797760.39,AL,27,2023,6
2023,RREO,6,B,Governo do Estado de Alagoas,27,AL,3365351,RREO-Anexo 03,E,Padrão,<MR-4>,ICMSLiquidoExcetoTransferenciasEFUNDEB,ICMS,593140996.05,AL,27,2023,6
2023,RREO,6,B,Governo do Estado de Alagoas,27,AL,3365351,RREO-Anexo 03,E,Padrão,<MR-3>,ICMSLiquidoExcetoTransferenciasEFUNDEB,ICMS,611891712.17,AL,27,2023,6
2023,RREO,6,B,Governo do Estado de Alagoas,27,AL,3365351,RREO-Anexo 03,E,Padrão,<MR-2>,ICMSLiquidoExcetoTransferenciasEFUNDEB,ICMS,632595092.79,AL,27,2023,6
2023,RREO,6,B,Governo do Estado de Alagoas,27,AL,3365351,RREO-Anexo 03,E,Padrão,<MR-1>,ICMSLiquidoExcetoTransferenciasEFUNDEB,ICMS,666980583.62,AL,27,2023,6
2023,RREO,6,B,Governo do Estado de Alagoas,27,AL,3365351,RREO-Anexo 03,E,Padrão,<MR>,ICMSLiquidoExcetoTransferenciasEFUNDEB,ICMS,867768753.58,AL,27,2023,6
2023,RREO,6,B,Governo do Estado de Alagoas,27,AL,3365351,RREO-Anexo 03,E,Padrão,TOTAL (ÚLTIMOS 12 MESES),ICMSLiquidoExcetoTransferenciasEFUNDEB,ICMS,7338987309.23,AL,27,2023,6
2023,RREO,6,B,Governo do Estado de Alagoas,27,AL,3365351,RREO-Anexo 03,E,Padrão,PREVISÃO ATUALIZADA 2023,ICMSLiquidoExcetoTransferenciasEFUNDEB,ICMS,6668471638.27,AL,27,2023,6
2023,RREO,6,B,Governo do Estado de Alagoas,27,AL,3365351,RREO-Anexo 03,E,Padrão,<MR-11>,IPVALiquidoExcetoTransferenciasEFUNDEB,IPVA,87726706.97,AL,27,2023,6
2023,RREO,6,B,Governo do Estado de Alagoas,27,AL,3365351,RREO-Anexo 03,E,Padrão,<MR-10>,IPVALiquidoExcetoTransferenciasEFUNDEB,IPVA,38296365.92,AL,27,2023,6
2023,RREO,6,B,Governo do Estado de Alagoas,27,AL,3365351,RREO-Anexo 03,E,Padrão,<MR-9>,IPVALiquidoExcetoTransferenciasEFUNDEB,IPVA,53094656.69,AL,27,2023,6
2023,RREO,6,B,Governo do Estado de Alagoas,27,AL,3365351,RREO-Anexo 03,E,Padrão,<MR-8>,IPVALiquidoExcetoTransferenciasEFUNDEB,IPVA,51486155.63,AL,27,2023,6
2023,RREO,6,B,Governo do Estado de Alagoas,27,AL,3365351,RREO-Anexo 03,E,Padrão,<MR-7>,IPVALiquidoExcetoTransferenciasEFUNDEB,IPVA,75206597.75,AL,27,2023,6
2023,RREO,6,B,Governo do Estado de Alagoas,27,AL,3365351,RREO-Anexo 03,E,Padrão,<MR-6>,IPVALiquidoExcetoTransferenciasEFUNDEB,IPVA,75825338.49,AL,27,2023,6
2023,RREO,6,B,Governo do Estado de Alagoas,27,AL,3365351,RREO-Anexo 03,E,Padrão,<MR-5>,IPVALiquidoExcetoTransferenciasEFUNDEB,IPVA,68062702.91,AL,27,2023,6
2023,RREO,6,B,Governo do Estado de Alagoas,27,AL,3365351,RREO-Anexo 03,E,Padrão,<MR-4>,IPVALiquidoExcetoTransferenciasEFUNDEB,IPVA,55980058.8,AL,27,2023,6
2023,RREO,6,B,Governo do Estado de Alagoas,27,AL,3365351,RREO-Anexo 03,E,Padrão,<MR-3>,IPVALiquidoExcetoTransferenciasEFUNDEB,IPVA,41138180.49,AL,27,2023,6
2023,RREO,6,B,Governo do Estado de Alagoas,27,AL,3365351,RREO-Anexo 03,E,Padrão,<MR-2>,IPVALiquidoExcetoTransferenciasEFUNDEB,IPVA,37126036.09,AL,27,2023,6
2023,RREO,6,B,Governo do Estado de Alagoas,27,AL,3365351,RREO-Anexo 03,E,Padrão,<MR-1>,IPVALiquidoExcetoTransferenciasEFUNDEB,IPVA,25040207.01,AL,27,2023,6
2023,RREO,6,B,Governo do Estado de Alagoas,27,AL,3365351,RREO-Anexo 03,E,Padrão,<MR>,IPVALiquidoExcetoTransferenciasEFUNDEB,IPVA,19613082.86,AL,27,2023,6
2023,RREO,6,B,Governo do Estado de Alagoas,27,AL,3365351,RREO-Anexo 03,E,Padrão,TOTAL (ÚLTIMOS 12 MESES),IPVALiquidoExcetoTransferenciasEFUNDEB,IPVA,628596089.61,AL,27,2023,6
2023,RREO,6,B,Governo do Estado de Alagoas,27,AL,3365351,RREO-Anexo 03,E,Padrão,PREVISÃO ATUALIZADA 2023,IPVALiquidoExcetoTransferenciasEFUNDEB,IPVA,1397493498.94,AL,27,2023,6
2023,RREO,6,B,Governo do Estado de Alagoas,27,AL,3365351,RREO-Anexo 03,E,Padrão,<MR-11>,ITCDLiquidoExcetoTransferenciasEFUNDEB,ITCD,3490027.86,AL,27,2023,6
2023,RREO,6,B,Governo do Estado de Alagoas,27,AL,3365351,RREO-Anexo 03,E,Padrão,<MR-10>,ITCDLiquidoExcetoTransferenciasEFUNDEB,ITCD,2960060.37,AL,27,2023,6
2023,RREO,6,B,Governo do Estado de Alagoas,27,AL,3365351,RREO-Anexo 03,E,Padrão,<MR-9>,ITCDLiquidoExcetoTransferenciasEFUNDEB,ITCD,4462717.26,AL,27,2023,6
2023,RREO,6,B,Governo do Estado de Alagoas,27,AL,3365351,RREO-Anexo 03,E,Padrão,<MR-8>,ITCDLiquidoExcetoTransferenciasEFUNDEB,ITCD,3035074.89,AL,27,2023,6
2023,RREO,6,B,Governo do Estado de Alagoas,27,AL,3365351,RREO-Anexo 03,E,Padrão,<MR-7>,ITCDLiquidoExcetoTransferenciasEFUNDEB,ITCD,3805797.44,AL,27,2023,6
2023,RREO,6,B,Governo do Estado de Alagoas,27,AL,3365351,RREO-Anexo 03,E,Padrão,<MR-6>,ITCDLiquidoExcetoTransferenciasEFUNDEB,ITCD,3256296.22,AL,27,2023,6
2023,RREO,6,B,Governo do Estado de Alagoas,27,AL,3365351,RREO-Anexo 03,E,Padrão,<MR-5>,ITCDLiquidoExcetoTransferenciasEFUNDEB,ITCD,3146516.33,AL,27,2023,6
2023,RREO,6,B,Governo do Estado de Alagoas,27,AL,3365351,RREO-Anexo 03,E,Padrão,<MR-4>,ITCDLiquidoExcetoTransferenciasEFUNDEB,ITCD,4848823.03,AL,27,2023,6
2023,RREO,6,B,Governo do Estado de Alagoas,27,AL,3365351,RREO-Anexo 03,E,Padrão,<MR-3>,ITCDLiquidoExcetoTransferenciasEFUNDEB,ITCD,3953284.6,AL,27,2023,6
2023,RREO,6,B,Governo do Estado de Alagoas,27,AL,3365351,RREO-Anexo 03,E,Padrão,<MR-2>,ITCDLiquidoExcetoTransferenciasEFUNDEB,ITCD,5590517.01,AL,27,2023,6
2023,RREO,6,B,Governo do Estado de Alagoas,27,AL,3365351,RREO-Anexo 03,E,Padrão,<MR-1>,ITCDLiquidoExcetoTransferenciasEFUNDEB,ITCD,6628445.39,AL,27,2023,6
2023,RREO,6,B,Governo do Estado de Alagoas,27,AL,3365351,RREO-Anexo 03,E,Padrão,<MR>,ITCDLiquidoExcetoTransferenciasEFUNDEB,ITCD,7677496.6,AL,27,2023,6
2023,RREO,6,B,Governo do Estado de Alagoas,27,AL,3365351,RREO-Anexo 03,E,Padrão,TOTAL (ÚLTIMOS 12 MESES),ITCDLiquidoExcetoTransferenciasEFUNDEB,ITCD,52855057.0,AL,27,2023,6
2023,RREO,6,B,Governo do Estado de Alagoas,27,AL,3365351,RREO-Anexo 03,E,Padrão,PREVISÃO ATUALIZADA 2023,ITCDLiquidoExcetoTransferenciasEFUNDEB,ITCD,51801094.63,AL,27,2023,6
2023,RREO,6,B,Governo do Estado de Sergipe,28,SE,2338474,RREO-Anexo 03,E,Padrão,<MR-11>,ICMSLiquidoExcetoTransferenciasEFUNDEB,ICMS,425512194.43,SE,28,2023,6
2023,RREO,6,B,Governo do Estado de Sergipe,28,SE,2338474,RREO-Anexo 03,E,Padrão,<MR-10>,ICMSLiquidoExcetoTransferenciasEFUNDEB,ICMS,365563776.97,SE,28,2023,6
2023,RREO,6,B,Governo do Estado de Sergipe,28,SE,2338474,RREO-Anexo 03,E,Padrão,<MR-9>,ICMSLiquidoExcetoTransferenciasEFUNDEB,ICMS,359400547.19,SE,28,2023,6
2023,RREO,6,B,Governo do Estado de Sergipe,28,SE,2338474,RREO-Anexo 03,E,Padrão,<MR-8>,ICMSLiquidoExcetoTransferenciasEFUNDEB,ICMS,418752735.43,SE,28,2023,6
2023,RREO,6,B,Governo do Estado de Sergipe,28,SE,2338474,RREO-Anexo 03,E,Padrão,<MR-7>,ICMSLiquidoExcetoTransferenciasEFUNDEB,ICMS,380310745.57,SE,28,2023,6
2023,RREO,6,B,Governo do Estado de Sergipe,28,SE,2338474,RREO-Anexo 03,E,Padrão,<MR-6>,ICMSLiquidoExcetoTransferenciasEFUNDEB,ICMS,430126792.4,SE,28,2023,6
2023,RREO,6,B,Governo do Estado de Sergipe,28,SE,2338474,RREO-Anexo 03,E,Padrão,<MR-5>,ICMSLiquidoExcetoTransferenciasEFUNDEB,ICMS,422662022.29,SE,28,2023,6
2023,RREO,6,B,Governo do Estado de Sergipe,28,SE,2338474,RREO-Anexo 03,E,Padrão,<MR-4>,ICMSLiquidoExcetoTransferenciasEFUNDEB,ICMS,433619264.67,SE,28,2023,6
2023,RREO,6,B,Governo do Estado de Sergipe,28,SE,2338474,RREO-Anexo 03,E,Padrão,<MR-3>,ICMSLiquidoExcetoTransferenciasEFUNDEB,ICMS,436597487.3,SE,28,2023,6
2023,RREO,6,B,Governo do Estado de Sergipe,28,SE,2338474,RREO-Anexo 03,E,Padrão,<MR-2>,ICMSLiquidoExcetoTransferenciasEFUNDEB,ICMS,417671224.21,SE,28,2023,6
2023,RREO,6,B,Governo do Estado de Sergipe,28,SE,2338474,RREO-Anexo 03,E,Padrão,<MR-1>,ICMSLiquidoExcetoTransferenciasEFUNDEB,ICMS,476016804.5,SE,28,2023,6
2023,RREO,6,B,Governo do Estado de Sergipe,28,SE,2338474,RREO-Anexo 03,E,Padrão,<MR>,ICMSLiquidoExcetoTransferenciasEFUNDEB,ICMS,460698578.98,SE,28,2023,6
2023,RREO,6,B,Governo do Estado de Sergipe,28,SE,2338474,RREO-Anexo 03,E,Padrão,TOTAL (ÚLTIMOS 12 MESES),ICMSLiquidoExcetoTransferenciasEFUNDEB,ICMS,5026932173.94,SE,28,2023,6
2023,RREO,6,B,Governo do Estado de Sergipe,28,SE,2338474,RREO-Anexo 03,E,Padrão,PREVISÃO ATUALIZADA 2023,ICMSLiquidoExcetoTransferenciasEFUNDEB,ICMS,4737429050.0,SE,28,2023,6
2023,RREO,6,B,Governo do Estado de Sergipe,28,SE,2338474,RREO-Anexo 03,E,Padrão,<MR-11>,IPVALiquidoExcetoTransferenciasEFUNDEB,IPVA,28904797.83,SE,28,2023,6
2023,RREO,6,B,Governo do Estado de Sergipe,28,SE,2338474,RREO-Anexo 03,E,Padrão,<MR-10>,IPVALiquidoExcetoTransferenciasEFUNDEB,IPVA,28583647.8,SE,28,2023,6
2023,RREO,6,B,Governo do Estado de Sergipe,28,SE,2338474,RREO-Anexo 03,E,Padrão,<MR-9>,IPVALiquidoExcetoTransferenciasEFUNDEB,IPVA,101488545.41,SE,28,2023,6
2023,RREO,6,B,Governo do Estado de Sergipe,28,SE,2338474,RREO-Anexo 03,E,Padrão,<MR-8>,IPVALiquidoExcetoTransferenciasEFUNDEB,IPVA,33533345.48,SE,28,2023,6
2023,RREO,6,B,Governo do Estado de Sergipe,28,SE,2338474,RREO-Anexo 03,E,Padrão,<MR-7>,IPVALiquidoExcetoTransferenciasEFUNDEB,IPVA,28007825.85,SE,28,2023,6
2023,RREO,6,B,Governo do Estado de Sergipe,28,SE,2338474,RREO-Anexo 03,E,Padrão,<MR-6>,IPVALiquidoExcetoTransferenciasEFUNDEB,IPVA,28589026.33,SE,28,2023,6
2023,RREO,6,B,Governo do Estado de Sergipe,28,SE,2338474,RREO-Anexo 03,E,Padrão,<MR-5>,IPVALiquidoExcetoTransferenciasEFUNDEB,IPVA,31481909.13,SE,28,2023,6
2023,RREO,6,B,Governo do Estado de Sergipe,28,SE,2338474,RREO-Anexo 03,E,Padrão,<MR-4>,IPVALiquidoExcetoTransferenciasEFUNDEB,IPVA,36701115.47,SE,28,2023,6
2023,RREO,6,B,Governo do Estado de Sergipe,28,SE,2338474,RREO-Anexo 03,E,Padrão,<MR-3>,IPVALiquidoExcetoTransferenciasEFUNDEB,IPVA,37379994.28,SE,28,2023,6
2023,RREO,6,B,Governo do Estado de Sergipe,28,SE,2338474,RREO-Anexo 03,E,Padrão,<MR-2>,IPVALiquidoExcetoTransferenciasEFUNDEB,IPVA,37998419.24,SE,28,2023,6
2023,RREO,6,B,Governo do Estado de Sergipe,28,SE,2338474,RREO-Anexo 03,E,Padrão,<MR-1>,IPVALiquidoExcetoTransferenciasEFUNDEB,IPVA,37338730.88,SE,28,2023,6
2023,RREO,6,B,Governo do Estado de Sergipe,28,SE,2338474,RREO-Anexo 03,E,Padrão,<MR>,IPVALiquidoExcetoTransferenciasEFUNDEB,IPVA,27980874.1,SE,28,2023,6
2023,RREO,6,B,Governo do Estado de Sergipe,28,SE,2338474,RREO-Anexo 03,E,Padrão,TOTAL (ÚLTIMOS 12 MESES),IPVALiquidoExcetoTransferenciasEFUNDEB,IPVA,457988231.8,SE,28,2023,6
2023,RREO,6,B,Governo do Estado de Sergipe,28,SE,2338474,RREO-Anexo 03,E,Padrão,PREVISÃO ATUALIZADA 2023,IPVALiquidoExcetoTransferenciasEFUNDEB,IPVA,323398245.0,SE,28,2023,6
2023,RREO,6,B,Governo do Estado de Sergipe,28,SE,2338474,RREO-Anexo 03,E,Padrão,<MR-11>,ITCDLiquidoExcetoTransferenciasEFUNDEB,ITCD,2249504.62,SE,28,2023,6
2023,RREO,6,B,Governo do Estado de Sergipe,28,SE,2338474,RREO-Anexo 03,E,Padrão,<MR-10>,ITCDLiquidoExcetoTransferenciasEFUNDEB,ITCD,1946421.17,SE,28,2023,6
2023,RREO,6,B,Governo do Estado de Sergipe,28,SE,2338474,RREO-Anexo 03,E,Padrão,<MR-9>,ITCDLiquidoExcetoTransferenciasEFUNDEB,ITCD,2136142.69,SE,28,2023,6
2023,RREO,6,B,Governo do Estado de Sergipe,28,SE,2338474,RREO-Anexo 03,E,Padrão,<MR-8>,ITCDLiquidoExcetoTransferenciasEFUNDEB,ITCD,2316658.2,SE,28,2023,6
2023,RREO,6,B,Governo do Estado de Sergipe,28,SE,2338474,RREO-Anexo 03,E,Padrão,<MR-7>,ITCDLiquidoExcetoTransferenciasEFUNDEB,ITCD,3856285.34,SE,28,2023,6
2023,RREO,6,B,Governo do Estado de Sergipe,28,SE,2338474,RREO-Anexo 03,E,Padrão,<MR-6>,ITCDLiquidoExcetoTransferenciasEFUNDEB,ITCD,4515516.04,SE,28,2023,6
2023,RREO,6,B,Governo do Estado de Sergipe,28,SE,2338474,RREO-Anexo 03,E,Padrão,<MR-5>,ITCDLiquidoExcetoTransferenciasEFUNDEB,ITCD,3780369.19,SE,28,2023,6
2023,RREO,6,B,Governo do Estado de Sergipe,28,SE,2338474,RREO-Anexo 03,E,Padrão,<MR-4>,ITCDLiquidoExcetoTransferenciasEFUNDEB,ITCD,4981650.7,SE,28,2023,6
2023,RREO,6,B,Governo do Estado de Sergipe,28,SE,2338474,RREO-Anexo 03,E,Padrão,<MR-3>,ITCDLiquidoExcetoTransferenciasEFUNDEB,ITCD,2476476.26,SE,28,2023,6
2023,RREO,6,B,Governo do Estado de Sergipe,28,SE,2338474,RREO-Anexo 03,E,Padrão,<MR-2>,ITCDLiquidoExcetoTransferenciasEFUNDEB,ITCD,2023981.1,SE,28,2023,6
2023,RREO,6,B,Governo do Estado de Sergipe,28,SE,2338474,RREO-Anexo 03,E,Padrão,<MR-1>,ITCDLiquidoExcetoTransferenciasEFUNDEB,ITCD,14227976.28,SE,28,2023,6
2023,RREO,6,B,Governo do Estado de Sergipe,28,SE,2338474,RREO-Anexo 03,E,Padrão,<MR>,ITCDLiquidoExcetoTransferenciasEFUNDEB,ITCD,17091671.04,SE,28,2023,6
2023,RREO,6,B,Governo do Estado de Sergipe,28,SE,2338474,RREO-Anexo 03,E,Padrão,TOTAL (ÚLTIMOS 12 MESES),ITCDLiquidoExcetoTransferenciasEFUNDEB,ITCD,61602652.63,SE,28,2023,6
2023,RREO,6,B,Governo do Estado de Sergipe,28,SE,2338474,RREO-Anexo 03,E,Padrão,PREVISÃO ATUALIZADA 2023,ITCDLiquidoExcetoTransferenciasEFUNDEB,ITCD,30617575.0,SE,28,2023,6
2023,RREO,6,B,Governo do Estado da Bahia,29,BA,14985284,RREO-Anexo 03,E,Padrão,<MR-11>,ICMSLiquidoExcetoTransferenciasEFUNDEB,ICMS,2427895291.33,BA,29,2023,6
2023,RREO,6,B,Governo do Estado da Bahia,29,BA,14985284,RREO-Anexo 03,E,Padrão,<MR-10>,ICMSLiquidoExcetoTransferenciasEFUNDEB,ICMS,2663340677.77,BA,29,2023,6
2023,RREO,6,B,Governo do Estado da Bahia,29,BA,14985284,RREO-Anexo 03,E,Padrão,<MR-9>,ICMSLiquidoExcetoTransferenciasEFUNDEB,ICMS,2698841454.69,BA,29,2023,6
2023,RREO,6,B,Governo do Estado da Bahia,29,BA,14985284,RREO-Anexo 03,E,Padrão,<MR-8>,ICMSLiquidoExcetoTransferenciasEFUNDEB,ICMS,3016118038.81,BA,29,2023,6
2023,RREO,6,B,Governo do Estado da Bahia,29,BA,14985284,RREO-Anexo 03,E,Padrão,<MR-7>,ICMSLiquidoExcetoTransferenciasEFUNDEB,ICMS,2662637210.06,BA,29,2023,6
2023,RREO,6,B,Governo do Estado da Bahia,29,BA,14985284,RREO-Anexo 03,E,Padrão,<MR-6>,ICMSLiquidoExcetoTransferenciasEFUNDEB,ICMS,2966322841.36,BA,29,2023,6
2023,RREO,6,B,Governo do Estado da Bahia,29,BA,14985284,RREO-Anexo 03,E,Padrão,<MR-5>,ICMSLiquidoExcetoTransferenciasEFUNDEB,ICMS,3070734201.26,BA,29,2023,6
2023,RREO,6,B,Governo do Estado da Bahia,29,BA,14985284,RREO-Anexo 03,E,Padrão,<MR-4>,ICMSLiquidoExcetoTransferenciasEFUNDEB,ICMS,2874130982.77,BA,29,2023,6
2023,RREO,6,B,Governo do Estado da Bahia,29,BA,14985284,RREO-Anexo 03,E,Padrão,<MR-3>,ICMSLiquidoExcetoTransferenciasEFUNDEB,ICMS,2894444466.99,BA,29,2023,6
2023,RREO,6,B,Governo do Estado da Bahia,29,BA,14985284,RREO-Anexo 03,E,Padrão,<MR-2>,ICMSLiquidoExcetoTransferenciasEFUNDEB,ICMS,3053164307.94,BA,29,2023,6
2023,RREO,6,B,Governo do Estado da Bahia,29,BA,14985284,RREO-Anexo 03,E,Padrão,<MR-1>,ICMSLiquidoExcetoTransferenciasEFUNDEB,ICMS,2963516552.47,BA,29,2023,6
2023,RREO,6,B,Governo do Estado da Bahia,29,BA,14985284,RREO-Anexo 03,E,Padrão,<MR>,ICMSLiquidoExcetoTransferenciasEFUNDEB,ICMS,3200799994.73,BA,29,2023,6
2023,RREO,6,B,Governo do Estado da Bahia,29,BA,14985284,RREO-Anexo 03,E,Padrão,TOTAL (ÚLTIMOS 12 MESES),ICMSLiquidoExcetoTransferenciasEFUNDEB,ICMS,34491946020.18,BA,29,2023,6
2023,RREO,6,B,Governo do Estado da Bahia,29,BA,14985284,RREO-Anexo 03,E,Padrão,PREVISÃO ATUALIZADA 2023,ICMSLiquidoExcetoTransferenciasEFUNDEB,ICMS,34062876134.0,BA,29,2023,6
2023,RREO,6,B,Governo do Estado da Bahia,29,BA,14985284,RREO-Anexo 03,E,Padrão,<MR-11>,IPVALiquidoExcetoTransferenciasEFUNDEB,IPVA,236855175.82,BA,29,2023,6
2023,RREO,6,B,Governo do Estado da Bahia,29,BA,14985284,RREO-Anexo 03,E,Padrão,<MR-10>,IPVALiquidoExcetoTransferenciasEFUNDEB,IPVA,476232390.66,BA,29,2023,6
2023,RREO,6,B,Governo do Estado da Bahia,29,BA,14985284,RREO-Anexo 03,E,Padrão,<MR-9>,IPVALiquidoExcetoTransferenciasEFUNDEB,IPVA,143071516.92,BA,29,2023,6
2023,RREO,6,B,Governo do Estado da Bahia,29,BA,14985284,RREO-Anexo 03,E,Padrão,<MR-8>,IPVALiquidoExcetoTransferenciasEFUNDEB,IPVA,115561644.81,BA,29,2023,6
2023,RREO,6,B,Governo do Estado da Bahia,29,BA,14985284,RREO-Anexo 03,E,Padrão,<MR-7>,IPVALiquidoExcetoTransferenciasEFUNDEB,IPVA,148037120.64,BA,29,2023,6
2023,RREO,6,B,Governo do Estado da Bahia,29,BA,14985284,RREO-Anexo 03,E,Padrão,<MR-6>,IPVALiquidoExcetoTransferenciasEFUNDEB,IPVA,151180879.78,BA,29,2023,6
2023,RREO,6,B,Governo do Estado da Bahia,29,BA,14985284,RREO-Anexo 03,E,Padrão,<MR-5>,IPVALiquidoExcetoTransferenciasEFUNDEB,IPVA,202758907.54,BA,29,2023,6
2023,RREO,6,B,Governo do Estado da Bahia,29,BA,14985284,RREO-Anexo 03,E,Padrão,<MR-4>,IPVALiquidoExcetoTransferenciasEFUNDEB,IPVA,202609835.72,BA,29,2023,6
2023,RREO,6,B,Governo do Estado da Bahia,29,BA,14985284,RREO-Anexo 03,E,Padrão,<MR-3>,IPVALiquidoExcetoTransferenciasEFUNDEB,IPVA,187398885.69,BA,29,2023,6
2023,RREO,6,B,Governo do Estado da Bahia,29,BA,14985284,RREO-Anexo 03,E,Padrão,<MR-2>,IPVALiquidoExcetoTransferenciasEFUNDEB,IPVA,190733966.54,BA,29,2023,6
2023,RREO,6,B,Governo do Estado da Bahia,29,BA,14985284,RREO-Anexo 03,E,Padrão,<MR-1>,IPVALiquidoExcetoTransferenciasEFUNDEB,IPVA,173609060.18,BA,29,2023,6
2023,RREO,6,B,Governo do Estado da Bahia,29,BA,14985284,RREO-Anexo 03,E,Padrão,<MR>,IPVALiquidoExcetoTransferenciasEFUNDEB,IPVA,125709437.13,BA,29,2023,6
2023,RREO,6,B,Governo do Estado da Bahia,29,BA,14985284,RREO-Anexo 03,E,Padrão,TOTAL (ÚLTIMOS 12 MESES),IPVALiquidoExcetoTransferenciasEFUNDEB,IPVA,2353758821.43,BA,29,2023,6
2023,RREO,6,B,Governo do Estado da Bahia,29,BA,14985284,RREO-Anexo 03,E,Padrão,PREVISÃO ATUALIZADA 2023,IPVALiquidoExcetoTransferenciasEFUNDEB,IPVA,2124078000.0,BA,29,2023,6
2023,RREO,6,B,Governo do Estado da Bahia,29,BA,14985284,RREO-Anexo 03,E,Padrão,<MR-11>,ITCDLiquidoExcetoTransferenciasEFUNDEB,ITCD,21244616.35,BA,29,2023,6
2023,RREO,6,B,Governo do Estado da Bahia,29,BA,14985284,RREO-Anexo 03,E,Padrão,<MR-10>,ITCDLiquidoExcetoTransferenciasEFUNDEB,ITCD,15633462.96,BA,29,2023,6
2023,RREO,6,B,Governo do Estado da Bahia,29,BA,14985284,RREO-Anexo 03,E,Padrão,<MR-9>,ITCDLiquidoExcetoTransferenciasEFUNDEB,ITCD,30088871.52,BA,29,2023,6
2023,RREO,6,B,Governo do Estado da Bahia,29,BA,14985284,RREO-Anexo 03,E,Padrão,<MR-8>,ITCDLiquidoExcetoTransferenciasEFUNDEB,ITCD,29837123.96,BA,29,2023,6
2023,RREO,6,B,Governo do Estado da Bahia,29,BA,14985284,RREO-Anexo 03,E,Padrão,<MR-7>,ITCDLiquidoExcetoTransferenciasEFUNDEB,ITCD,25803064.81,BA,29,2023,6
2023,RREO,6,B,Governo do Estado da Bahia,29,BA,14985284,RREO-Anexo 03,E,Padrão,<MR-6>,ITCDLiquidoExcetoTransferenciasEFUNDEB,ITCD,20764408.86,BA,29,2023,6
2023,RREO,6,B,Governo do Estado da Bahia,29,BA,14985284,RREO-Anexo 03,E,Padrão,<MR-5>,ITCDLiquidoExcetoTransferenciasEFUNDEB,ITCD,23849530.01,BA,29,2023,6
2023,RREO,6,B,Governo do Estado da Bahia,29,BA,14985284,RREO-Anexo 03,E,Padrão,<MR-4>,ITCDLiquidoExcetoTransferenciasEFUNDEB,ITCD,29212077.84,BA,29,2023,6
2023,RREO,6,B,Governo do Estado da Bahia,29,BA,14985284,RREO-Anexo 03,E,Padrão,<MR-3>,ITCDLiquidoExcetoTransferenciasEFUNDEB,ITCD,22907539.8,BA,29,2023,6
2023,RREO,6,B,Governo do Estado da Bahia,29,BA,14985284,RREO-Anexo 03,E,Padrão,<MR-2>,ITCDLiquidoExcetoTransferenciasEFUNDEB,ITCD,27336927.23,BA,29,2023,6
2023,RREO,6,B,Governo do Estado da Bahia,29,BA,14985284,RREO-Anexo 03,E,Padrão,<MR-1>,ITCDLiquidoExcetoTransferenciasEFUNDEB,ITCD,21389632.73,BA,29,2023,6
2023,RREO,6,B,Governo do Estado da Bahia,29,BA,14985284,RREO-Anexo 03,E,Padrão,<MR>,ITCDLiquidoExcetoTransferenciasEFUNDEB,ITCD,32780568.73,BA,29,2023,6
2023,RREO,6,B,Governo do Estado da Bahia,29,BA,14985284,RREO-Anexo 03,E,Padrão,TOTAL (ÚLTIMOS 12 MESES),ITCDLiquidoExcetoTransferenciasEFUNDEB,ITCD,300847824.8,BA,29,2023,6
2023,RREO,6,B,Governo do Estado da Bahia,29,BA,14985284,RREO-Anexo 03,E,Padrão,PREVISÃO ATUALIZADA 2023,ITCDLiquidoExcetoTransferenciasEFUNDEB,ITCD,178250000.0,BA,29,2023,6
2023,RREO,6,B,Governo do Estado de Minas Gerais,31,MG,21411923,RREO-Anexo 03,E,Padrão,<MR-11>,ICMSLiquidoExcetoTransferenciasEFUNDEB,ICMS,5400053070.64,MG,31,2023,6
2023,RREO,6,B,Governo do Estado de Minas Gerais,31,MG,21411923,RREO-Anexo 03,E,Padrão,<MR-10>,ICMSLiquidoExcetoTransferenciasEFUNDEB,ICMS,4628402288.29,MG,31,2023,6
2023,RREO,6,B,Governo do Estado de Minas Gerais,31,MG,21411923,RREO-Anexo 03,E,Padrão,<MR-9>,ICMSLiquidoExcetoTransferenciasEFUNDEB,ICMS,6070127732.52,MG,31,2023,6
2023,RREO,6,B,Governo do Estado de Minas Gerais,31,MG,21411923,RREO-Anexo 03,E,Padrão,<MR-8>,ICMSLiquidoExcetoTransferenciasEFUNDEB,ICMS,6234980293.66,MG,31,2023,6
2023,RREO,6,B,Governo do Estado de Minas Gerais,31,MG,21411923,RREO-Anexo 03,E,Padrão,<MR-7>,ICMSLiquidoExcetoTransferenciasEFUNDEB,ICMS,5373547818.79,MG,31,2023,6
2023,RREO,6,B,Governo do Estado de Minas Gerais,31,MG,21411923,RREO-Anexo 03,E,Padrão,<MR-6>,ICMSLiquidoExcetoTransferenciasEFUNDEB,ICMS,6218659138.2,MG,31,2023,6
2023,RREO,6,B,Governo do Estado de Minas Gerais,31,MG,21411923,RREO-Anexo 03,E,Padrão,<MR-5>,ICMSLiquidoExcetoTransferenciasEFUNDEB,ICMS,6224079829.8,MG,31,2023,6
2023,RREO,6,B,Governo do Estado de Minas Gerais,31,MG,21411923,RREO-Anexo 03,E,Padrão,<MR-4>,ICMSLiquidoExcetoTransferenciasEFUNDEB,ICMS,6203265939.91,MG,31,2023,6
2023,RREO,6,B,Governo do Estado de Minas Gerais,31,MG,21411923,RREO-Anexo 03,E,Padrão,<MR-3>,ICMSLiquidoExcetoTransferenciasEFUNDEB,ICMS,6366459227.87,MG,31,2023,6
2023,RREO,6,B,Governo do Estado de Minas Gerais,31,MG,21411923,RREO-Anexo 03,E,Padrão,<MR-2>,ICMSLiquidoExcetoTransferenciasEFUNDEB,ICMS,6121914959.69,MG,31,2023,6
2023,RREO,6,B,Governo do Estado de Minas Gerais,31,MG,21411923,RREO-Anexo 03,E,Padrão,<MR-1>,ICMSLiquidoExcetoTransferenciasEFUNDEB,ICMS,6464827252.18,MG,31,2023,6
2023,RREO,6,B,Governo do Estado de Minas Gerais,31,MG,21411923,RREO-Anexo 03,E,Padrão,<MR>,ICMSLiquidoExcetoTransferenciasEFUNDEB,ICMS,6696596879.51,MG,31,2023,6
2023,RREO,6,B,Governo do Estado de Minas Gerais,31,MG,21411923,RREO-Anexo 03,E,Padrão,TOTAL (ÚLTIMOS 12 MESES),ICMSLiquidoExcetoTransferenciasEFUNDEB,ICMS,72002914431.06,MG,31,2023,6
2023,RREO,6,B,Governo do Estado de Minas Gerais,31,MG,21411923,RREO-Anexo 03,E,Padrão,PREVISÃO ATUALIZADA 2023,ICMSLiquidoExcetoTransferenciasEFUNDEB,ICMS,71605869094.0,MG,31,2023,6
2023,RREO,6,B,Governo do Estado de Minas Gerais,31,MG,21411923,RREO-Anexo 03,E,Padrão,<MR-11>,IPVALiquidoExcetoTransferenciasEFUNDEB,IPVA,998935291.4,MG,31,2023,6
2023,RREO,6,B,Governo do Estado de Minas Gerais,31,MG,21411923,RREO-Anexo 03,E,Padrão,<MR-10>,IPVALiquidoExcetoTransferenciasEFUNDEB,IPVA,684651402.8,MG,31,2023,6
2023,RREO,6,B,Governo do Estado de Minas Gerais,31,MG,21411923,RREO-Anexo 03,E,Padrão,<MR-9>,IPVALiquidoExcetoTransferenciasEFUNDEB,IPVA,3898991631.88,MG,31,2023,6
2023,RREO,6,B,Governo do Estado de Minas Gerais,31,MG,21411923,RREO-Anexo 03,E,Padrão,<MR-8>,IPVALiquidoExcetoTransferenciasEFUNDEB,IPVA,1494986070.99,MG,31,2023,6
2023,RREO,6,B,Governo do Estado de Minas Gerais,31,MG,21411923,RREO-Anexo 03,E,Padrão,<MR-7>,IPVALiquidoExcetoTransferenciasEFUNDEB,IPVA,1446216430.57,MG,31,2023,6
2023,RREO,6,B,Governo do Estado de Minas Gerais,31,MG,21411923,RREO-Anexo 03,E,Padrão,<MR-6>,IPVALiquidoExcetoTransferenciasEFUNDEB,IPVA,603253622.12,MG,31,2023,6
2023,RREO,6,B,Governo do Estado de Minas Gerais,31,MG,21411923,RREO-Anexo 03,E,Padrão,<MR-5>,IPVALiquidoExcetoTransferenciasEFUNDEB,IPVA,442301736.65,MG,31,2023,6
2023,RREO,6,B,Governo do Estado de Minas Gerais,31,MG,21411923,RREO-Anexo 03,E,Padrão,<MR-4>,IPVALiquidoExcetoTransferenciasEFUNDEB,IPVA,426010837.39,MG,31,2023,6
2023,RREO,6,B,Governo do Estado de Minas Gerais,31,MG,21411923,RREO-Anexo 03,E,Padrão,<MR-3>,IPVALiquidoExcetoTransferenciasEFUNDEB,IPVA,380261997.16,MG,31,2023,6
2023,RREO,6,B,Governo do Estado de Minas Gerais,31,MG,21411923,RREO-Anexo 03,E,Padrão,<MR-2>,IPVALiquidoExcetoTransferenciasEFUNDEB,IPVA,273654987.07,MG,31,2023,6
2023,RREO,6,B,Governo do Estado de Minas Gerais,31,MG,21411923,RREO-Anexo 03,E,Padrão,<MR-1>,IPVALiquidoExcetoTransferenciasEFUNDEB,IPVA,259058484.06,MG,31,2023,6
2023,RREO,6,B,Governo do Estado de Minas Gerais,31,MG,21411923,RREO-Anexo 03,E,Padrão,<MR>,IPVALiquidoExcetoTransferenciasEFUNDEB,IPVA,212643878.1,MG,31,2023,6
2023,RREO,6,B,Governo do Estado de Minas Gerais,31,MG,21411923,RREO-Anexo 03,E,Padrão,TOTAL (ÚLTIMOS 12 MESES),IPVALiquidoExcetoTransferenciasEFUNDEB,IPVA,11120966370.19,MG,31,2023,6
2023,RREO,6,B,Governo do Estado de Minas Gerais,31,MG,21411923,RREO-Anexo 03,E,Padrão,PREVISÃO ATUALIZADA 2023,IPVALiquidoExcetoTransferenciasEFUNDEB,IPVA,8527731395.0,MG,31,2023,6
2023,RREO,6,B,Governo do Estado de Minas Gerais,31,MG,21411923,RREO-Anexo 03,E,Padrão,<MR-11>,ITCDLiquidoExcetoTransferenciasEFUNDEB,ITCD,86460193.1,MG,31,2023,6
2023,RREO,6,B,Governo do Estado de Minas Gerais,31,MG,21411923,RREO-Anexo 03,E,Padrão,<MR-10>,ITCDLiquidoExcetoTransferenciasEFUNDEB,ITCD,96586208.43,MG,31,2023,6
2023,RREO,6,B,Governo do Estado de Minas Gerais,31,MG,21411923,RREO-Anexo 03,E,Padrão,<MR-9>,ITCDLiquidoExcetoTransferenciasEFUNDEB,ITCD,165721105.29,MG,31,2023,6
2023,RREO,6,B,Governo do Estado de Minas Gerais,31,MG,21411923,RREO-Anexo 03,E,Padrão,<MR-8>,ITCDLiquidoExcetoTransferenciasEFUNDEB,ITCD,173470363.98,MG,31,2023,6
2023,RREO,6,B,Governo do Estado de Minas Gerais,31,MG,21411923,RREO-Anexo 03,E,Padrão,<MR-7>,ITCDLiquidoExcetoTransferenciasEFUNDEB,ITCD,128393460.0,MG,31,2023,6
2023,RREO,6,B,Governo do Estado de Minas Gerais,31,MG,21411923,RREO-Anexo 03,E,Padrão,<MR-6>,ITCDLiquidoExcetoTransferenciasEFUNDEB,ITCD,153340260.16,MG,31,2023,6
2023,RREO,6,B,Governo do Estado de Minas Gerais,31,MG,21411923,RREO-Anexo 03,E,Padrão,<MR-5>,ITCDLiquidoExcetoTransferenciasEFUNDEB,ITCD,149031071.42,MG,31,2023,6
2023,RREO,6,B,Governo do Estado de Minas Gerais,31,MG,21411923,RREO-Anexo 03,E,Padrão,<MR-4>,ITCDLiquidoExcetoTransferenciasEFUNDEB,ITCD,168424238.22,MG,31,2023,6
2023,RREO,6,B,Governo do Estado de Minas Gerais,31,MG,21411923,RREO-Anexo 03,E,Padrão,<MR-3>,ITCDLiquidoExcetoTransferenciasEFUNDEB,ITCD,174494305.22,MG,31,2023,6
2023,RREO,6,B,Governo do Estado de Minas Gerais,31,MG,21411923,RREO-Anexo 03,E,Padrão,<MR-2>,ITCDLiquidoExcetoTransferenciasEFUNDEB,ITCD,139951932.48,MG,31,2023,6
2023,RREO,6,B,Governo do Estado de Minas Gerais,31,MG,21411923,RREO-Anexo 03,E,Padrão,<MR-1>,ITCDLiquidoExcetoTransferenciasEFUNDEB,ITCD,191776911.51,MG,31,2023,6
2023,RREO,6,B,Governo do Estado de Minas Gerais,31,MG,21411923,RREO-Anexo 03,E,Padrão,<MR>,ITCDLiquidoExcetoTransferenciasEFUNDEB,ITCD,233112603.1,MG,31,2023,6
2023,RREO,6,B,Governo do Estado de Minas Gerais,31,MG,21411923,RREO-Anexo 03,E,Padrão,TOTAL (ÚLTIMOS 12 MESES),ITCDLiquidoExcetoTransferenciasEFUNDEB,ITCD,1860762652.91,MG,31,2023,6
2023,RREO,6,B,Governo do Estado de Minas Gerais,31,MG,21411923,RREO-Anexo 03,E,Padrão,PREVISÃO ATUALIZADA 2023,ITCDLiquidoExcetoTransferenciasEFUNDEB,ITCD,1478827791.0,MG,31,2023,6
2023,RREO,6,B,Governo do Estado do Espírito Santo,32,ES,4108508,RREO-Anexo 03,E,Padrão,<MR-11>,ICMSLiquidoExcetoTransferenciasEFUNDEB,ICMS,1469778517.22,ES,32,2023,6
2023,RREO,6,B,Governo do Estado do Espírito Santo,32,ES,4108508,RREO-Anexo 03,E,Padrão,<MR-10>,ICMSLiquidoExcetoTransferenciasEFUNDEB,ICMS,1341157446.65,ES,32,2023,6
2023,RREO,6,B,Governo do Estado do Espírito Santo,32,ES,4108508,RREO-Anexo 03,E,Padrão,<MR-9>,ICMSLiquidoExcetoTransferenciasEFUNDEB,ICMS,1223256042.21,ES,32,2023,6
2023,RREO,6,B,Governo do Estado do Espírito Santo,32,ES,4108508,RREO-Anexo 03,E,Padrão,<MR-8>,ICMSLiquidoExcetoTransferenciasEFUNDEB,ICMS,1578170926.83,ES,32,2023,6
2023,RREO,6,B,Governo do Estado do Espírito Santo,32,ES,4108508,RREO-Anexo 03,E,Padrão,<MR-7>,ICMSLiquidoExcetoTransferenciasEFUNDEB,ICMS,1384905173.6,ES,32,2023,6
2023,RREO,6,B,Governo do Estado do Espírito Santo,32,ES,4108508,RREO-Anexo 03,E,Padrão,<MR-6>,ICMSLiquidoExcetoTransferenciasEFUNDEB,ICMS,1442271467.32,ES,32,2023,6
2023,RREO,6,B,Governo do Estado do Espírito Santo,32,ES,4108508,RREO-Anexo 03,E,Padrão,<MR-5>,ICMSLiquidoExcetoTransferenciasEFUNDEB,ICMS,1460149514.52,ES,32,2023,6
2023,RREO,6,B,Governo do Estado do Espírito Santo,32,ES,4108508,RREO-Anexo 03,E,Padrão,<MR-4>,ICMSLiquidoExcetoTransferenciasEFUNDEB,ICMS,1569214566.7,ES,32,2023,6
2023,RREO,6,B,Governo do Estado do Espírito Santo,32,ES,4108508,RREO-Anexo 03,E,Padrão,<MR-3>,ICMSLiquidoExcetoTransferenciasEFUNDEB,ICMS,1551114431.32,ES,32,2023,6
2023,RREO,6,B,Governo do Estado do Espírito Santo,32,ES,4108508,RREO-Anexo 03,E,Padrão,<MR-2>,ICMSLiquidoExcetoTransferenciasEFUNDEB,ICMS,1468180805.58,ES,32,2023,6
2023,RREO,6,B,Governo do Estado do Espírito Santo,32,ES,4108508,RREO-Anexo 03,E,Padrão,<MR-1>,ICMSLiquidoExcetoTransferenciasEFUNDEB,ICMS,1585099374.41,ES,32,2023,6
2023,RREO,6,B,Governo do Estado do Espírito Santo,32,ES,4108508,RREO-Anexo 03,E,Padrão,<MR>,ICMSLiquidoExcetoTransferenciasEFUNDEB,ICMS,1660080354.47,ES,32,2023,6
2023,RREO,6,B,Governo do Estado do Espírito Santo,32,ES,4108508,RREO-Anexo 03,E,Padrão,TOTAL (ÚLTIMOS 12 MESES),ICMSLiquidoExcetoTransferenciasEFUNDEB,ICMS,17733378620.83,ES,32,2023,6
2023,RREO,6,B,Governo do Estado do Espírito Santo,32,ES,4108508,RREO-Anexo 03,E,Padrão,PREVISÃO ATUALIZADA 2023,ICMSLiquidoExcetoTransferenciasEFUNDEB,ICMS,17164604027.36,ES,32,2023,6
2023,RREO,6,B,Governo do Estado do Espírito Santo,32,ES,4108508,RREO-Anexo 03,E,Padrão,<MR-11>,IPVALiquidoExcetoTransferenciasEFUNDEB,IPVA,56983993.45,ES,32,2023,6
2023,RREO,6,B,Governo do Estado do Espírito Santo,32,ES,4108508,RREO-Anexo 03,E,Padrão,<MR-10>,IPVALiquidoExcetoTransferenciasEFUNDEB,IPVA,47944599.28,ES,32,2023,6
2023,RREO,6,B,Governo do Estado do Espírito Santo,32,ES,4108508,RREO-Anexo 03,E,Padrão,<MR-9>,IPVALiquidoExcetoTransferenciasEFUNDEB,IPVA,81896392.98,ES,32,2023,6
2023,RREO,6,B,Governo do Estado do Espírito Santo,32,ES,4108508,RREO-Anexo 03,E,Padrão,<MR-8>,IPVALiquidoExcetoTransferenciasEFUNDEB,IPVA,347895609.34,ES,32,2023,6
2023,RREO,6,B,Governo do Estado do Espírito Santo,32,ES,4108508,RREO-Anexo 03,E,Padrão,<MR-7>,IPVALiquidoExcetoTransferenciasEFUNDEB,IPVA,113390416.07,ES,32,2023,6
2023,RREO,6,B,Governo do Estado do Espírito Santo,32,ES,4108508,RREO-Anexo 03,E,Padrão,<MR-6>,IPVALiquidoExcetoTransferenciasEFUNDEB,IPVA,92929538.94,ES,32,2023,6
2023,RREO,6,B,Governo do Estado do Espírito Santo,32,ES,4108508,RREO-Anexo 03,E,Padrão,<MR-5>,IPVALiquidoExcetoTransferenciasEFUNDEB,IPVA,86606595.56,ES,32,2023,6
2023,RREO,6,B,Governo do Estado do Espírito Santo,32,ES,4108508,RREO-Anexo 03,E,Padrão,<MR-4>,IPVALiquidoExcetoTransferenciasEFUNDEB,IPVA,80300384.14,ES,32,2023,6
2023,RREO,6,B,Governo do Estado do Espírito Santo,32,ES,4108508,RREO-Anexo 03,E,Padrão,<MR-3>,IPVALiquidoExcetoTransferenciasEFUNDEB,IPVA,64781206.04,ES,32,2023,6
2023,RREO,6,B,Governo do Estado do Espírito Santo,32,ES,4108508,RREO-Anexo 03,E,Padrão,<MR-2>,IPVALiquidoExcetoTransferenciasEFUNDEB,IPVA,65199884.45,ES,32,2023,6
2023,RREO,6,B,Governo do Estado do Espírito Santo,32,ES,4108508,RREO-Anexo 03,E,Padrão,<MR-1>,IPVALiquidoExcetoTransferenciasEFUNDEB,IPVA,31952228.48,ES,32,2023,6
2023,RREO,6,B,Governo do Estado do Espírito Santo,32,ES,4108508,RREO-Anexo 03,E,Padrão,<MR>,IPVALiquidoExcetoTransferenciasEFUNDEB,IPVA,28994955.64,ES,32,2023,6
2023,RREO,6,B,Governo do Estado do Espírito Santo,32,ES,4108508,RREO-Anexo 03,E,Padrão,TOTAL (ÚLTIMOS 12 MESES),IPVALiquidoExcetoTransferenciasEFUNDEB,IPVA,1098875804.37,ES,32,2023,6
2023,RREO,6,B,Governo do Estado do Espírito Santo,32,ES,4108508,RREO-Anexo 03,E,Padrão,PREVISÃO ATUALIZADA 2023,IPVALiquidoExcetoTransferenciasEFUNDEB,IPVA,855179000.0,ES,32,2023,6
2023,RREO,6,B,Governo do Estado do Espírito Santo,32,ES,4108508,RREO-Anexo 03,E,Padrão,<MR-11>,ITCDLiquidoExcetoTransferenciasEFUNDEB,ITCD,15214678.71,ES,32,2023,6
2023,RREO,6,B,Governo do Estado do Espírito Santo,32,ES,4108508,RREO-Anexo 03,E,Padrão,<MR-10>,ITCDLiquidoExcetoTransferenciasEFUNDEB,ITCD,11939115.51,ES,32,2023,6
2023,RREO,6,B,Governo do Estado do Espírito Santo,32,ES,4108508,RREO-Anexo 03,E,Padrão,<MR-9>,ITCDLiquidoExcetoTransferenciasEFUNDEB,ITCD,15397729.08,ES,32,2023,6
2023,RREO,6,B,Governo do Estado do Espírito Santo,32,ES,4108508,RREO-Anexo 03,E,Padrão,<MR-8>,ITCDLiquidoExcetoTransferenciasEFUNDEB,ITCD,10546706.33,ES,32,2023,6
2023,RREO,6,B,Governo do Estado do Espírito Santo,32,ES,4108508,RREO-Anexo 03,E,Padrão,<MR-7>,ITCDLiquidoExcetoTransferenciasEFUNDEB,ITCD,13895766.87,ES,32,2023,6
2023,RREO,6,B,Governo do Estado do Espírito Santo,32,ES,4108508,RREO-Anexo 03,E,Padrão,<MR-6>,ITCDLiquidoExcetoTransferenciasEFUNDEB,ITCD,14294205.91,ES,32,2023,6
2023,RREO,6,B,Governo do Estado do Espírito Santo,32,ES,4108508,RREO-Anexo 03,E,Padrão,<MR-5>,ITCDLiquidoExcetoTransferenciasEFUNDEB,ITCD,11788636.31,ES,32,2023,6
2023,RREO,6,B,Governo do Estado do Espírito Santo,32,ES,4108508,RREO-Anexo 03,E,Padrão,<MR-4>,ITCDLiquidoExcetoTransferenciasEFUNDEB,ITCD,14366436.14,ES,32,2023,6
2023,RREO,6,B,Governo do Estado do Espírito Santo,32,ES,4108508,RREO-Anexo 03,E,Padrão,<MR-3>,ITCDLiquidoExcetoTransferenciasEFUNDEB,ITCD,13972289.12,ES,32,2023,6
2023,RREO,6,B,Governo do Estado do Espírito Santo,32,ES,4108508,RREO-Anexo 03,E,Padrão,<MR-2>,ITCDLiquidoExcetoTransferenciasEFUNDEB,ITCD,11714383.36,ES,32,2023,6
2023,RREO,6,B,Governo do Estado do Espírito Santo,32,ES,4108508,RREO-Anexo 03,E,Padrão,<MR-1>,ITCDLiquidoExcetoTransferenciasEFUNDEB,ITCD,15004178.51,ES,32,2023,6
2023,RREO,6,B,Governo do Estado do Espírito Santo,32,ES,4108508,RREO-Anexo 03,E,Padrão,<MR>,ITCDLiquidoExcetoTransferenciasEFUNDEB,ITCD,15959012.08,ES,32,2023,6
2023,RREO,6,B,Governo do Estado do Espírito Santo,32,ES,4108508,RREO-Anexo 03,E,Padrão,TOTAL (ÚLTIMOS 12 MESES),ITCDLiquidoExcetoTransferenciasEFUNDEB,ITCD,164093137.93,ES,32,2023,6
2023,RREO,6,B,Governo do Estado do Espírito Santo,32,ES,4108508,RREO-Anexo 03,E,Padrão,PREVISÃO ATUALIZADA 2023,ITCDLiquidoExcetoTransferenciasEFUNDEB,ITCD,109999808.0,ES,32,2023,6
2023,RREO,6,B,Governo do Estado do Rio de Janeiro,33,RJ,17463349,RREO-Anexo 03,E,Padrão,<MR-11>,ICMSLiquidoExcetoTransferenciasEFUNDEB,ICMS,4196102843.3,RJ,33,2023,6
2023,RREO,6,B,Governo do Estado do Rio de Janeiro,33,RJ,17463349,RREO-Anexo 03,E,Padrão,<MR-10>,ICMSLiquidoExcetoTransferenciasEFUNDEB,ICMS,3586171749.36,RJ,33,2023,6
2023,RREO,6,B,Governo do Estado do Rio de Janeiro,33,RJ,17463349,RREO-Anexo 03,E,Padrão,<MR-9>,ICMSLiquidoExcetoTransferenciasEFUNDEB,ICMS,3958302110.42,RJ,33,2023,6
2023,RREO,6,B,Governo do Estado do Rio de Janeiro,33,RJ,17463349,RREO-Anexo 03,E,Padrão,<MR-8>,ICMSLiquidoExcetoTransferenciasEFUNDEB,ICMS,4096070071.26,RJ,33,2023,6
2023,RREO,6,B,Governo do Estado do Rio de Janeiro,33,RJ,17463349,RREO-Anexo 03,E,Padrão,<MR-7>,ICMSLiquidoExcetoTransferenciasEFUNDEB,ICMS,4092359699.84,RJ,33,2023,6
2023,RREO,6,B,Governo do Estado do Rio de Janeiro,33,RJ,17463349,RREO-Anexo 03,E,Padrão,<MR-6>,ICMSLiquidoExcetoTransferenciasEFUNDEB,ICMS,4195247132.17,RJ,33,2023,6
2023,RREO,6,B,Governo do Estado do Rio de Janeiro,33,RJ,17463349,RREO-Anexo 03,E,Padrão,<MR-5>,ICMSLiquidoExcetoTransferenciasEFUNDEB,ICMS,4050946517.39,RJ,33,2023,6
2023,RREO,6,B,Governo do Estado do Rio de Janeiro,33,RJ,17463349,RREO-Anexo 03,E,Padrão,<MR-4>,ICMSLiquidoExcetoTransferenciasEFUNDEB,ICMS,4061787291.39,RJ,33,2023,6
2023,RREO,6,B,Governo do Estado do Rio de Janeiro,33,RJ,17463349,RREO-Anexo 03,E,Padrão,<MR-3>,ICMSLiquidoExcetoTransferenciasEFUNDEB,ICMS,4177135650.71,RJ,33,2023,6
2023,RREO,6,B,Governo do Estado do Rio de Janeiro,33,RJ,17463349,RREO-Anexo 03,E,Padrão,<MR-2>,ICMSLiquidoExcetoTransferenciasEFUNDEB,ICMS,4509208940.2,RJ,33,2023,6
2023,RREO,6,B,Governo do Estado do Rio de Janeiro,33,RJ,17463349,RREO-Anexo 03,E,Padrão,<MR-1>,ICMSLiquidoExcetoTransferenciasEFUNDEB,ICMS,4250478252.62,RJ,33,2023,6
2023,RREO,6,B,Governo do Estado do Rio de Janeiro,33,RJ,17463349,RREO-Anexo 03,E,Padrão,<MR>,ICMSLiquidoExcetoTransferenciasEFUNDEB,ICMS,4602007141.47,RJ,33,2023,6
2023,RREO,6,B,Governo do Estado do Rio de Janeiro,33,RJ,17463349,RREO-Anexo 03,E,Padrão,TOTAL (ÚLTIMOS 12 MESES),ICMSLiquidoExcetoTransferenciasEFUNDEB,ICMS,49775817400.13,RJ,33,2023,6
2023,RREO,6,B,Governo do Estado do Rio de Janeiro,33,RJ,17463349,RREO-Anexo 03,E,Padrão,PREVISÃO ATUALIZADA 2023,ICMSLiquidoExcetoTransferenciasEFUNDEB,ICMS,49796469532.36,RJ,33,2023,6
2023,RREO,6,B,Governo do Estado do Rio de Janeiro,33,RJ,17463349,RREO-Anexo 03,E,Padrão,<MR-11>,IPVALiquidoExcetoTransferenciasEFUNDEB,IPVA,1308250896.33,RJ,33,2023,6
2023,RREO,6,B,Governo do Estado do Rio de Janeiro,33,RJ,17463349,RREO-Anexo 03,E,Padrão,<MR-10>,IPVALiquidoExcetoTransferenciasEFUNDEB,IPVA,942576586.41,RJ,33,2023,6
2023,RREO,6,B,Governo do Estado do Rio de Janeiro,33,RJ,17463349,RREO-Anexo 03,E,Padrão,<MR-9>,IPVALiquidoExcetoTransferenciasEFUNDEB,IPVA,741730115.11,RJ,33,2023,6
2023,RREO,6,B,Governo do Estado do Rio de Janeiro,33,RJ,17463349,RREO-Anexo 03,E,Padrão,<MR-8>,IPVALiquidoExcetoTransferenciasEFUNDEB,IPVA,465588310.12,RJ,33,2023,6
2023,RREO,6,B,Governo do Estado do Rio de Janeiro,33,RJ,17463349,RREO-Anexo 03,E,Padrão,<MR-7>,IPVALiquidoExcetoTransferenciasEFUNDEB,IPVA,259226272.68,RJ,33,2023,6
2023,RREO,6,B,Governo do Estado do Rio de Janeiro,33,RJ,17463349,RREO-Anexo 03,E,Padrão,<MR-6>,IPVALiquidoExcetoTransferenciasEFUNDEB,IPVA,200577291.75,RJ,33,2023,6
2023,RREO,6,B,Governo do Estado do Rio de Janeiro,33,RJ,17463349,RREO-Anexo 03,E,Padrão,<MR-5>,IPVALiquidoExcetoTransferenciasEFUNDEB,IPVA,192448194.49,RJ,33,2023,6
2023,RREO,6,B,Governo do Estado do Rio de Janeiro,33,RJ,17463349,RREO-Anexo 03,E,Padrão,<MR-4>,IPVALiquidoExcetoTransferenciasEFUNDEB,IPVA,175080863.45,RJ,33,2023,6
2023,RREO,6,B,Governo do Estado do Rio de Janeiro,33,RJ,17463349,RREO-Anexo 03,E,Padrão,<MR-3>,IPVALiquidoExcetoTransferenciasEFUNDEB,IPVA,137323016.68,RJ,33,2023,6
2023,RREO,6,B,Governo do Estado do Rio de Janeiro,33,RJ,17463349,RREO-Anexo 03,E,Padrão,<MR-2>,IPVALiquidoExcetoTransferenciasEFUNDEB,IPVA,122363618.2,RJ,33,2023,6
2023,RREO,6,B,Governo do Estado do Rio de Janeiro,33,RJ,17463349,RREO-Anexo 03,E,Padrão,<MR-1>,IPVALiquidoExcetoTransferenciasEFUNDEB,IPVA,115173894.56,RJ,33,2023,6
2023,RREO,6,B,Governo do Estado do Rio de Janeiro,33,RJ,17463349,RREO-Anexo 03,E,Padrão,<MR>,IPVALiquidoExcetoTransferenciasEFUNDEB,IPVA,136981997.52,RJ,33,2023,6
2023,RREO,6,B,Governo do Estado do Rio de Janeiro,33,RJ,17463349,RREO-Anexo 03,E,Padrão,TOTAL (ÚLTIMOS 12 MESES),IPVALiquidoExcetoTransferenciasEFUNDEB,IPVA,4797321057.3,RJ,33,2023,6
2023,RREO,6,B,Governo do Estado do Rio de Janeiro,33,RJ,17463349,RREO-Anexo 03,E,Padrão,PREVISÃO ATUALIZADA 2023,IPVALiquidoExcetoTransferenciasEFUNDEB,IPVA,4795727276.92,RJ,33,2023,6
2023,RREO,6,B,Governo do Estado do Rio de Janeiro,33,RJ,17463349,RREO-Anexo 03,E,Padrão,<MR-11>,ITCDLiquidoExcetoTransferenciasEFUNDEB,ITCD,105563256.18,RJ,33,2023,6
2023,RREO,6,B,Governo do Estado do Rio de Janeiro,33,RJ,17463349,RREO-Anexo 03,E,Padrão,<MR-10>,ITCDLiquidoExcetoTransferenciasEFUNDEB,ITCD,89771821.23,RJ,33,2023,6
2023,RREO,6,B,Governo do Estado do Rio de Janeiro,33,RJ,17463349,RREO-Anexo 03,E,Padrão,<MR-9>,ITCDLiquidoExcetoTransferenciasEFUNDEB,ITCD,136936988.34,RJ,33,2023,6
2023,RREO,6,B,Governo do Estado do Rio de Janeiro,33,RJ,17463349,RREO-Anexo 03,E,Padrão,<MR-8>,ITCDLiquidoExcetoTransferenciasEFUNDEB,ITCD,115253113.35,RJ,33,2023,6
2023,RREO,6,B,Governo do Estado do Rio de Janeiro,33,RJ,17463349,RREO-Anexo 03,E,Padrão,<MR-7>,ITCDLiquidoExcetoTransferenciasEFUNDEB,ITCD,126827431.94,RJ,33,2023,6
2023,RREO,6,B,Governo do Estado do Rio de Janeiro,33,RJ,17463349,RREO-Anexo 03,E,Padrão,<MR-6>,ITCDLiquidoExcetoTransferenciasEFUNDEB,ITCD,114579282.78,RJ,33,2023,6
2023,RREO,6,B,Governo do Estado do Rio de Janeiro,33,RJ,17463349,RREO-Anexo 03,E,Padrão,<MR-5>,ITCDLiquidoExcetoTransferenciasEFUNDEB,ITCD,143365045.58,RJ,33,2023,6
2023,RREO,6,B,Governo do Estado do Rio de Janeiro,33,RJ,17463349,RREO-Anexo 03,E,Padrão,<MR-4>,ITCDLiquidoExcetoTransferenciasEFUNDEB,ITCD,117983213.22,RJ,33,2023,6
2023,RREO,6,B,Governo do Estado do Rio de Janeiro,33,RJ,17463349,RREO-Anexo 03,E,Padrão,<MR-3>,ITCDLiquidoExcetoTransferenciasEFUNDEB,ITCD,145029487.9,RJ,33,2023,6
2023,RREO,6,B,Governo do Estado do Rio de Janeiro,33,RJ,17463349,RREO-Anexo 03,E,Padrão,<MR-2>,ITCDLiquidoExcetoTransferenciasEFUNDEB,ITCD,150635249.01,RJ,33,2023,6
2023,RREO,6,B,Governo do Estado do Rio de Janeiro,33,RJ,17463349,RREO-Anexo 03,E,Padrão,<MR-1>,ITCDLiquidoExcetoTransferenciasEFUNDEB,ITCD,131226529.38,RJ,33,2023,6
2023,RREO,6,B,Governo do Estado do Rio de Janeiro,33,RJ,17463349,RREO-Anexo 03,E,Padrão,<MR>,ITCDLiquidoExcetoTransferenciasEFUNDEB,ITCD,219645186.32,RJ,33,2023,6
2023,RREO,6,B,Governo do Estado do Rio de Janeiro,33,RJ,17463349,RREO-Anexo 03,E,Padrão,TOTAL (ÚLTIMOS 12 MESES),ITCDLiquidoExcetoTransferenciasEFUNDEB,ITCD,1596816605.23,RJ,33,2023,6
2023,RREO,6,B,Governo do Estado do Rio de Janeiro,33,RJ,17463349,RREO-Anexo 03,E,Padrão,PREVISÃO ATUALIZADA 2023,ITCDLiquidoExcetoTransferenciasEFUNDEB,ITCD,1598248845.77,RJ,33,2023,6
2023,RREO,6,B,Governo do Estado de São Paulo,35,SP,46649132,RREO-Anexo 03,E,Padrão,<MR-11>,ICMSLiquidoExcetoTransferenciasEFUNDEB,ICMS,15711337344.68,SP,35,2023,6
2023,RREO,6,B,Governo do Estado de São Paulo,35,SP,46649132,RREO-Anexo 03,E,Padrão,<MR-10>,ICMSLiquidoExcetoTransferenciasEFUNDEB,ICMS,14697067987.1,SP,35,2023,6
2023,RREO,6,B,Governo do Estado de São Paulo,35,SP,46649132,RREO-Anexo 03,E,Padrão,<MR-9>,ICMSLiquidoExcetoTransferenciasEFUNDEB,ICMS,15334484725.6,SP,35,2023,6
2023,RREO,6,B,Governo do Estado de São Paulo,35,SP,46649132,RREO-Anexo 03,E,Padrão,<MR-8>,ICMSLiquidoExcetoTransferenciasEFUNDEB,ICMS,16095812858.42,SP,35,2023,6
2023,RREO,6,B,Governo do Estado de São Paulo,35,SP,46649132,RREO-Anexo 03,E,Padrão,<MR-7>,ICMSLiquidoExcetoTransferenciasEFUNDEB,ICMS,15314216444.09,SP,35,2023,6
2023,RREO,6,B,Governo do Estado de São Paulo,35,SP,46649132,RREO-Anexo 03,E,Padrão,<MR-6>,ICMSLiquidoExcetoTransferenciasEFUNDEB,ICMS,16504111261.54,SP,35,2023,6
2023,RREO,6,B,Governo do Estado de São Paulo,35,SP,46649132,RREO-Anexo 03,E,Padrão,<MR-5>,ICMSLiquidoExcetoTransferenciasEFUNDEB,ICMS,15963589007.0,SP,35,2023,6
2023,RREO,6,B,Governo do Estado de São Paulo,35,SP,46649132,RREO-Anexo 03,E,Padrão,<MR-4>,ICMSLiquidoExcetoTransferenciasEFUNDEB,ICMS,16697225020.54,SP,35,2023,6
2023,RREO,6,B,Governo do Estado de São Paulo,35,SP,46649132,RREO-Anexo 03,E,Padrão,<MR-3>,ICMSLiquidoExcetoTransferenciasEFUNDEB,ICMS,17380101125.48,SP,35,2023,6
2023,RREO,6,B,Governo do Estado de São Paulo,35,SP,46649132,RREO-Anexo 03,E,Padrão,<MR-2>,ICMSLiquidoExcetoTransferenciasEFUNDEB,ICMS,17392923878.9,SP,35,2023,6
2023,RREO,6,B,Governo do Estado de São Paulo,35,SP,46649132,RREO-Anexo 03,E,Padrão,<MR-1>,ICMSLiquidoExcetoTransferenciasEFUNDEB,ICMS,17182493508.67,SP,35,2023,6
2023,RREO,6,B,Governo do Estado de São Paulo,35,SP,46649132,RREO-Anexo 03,E,Padrão,<MR>,ICMSLiquidoExcetoTransferenciasEFUNDEB,ICMS,18417573603.76,SP,35,2023,6
2023,RREO,6,B,Governo do Estado de São Paulo,35,SP,46649132,RREO-Anexo 03,E,Padrão,TOTAL (ÚLTIMOS 12 MESES),ICMSLiquidoExcetoTransferenciasEFUNDEB,ICMS,196690936765.78,SP,35,2023,6
2023,RREO,6,B,Governo do Estado de São Paulo,35,SP,46649132,RREO-Anexo 03,E,Padrão,PREVISÃO ATUALIZADA 2023,ICMSLiquidoExcetoTransferenciasEFUNDEB,ICMS,196445017472.93,SP,35,2023,6
2023,RREO,6,B,Governo do Estado de São Paulo,35,SP,46649132,RREO-Anexo 03,E,Padrão,<MR-11>,IPVALiquidoExcetoTransferenciasEFUNDEB,IPVA,10334309322.65,SP,35,2023,6
2023,RREO,6,B,Governo do Estado de São Paulo,35,SP,46649132,RREO-Anexo 03,E,Padrão,<MR-10>,IPVALiquidoExcetoTransferenciasEFUNDEB,IPVA,3661101053.56,SP,35,2023,6
2023,RREO,6,B,Governo do Estado de São Paulo,35,SP,46649132,RREO-Anexo 03,E,Padrão,<MR-9>,IPVALiquidoExcetoTransferenciasEFUNDEB,IPVA,3030583344.19,SP,35,2023,6
2023,RREO,6,B,Governo do Estado de São Paulo,35,SP,46649132,RREO-Anexo 03,E,Padrão,<MR-8>,IPVALiquidoExcetoTransferenciasEFUNDEB,IPVA,2476660703.42,SP,35,2023,6
2023,RREO,6,B,Governo do Estado de São Paulo,35,SP,46649132,RREO-Anexo 03,E,Padrão,<MR-7>,IPVALiquidoExcetoTransferenciasEFUNDEB,IPVA,2446810137.6,SP,35,2023,6
2023,RREO,6,B,Governo do Estado de São Paulo,35,SP,46649132,RREO-Anexo 03,E,Padrão,<MR-6>,IPVALiquidoExcetoTransferenciasEFUNDEB,IPVA,837118451.93,SP,35,2023,6
2023,RREO,6,B,Governo do Estado de São Paulo,35,SP,46649132,RREO-Anexo 03,E,Padrão,<MR-5>,IPVALiquidoExcetoTransferenciasEFUNDEB,IPVA,931777131.32,SP,35,2023,6
2023,RREO,6,B,Governo do Estado de São Paulo,35,SP,46649132,RREO-Anexo 03,E,Padrão,<MR-4>,IPVALiquidoExcetoTransferenciasEFUNDEB,IPVA,1056465617.46,SP,35,2023,6
2023,RREO,6,B,Governo do Estado de São Paulo,35,SP,46649132,RREO-Anexo 03,E,Padrão,<MR-3>,IPVALiquidoExcetoTransferenciasEFUNDEB,IPVA,902391401.96,SP,35,2023,6
2023,RREO,6,B,Governo do Estado de São Paulo,35,SP,46649132,RREO-Anexo 03,E,Padrão,<MR-2>,IPVALiquidoExcetoTransferenciasEFUNDEB,IPVA,844274896.61,SP,35,2023,6
2023,RREO,6,B,Governo do Estado de São Paulo,35,SP,46649132,RREO-Anexo 03,E,Padrão,<MR-1>,IPVALiquidoExcetoTransferenciasEFUNDEB,IPVA,740947660.46,SP,35,2023,6
2023,RREO,6,B,Governo do Estado de São Paulo,35,SP,46649132,RREO-Anexo 03,E,Padrão,<MR>,IPVALiquidoExcetoTransferenciasEFUNDEB,IPVA,999543949.51,SP,35,2023,6
2023,RREO,6,B,Governo do Estado de São Paulo,35,SP,46649132,RREO-Anexo 03,E,Padrão,TOTAL (ÚLTIMOS 12 MESES),IPVALiquidoExcetoTransferenciasEFUNDEB,IPVA,28261983670.67,SP,35,2023,6
2023,RREO,6,B,Governo do Estado de São Paulo,35,SP,46649132,RREO-Anexo 03,E,Padrão,PREVISÃO ATUALIZADA 2023,IPVALiquidoExcetoTransferenciasEFUNDEB,IPVA,28141000000.0,SP,35,2023,6
2023,RREO,6,B,Governo do Estado de São Paulo,35,SP,46649132,RREO-Anexo 03,E,Padrão,<MR-11>,ITCDLiquidoExcetoTransferenciasEFUNDEB,ITCD,178587232.94,SP,35,2023,6
2023,RREO,6,B,Governo do Estado de São Paulo,35,SP,46649132,RREO-Anexo 03,E,Padrão,<MR-10>,ITCDLiquidoExcetoTransferenciasEFUNDEB,ITCD,270865087.58,SP,35,2023,6
2023,RREO,6,B,Governo do Estado de São Paulo,35,SP,46649132,RREO-Anexo 03,E,Padrão,<MR-9>,ITCDLiquidoExcetoTransferenciasEFUNDEB,ITCD,342543331.24,SP,35,2023,6
2023,RREO,6,B,Governo do Estado de São Paulo,35,SP,46649132,RREO-Anexo 03,E,Padrão,<MR-8>,ITCDLiquidoExcetoTransferenciasEFUNDEB,ITCD,276005432.69,SP,35,2023,6
2023,RREO,6,B,Governo do Estado de São Paulo,35,SP,46649132,RREO-Anexo 03,E,Padrão,<MR-7>,ITCDLiquidoExcetoTransferenciasEFUNDEB,ITCD,399362447.96,SP,35,2023,6
2023,RREO,6,B,Governo do Estado de São Paulo,35,SP,46649132,RREO-Anexo 03,E,Padrão,<MR-6>,ITCDLiquidoExcetoTransferenciasEFUNDEB,ITCD,332638541.41,SP,35,2023,6
2023,RREO,6,B,Governo do Estado de São Paulo,35,SP,46649132,RREO-Anexo 03,E,Padrão,<MR-5>,ITCDLiquidoExcetoTransferenciasEFUNDEB,ITCD,329627464.07,SP,35,2023,6
2023,RREO,6,B,Governo do Estado de São Paulo,35,SP,46649132,RREO-Anexo 03,E,Padrão,<MR-4>,ITCDLiquidoExcetoTransferenciasEFUNDEB,ITCD,440215727.36,SP,35,2023,6
2023,RREO,6,B,Governo do Estado de São Paulo,35,SP,46649132,RREO-Anexo 03,E,Padrão,<MR-3>,ITCDLiquidoExcetoTransferenciasEFUNDEB,ITCD,434300486.21,SP,35,2023,6
2023,RREO,6,B,Governo do Estado de São Paulo,35,SP,46649132,RREO-Anexo 03,E,Padrão,<MR-2>,ITCDLiquidoExcetoTransferenciasEFUNDEB,ITCD,395679173.17,SP,35,2023,6
2023,RREO,6,B,Governo do Estado de São Paulo,35,SP,46649132,RREO-Anexo 03,E,Padrão,<MR-1>,ITCDLiquidoExcetoTransferenciasEFUNDEB,ITCD,531203825.36,SP,35,2023,6
2023,RREO,6,B,Governo do Estado de São Paulo,35,SP,46649132,RREO-Anexo 03,E,Padrão,<MR>,ITCDLiquidoExcetoTransferenciasEFUNDEB,ITCD,907219956.72,SP,35,2023,6
2023,RREO,6,B,Governo do Estado de São Paulo,35,SP,46649132,RREO-Anexo 03,E,Padrão,TOTAL (ÚLTIMOS 12 MESES),ITCDLiquidoExcetoTransferenciasEFUNDEB,ITCD,4838248706.71,SP,35,2023,6
2023,RREO,6,B,Governo do Estado de São Paulo,35,SP,46649132,RREO-Anexo 03,E,Padrão,PREVISÃO ATUALIZADA 2023,ITCDLiquidoExcetoTransferenciasEFUNDEB,ITCD,4651567000.0,SP,35,2023,6
2023,RREO,6,B,Governo do Estado do Paraná,41,PR,11597484,RREO-Anexo 03,E,Padrão,<MR-11>,ICMSLiquidoExcetoTransferenciasEFUNDEB,ICMS,3364949095.16,PR,41,2023,6
2023,RREO,6,B,Governo do Estado do Paraná,41,PR,11597484,RREO-Anexo 03,E,Padrão,<MR-10>,ICMSLiquidoExcetoTransferenciasEFUNDEB,ICMS,2855161628.34,PR,41,2023,6
2023,RREO,6,B,Governo do Estado do Paraná,41,PR,11597484,RREO-Anexo 03,E,Padrão,<MR-9>,ICMSLiquidoExcetoTransferenciasEFUNDEB,ICMS,3296031118.78,PR,41,2023,6
2023,RREO,6,B,Governo do Estado do Paraná,41,PR,11597484,RREO-Anexo 03,E,Padrão,<MR-8>,ICMSLiquidoExcetoTransferenciasEFUNDEB,ICMS,3684096656.1,PR,41,2023,6
2023,RREO,6,B,Governo do Estado do Paraná,41,PR,11597484,RREO-Anexo 03,E,Padrão,<MR-7>,ICMSLiquidoExcetoTransferenciasEFUNDEB,ICMS,3607158294.63,PR,41,2023,6
2023,RREO,6,B,Governo do Estado do Paraná,41,PR,11597484,RREO-Anexo 03,E,Padrão,<MR-6>,ICMSLiquidoExcetoTransferenciasEFUNDEB,ICMS,3570698009.98,PR,41,2023,6
2023,RREO,6,B,Governo do Estado do Paraná,41,PR,11597484,RREO-Anexo 03,E,Padrão,<MR-5>,ICMSLiquidoExcetoTransferenciasEFUNDEB,ICMS,3602911774.12,PR,41,2023,6
2023,RREO,6,B,Governo do Estado do Paraná,41,PR,11597484,RREO-Anexo 03,E,Padrão,<MR-4>,ICMSLiquidoExcetoTransferenciasEFUNDEB,ICMS,3943652171.65,PR,41,2023,6
2023,RREO,6,B,Governo do Estado do Paraná,41,PR,11597484,RREO-Anexo 03,E,Padrão,<MR-3>,ICMSLiquidoExcetoTransferenciasEFUNDEB,ICMS,4072014723.48,PR,41,2023,6
2023,RREO,6,B,Governo do Estado do Paraná,41,PR,11597484,RREO-Anexo 03,E,Padrão,<MR-2>,ICMSLiquidoExcetoTransferenciasEFUNDEB,ICMS,3908755232.17,PR,41,2023,6
2023,RREO,6,B,Governo do Estado do Paraná,41,PR,11597484,RREO-Anexo 03,E,Padrão,<MR-1>,ICMSLiquidoExcetoTransferenciasEFUNDEB,ICMS,4041798621.9,PR,41,2023,6
2023,RREO,6,B,Governo do Estado do Paraná,41,PR,11597484,RREO-Anexo 03,E,Padrão,<MR>,ICMSLiquidoExcetoTransferenciasEFUNDEB,ICMS,4662107482.51,PR,41,2023,6
2023,RREO,6,B,Governo do Estado do Paraná,41,PR,11597484,RREO-Anexo 03,E,Padrão,TOTAL (ÚLTIMOS 12 MESES),ICMSLiquidoExcetoTransferenciasEFUNDEB,ICMS,44609334808.82,PR,41,2023,6
2023,RREO,6,B,Governo do Estado do Paraná,41,PR,11597484,RREO-Anexo 03,E,Padrão,PREVISÃO ATUALIZADA 2023,ICMSLiquidoExcetoTransferenciasEFUNDEB,ICMS,39199151596.0,PR,41,2023,6
2023,RREO,6,B,Governo do Estado do Paraná,41,PR,11597484,RREO-Anexo 03,E,Padrão,<MR-11>,IPVALiquidoExcetoTransferenciasEFUNDEB,IPVA,2304171992.47,PR,41,2023,6
2023,RREO,6,B,Governo do Estado do Paraná,41,PR,11597484,RREO-Anexo 03,E,Padrão,<MR-10>,IPVALiquidoExcetoTransferenciasEFUNDEB,IPVA,775077442.33,PR,41,2023,6
2023,RREO,6,B,Governo do Estado do Paraná,41,PR,11597484,RREO-Anexo 03,E,Padrão,<MR-9>,IPVALiquidoExcetoTransferenciasEFUNDEB,IPVA,783007851.92,PR,41,2023,6
2023,RREO,6,B,Governo do Estado do Paraná,41,PR,11597484,RREO-Anexo 03,E,Padrão,<MR-8>,IPVALiquidoExcetoTransferenciasEFUNDEB,IPVA,678623351.01,PR,41,2023,6
2023,RREO,6,B,Governo do Estado do Paraná,41,PR,11597484,RREO-Anexo 03,E,Padrão,<MR-7>,IPVALiquidoExcetoTransferenciasEFUNDEB,IPVA,678147668.65,PR,41,2023,6
2023,RREO,6,B,Governo do Estado do Paraná,41,PR,11597484,RREO-Anexo 03,E,Padrão,<MR-6>,IPVALiquidoExcetoTransferenciasEFUNDEB,IPVA,255940713.59,PR,41,2023,6
2023,RREO,6,B,Governo do Estado do Paraná,41,PR,11597484,RREO-Anexo 03,E,Padrão,<MR-5>,IPVALiquidoExcetoTransferenciasEFUNDEB,IPVA,210357585.84,PR,41,2023,6
2023,RREO,6,B,Governo do Estado do Paraná,41,PR,11597484,RREO-Anexo 03,E,Padrão,<MR-4>,IPVALiquidoExcetoTransferenciasEFUNDEB,IPVA,191882220.32,PR,41,2023,6
2023,RREO,6,B,Governo do Estado do Paraná,41,PR,11597484,RREO-Anexo 03,E,Padrão,<MR-3>,IPVALiquidoExcetoTransferenciasEFUNDEB,IPVA,165439068.28,PR,41,2023,6
2023,RREO,6,B,Governo do Estado do Paraná,41,PR,11597484,RREO-Anexo 03,E,Padrão,<MR-2>,IPVALiquidoExcetoTransferenciasEFUNDEB,IPVA,150236349.86,PR,41,2023,6
2023,RREO,6,B,Governo do Estado do Paraná,41,PR,11597484,RREO-Anexo 03,E,Padrão,<MR-1>,IPVALiquidoExcetoTransferenciasEFUNDEB,IPVA,134131002.91,PR,41,2023,6
2023,RREO,6,B,Governo do Estado do Paraná,41,PR,11597484,RREO-Anexo 03,E,Padrão,<MR>,IPVALiquidoExcetoTransferenciasEFUNDEB,IPVA,161151003.94,PR,41,2023,6
2023,RREO,6,B,Governo do Estado do Paraná,41,PR,11597484,RREO-Anexo 03,E,Padrão,TOTAL (ÚLTIMOS 12 MESES),IPVALiquidoExcetoTransferenciasEFUNDEB,IPVA,6488166251.12,PR,41,2023,6
2023,RREO,6,B,Governo do Estado do Paraná,41,PR,11597484,RREO-Anexo 03,E,Padrão,PREVISÃO ATUALIZADA 2023,IPVALiquidoExcetoTransferenciasEFUNDEB,IPVA,5752061010.0,PR,41,2023,6
2023,RREO,6,B,Governo do Estado do Paraná,41,PR,11597484,RREO-Anexo 03,E,Padrão,<MR-11>,ITCDLiquidoExcetoTransferenciasEFUNDEB,ITCD,81930297.84,PR,41,2023,6
2023,RREO,6,B,Governo do Estado do Paraná,41,PR,11597484,RREO-Anexo 03,E,Padrão,<MR-10>,ITCDLiquidoExcetoTransferenciasEFUNDEB,ITCD,75155893.4,PR,41,2023,6
2023,RREO,6,B,Governo do Estado do Paraná,41,PR,11597484,RREO-Anexo 03,E,Padrão,<MR-9>,ITCDLiquidoExcetoTransferenciasEFUNDEB,ITCD,107259624.1,PR,41,2023,6
2023,RREO,6,B,Governo do Estado do Paraná,41,PR,11597484,RREO-Anexo 03,E,Padrão,<MR-8>,ITCDLiquidoExcetoTransferenciasEFUNDEB,ITCD,80999825.36,PR,41,2023,6
2023,RREO,6,B,Governo do Estado do Paraná,41,PR,11597484,RREO-Anexo 03,E,Padrão,<MR-7>,ITCDLiquidoExcetoTransferenciasEFUNDEB,ITCD,95144737.38,PR,41,2023,6
2023,RREO,6,B,Governo do Estado do Paraná,41,PR,11597484,RREO-Anexo 03,E,Padrão,<MR-6>,ITCDLiquidoExcetoTransferenciasEFUNDEB,ITCD,98959091.74,PR,41,2023,6
2023,RREO,6,B,Governo do Estado do Paraná,41,PR,11597484,RREO-Anexo 03,E,Padrão,<MR-5>,ITCDLiquidoExcetoTransferenciasEFUNDEB,ITCD,96695669.34,PR,41,2023,6
2023,RREO,6,B,Governo do Estado do Paraná,41,PR,11597484,RREO-Anexo 03,E,Padrão,<MR-4>,ITCDLiquidoExcetoTransferenciasEFUNDEB,ITCD,124515892.22,PR,41,2023,6
2023,RREO,6,B,Governo do Estado do Paraná,41,PR,11597484,RREO-Anexo 03,E,Padrão,<MR-3>,ITCDLiquidoExcetoTransferenciasEFUNDEB,ITCD,103254351.08,PR,41,2023,6
2023,RREO,6,B,Governo do Estado do Paraná,41,PR,11597484,RREO-Anexo 03,E,Padrão,<MR-2>,ITCDLiquidoExcetoTransferenciasEFUNDEB,ITCD,132864516.72,PR,41,2023,6
2023,RREO,6,B,Governo do Estado do Paraná,41,PR,11597484,RREO-Anexo 03,E,Padrão,<MR-1>,ITCDLiquidoExcetoTransferenciasEFUNDEB,ITCD,118170757.3,PR,41,2023,6
2023,RREO,6,B,Governo do Estado do Paraná,41,PR,11597484,RREO-Anexo 03,E,Padrão,<MR>,ITCDLiquidoExcetoTransferenciasEFUNDEB,ITCD,168651194.05,PR,41,2023,6
2023,RREO,6,B,Governo do Estado do Paraná,41,PR,11597484,RREO-Anexo 03,E,Padrão,TOTAL (ÚLTIMOS 12 MESES),ITCDLiquidoExcetoTransferenciasEFUNDEB,ITCD,1283601850.53,PR,41,2023,6
2023,RREO,6,B,Governo do Estado do Paraná,41,PR,11597484,RREO-Anexo 03,E,Padrão,PREVISÃO ATUALIZADA 2023,ITCDLiquidoExcetoTransferenciasEFUNDEB,ITCD,1192391000.0,PR,41,2023,6
2023,RREO,6,B,Governo do Estado de Santa Catarina,42,SC,7338473,RREO-Anexo 03,E,Padrão,<MR-11>,ICMSLiquidoExcetoTransferenciasEFUNDEB,ICMS,2905371894.62,SC,42,2023,6
2023,RREO,6,B,Governo do Estado de Santa Catarina,42,SC,7338473,RREO-Anexo 03,E,Padrão,<MR-10>,ICMSLiquidoExcetoTransferenciasEFUNDEB,ICMS,2833772923.82,SC,42,2023,6
2023,RREO,6,B,Governo do Estado de Santa Catarina,42,SC,7338473,RREO-Anexo 03,E,Padrão,<MR-9>,ICMSLiquidoExcetoTransferenciasEFUNDEB,ICMS,2776435785.26,SC,42,2023,6
2023,RREO,6,B,Governo do Estado de Santa Catarina,42,SC,7338473,RREO-Anexo 03,E,Padrão,<MR-8>,ICMSLiquidoExcetoTransferenciasEFUNDEB,ICMS,3076577467.63,SC,42,2023,6
2023,RREO,6,B,Governo do Estado de Santa Catarina,42,SC,7338473,RREO-Anexo 03,E,Padrão,<MR-7>,ICMSLiquidoExcetoTransferenciasEFUNDEB,ICMS,2896651732.96,SC,42,2023,6
2023,RREO,6,B,Governo do Estado de Santa Catarina,42,SC,7338473,RREO-Anexo 03,E,Padrão,<MR-6>,ICMSLiquidoExcetoTransferenciasEFUNDEB,ICMS,3001737913.02,SC,42,2023,6
2023,RREO,6,B,Governo do Estado de Santa Catarina,42,SC,7338473,RREO-Anexo 03,E,Padrão,<MR-5>,ICMSLiquidoExcetoTransferenciasEFUNDEB,ICMS,2988902351.66,SC,42,2023,6
2023,RREO,6,B,Governo do Estado de Santa Catarina,42,SC,7338473,RREO-Anexo 03,E,Padrão,<MR-4>,ICMSLiquidoExcetoTransferenciasEFUNDEB,ICMS,2971680062.72,SC,42,2023,6
2023,RREO,6,B,Governo do Estado de Santa Catarina,42,SC,7338473,RREO-Anexo 03,E,Padrão,<MR-3>,ICMSLiquidoExcetoTransferenciasEFUNDEB,ICMS,3141202928.33,SC,42,2023,6
2023,RREO,6,B,Governo do Estado de Santa Catarina,42,SC,7338473,RREO-Anexo 03,E,Padrão,<MR-2>,ICMSLiquidoExcetoTransferenciasEFUNDEB,ICMS,3137373862.36,SC,42,2023,6
2023,RREO,6,B,Governo do Estado de Santa Catarina,42,SC,7338473,RREO-Anexo 03,E,Padrão,<MR-1>,ICMSLiquidoExcetoTransferenciasEFUNDEB,ICMS,3210474214.0,SC,42,2023,6
2023,RREO,6,B,Governo do Estado de Santa Catarina,42,SC,7338473,RREO-Anexo 03,E,Padrão,<MR>,ICMSLiquidoExcetoTransferenciasEFUNDEB,ICMS,3318214743.52,SC,42,2023,6
2023,RREO,6,B,Governo do Estado de Santa Catarina,42,SC,7338473,RREO-Anexo 03,E,Padrão,TOTAL (ÚLTIMOS 12 MESES),ICMSLiquidoExcetoTransferenciasEFUNDEB,ICMS,36258395879.9,SC,42,2023,6
2023,RREO,6,B,Governo do Estado de Santa Catarina,42,SC,7338473,RREO-Anexo 03,E,Padrão,PREVISÃO ATUALIZADA 2023,ICMSLiquidoExcetoTransferenciasEFUNDEB,ICMS,38475447580.0,SC,42,2023,6
2023,RREO,6,B,Governo do Estado de Santa Catarina,42,SC,7338473,RREO-Anexo 03,E,Padrão,<MR-11>,IPVALiquidoExcetoTransferenciasEFUNDEB,IPVA,301085002.82,SC,42,2023,6
2023,RREO,6,B,Governo do Estado de Santa Catarina,42,SC,7338473,RREO-Anexo 03,E,Padrão,<MR-10>,IPVALiquidoExcetoTransferenciasEFUNDEB,IPVA,304438889.34,SC,42,2023,6
2023,RREO,6,B,Governo do Estado de Santa Catarina,42,SC,7338473,RREO-Anexo 03,E,Padrão,<MR-9>,IPVALiquidoExcetoTransferenciasEFUNDEB,IPVA,389202194.59,SC,42,2023,6
2023,RREO,6,B,Governo do Estado de Santa Catarina,42,SC,7338473,RREO-Anexo 03,E,Padrão,<MR-8>,IPVALiquidoExcetoTransferenciasEFUNDEB,IPVA,325279781.71,SC,42,2023,6
2023,RREO,6,B,Governo do Estado de Santa Catarina,42,SC,7338473,RREO-Anexo 03,E,Padrão,<MR-7>,IPVALiquidoExcetoTransferenciasEFUNDEB,IPVA,423893001.08,SC,42,2023,6
2023,RREO,6,B,Governo do Estado de Santa Catarina,42,SC,7338473,RREO-Anexo 03,E,Padrão,<MR-6>,IPVALiquidoExcetoTransferenciasEFUNDEB,IPVA,371866497.34,SC,42,2023,6
2023,RREO,6,B,Governo do Estado de Santa Catarina,42,SC,7338473,RREO-Anexo 03,E,Padrão,<MR-5>,IPVALiquidoExcetoTransferenciasEFUNDEB,IPVA,368951543.06,SC,42,2023,6
2023,RREO,6,B,Governo do Estado de Santa Catarina,42,SC,7338473,RREO-Anexo 03,E,Padrão,<MR-4>,IPVALiquidoExcetoTransferenciasEFUNDEB,IPVA,358882821.48,SC,42,2023,6
2023,RREO,6,B,Governo do Estado de Santa Catarina,42,SC,7338473,RREO-Anexo 03,E,Padrão,<MR-3>,IPVALiquidoExcetoTransferenciasEFUNDEB,IPVA,292468769.73,SC,42,2023,6
2023,RREO,6,B,Governo do Estado de Santa Catarina,42,SC,7338473,RREO-Anexo 03,E,Padrão,<MR-2>,IPVALiquidoExcetoTransferenciasEFUNDEB,IPVA,347327971.36,SC,42,2023,6
2023,RREO,6,B,Governo do Estado de Santa Catarina,42,SC,7338473,RREO-Anexo 03,E,Padrão,<MR-1>,IPVALiquidoExcetoTransferenciasEFUNDEB,IPVA,175392457.25,SC,42,2023,6
2023,RREO,6,B,Governo do Estado de Santa Catarina,42,SC,7338473,RREO-Anexo 03,E,Padrão,<MR>,IPVALiquidoExcetoTransferenciasEFUNDEB,IPVA,125934148.34,SC,42,2023,6
2023,RREO,6,B,Governo do Estado de Santa Catarina,42,SC,7338473,RREO-Anexo 03,E,Padrão,TOTAL (ÚLTIMOS 12 MESES),IPVALiquidoExcetoTransferenciasEFUNDEB,IPVA,3784723078.1,SC,42,2023,6
2023,RREO,6,B,Governo do Estado de Santa Catarina,42,SC,7338473,RREO-Anexo 03,E,Padrão,PREVISÃO ATUALIZADA 2023,IPVALiquidoExcetoTransferenciasEFUNDEB,IPVA,2695790000.0,SC,42,2023,6
2023,RREO,6,B,Governo do Estado de Santa Catarina,42,SC,7338473,RREO-Anexo 03,E,Padrão,<MR-11>,ITCDLiquidoExcetoTransferenciasEFUNDEB,ITCD,56592111.23,SC,42,2023,6
2023,RREO,6,B,Governo do Estado de Santa Catarina,42,SC,7338473,RREO-Anexo 03,E,Padrão,<MR-10>,ITCDLiquidoExcetoTransferenciasEFUNDEB,ITCD,58120565.71,SC,42,2023,6
2023,RREO,6,B,Governo do Estado de Santa Catarina,42,SC,7338473,RREO-Anexo 03,E,Padrão,<MR-9>,ITCDLiquidoExcetoTransferenciasEFUNDEB,ITCD,85796928.51,SC,42,2023,6
2023,RREO,6,B,Governo do Estado de Santa Catarina,42,SC,7338473,RREO-Anexo 03,E,Padrão,<MR-8>,ITCDLiquidoExcetoTransferenciasEFUNDEB,ITCD,114189199.61,SC,42,2023,6
2023,RREO,6,B,Governo do Estado de Santa Catarina,42,SC,7338473,RREO-Anexo 03,E,Padrão,<MR-7>,ITCDLiquidoExcetoTransferenciasEFUNDEB,ITCD,93307654.31,SC,42,2023,6
2023,RREO,6,B,Governo do Estado de Santa Catarina,42,SC,7338473,RREO-Anexo 03,E,Padrão,<MR-6>,ITCDLiquidoExcetoTransferenciasEFUNDEB,ITCD,65744648.08,SC,42,2023,6
2023,RREO,6,B,Governo do Estado de Santa Catarina,42,SC,7338473,RREO-Anexo 03,E,Padrão,<MR-5>,ITCDLiquidoExcetoTransferenciasEFUNDEB,ITCD,70588914.5,SC,42,2023,6
2023,RREO,6,B,Governo do Estado de Santa Catarina,42,SC,7338473,RREO-Anexo 03,E,Padrão,<MR-4>,ITCDLiquidoExcetoTransferenciasEFUNDEB,ITCD,80335740.04,SC,42,2023,6
2023,RREO,6,B,Governo do Estado de Santa Catarina,42,SC,7338473,RREO-Anexo 03,E,Padrão,<MR-3>,ITCDLiquidoExcetoTransferenciasEFUNDEB,ITCD,78034602.89,SC,42,2023,6
2023,RREO,6,B,Governo do Estado de Santa Catarina,42,SC,7338473,RREO-Anexo 03,E,Padrão,<MR-2>,ITCDLiquidoExcetoTransferenciasEFUNDEB,ITCD,74683793.44,SC,42,2023,6
2023,RREO,6,B,Governo do Estado de Santa Catarina,42,SC,7338473,RREO-Anexo 03,E,Padrão,<MR-1>,ITCDLiquidoExcetoTransferenciasEFUNDEB,ITCD,92673848.77,SC,42,2023,6
2023,RREO,6,B,Governo do Estado de Santa Catarina,42,SC,7338473,RREO-Anexo 03,E,Padrão,<MR>,ITCDLiquidoExcetoTransferenciasEFUNDEB,ITCD,82483939.8,SC,42,2023,6
2023,RREO,6,B,Governo do Estado de Santa Catarina,42,SC,7338473,RREO-Anexo 03,E,Padrão,TOTAL (ÚLTIMOS 12 MESES),ITCDLiquidoExcetoTransferenciasEFUNDEB,ITCD,952551946.89,SC,42,2023,6
2023,RREO,6,B,Governo do Estado de Santa Catarina,42,SC,7338473,RREO-Anexo 03,E,Padrão,PREVISÃO ATUALIZADA 2023,ITCDLiquidoExcetoTransferenciasEFUNDEB,ITCD,795396580.0,SC,42,2023,6
2023,RREO,6,B,Governo do Estado do Rio Grande do Sul,43,RS,11466630,RREO-Anexo 03,E,Padrão,<MR-11>,ICMSLiquidoExcetoTransferenciasEFUNDEB,ICMS,3604480902.32,RS,43,2023,6
2023,RREO,6,B,Governo do Estado do Rio Grande do Sul,43,RS,11466630,RREO-Anexo 03,E,Padrão,<MR-10>,ICMSLiquidoExcetoTransferenciasEFUNDEB,ICMS,2977684199.97,RS,43,2023,6
2023,RREO,6,B,Governo do Estado do Rio Grande do Sul,43,RS,11466630,RREO-Anexo 03,E,Padrão,<MR-9>,ICMSLiquidoExcetoTransferenciasEFUNDEB,ICMS,3197803020.65,RS,43,2023,6
2023,RREO,6,B,Governo do Estado do Rio Grande do Sul,43,RS,11466630,RREO-Anexo 03,E,Padrão,<MR-8>,ICMSLiquidoExcetoTransferenciasEFUNDEB,ICMS,4038573390.17,RS,43,2023,6
2023,RREO,6,B,Governo do Estado do Rio Grande do Sul,43,RS,11466630,RREO-Anexo 03,E,Padrão,<MR-7>,ICMSLiquidoExcetoTransferenciasEFUNDEB,ICMS,3741794874.32,RS,43,2023,6
2023,RREO,6,B,Governo do Estado do Rio Grande do Sul,43,RS,11466630,RREO-Anexo 03,E,Padrão,<MR-6>,ICMSLiquidoExcetoTransferenciasEFUNDEB,ICMS,3688102601.16,RS,43,2023,6
2023,RREO,6,B,Governo do Estado do Rio Grande do Sul,43,RS,11466630,RREO-Anexo 03,E,Padrão,<MR-5>,ICMSLiquidoExcetoTransferenciasEFUNDEB,ICMS,3730849238.63,RS,43,2023,6
2023,RREO,6,B,Governo do Estado do Rio Grande do Sul,43,RS,11466630,RREO-Anexo 03,E,Padrão,<MR-4>,ICMSLiquidoExcetoTransferenciasEFUNDEB,ICMS,3752693726.34,RS,43,2023,6
2023,RREO,6,B,Governo do Estado do Rio Grande do Sul,43,RS,11466630,RREO-Anexo 03,E,Padrão,<MR-3>,ICMSLiquidoExcetoTransferenciasEFUNDEB,ICMS,4138744498.93,RS,43,2023,6
2023,RREO,6,B,Governo do Estado do Rio Grande do Sul,43,RS,11466630,RREO-Anexo 03,E,Padrão,<MR-2>,ICMSLiquidoExcetoTransferenciasEFUNDEB,ICMS,3824421672.31,RS,43,2023,6
2023,RREO,6,B,Governo do Estado do Rio Grande do Sul,43,RS,11466630,RREO-Anexo 03,E,Padrão,<MR-1>,ICMSLiquidoExcetoTransferenciasEFUNDEB,ICMS,4079665460.8,RS,43,2023,6
2023,RREO,6,B,Governo do Estado do Rio Grande do Sul,43,RS,11466630,RREO-Anexo 03,E,Padrão,<MR>,ICMSLiquidoExcetoTransferenciasEFUNDEB,ICMS,4090955029.75,RS,43,2023,6
2023,RREO,6,B,Governo do Estado do Rio Grande do Sul,43,RS,11466630,RREO-Anexo 03,E,Padrão,TOTAL (ÚLTIMOS 12 MESES),ICMSLiquidoExcetoTransferenciasEFUNDEB,ICMS,44865768615.35,RS,43,2023,6
2023,RREO,6,B,Governo do Estado do Rio Grande do Sul,43,RS,11466630,RREO-Anexo 03,E,Padrão,PREVISÃO ATUALIZADA 2023,ICMSLiquidoExcetoTransferenciasEFUNDEB,ICMS,42389409508.0,RS,43,2023,6
2023,RREO,6,B,Governo do Estado do Rio Grande do Sul,43,RS,11466630,RREO-Anexo 03,E,Padrão,<MR-11>,IPVALiquidoExcetoTransferenciasEFUNDEB,IPVA,535443622.49,RS,43,2023,6
2023,RREO,6,B,Governo do Estado do Rio Grande do Sul,43,RS,11466630,RREO-Anexo 03,E,Padrão,<MR-10>,IPVALiquidoExcetoTransferenciasEFUNDEB,IPVA,293517879.51,RS,43,2023,6
2023,RREO,6,B,Governo do Estado do Rio Grande do Sul,43,RS,11466630,RREO-Anexo 03,E,Padrão,<MR-9>,IPVALiquidoExcetoTransferenciasEFUNDEB,IPVA,440747170.59,RS,43,2023,6
2023,RREO,6,B,Governo do Estado do Rio Grande do Sul,43,RS,11466630,RREO-Anexo 03,E,Padrão,<MR-8>,IPVALiquidoExcetoTransferenciasEFUNDEB,IPVA,818249603.98,RS,43,2023,6
2023,RREO,6,B,Governo do Estado do Rio Grande do Sul,43,RS,11466630,RREO-Anexo 03,E,Padrão,<MR-7>,IPVALiquidoExcetoTransferenciasEFUNDEB,IPVA,462823062.77,RS,43,2023,6
2023,RREO,6,B,Governo do Estado do Rio Grande do Sul,43,RS,11466630,RREO-Anexo 03,E,Padrão,<MR-6>,IPVALiquidoExcetoTransferenciasEFUNDEB,IPVA,263413402.38,RS,43,2023,6
2023,RREO,6,B,Governo do Estado do Rio Grande do Sul,43,RS,11466630,RREO-Anexo 03,E,Padrão,<MR-5>,IPVALiquidoExcetoTransferenciasEFUNDEB,IPVA,177919169.15,RS,43,2023,6
2023,RREO,6,B,Governo do Estado do Rio Grande do Sul,43,RS,11466630,RREO-Anexo 03,E,Padrão,<MR-4>,IPVALiquidoExcetoTransferenciasEFUNDEB,IPVA,117740834.46,RS,43,2023,6
2023,RREO,6,B,Governo do Estado do Rio Grande do Sul,43,RS,11466630,RREO-Anexo 03,E,Padrão,<MR-3>,IPVALiquidoExcetoTransferenciasEFUNDEB,IPVA,87785015.2,RS,43,2023,6
2023,RREO,6,B,Governo do Estado do Rio Grande do Sul,43,RS,11466630,RREO-Anexo 03,E,Padrão,<MR-2>,IPVALiquidoExcetoTransferenciasEFUNDEB,IPVA,67724064.67,RS,43,2023,6
2023,RREO,6,B,Governo do Estado do Rio Grande do Sul,43,RS,11466630,RREO-Anexo 03,E,Padrão,<MR-1>,IPVALiquidoExcetoTransferenciasEFUNDEB,IPVA,49070230.13,RS,43,2023,6
2023,RREO,6,B,Governo do Estado do Rio Grande do Sul,43,RS,11466630,RREO-Anexo 03,E,Padrão,<MR>,IPVALiquidoExcetoTransferenciasEFUNDEB,IPVA,1795142841.43,RS,43,2023,6
2023,RREO,6,B,Governo do Estado do Rio Grande do Sul,43,RS,11466630,RREO-Anexo 03,E,Padrão,TOTAL (ÚLTIMOS 12 MESES),IPVALiquidoExcetoTransferenciasEFUNDEB,IPVA,5109576896.76,RS,43,2023,6
2023,RREO,6,B,Governo do Estado do Rio Grande do Sul,43,RS,11466630,RREO-Anexo 03,E,Padrão,PREVISÃO ATUALIZADA 2023,IPVALiquidoExcetoTransferenciasEFUNDEB,IPVA,4351345551.0,RS,43,2023,6
2023,RREO,6,B,Governo do Estado do Rio Grande do Sul,43,RS,11466630,RREO-Anexo 03,E,Padrão,<MR-11>,ITCDLiquidoExcetoTransferenciasEFUNDEB,ITCD,136014909.73,RS,43,2023,6
2023,RREO,6,B,Governo do Estado do Rio Grande do Sul,43,RS,11466630,RREO-Anexo 03,E,Padrão,<MR-10>,ITCDLiquidoExcetoTransferenciasEFUNDEB,ITCD,55850039.43,RS,43,2023,6
2023,RREO,6,B,Governo do Estado do Rio Grande do Sul,43,RS,11466630,RREO-Anexo 03,E,Padrão,<MR-9>,ITCDLiquidoExcetoTransferenciasEFUNDEB,ITCD,88309715.37,RS,43,2023,6
2023,RREO,6,B,Governo do Estado do Rio Grande do Sul,43,RS,11466630,RREO-Anexo 03,E,Padrão,<MR-8>,ITCDLiquidoExcetoTransferenciasEFUNDEB,ITCD,68120217.76,RS,43,2023,6
2023,RREO,6,B,Governo do Estado do Rio Grande do Sul,43,RS,11466630,RREO-Anexo 03,E,Padrão,<MR-7>,ITCDLiquidoExcetoTransferenciasEFUNDEB,ITCD,89653544.79,RS,43,2023,6
2023,RREO,6,B,Governo do Estado do Rio Grande do Sul,43,RS,11466630,RREO-Anexo 03,E,Padrão,<MR-6>,ITCDLiquidoExcetoTransferenciasEFUNDEB,ITCD,90360528.86,RS,43,2023,6
2023,RREO,6,B,Governo do Estado do Rio Grande do Sul,43,RS,11466630,RREO-Anexo 03,E,Padrão,<MR-5>,ITCDLiquidoExcetoTransferenciasEFUNDEB,ITCD,104101553.76,RS,43,2023,6
2023,RREO,6,B,Governo do Estado do Rio Grande do Sul,43,RS,11466630,RREO-Anexo 03,E,Padrão,<MR-4>,ITCDLiquidoExcetoTransferenciasEFUNDEB,ITCD,113209006.56,RS,43,2023,6
2023,RREO,6,B,Governo do Estado do Rio Grande do Sul,43,RS,11466630,RREO-Anexo 03,E,Padrão,<MR-3>,ITCDLiquidoExcetoTransferenciasEFUNDEB,ITCD,98850572.33,RS,43,2023,6
2023,RREO,6,B,Governo do Estado do Rio Grande do Sul,43,RS,11466630,RREO-Anexo 03,E,Padrão,<MR-2>,ITCDLiquidoExcetoTransferenciasEFUNDEB,ITCD,120566142.59,RS,43,2023,6
2023,RREO,6,B,Governo do Estado do Rio Grande do Sul,43,RS,11466630,RREO-Anexo 03,E,Padrão,<MR-1>,ITCDLiquidoExcetoTransferenciasEFUNDEB,ITCD,145470579.79,RS,43,2023,6
2023,RREO,6,B,Governo do Estado do Rio Grande do Sul,43,RS,11466630,RREO-Anexo 03,E,Padrão,<MR>,ITCDLiquidoExcetoTransferenciasEFUNDEB,ITCD,320382811.56,RS,43,2023,6
2023,RREO,6,B,Governo do Estado do Rio Grande do Sul,43,RS,11466630,RREO-Anexo 03,E,Padrão,TOTAL (ÚLTIMOS 12 MESES),ITCDLiquidoExcetoTransferenciasEFUNDEB,ITCD,1430889622.53,RS,43,2023,6
2023,RREO,6,B,Governo do Estado do Rio Grande do Sul,43,RS,11466630,RREO-Anexo 03,E,Padrão,PREVISÃO ATUALIZADA 2023,ITCDLiquidoExcetoTransferenciasEFUNDEB,ITCD,978847960.0,RS,43,2023,6
2023,RREO,6,B,Governo do Estado do Mato Grosso do Sul,50,MS,2839188,RREO-Anexo 03,E,Padrão,<MR-11>,ICMSLiquidoExcetoTransferenciasEFUNDEB,ICMS,1226029742.47,MS,50,2023,6
2023,RREO,6,B,Governo do Estado do Mato Grosso do Sul,50,MS,2839188,RREO-Anexo 03,E,Padrão,<MR-10>,ICMSLiquidoExcetoTransferenciasEFUNDEB,ICMS,1141862750.65,MS,50,2023,6
2023,RREO,6,B,Governo do Estado do Mato Grosso do Sul,50,MS,2839188,RREO-Anexo 03,E,Padrão,<MR-9>,ICMSLiquidoExcetoTransferenciasEFUNDEB,ICMS,1272457310.93,MS,50,2023,6
2023,RREO,6,B,Governo do Estado do Mato Grosso do Sul,50,MS,2839188,RREO-Anexo 03,E,Padrão,<MR-8>,ICMSLiquidoExcetoTransferenciasEFUNDEB,ICMS,1304457108.11,MS,50,2023,6
2023,RREO,6,B,Governo do Estado do Mato Grosso do Sul,50,MS,2839188,RREO-Anexo 03,E,Padrão,<MR-7>,ICMSLiquidoExcetoTransferenciasEFUNDEB,ICMS,1180730013.88,MS,50,2023,6
2023,RREO,6,B,Governo do Estado do Mato Grosso do Sul,50,MS,2839188,RREO-Anexo 03,E,Padrão,<MR-6>,ICMSLiquidoExcetoTransferenciasEFUNDEB,ICMS,1210597253.89,MS,50,2023,6
2023,RREO,6,B,Governo do Estado do Mato Grosso do Sul,50,MS,2839188,RREO-Anexo 03,E,Padrão,<MR-5>,ICMSLiquidoExcetoTransferenciasEFUNDEB,ICMS,1237094206.18,MS,50,2023,6
2023,RREO,6,B,Governo do Estado do Mato Grosso do Sul,50,MS,2839188,RREO-Anexo 03,E,Padrão,<MR-4>,ICMSLiquidoExcetoTransferenciasEFUNDEB,ICMS,1296205402.85,MS,50,2023,6
2023,RREO,6,B,Governo do Estado do Mato Grosso do Sul,50,MS,2839188,RREO-Anexo 03,E,Padrão,<MR-3>,ICMSLiquidoExcetoTransferenciasEFUNDEB,ICMS,1295587813.85,MS,50,2023,6
2023,RREO,6,B,Governo do Estado do Mato Grosso do Sul,50,MS,2839188,RREO-Anexo 03,E,Padrão,<MR-2>,ICMSLiquidoExcetoTransferenciasEFUNDEB,ICMS,1307242725.08,MS,50,2023,6
2023,RREO,6,B,Governo do Estado do Mato Grosso do Sul,50,MS,2839188,RREO-Anexo 03,E,Padrão,<MR-1>,ICMSLiquidoExcetoTransferenciasEFUNDEB,ICMS,1460369878.55,MS,50,2023,6
2023,RREO,6,B,Governo do Estado do Mato Grosso do Sul,50,MS,2839188,RREO-Anexo 03,E,Padrão,<MR>,ICMSLiquidoExcetoTransferenciasEFUNDEB,ICMS,1409270696.24,MS,50,2023,6
2023,RREO,6,B,Governo do Estado do Mato Grosso do Sul,50,MS,2839188,RREO-Anexo 03,E,Padrão,TOTAL (ÚLTIMOS 12 MESES),ICMSLiquidoExcetoTransferenciasEFUNDEB,ICMS,15341904902.68,MS,50,2023,6
2023,RREO,6,B,Governo do Estado do Mato Grosso do Sul,50,MS,2839188,RREO-Anexo 03,E,Padrão,PREVISÃO ATUALIZADA 2023,ICMSLiquidoExcetoTransferenciasEFUNDEB,ICMS,15836650292.04,MS,50,2023,6
2023,RREO,6,B,Governo do Estado do Mato Grosso do Sul,50,MS,2839188,RREO-Anexo 03,E,Padrão,<MR-11>,IPVALiquidoExcetoTransferenciasEFUNDEB,IPVA,522261253.98,MS,50,2023,6
2023,RREO,6,B,Governo do Estado do Mato Grosso do Sul,50,MS,2839188,RREO-Anexo 03,E,Padrão,<MR-10>,IPVALiquidoExcetoTransferenciasEFUNDEB,IPVA,80112756.83,MS,50,2023,6
2023,RREO,6,B,Governo do Estado do Mato Grosso do Sul,50,MS,2839188,RREO-Anexo 03,E,Padrão,<MR-9>,IPVALiquidoExcetoTransferenciasEFUNDEB,IPVA,80479899.61,MS,50,2023,6
2023,RREO,6,B,Governo do Estado do Mato Grosso do Sul,50,MS,2839188,RREO-Anexo 03,E,Padrão,<MR-8>,IPVALiquidoExcetoTransferenciasEFUNDEB,IPVA,69986703.46,MS,50,2023,6
2023,RREO,6,B,Governo do Estado do Mato Grosso do Sul,50,MS,2839188,RREO-Anexo 03,E,Padrão,<MR-7>,IPVALiquidoExcetoTransferenciasEFUNDEB,IPVA,79518117.85,MS,50,2023,6
2023,RREO,6,B,Governo do Estado do Mato Grosso do Sul,50,MS,2839188,RREO-Anexo 03,E,Padrão,<MR-6>,IPVALiquidoExcetoTransferenciasEFUNDEB,IPVA,42508725.5,MS,50,2023,6
2023,RREO,6,B,Governo do Estado do Mato Grosso do Sul,50,MS,2839188,RREO-Anexo 03,E,Padrão,<MR-5>,IPVALiquidoExcetoTransferenciasEFUNDEB,IPVA,34165168.87,MS,50,2023,6
2023,RREO,6,B,Governo do Estado do Mato Grosso do Sul,50,MS,2839188,RREO-Anexo 03,E,Padrão,<MR-4>,IPVALiquidoExcetoTransferenciasEFUNDEB,IPVA,32335847.83,MS,50,2023,6
2023,RREO,6,B,Governo do Estado do Mato Grosso do Sul,50,MS,2839188,RREO-Anexo 03,E,Padrão,<MR-3>,IPVALiquidoExcetoTransferenciasEFUNDEB,IPVA,26413774.78,MS,50,2023,6
2023,RREO,6,B,Governo do Estado do Mato Grosso do Sul,50,MS,2839188,RREO-Anexo 03,E,Padrão,<MR-2>,IPVALiquidoExcetoTransferenciasEFUNDEB,IPVA,22883262.92,MS,50,2023,6
2023,RREO,6,B,Governo do Estado do Mato Grosso do Sul,50,MS,2839188,RREO-Anexo 03,E,Padrão,<MR-1>,IPVALiquidoExcetoTransferenciasEFUNDEB,IPVA,17377757.51,MS,50,2023,6
2023,RREO,6,B,Governo do Estado do Mato Grosso do Sul,50,MS,2839188,RREO-Anexo 03,E,Padrão,<MR>,IPVALiquidoExcetoTransferenciasEFUNDEB,IPVA,62078298.82,MS,50,2023,6
2023,RREO,6,B,Governo do Estado do Mato Grosso do Sul,50,MS,2839188,RREO-Anexo 03,E,Padrão,TOTAL (ÚLTIMOS 12 MESES),IPVALiquidoExcetoTransferenciasEFUNDEB,IPVA,1070121567.96,MS,50,2023,6
2023,RREO,6,B,Governo do Estado do Mato Grosso do Sul,50,MS,2839188,RREO-Anexo 03,E,Padrão,PREVISÃO ATUALIZADA 2023,IPVALiquidoExcetoTransferenciasEFUNDEB,IPVA,1014308230.0,MS,50,2023,6
2023,RREO,6,B,Governo do Estado do Mato Grosso do Sul,50,MS,2839188,RREO-Anexo 03,E,Padrão,<MR-11>,ITCDLiquidoExcetoTransferenciasEFUNDEB,ITCD,34614803.58,MS,50,2023,6
2023,RREO,6,B,Governo do Estado do Mato Grosso do Sul,50,MS,2839188,RREO-Anexo 03,E,Padrão,<MR-10>,ITCDLiquidoExcetoTransferenciasEFUNDEB,ITCD,49798587.0,MS,50,2023,6
2023,RREO,6,B,Governo do Estado do Mato Grosso do Sul,50,MS,2839188,RREO-Anexo 03,E,Padrão,<MR-9>,ITCDLiquidoExcetoTransferenciasEFUNDEB,ITCD,42359392.05,MS,50,2023,6
2023,RREO,6,B,Governo do Estado do Mato Grosso do Sul,50,MS,2839188,RREO-Anexo 03,E,Padrão,<MR-8>,ITCDLiquidoExcetoTransferenciasEFUNDEB,ITCD,34066874.53,MS,50,2023,6
2023,RREO,6,B,Governo do Estado do Mato Grosso do Sul,50,MS,2839188,RREO-Anexo 03,E,Padrão,<MR-7>,ITCDLiquidoExcetoTransferenciasEFUNDEB,ITCD,35051227.92,MS,50,2023,6
2023,RREO,6,B,Governo do Estado do Mato Grosso do Sul,50,MS,2839188,RREO-Anexo 03,E,Padrão,<MR-6>,ITCDLiquidoExcetoTransferenciasEFUNDEB,ITCD,27216349.12,MS,50,2023,6
2023,RREO,6,B,Governo do Estado do Mato Grosso do Sul,50,MS,2839188,RREO-Anexo 03,E,Padrão,<MR-5>,ITCDLiquidoExcetoTransferenciasEFUNDEB,ITCD,27983275.21,MS,50,2023,6
2023,RREO,6,B,Governo do Estado do Mato Grosso do Sul,50,MS,2839188,RREO-Anexo 03,E,Padrão,<MR-4>,ITCDLiquidoExcetoTransferenciasEFUNDEB,ITCD,34953155.86,MS,50,2023,6
2023,RREO,6,B,Governo do Estado do Mato Grosso do Sul,50,MS,2839188,RREO-Anexo 03,E,Padrão,<MR-3>,ITCDLiquidoExcetoTransferenciasEFUNDEB,ITCD,37922974.93,MS,50,2023,6
2023,RREO,6,B,Governo do Estado do Mato Grosso do Sul,50,MS,2839188,RREO-Anexo 03,E,Padrão,<MR-2>,ITCDLiquidoExcetoTransferenciasEFUNDEB,ITCD,29646891.32,MS,50,2023,6
2023,RREO,6,B,Governo do Estado do Mato Grosso do Sul,50,MS,2839188,RREO-Anexo 03,E,Padrão,<MR-1>,ITCDLiquidoExcetoTransferenciasEFUNDEB,ITCD,31369436.91,MS,50,2023,6
2023,RREO,6,B,Governo do Estado do Mato Grosso do Sul,50,MS,2839188,RREO-Anexo 03,E,Padrão,<MR>,ITCDLiquidoExcetoTransferenciasEFUNDEB,ITCD,43660901.77,MS,50,2023,6
2023,RREO,6,B,Governo do Estado do Mato Grosso do Sul,50,MS,2839188,RREO-Anexo 03,E,Padrão,TOTAL (ÚLTIMOS 12 MESES),ITCDLiquidoExcetoTransferenciasEFUNDEB,ITCD,428643870.2,MS,50,2023,6
2023,RREO,6,B,Governo do Estado do Mato Grosso do Sul,50,MS,2839188,RREO-Anexo 03,E,Padrão,PREVISÃO ATUALIZADA 2023,ITCDLiquidoExcetoTransferenciasEFUNDEB,ITCD,313052100.0,MS,50,2023,6
2023,RREO,6,B,Governo do Estado do Mato Grosso,51,MT,3567234,RREO-Anexo 03,E,Padrão,<MR-11>,ICMSLiquidoExcetoTransferenciasEFUNDEB,ICMS,1611492749.86,MT,51,2023,6
2023,RREO,6,B,Governo do Estado do Mato Grosso,51,MT,3567234,RREO-Anexo 03,E,Padrão,<MR-10>,ICMSLiquidoExcetoTransferenciasEFUNDEB,ICMS,1519798832.41,MT,51,2023,6
2023,RREO,6,B,Governo do Estado do Mato Grosso,51,MT,3567234,RREO-Anexo 03,E,Padrão,<MR-9>,ICMSLiquidoExcetoTransferenciasEFUNDEB,ICMS,1604046762.99,MT,51,2023,6
2023,RREO,6,B,Governo do Estado do Mato Grosso,51,MT,3567234,RREO-Anexo 03,E,Padrão,<MR-8>,ICMSLiquidoExcetoTransferenciasEFUNDEB,ICMS,1694246369.15,MT,51,2023,6
2023,RREO,6,B,Governo do Estado do Mato Grosso,51,MT,3567234,RREO-Anexo 03,E,Padrão,<MR-7>,ICMSLiquidoExcetoTransferenciasEFUNDEB,ICMS,1542146948.05,MT,51,2023,6
2023,RREO,6,B,Governo do Estado do Mato Grosso,51,MT,3567234,RREO-Anexo 03,E,Padrão,<MR-6>,ICMSLiquidoExcetoTransferenciasEFUNDEB,ICMS,1652838309.05,MT,51,2023,6
2023,RREO,6,B,Governo do Estado do Mato Grosso,51,MT,3567234,RREO-Anexo 03,E,Padrão,<MR-5>,ICMSLiquidoExcetoTransferenciasEFUNDEB,ICMS,1757880373.48,MT,51,2023,6
2023,RREO,6,B,Governo do Estado do Mato Grosso,51,MT,3567234,RREO-Anexo 03,E,Padrão,<MR-4>,ICMSLiquidoExcetoTransferenciasEFUNDEB,ICMS,1854816297.87,MT,51,2023,6
2023,RREO,6,B,Governo do Estado do Mato Grosso,51,MT,3567234,RREO-Anexo 03,E,Padrão,<MR-3>,ICMSLiquidoExcetoTransferenciasEFUNDEB,ICMS,1948340089.03,MT,51,2023,6
2023,RREO,6,B,Governo do Estado do Mato Grosso,51,MT,3567234,RREO-Anexo 03,E,Padrão,<MR-2>,ICMSLiquidoExcetoTransferenciasEFUNDEB,ICMS,1885223745.09,MT,51,2023,6
2023,RREO,6,B,Governo do Estado do Mato Grosso,51,MT,3567234,RREO-Anexo 03,E,Padrão,<MR-1>,ICMSLiquidoExcetoTransferenciasEFUNDEB,ICMS,1935741834.99,MT,51,2023,6
2023,RREO,6,B,Governo do Estado do Mato Grosso,51,MT,3567234,RREO-Anexo 03,E,Padrão,<MR>,ICMSLiquidoExcetoTransferenciasEFUNDEB,ICMS,1813428083.43,MT,51,2023,6
2023,RREO,6,B,Governo do Estado do Mato Grosso,51,MT,3567234,RREO-Anexo 03,E,Padrão,TOTAL (ÚLTIMOS 12 MESES),ICMSLiquidoExcetoTransferenciasEFUNDEB,ICMS,20820000395.4,MT,51,2023,6
2023,RREO,6,B,Governo do Estado do Mato Grosso,51,MT,3567234,RREO-Anexo 03,E,Padrão,PREVISÃO ATUALIZADA 2023,ICMSLiquidoExcetoTransferenciasEFUNDEB,ICMS,19747397111.82,MT,51,2023,6
2023,RREO,6,B,Governo do Estado do Mato Grosso,51,MT,3567234,RREO-Anexo 03,E,Padrão,<MR-11>,IPVALiquidoExcetoTransferenciasEFUNDEB,IPVA,80553016.02,MT,51,2023,6
2023,RREO,6,B,Governo do Estado do Mato Grosso,51,MT,3567234,RREO-Anexo 03,E,Padrão,<MR-10>,IPVALiquidoExcetoTransferenciasEFUNDEB,IPVA,78172475.71,MT,51,2023,6
2023,RREO,6,B,Governo do Estado do Mato Grosso,51,MT,3567234,RREO-Anexo 03,E,Padrão,<MR-9>,IPVALiquidoExcetoTransferenciasEFUNDEB,IPVA,124127479.02,MT,51,2023,6
2023,RREO,6,B,Governo do Estado do Mato Grosso,51,MT,3567234,RREO-Anexo 03,E,Padrão,<MR-8>,IPVALiquidoExcetoTransferenciasEFUNDEB,IPVA,115847293.8,MT,51,2023,6
2023,RREO,6,B,Governo do Estado do Mato Grosso,51,MT,3567234,RREO-Anexo 03,E,Padrão,<MR-7>,IPVALiquidoExcetoTransferenciasEFUNDEB,IPVA,524389345.49,MT,51,2023,6
2023,RREO,6,B,Governo do Estado do Mato Grosso,51,MT,3567234,RREO-Anexo 03,E,Padrão,<MR-6>,IPVALiquidoExcetoTransferenciasEFUNDEB,IPVA,194850891.52,MT,51,2023,6
2023,RREO,6,B,Governo do Estado do Mato Grosso,51,MT,3567234,RREO-Anexo 03,E,Padrão,<MR-5>,IPVALiquidoExcetoTransferenciasEFUNDEB,IPVA,130031565.85,MT,51,2023,6
2023,RREO,6,B,Governo do Estado do Mato Grosso,51,MT,3567234,RREO-Anexo 03,E,Padrão,<MR-4>,IPVALiquidoExcetoTransferenciasEFUNDEB,IPVA,102084505.69,MT,51,2023,6
2023,RREO,6,B,Governo do Estado do Mato Grosso,51,MT,3567234,RREO-Anexo 03,E,Padrão,<MR-3>,IPVALiquidoExcetoTransferenciasEFUNDEB,IPVA,74080189.08,MT,51,2023,6
2023,RREO,6,B,Governo do Estado do Mato Grosso,51,MT,3567234,RREO-Anexo 03,E,Padrão,<MR-2>,IPVALiquidoExcetoTransferenciasEFUNDEB,IPVA,69045889.86,MT,51,2023,6
2023,RREO,6,B,Governo do Estado do Mato Grosso,51,MT,3567234,RREO-Anexo 03,E,Padrão,<MR-1>,IPVALiquidoExcetoTransferenciasEFUNDEB,IPVA,51394314.72,MT,51,2023,6
2023,RREO,6,B,Governo do Estado do Mato Grosso,51,MT,3567234,RREO-Anexo 03,E,Padrão,<MR>,IPVALiquidoExcetoTransferenciasEFUNDEB,IPVA,47017993.47,MT,51,2023,6
2023,RREO,6,B,Governo do Estado do Mato Grosso,51,MT,3567234,RREO-Anexo 03,E,Padrão,TOTAL (ÚLTIMOS 12 MESES),IPVALiquidoExcetoTransferenciasEFUNDEB,IPVA,1591594960.23,MT,51,2023,6
2023,RREO,6,B,Governo do Estado do Mato Grosso,51,MT,3567234,RREO-Anexo 03,E,Padrão,PREVISÃO ATUALIZADA 2023,IPVALiquidoExcetoTransferenciasEFUNDEB,IPVA,1119620461.3,MT,51,2023,6
2023,RREO,6,B,Governo do Estado do Mato Grosso,51,MT,3567234,RREO-Anexo 03,E,Padrão,<MR-11>,ITCDLiquidoExcetoTransferenciasEFUNDEB,ITCD,18990418.4,MT,51,2023,6
2023,RREO,6,B,Governo do Estado do Mato Grosso,51,MT,3567234,RREO-Anexo 03,E,Padrão,<MR-10>,ITCDLiquidoExcetoTransferenciasEFUNDEB,ITCD,14050386.88,MT,51,2023,6
2023,RREO,6,B,Governo do Estado do Mato Grosso,51,MT,3567234,RREO-Anexo 03,E,Padrão,<MR-9>,ITCDLiquidoExcetoTransferenciasEFUNDEB,ITCD,21571929.81,MT,51,2023,6
2023,RREO,6,B,Governo do Estado do Mato Grosso,51,MT,3567234,RREO-Anexo 03,E,Padrão,<MR-8>,ITCDLiquidoExcetoTransferenciasEFUNDEB,ITCD,10924107.69,MT,51,2023,6
2023,RREO,6,B,Governo do Estado do Mato Grosso,51,MT,3567234,RREO-Anexo 03,E,Padrão,<MR-7>,ITCDLiquidoExcetoTransferenciasEFUNDEB,ITCD,12980080.29,MT,51,2023,6
2023,RREO,6,B,Governo do Estado do Mato Grosso,51,MT,3567234,RREO-Anexo 03,E,Padrão,<MR-6>,ITCDLiquidoExcetoTransferenciasEFUNDEB,ITCD,12304222.76,MT,51,2023,6
2023,RREO,6,B,Governo do Estado do Mato Grosso,51,MT,3567234,RREO-Anexo 03,E,Padrão,<MR-5>,ITCDLiquidoExcetoTransferenciasEFUNDEB,ITCD,17979381.77,MT,51,2023,6
2023,RREO,6,B,Governo do Estado do Mato Grosso,51,MT,3567234,RREO-Anexo 03,E,Padrão,<MR-4>,ITCDLiquidoExcetoTransferenciasEFUNDEB,ITCD,17092076.07,MT,51,2023,6
2023,RREO,6,B,Governo do Estado do Mato Grosso,51,MT,3567234,RREO-Anexo 03,E,Padrão,<MR-3>,ITCDLiquidoExcetoTransferenciasEFUNDEB,ITCD,21424633.76,MT,51,2023,6
2023,RREO,6,B,Governo do Estado do Mato Grosso,51,MT,3567234,RREO-Anexo 03,E,Padrão,<MR-2>,ITCDLiquidoExcetoTransferenciasEFUNDEB,ITCD,16244408.87,MT,51,2023,6
2023,RREO,6,B,Governo do Estado do Mato Grosso,51,MT,3567234,RREO-Anexo 03,E,Padrão,<MR-1>,ITCDLiquidoExcetoTransferenciasEFUNDEB,ITCD,20491215.01,MT,51,2023,6
2023,RREO,6,B,Governo do Estado do Mato Grosso,51,MT,3567234,RREO-Anexo 03,E,Padrão,<MR>,ITCDLiquidoExcetoTransferenciasEFUNDEB,ITCD,12738230.76,MT,51,2023,6
2023,RREO,6,B,Governo do Estado do Mato Grosso,51,MT,3567234,RREO-Anexo 03,E,Padrão,TOTAL (ÚLTIMOS 12 MESES),ITCDLiquidoExcetoTransferenciasEFUNDEB,ITCD,196791092.07,MT,51,2023,6
2023,RREO,6,B,Governo do Estado do Mato Grosso,51,MT,3567234,RREO-Anexo 03,E,Padrão,PREVISÃO ATUALIZADA 2023,ITCDLiquidoExcetoTransferenciasEFUNDEB,ITCD,166333925.0,MT,51,2023,6
2023,RREO,6,B,Governo do Estado de Goiás,52,GO,7206589,RREO-Anexo 03,E,Padrão,<MR-11>,ICMSLiquidoExcetoTransferenciasEFUNDEB,ICMS,1931141400.29,GO,52,2023,6
2023,RREO,6,B,Governo do Estado de Goiás,52,GO,7206589,RREO-Anexo 03,E,Padrão,<MR-10>,ICMSLiquidoExcetoTransferenciasEFUNDEB,ICMS,1818282463.46,GO,52,2023,6
2023,RREO,6,B,Governo do Estado de Goiás,52,GO,7206589,RREO-Anexo 03,E,Padrão,<MR-9>,ICMSLiquidoExcetoTransferenciasEFUNDEB,ICMS,1738889409.37,GO,52,2023,6
2023,RREO,6,B,Governo do Estado de Goiás,52,GO,7206589,RREO-Anexo 03,E,Padrão,<MR-8>,ICMSLiquidoExcetoTransferenciasEFUNDEB,ICMS,1951724841.65,GO,52,2023,6
2023,RREO,6,B,Governo do Estado de Goiás,52,GO,7206589,RREO-Anexo 03,E,Padrão,<MR-7>,ICMSLiquidoExcetoTransferenciasEFUNDEB,ICMS,1949142332.5,GO,52,2023,6
2023,RREO,6,B,Governo do Estado de Goiás,52,GO,7206589,RREO-Anexo 03,E,Padrão,<MR-6>,ICMSLiquidoExcetoTransferenciasEFUNDEB,ICMS,2005009933.11,GO,52,2023,6
2023,RREO,6,B,Governo do Estado de Goiás,52,GO,7206589,RREO-Anexo 03,E,Padrão,<MR-5>,ICMSLiquidoExcetoTransferenciasEFUNDEB,ICMS,2013041273.8,GO,52,2023,6
2023,RREO,6,B,Governo do Estado de Goiás,52,GO,7206589,RREO-Anexo 03,E,Padrão,<MR-4>,ICMSLiquidoExcetoTransferenciasEFUNDEB,ICMS,2121037108.14,GO,52,2023,6
2023,RREO,6,B,Governo do Estado de Goiás,52,GO,7206589,RREO-Anexo 03,E,Padrão,<MR-3>,ICMSLiquidoExcetoTransferenciasEFUNDEB,ICMS,2244003130.58,GO,52,2023,6
2023,RREO,6,B,Governo do Estado de Goiás,52,GO,7206589,RREO-Anexo 03,E,Padrão,<MR-2>,ICMSLiquidoExcetoTransferenciasEFUNDEB,ICMS,2213953963.91,GO,52,2023,6
2023,RREO,6,B,Governo do Estado de Goiás,52,GO,7206589,RREO-Anexo 03,E,Padrão,<MR-1>,ICMSLiquidoExcetoTransferenciasEFUNDEB,ICMS,2167982980.98,GO,52,2023,6
2023,RREO,6,B,Governo do Estado de Goiás,52,GO,7206589,RREO-Anexo 03,E,Padrão,<MR>,ICMSLiquidoExcetoTransferenciasEFUNDEB,ICMS,2195262889.38,GO,52,2023,6
2023,RREO,6,B,Governo do Estado de Goiás,52,GO,7206589,RREO-Anexo 03,E,Padrão,TOTAL (ÚLTIMOS 12 MESES),ICMSLiquidoExcetoTransferenciasEFUNDEB,ICMS,24349471727.17,GO,52,2023,6
2023,RREO,6,B,Governo do Estado de Goiás,52,GO,7206589,RREO-Anexo 03,E,Padrão,PREVISÃO ATUALIZADA 2023,ICMSLiquidoExcetoTransferenciasEFUNDEB,ICMS,24362288000.0,GO,52,2023,6
2023,RREO,6,B,Governo do Estado de Goiás,52,GO,7206589,RREO-Anexo 03,E,Padrão,<MR-11>,IPVALiquidoExcetoTransferenciasEFUNDEB,IPVA,215486668.43,GO,52,2023,6
2023,RREO,6,B,Governo do Estado de Goiás,52,GO,7206589,RREO-Anexo 03,E,Padrão,<MR-10>,IPVALiquidoExcetoTransferenciasEFUNDEB,IPVA,172216620.39,GO,52,2023,6
2023,RREO,6,B,Governo do Estado de Goiás,52,GO,7206589,RREO-Anexo 03,E,Padrão,<MR-9>,IPVALiquidoExcetoTransferenciasEFUNDEB,IPVA,189620458.09,GO,52,2023,6
2023,RREO,6,B,Governo do Estado de Goiás,52,GO,7206589,RREO-Anexo 03,E,Padrão,<MR-8>,IPVALiquidoExcetoTransferenciasEFUNDEB,IPVA,154261908.8,GO,52,2023,6
2023,RREO,6,B,Governo do Estado de Goiás,52,GO,7206589,RREO-Anexo 03,E,Padrão,<MR-7>,IPVALiquidoExcetoTransferenciasEFUNDEB,IPVA,171132175.1,GO,52,2023,6
2023,RREO,6,B,Governo do Estado de Goiás,52,GO,7206589,RREO-Anexo 03,E,Padrão,<MR-6>,IPVALiquidoExcetoTransferenciasEFUNDEB,IPVA,167312498.97,GO,52,2023,6
2023,RREO,6,B,Governo do Estado de Goiás,52,GO,7206589,RREO-Anexo 03,E,Padrão,<MR-5>,IPVALiquidoExcetoTransferenciasEFUNDEB,IPVA,185632429.37,GO,52,2023,6
2023,RREO,6,B,Governo do Estado de Goiás,52,GO,7206589,RREO-Anexo 03,E,Padrão,<MR-4>,IPVALiquidoExcetoTransferenciasEFUNDEB,IPVA,216726706.52,GO,52,2023,6
2023,RREO,6,B,Governo do Estado de Goiás,52,GO,7206589,RREO-Anexo 03,E,Padrão,<MR-3>,IPVALiquidoExcetoTransferenciasEFUNDEB,IPVA,356303375.98,GO,52,2023,6
2023,RREO,6,B,Governo do Estado de Goiás,52,GO,7206589,RREO-Anexo 03,E,Padrão,<MR-2>,IPVALiquidoExcetoTransferenciasEFUNDEB,IPVA,963655094.2,GO,52,2023,6
2023,RREO,6,B,Governo do Estado de Goiás,52,GO,7206589,RREO-Anexo 03,E,Padrão,<MR-1>,IPVALiquidoExcetoTransferenciasEFUNDEB,IPVA,236916134.8,GO,52,2023,6
2023,RREO,6,B,Governo do Estado de Goiás,52,GO,7206589,RREO-Anexo 03,E,Padrão,<MR>,IPVALiquidoExcetoTransferenciasEFUNDEB,IPVA,158678457.2,GO,52,2023,6
2023,RREO,6,B,Governo do Estado de Goiás,52,GO,7206589,RREO-Anexo 03,E,Padrão,TOTAL (ÚLTIMOS 12 MESES),IPVALiquidoExcetoTransferenciasEFUNDEB,IPVA,3187942527.85,GO,52,2023,6
2023,RREO,6,B,Governo do Estado de Goiás,52,GO,7206589,RREO-Anexo 03,E,Padrão,PREVISÃO ATUALIZADA 2023,IPVALiquidoExcetoTransferenciasEFUNDEB,IPVA,2040473000.0,GO,52,2023,6
2023,RREO,6,B,Governo do Estado de Goiás,52,GO,7206589,RREO-Anexo 03,E,Padrão,<MR-11>,ITCDLiquidoExcetoTransferenciasEFUNDEB,ITCD,67805137.67,GO,52,2023,6
2023,RREO,6,B,Governo do Estado de Goiás,52,GO,7206589,RREO-Anexo 03,E,Padrão,<MR-10>,ITCDLiquidoExcetoTransferenciasEFUNDEB,ITCD,81077869.16,GO,52,2023,6
2023,RREO,6,B,Governo do Estado de Goiás,52,GO,7206589,RREO-Anexo 03,E,Padrão,<MR-9>,ITCDLiquidoExcetoTransferenciasEFUNDEB,ITCD,116983252.39,GO,52,2023,6
2023,RREO,6,B,Governo do Estado de Goiás,52,GO,7206589,RREO-Anexo 03,E,Padrão,<MR-8>,ITCDLiquidoExcetoTransferenciasEFUNDEB,ITCD,125646635.3,GO,52,2023,6
2023,RREO,6,B,Governo do Estado de Goiás,52,GO,7206589,RREO-Anexo 03,E,Padrão,<MR-7>,ITCDLiquidoExcetoTransferenciasEFUNDEB,ITCD,124291365.95,GO,52,2023,6
2023,RREO,6,B,Governo do Estado de Goiás,52,GO,7206589,RREO-Anexo 03,E,Padrão,<MR-6>,ITCDLiquidoExcetoTransferenciasEFUNDEB,ITCD,98390292.03,GO,52,2023,6
2023,RREO,6,B,Governo do Estado de Goiás,52,GO,7206589,RREO-Anexo 03,E,Padrão,<MR-5>,ITCDLiquidoExcetoTransferenciasEFUNDEB,ITCD,129289208.99,GO,52,2023,6
2023,RREO,6,B,Governo do Estado de Goiás,52,GO,7206589,RREO-Anexo 03,E,Padrão,<MR-4>,ITCDLiquidoExcetoTransferenciasEFUNDEB,ITCD,109891624.1,GO,52,2023,6
2023,RREO,6,B,Governo do Estado de Goiás,52,GO,7206589,RREO-Anexo 03,E,Padrão,<MR-3>,ITCDLiquidoExcetoTransferenciasEFUNDEB,ITCD,89448454.11,GO,52,2023,6
2023,RREO,6,B,Governo do Estado de Goiás,52,GO,7206589,RREO-Anexo 03,E,Padrão,<MR-2>,ITCDLiquidoExcetoTransferenciasEFUNDEB,ITCD,88775554.35,GO,52,2023,6
2023,RREO,6,B,Governo do Estado de Goiás,52,GO,7206589,RREO-Anexo 03,E,Padrão,<MR-1>,ITCDLiquidoExcetoTransferenciasEFUNDEB,ITCD,99325935.63,GO,52,2023,6
2023,RREO,6,B,Governo do Estado de Goiás,52,GO,7206589,RREO-Anexo 03,E,Padrão,<MR>,ITCDLiquidoExcetoTransferenciasEFUNDEB,ITCD,99895881.6,GO,52,2023,6
2023,RREO,6,B,Governo do Estado de Goiás,52,GO,7206589,RREO-Anexo 03,E,Padrão,TOTAL (ÚLTIMOS 12 MESES),ITCDLiquidoExcetoTransferenciasEFUNDEB,ITCD,1230821211.28,GO,52,2023,6
2023,RREO,6,B,Governo do Estado de Goiás,52,GO,7206589,RREO-Anexo 03,E,Padrão,PREVISÃO ATUALIZADA 2023,ITCDLiquidoExcetoTransferenciasEFUNDEB,ITCD,757652000.0,GO,52,2023,6
2023,RREO,6,B,Governo do Distrito Federal,53,DF,3094325,RREO-Anexo 03,E,Padrão,<MR-11>,ICMSLiquidoExcetoTransferenciasEFUNDEB,ICMS,849220394.43,DF,53,2023,6
2023,RREO,6,B,Governo do Distrito Federal,53,DF,3094325,RREO-Anexo 03,E,Padrão,<MR-10>,ICMSLiquidoExcetoTransferenciasEFUNDEB,ICMS,730493020.56,DF,53,2023,6
2023,RREO,6,B,Governo do Distrito Federal,53,DF,3094325,RREO-Anexo 03,E,Padrão,<MR-9>,ICMSLiquidoExcetoTransferenciasEFUNDEB,ICMS,717578086.05,DF,53,2023,6
2023,RREO,6,B,Governo do Distrito Federal,53,DF,3094325,RREO-Anexo 03,E,Padrão,<MR-8>,ICMSLiquidoExcetoTransferenciasEFUNDEB,ICMS,835654885.69,DF,53,2023,6
2023,RREO,6,B,Governo do Distrito Federal,53,DF,3094325,RREO-Anexo 03,E,Padrão,<MR-7>,ICMSLiquidoExcetoTransferenciasEFUNDEB,ICMS,798650331.31,DF,53,2023,6
2023,RREO,6,B,Governo do Distrito Federal,53,DF,3094325,RREO-Anexo 03,E,Padrão,<MR-6>,ICMSLiquidoExcetoTransferenciasEFUNDEB,ICMS,823608602.74,DF,53,2023,6
2023,RREO,6,B,Governo do Distrito Federal,53,DF,3094325,RREO-Anexo 03,E,Padrão,<MR-5>,ICMSLiquidoExcetoTransferenciasEFUNDEB,ICMS,821024904.64,DF,53,2023,6
2023,RREO,6,B,Governo do Distrito Federal,53,DF,3094325,RREO-Anexo 03,E,Padrão,<MR-4>,ICMSLiquidoExcetoTransferenciasEFUNDEB,ICMS,866852728.63,DF,53,2023,6
2023,RREO,6,B,Governo do Distrito Federal,53,DF,3094325,RREO-Anexo 03,E,Padrão,<MR-3>,ICMSLiquidoExcetoTransferenciasEFUNDEB,ICMS,858862006.99,DF,53,2023,6
2023,RREO,6,B,Governo do Distrito Federal,53,DF,3094325,RREO-Anexo 03,E,Padrão,<MR-2>,ICMSLiquidoExcetoTransferenciasEFUNDEB,ICMS,855844938.62,DF,53,2023,6
2023,RREO,6,B,Governo do Distrito Federal,53,DF,3094325,RREO-Anexo 03,E,Padrão,<MR-1>,ICMSLiquidoExcetoTransferenciasEFUNDEB,ICMS,920986338.78,DF,53,2023,6
2023,RREO,6,B,Governo do Distrito Federal,53,DF,3094325,RREO-Anexo 03,E,Padrão,<MR>,ICMSLiquidoExcetoTransferenciasEFUNDEB,ICMS,926590445.71,DF,53,2023,6
2023,RREO,6,B,Governo do Distrito Federal,53,DF,3094325,RREO-Anexo 03,E,Padrão,TOTAL (ÚLTIMOS 12 MESES),ICMSLiquidoExcetoTransferenciasEFUNDEB,ICMS,10005366684.15,DF,53,2023,6
2023,RREO,6,B,Governo do Distrito Federal,53,DF,3094325,RREO-Anexo 03,E,Padrão,PREVISÃO ATUALIZADA 2023,ICMSLiquidoExcetoTransferenciasEFUNDEB,ICMS,9853593275.0,DF,53,2023,6
2023,RREO,6,B,Governo do Distrito Federal,53,DF,3094325,RREO-Anexo 03,E,Padrão,<MR-11>,IPVALiquidoExcetoTransferenciasEFUNDEB,IPVA,176079991.62,DF,53,2023,6
2023,RREO,6,B,Governo do Distrito Federal,53,DF,3094325,RREO-Anexo 03,E,Padrão,<MR-10>,IPVALiquidoExcetoTransferenciasEFUNDEB,IPVA,504713337.86,DF,53,2023,6
2023,RREO,6,B,Governo do Distrito Federal,53,DF,3094325,RREO-Anexo 03,E,Padrão,<MR-9>,IPVALiquidoExcetoTransferenciasEFUNDEB,IPVA,168474750.53,DF,53,2023,6
2023,RREO,6,B,Governo do Distrito Federal,53,DF,3094325,RREO-Anexo 03,E,Padrão,<MR-8>,IPVALiquidoExcetoTransferenciasEFUNDEB,IPVA,141558639.95,DF,53,2023,6
2023,RREO,6,B,Governo do Distrito Federal,53,DF,3094325,RREO-Anexo 03,E,Padrão,<MR-7>,IPVALiquidoExcetoTransferenciasEFUNDEB,IPVA,147395636.82,DF,53,2023,6
2023,RREO,6,B,Governo do Distrito Federal,53,DF,3094325,RREO-Anexo 03,E,Padrão,<MR-6>,IPVALiquidoExcetoTransferenciasEFUNDEB,IPVA,135340474.32,DF,53,2023,6
2023,RREO,6,B,Governo do Distrito Federal,53,DF,3094325,RREO-Anexo 03,E,Padrão,<MR-5>,IPVALiquidoExcetoTransferenciasEFUNDEB,IPVA,125358369.33,DF,53,2023,6
2023,RREO,6,B,Governo do Distrito Federal,53,DF,3094325,RREO-Anexo 03,E,Padrão,<MR-4>,IPVALiquidoExcetoTransferenciasEFUNDEB,IPVA,71610914.12,DF,53,2023,6
2023,RREO,6,B,Governo do Distrito Federal,53,DF,3094325,RREO-Anexo 03,E,Padrão,<MR-3>,IPVALiquidoExcetoTransferenciasEFUNDEB,IPVA,58868047.88,DF,53,2023,6
2023,RREO,6,B,Governo do Distrito Federal,53,DF,3094325,RREO-Anexo 03,E,Padrão,<MR-2>,IPVALiquidoExcetoTransferenciasEFUNDEB,IPVA,55615187.06,DF,53,2023,6
2023,RREO,6,B,Governo do Distrito Federal,53,DF,3094325,RREO-Anexo 03,E,Padrão,<MR-1>,IPVALiquidoExcetoTransferenciasEFUNDEB,IPVA,47647809.38,DF,53,2023,6
2023,RREO,6,B,Governo do Distrito Federal,53,DF,3094325,RREO-Anexo 03,E,Padrão,<MR>,IPVALiquidoExcetoTransferenciasEFUNDEB,IPVA,48068775.81,DF,53,2023,6
2023,RREO,6,B,Governo do Distrito Federal,53,DF,3094325,RREO-Anexo 03,E,Padrão,TOTAL (ÚLTIMOS 12 MESES),IPVALiquidoExcetoTransferenciasEFUNDEB,IPVA,1680731934.68,DF,53,2023,6
2023,RREO,6,B,Governo do Distrito Federal,53,DF,3094325,RREO-Anexo 03,E,Padrão,PREVISÃO ATUALIZADA 2023,IPVALiquidoExcetoTransferenciasEFUNDEB,IPVA,1696742984.0,DF,53,2023,6
2023,RREO,6,B,Governo do Distrito Federal,53,DF,3094325,RREO-Anexo 03,E,Padrão,<MR-11>,ITCDLiquidoExcetoTransferenciasEFUNDEB,ITCD,19646545.45,DF,53,2023,6
2023,RREO,6,B,Governo do Distrito Federal,53,DF,3094325,RREO-Anexo 03,E,Padrão,<MR-10>,ITCDLiquidoExcetoTransferenciasEFUNDEB,ITCD,14547861.4,DF,53,2023,6
2023,RREO,6,B,Governo do Distrito Federal,53,DF,3094325,RREO-Anexo 03,E,Padrão,<MR-9>,ITCDLiquidoExcetoTransferenciasEFUNDEB,ITCD,19963611.54,DF,53,2023,6
2023,RREO,6,B,Governo do Distrito Federal,53,DF,3094325,RREO-Anexo 03,E,Padrão,<MR-8>,ITCDLiquidoExcetoTransferenciasEFUNDEB,ITCD,16986069.47,DF,53,2023,6
2023,RREO,6,B,Governo do Distrito Federal,53,DF,3094325,RREO-Anexo 03,E,Padrão,<MR-7>,ITCDLiquidoExcetoTransferenciasEFUNDEB,ITCD,19335794.2,DF,53,2023,6
2023,RREO,6,B,Governo do Distrito Federal,53,DF,3094325,RREO-Anexo 03,E,Padrão,<MR-6>,ITCDLiquidoExcetoTransferenciasEFUNDEB,ITCD,20452772.66,DF,53,2023,6
2023,RREO,6,B,Governo do Distrito Federal,53,DF,3094325,RREO-Anexo 03,E,Padrão,<MR-5>,ITCDLiquidoExcetoTransferenciasEFUNDEB,ITCD,20531462.66,DF,53,2023,6
2023,RREO,6,B,Governo do Distrito Federal,53,DF,3094325,RREO-Anexo 03,E,Padrão,<MR-4>,ITCDLiquidoExcetoTransferenciasEFUNDEB,ITCD,21831083.68,DF,53,2023,6
2023,RREO,6,B,Governo do Distrito Federal,53,DF,3094325,RREO-Anexo 03,E,Padrão,<MR-3>,ITCDLiquidoExcetoTransferenciasEFUNDEB,ITCD,22519934.85,DF,53,2023,6
2023,RREO,6,B,Governo do Distrito Federal,53,DF,3094325,RREO-Anexo 03,E,Padrão,<MR-2>,ITCDLiquidoExcetoTransferenciasEFUNDEB,ITCD,20133601.17,DF,53,2023,6
2023,RREO,6,B,Governo do Distrito Federal,53,DF,3094325,RREO-Anexo 03,E,Padrão,<MR-1>,ITCDLiquidoExcetoTransferenciasEFUNDEB,ITCD,25565416.07,DF,53,2023,6
2023,RREO,6,B,Governo do Distrito Federal,53,DF,3094325,RREO-Anexo 03,E,Padrão,<MR>,ITCDLiquidoExcetoTransferenciasEFUNDEB,ITCD,25047465.68,DF,53,2023,6
2023,RREO,6,B,Governo do Distrito Federal,53,DF,3094325,RREO-Anexo 03,E,Padrão,TOTAL (ÚLTIMOS 12 MESES),ITCDLiquidoExcetoTransferenciasEFUNDEB,ITCD,246561618.83,DF,53,2023,6
2023,RREO,6,B,Governo do Distrito Federal,53,DF,3094325,RREO-Anexo 03,E,Padrão,PREVISÃO ATUALIZADA 2023,ITCDLiquidoExcetoTransferenciasEFUNDEB,ITCD,329608504.0,DF,53,2023,6
2024,RREO,6,B,Governo do Estado de Rondônia,11,RO,1616379,RREO-Anexo 03,E,Padrão,<MR-11>,ICMSLiquidoExcetoTransferenciasEFUNDEB,ICMS,594591867.41,RO,11,2024,6
2024,RREO,6,B,Governo do Estado de Rondônia,11,RO,1616379,RREO-Anexo 03,E,Padrão,<MR-10>,ICMSLiquidoExcetoTransferenciasEFUNDEB,ICMS,571600338.01,RO,11,2024,6
2024,RREO,6,B,Governo do Estado de Rondônia,11,RO,1616379,RREO-Anexo 03,E,Padrão,<MR-9>,ICMSLiquidoExcetoTransferenciasEFUNDEB,ICMS,502008807.03,RO,11,2024,6
2024,RREO,6,B,Governo do Estado de Rondônia,11,RO,1616379,RREO-Anexo 03,E,Padrão,<MR-8>,ICMSLiquidoExcetoTransferenciasEFUNDEB,ICMS,606366885.09,RO,11,2024,6
2024,RREO,6,B,Governo do Estado de Rondônia,11,RO,1616379,RREO-Anexo 03,E,Padrão,<MR-7>,ICMSLiquidoExcetoTransferenciasEFUNDEB,ICMS,621662977.74,RO,11,2024,6
2024,RREO,6,B,Governo do Estado de Rondônia,11,RO,1616379,RREO-Anexo 03,E,Padrão,<MR-6>,ICMSLiquidoExcetoTransferenciasEFUNDEB,ICMS,647237333.26,RO,11,2024,6
2024,RREO,6,B,Governo do Estado de Rondônia,11,RO,1616379,RREO-Anexo 03,E,Padrão,<MR-5>,ICMSLiquidoExcetoTransferenciasEFUNDEB,ICMS,689905418.14,RO,11,2024,6
2024,RREO,6,B,Governo do Estado de Rondônia,11,RO,1616379,RREO-Anexo 03,E,Padrão,<MR-4>,ICMSLiquidoExcetoTransferenciasEFUNDEB,ICMS,721116151.26,RO,11,2024,6
2024,RREO,6,B,Governo do Estado de Rondônia,11,RO,1616379,RREO-Anexo 03,E,Padrão,<MR-3>,ICMSLiquidoExcetoTransferenciasEFUNDEB,ICMS,604047257.85,RO,11,2024,6
2024,RREO,6,B,Governo do Estado de Rondônia,11,RO,1616379,RREO-Anexo 03,E,Padrão,<MR-2>,ICMSLiquidoExcetoTransferenciasEFUNDEB,ICMS,529082199.96,RO,11,2024,6
2024,RREO,6,B,Governo do Estado de Rondônia,11,RO,1616379,RREO-Anexo 03,E,Padrão,<MR-1>,ICMSLiquidoExcetoTransferenciasEFUNDEB,ICMS,636612582.5,RO,11,2024,6
2024,RREO,6,B,Governo do Estado de Rondônia,11,RO,1616379,RREO-Anexo 03,E,Padrão,<MR>,ICMSLiquidoExcetoTransferenciasEFUNDEB,ICMS,783216959.75,RO,11,2024,6
2024,RREO,6,B,Governo do Estado de Rondônia,11,RO,1616379,RREO-Anexo 03,E,Padrão,TOTAL (ÚLTIMOS 12 MESES),ICMSLiquidoExcetoTransferenciasEFUNDEB,ICMS,7507448778.0,RO,11,2024,6
2024,RREO,6,B,Governo do Estado de Rondônia,11,RO,1616379,RREO-Anexo 03,E,Padrão,PREVISÃO ATUALIZADA 2024,ICMSLiquidoExcetoTransferenciasEFUNDEB,ICMS,7856724103.0,RO,11,2024,6
2024,RREO,6,B,Governo do Estado de Rondônia,11,RO,1616379,RREO-Anexo 03,E,Padrão,<MR-11>,IPVALiquidoExcetoTransferenciasEFUNDEB,IPVA,63657187.24,RO,11,2024,6
2024,RREO,6,B,Governo do Estado de Rondônia,11,RO,1616379,RREO-Anexo 03,E,Padrão,<MR-10>,IPVALiquidoExcetoTransferenciasEFUNDEB,IPVA,55571213.63,RO,11,2024,6
2024,RREO,6,B,Governo do Estado de Rondônia,11,RO,1616379,RREO-Anexo 03,E,Padrão,<MR-9>,IPVALiquidoExcetoTransferenciasEFUNDEB,IPVA,57776560.17,RO,11,2024,6
2024,RREO,6,B,Governo do Estado de Rondônia,11,RO,1616379,RREO-Anexo 03,E,Padrão,<MR-8>,IPVALiquidoExcetoTransferenciasEFUNDEB,IPVA,68510457.92,RO,11,2024,6
2024,RREO,6,B,Governo do Estado de Rondônia,11,RO,1616379,RREO-Anexo 03,E,Padrão,<MR-7>,IPVALiquidoExcetoTransferenciasEFUNDEB,IPVA,62792609.48,RO,11,2024,6
2024,RREO,6,B,Governo do Estado de Rondônia,11,RO,1616379,RREO-Anexo 03,E,Padrão,<MR-6>,IPVALiquidoExcetoTransferenciasEFUNDEB,IPVA,59144110.3,RO,11,2024,6
2024,RREO,6,B,Governo do Estado de Rondônia,11,RO,1616379,RREO-Anexo 03,E,Padrão,<MR-5>,IPVALiquidoExcetoTransferenciasEFUNDEB,IPVA,70041057.93,RO,11,2024,6
2024,RREO,6,B,Governo do Estado de Rondônia,11,RO,1616379,RREO-Anexo 03,E,Padrão,<MR-4>,IPVALiquidoExcetoTransferenciasEFUNDEB,IPVA,52829214.11,RO,11,2024,6
2024,RREO,6,B,Governo do Estado de Rondônia,11,RO,1616379,RREO-Anexo 03,E,Padrão,<MR-3>,IPVALiquidoExcetoTransferenciasEFUNDEB,IPVA,42317442.5,RO,11,2024,6
2024,RREO,6,B,Governo do Estado de Rondônia,11,RO,1616379,RREO-Anexo 03,E,Padrão,<MR-2>,IPVALiquidoExcetoTransferenciasEFUNDEB,IPVA,38616238.04,RO,11,2024,6
2024,RREO,6,B,Governo do Estado de Rondônia,11,RO,1616379,RREO-Anexo 03,E,Padrão,<MR-1>,IPVALiquidoExcetoTransferenciasEFUNDEB,IPVA,22389682.72,RO,11,2024,6
2024,RREO,6,B,Governo do Estado de Rondônia,11,RO,1616379,RREO-Anexo 03,E,Padrão,<MR>,IPVALiquidoExcetoTransferenciasEFUNDEB,IPVA,20323754.04,RO,11,2024,6
2024,RREO,6,B,Governo do Estado de Rondônia,11,RO,1616379,RREO-Anexo 03,E,Padrão,TOTAL (ÚLTIMOS 12 MESES),IPVALiquidoExcetoTransferenciasEFUNDEB,IPVA,613969528.08,RO,11,2024,6
2024,RREO,6,B,Governo do Estado de Rondônia,11,RO,1616379,RREO-Anexo 03,E,Padrão,PREVISÃO ATUALIZADA 2024,IPVALiquidoExcetoTransferenciasEFUNDEB,IPVA,544533740.0,RO,11,2024,6
2024,RREO,6,B,Governo do Estado de Rondônia,11,RO,1616379,RREO-Anexo 03,E,Padrão,<MR-11>,ITCDLiquidoExcetoTransferenciasEFUNDEB,ITCD,1672608.18,RO,11,2024,6
2024,RREO,6,B,Governo do Estado de Rondônia,11,RO,1616379,RREO-Anexo 03,E,Padrão,<MR-10>,ITCDLiquidoExcetoTransferenciasEFUNDEB,ITCD,1818785.0,RO,11,2024,6
2024,RREO,6,B,Governo do Estado de Rondônia,11,RO,1616379,RREO-Anexo 03,E,Padrão,<MR-9>,ITCDLiquidoExcetoTransferenciasEFUNDEB,ITCD,2538795.98,RO,11,2024,6
2024,RREO,6,B,Governo do Estado de Rondônia,11,RO,1616379,RREO-Anexo 03,E,Padrão,<MR-8>,ITCDLiquidoExcetoTransferenciasEFUNDEB,ITCD,2202776.75,RO,11,2024,6
2024,RREO,6,B,Governo do Estado de Rondônia,11,RO,1616379,RREO-Anexo 03,E,Padrão,<MR-7>,ITCDLiquidoExcetoTransferenciasEFUNDEB,ITCD,1450967.53,RO,11,2024,6
2024,RREO,6,B,Governo do Estado de Rondônia,11,RO,1616379,RREO-Anexo 03,E,Padrão,<MR-6>,ITCDLiquidoExcetoTransferenciasEFUNDEB,ITCD,3004158.47,RO,11,2024,6
2024,RREO,6,B,Governo do Estado de Rondônia,11,RO,1616379,RREO-Anexo 03,E,Padrão,<MR-5>,ITCDLiquidoExcetoTransferenciasEFUNDEB,ITCD,2887858.79,RO,11,2024,6
2024,RREO,6,B,Governo do Estado de Rondônia,11,RO,1616379,RREO-Anexo 03,E,Padrão,<MR-4>,ITCDLiquidoExcetoTransferenciasEFUNDEB,ITCD,6730632.3,RO,11,2024,6
2024,RREO,6,B,Governo do Estado de Rondônia,11,RO,1616379,RREO-Anexo 03,E,Padrão,<MR-3>,ITCDLiquidoExcetoTransferenciasEFUNDEB,ITCD,2106697.52,RO,11,2024,6
2024,RREO,6,B,Governo do Estado de Rondônia,11,RO,1616379,RREO-Anexo 03,E,Padrão,<MR-2>,ITCDLiquidoExcetoTransferenciasEFUNDEB,ITCD,3837149.9,RO,11,2024,6
2024,RREO,6,B,Governo do Estado de Rondônia,11,RO,1616379,RREO-Anexo 03,E,Padrão,<MR-1>,ITCDLiquidoExcetoTransferenciasEFUNDEB,ITCD,3619368.36,RO,11,2024,6
2024,RREO,6,B,Governo do Estado de Rondônia,11,RO,1616379,RREO-Anexo 03,E,Padrão,<MR>,ITCDLiquidoExcetoTransferenciasEFUNDEB,ITCD,3741154.99,RO,11,2024,6
2024,RREO,6,B,Governo do Estado de Rondônia,11,RO,1616379,RREO-Anexo 03,E,Padrão,TOTAL (ÚLTIMOS 12 MESES),ITCDLiquidoExcetoTransferenciasEFUNDEB,ITCD,35610953.77,RO,11,2024,6
2024,RREO,6,B,Governo do Estado de Rondônia,11,RO,1616379,RREO-Anexo 03,E,Padrão,PREVISÃO ATUALIZADA 2024,ITCDLiquidoExcetoTransferenciasEFUNDEB,ITCD,41117177.0,RO,11,2024,6
2024,RREO,6,B,Governo do Estado do Acre,12,AC,829780,RREO-Anexo 03,E,Padrão,<MR-11>,ICMSLiquidoExcetoTransferenciasEFUNDEB,ICMS,175770426.53,AC,12,2024,6
2024,RREO,6,B,Governo do Estado do Acre,12,AC,829780,RREO-Anexo 03,E,Padrão,<MR-10>,ICMSLiquidoExcetoTransferenciasEFUNDEB,ICMS,166420912.44,AC,12,2024,6
2024,RREO,6,B,Governo do Estado do Acre,12,AC,829780,RREO-Anexo 03,E,Padrão,<MR-9>,ICMSLiquidoExcetoTransferenciasEFUNDEB,ICMS,170289877.24,AC,12,2024,6
2024,RREO,6,B,Governo do Estado do Acre,12,AC,829780,RREO-Anexo 03,E,Padrão,<MR-8>,ICMSLiquidoExcetoTransferenciasEFUNDEB,ICMS,165525021.41,AC,12,2024,6
2024,RREO,6,B,Governo do Estado do Acre,12,AC,829780,RREO-Anexo 03,E,Padrão,<MR-7>,ICMSLiquidoExcetoTransferenciasEFUNDEB,ICMS,174284924.92,AC,12,2024,6
2024,RREO,6,B,Governo do Estado do Acre,12,AC,829780,RREO-Anexo 03,E,Padrão,<MR-6>,ICMSLiquidoExcetoTransferenciasEFUNDEB,ICMS,169001550.53,AC,12,2024,6
2024,RREO,6,B,Governo do Estado do Acre,12,AC,829780,RREO-Anexo 03,E,Padrão,<MR-5>,ICMSLiquidoExcetoTransferenciasEFUNDEB,ICMS,176981936.68,AC,12,2024,6
2024,RREO,6,B,Governo do Estado do Acre,12,AC,829780,RREO-Anexo 03,E,Padrão,<MR-4>,ICMSLiquidoExcetoTransferenciasEFUNDEB,ICMS,185545831.83,AC,12,2024,6
2024,RREO,6,B,Governo do Estado do Acre,12,AC,829780,RREO-Anexo 03,E,Padrão,<MR-3>,ICMSLiquidoExcetoTransferenciasEFUNDEB,ICMS,178685727.58,AC,12,2024,6
2024,RREO,6,B,Governo do Estado do Acre,12,AC,829780,RREO-Anexo 03,E,Padrão,<MR-2>,ICMSLiquidoExcetoTransferenciasEFUNDEB,ICMS,193770720.81,AC,12,2024,6
2024,RREO,6,B,Governo do Estado do Acre,12,AC,829780,RREO-Anexo 03,E,Padrão,<MR-1>,ICMSLiquidoExcetoTransferenciasEFUNDEB,ICMS,203486732.48,AC,12,2024,6
2024,RREO,6,B,Governo do Estado do Acre,12,AC,829780,RREO-Anexo 03,E,Padrão,<MR>,ICMSLiquidoExcetoTransferenciasEFUNDEB,ICMS,200204454.73,AC,12,2024,6
2024,RREO,6,B,Governo do Estado do Acre,12,AC,829780,RREO-Anexo 03,E,Padrão,TOTAL (ÚLTIMOS 12 MESES),ICMSLiquidoExcetoTransferenciasEFUNDEB,ICMS,2159968117.18,AC,12,2024,6
2024,RREO,6,B,Governo do Estado do Acre,12,AC,829780,RREO-Anexo 03,E,Padrão,PREVISÃO ATUALIZADA 2024,ICMSLiquidoExcetoTransferenciasEFUNDEB,ICMS,2130071878.28,AC,12,2024,6
2024,RREO,6,B,Governo do Estado do Acre,12,AC,829780,RREO-Anexo 03,E,Padrão,<MR-11>,IPVALiquidoExcetoTransferenciasEFUNDEB,IPVA,12317895.11,AC,12,2024,6
2024,RREO,6,B,Governo do Estado do Acre,12,AC,829780,RREO-Anexo 03,E,Padrão,<MR-10>,IPVALiquidoExcetoTransferenciasEFUNDEB,IPVA,14565262.23,AC,12,2024,6
2024,RREO,6,B,Governo do Estado do Acre,12,AC,829780,RREO-Anexo 03,E,Padrão,<MR-9>,IPVALiquidoExcetoTransferenciasEFUNDEB,IPVA,12260634.9,AC,12,2024,6
2024,RREO,6,B,Governo do Estado do Acre,12,AC,829780,RREO-Anexo 03,E,Padrão,<MR-8>,IPVALiquidoExcetoTransferenciasEFUNDEB,IPVA,8875357.47,AC,12,2024,6
2024,RREO,6,B,Governo do Estado do Acre,12,AC,829780,RREO-Anexo 03,E,Padrão,<MR-7>,IPVALiquidoExcetoTransferenciasEFUNDEB,IPVA,9284215.45,AC,12,2024,6
2024,RREO,6,B,Governo do Estado do Acre,12,AC,829780,RREO-Anexo 03,E,Padrão,<MR-6>,IPVALiquidoExcetoTransferenciasEFUNDEB,IPVA,10786537.87,AC,12,2024,6
2024,RREO,6,B,Governo do Estado do Acre,12,AC,829780,RREO-Anexo 03,E,Padrão,<MR-5>,IPVALiquidoExcetoTransferenciasEFUNDEB,IPVA,18351574.0,AC,12,2024,6
2024,RREO,6,B,Governo do Estado do Acre,12,AC,829780,RREO-Anexo 03,E,Padrão,<MR-4>,IPVALiquidoExcetoTransferenciasEFUNDEB,IPVA,16612574.93,AC,12,2024,6
2024,RREO,6,B,Governo do Estado do Acre,12,AC,829780,RREO-Anexo 03,E,Padrão,<MR-3>,IPVALiquidoExcetoTransferenciasEFUNDEB,IPVA,11924541.08,AC,12,2024,6
2024,RREO,6,B,Governo do Estado do Acre,12,AC,829780,RREO-Anexo 03,E,Padrão,<MR-2>,IPVALiquidoExcetoTransferenciasEFUNDEB,IPVA,10336852.01,AC,12,2024,6
2024,RREO,6,B,Governo do Estado do Acre,12,AC,829780,RREO-Anexo 03,E,Padrão,<MR-1>,IPVALiquidoExcetoTransferenciasEFUNDEB,IPVA,6690171.31,AC,12,2024,6
2024,RREO,6,B,Governo do Estado do Acre,12,AC,829780,RREO-Anexo 03,E,Padrão,<MR>,IPVALiquidoExcetoTransferenciasEFUNDEB,IPVA,5870179.66,AC,12,2024,6
2024,RREO,6,B,Governo do Estado do Acre,12,AC,829780,RREO-Anexo 03,E,Padrão,TOTAL (ÚLTIMOS 12 MESES),IPVALiquidoExcetoTransferenciasEFUNDEB,IPVA,137875796.02,AC,12,2024,6
2024,RREO,6,B,Governo do Estado do Acre,12,AC,829780,RREO-Anexo 03,E,Padrão,PREVISÃO ATUALIZADA 2024,IPVALiquidoExcetoTransferenciasEFUNDEB,IPVA,137950166.46,AC,12,2024,6
2024,RREO,6,B,Governo do Estado do Acre,12,AC,829780,RREO-Anexo 03,E,Padrão,<MR-11>,ITCDLiquidoExcetoTransferenciasEFUNDEB,ITCD,1874381.87,AC,12,2024,6
2024,RREO,6,B,Governo do Estado do Acre,12,AC,829780,RREO-Anexo 03,E,Padrão,<MR-10>,ITCDLiquidoExcetoTransferenciasEFUNDEB,ITCD,1228782.05,AC,12,2024,6
2024,RREO,6,B,Governo do Estado do Acre,12,AC,829780,RREO-Anexo 03,E,Padrão,<MR-9>,ITCDLiquidoExcetoTransferenciasEFUNDEB,ITCD,1264525.82,AC,12,2024,6
2024,RREO,6,B,Governo do Estado do Acre,12,AC,829780,RREO-Anexo 03,E,Padrão,<MR-8>,ITCDLiquidoExcetoTransferenciasEFUNDEB,ITCD,1115186.37,AC,12,2024,6
2024,RREO,6,B,Governo do Estado do Acre,12,AC,829780,RREO-Anexo 03,E,Padrão,<MR-7>,ITCDLiquidoExcetoTransferenciasEFUNDEB,ITCD,907083.17,AC,12,2024,6
2024,RREO,6,B,Governo do Estado do Acre,12,AC,829780,RREO-Anexo 03,E,Padrão,<MR-6>,ITCDLiquidoExcetoTransferenciasEFUNDEB,ITCD,931395.2,AC,12,2024,6
2024,RREO,6,B,Governo do Estado do Acre,12,AC,829780,RREO-Anexo 03,E,Padrão,<MR-5>,ITCDLiquidoExcetoTransferenciasEFUNDEB,ITCD,892412.04,AC,12,2024,6
2024,RREO,6,B,Governo do Estado do Acre,12,AC,829780,RREO-Anexo 03,E,Padrão,<MR-4>,ITCDLiquidoExcetoTransferenciasEFUNDEB,ITCD,1221375.0,AC,12,2024,6
2024,RREO,6,B,Governo do Estado do Acre,12,AC,829780,RREO-Anexo 03,E,Padrão,<MR-3>,ITCDLiquidoExcetoTransferenciasEFUNDEB,ITCD,2092850.41,AC,12,2024,6
2024,RREO,6,B,Governo do Estado do Acre,12,AC,829780,RREO-Anexo 03,E,Padrão,<MR-2>,ITCDLiquidoExcetoTransferenciasEFUNDEB,ITCD,1379275.56,AC,12,2024,6
2024,RREO,6,B,Governo do Estado do Acre,12,AC,829780,RREO-Anexo 03,E,Padrão,<MR-1>,ITCDLiquidoExcetoTransferenciasEFUNDEB,ITCD,969879.49,AC,12,2024,6
2024,RREO,6,B,Governo do Estado do Acre,12,AC,829780,RREO-Anexo 03,E,Padrão,<MR>,ITCDLiquidoExcetoTransferenciasEFUNDEB,ITCD,2703559.04,AC,12,2024,6
2024,RREO,6,B,Governo do Estado do Acre,12,AC,829780,RREO-Anexo 03,E,Padrão,TOTAL (ÚLTIMOS 12 MESES),ITCDLiquidoExcetoTransferenciasEFUNDEB,ITCD,16580706.02,AC,12,2024,6
2024,RREO,6,B,Governo do Estado do Acre,12,AC,829780,RREO-Anexo 03,E,Padrão,PREVISÃO ATUALIZADA 2024,ITCDLiquidoExcetoTransferenciasEFUNDEB,ITCD,15896394.59,AC,12,2024,6
2024,RREO,6,B,Governo do Estado do Amazonas,13,AM,3952262,RREO-Anexo 03,E,Padrão,<MR-11>,ICMSLiquidoExcetoTransferenciasEFUNDEB,ICMS,1230800477.09,AM,13,2024,6
2024,RREO,6,B,Governo do Estado do Amazonas,13,AM,3952262,RREO-Anexo 03,E,Padrão,<MR-10>,ICMSLiquidoExcetoTransferenciasEFUNDEB,ICMS,1119538487.9,AM,13,2024,6
2024,RREO,6,B,Governo do Estado do Amazonas,13,AM,3952262,RREO-Anexo 03,E,Padrão,<MR-9>,ICMSLiquidoExcetoTransferenciasEFUNDEB,ICMS,1189000831.08,AM,13,2024,6
2024,RREO,6,B,Governo do Estado do Amazonas,13,AM,3952262,RREO-Anexo 03,E,Padrão,<MR-8>,ICMSLiquidoExcetoTransferenciasEFUNDEB,ICMS,1203703407.65,AM,13,2024,6
2024,RREO,6,B,Governo do Estado do Amazonas,13,AM,3952262,RREO-Anexo 03,E,Padrão,<MR-7>,ICMSLiquidoExcetoTransferenciasEFUNDEB,ICMS,1335818811.49,AM,13,2024,6
2024,RREO,6,B,Governo do Estado do Amazonas,13,AM,3952262,RREO-Anexo 03,E,Padrão,<MR-6>,ICMSLiquidoExcetoTransferenciasEFUNDEB,ICMS,1263660836.51,AM,13,2024,6
2024,RREO,6,B,Governo do Estado do Amazonas,13,AM,3952262,RREO-Anexo 03,E,Padrão,<MR-5>,ICMSLiquidoExcetoTransferenciasEFUNDEB,ICMS,1286983246.84,AM,13,2024,6
2024,RREO,6,B,Governo do Estado do Amazonas,13,AM,3952262,RREO-Anexo 03,E,Padrão,<MR-4>,ICMSLiquidoExcetoTransferenciasEFUNDEB,ICMS,1293644513.71,AM,13,2024,6
2024,RREO,6,B,Governo do Estado do Amazonas,13,AM,3952262,RREO-Anexo 03,E,Padrão,<MR-3>,ICMSLiquidoExcetoTransferenciasEFUNDEB,ICMS,1633334082.26,AM,13,2024,6
2024,RREO,6,B,Governo do Estado do Amazonas,13,AM,3952262,RREO-Anexo 03,E,Padrão,<MR-2>,ICMSLiquidoExcetoTransferenciasEFUNDEB,ICMS,1315198704.85,AM,13,2024,6
2024,RREO,6,B,Governo do Estado do Amazonas,13,AM,3952262,RREO-Anexo 03,E,Padrão,<MR-1>,ICMSLiquidoExcetoTransferenciasEFUNDEB,ICMS,1437418258.95,AM,13,2024,6
2024,RREO,6,B,Governo do Estado do Amazonas,13,AM,3952262,RREO-Anexo 03,E,Padrão,<MR>,ICMSLiquidoExcetoTransferenciasEFUNDEB,ICMS,1389408366.32,AM,13,2024,6
2024,RREO,6,B,Governo do Estado do Amazonas,13,AM,3952262,RREO-Anexo 03,E,Padrão,TOTAL (ÚLTIMOS 12 MESES),ICMSLiquidoExcetoTransferenciasEFUNDEB,ICMS,15698510024.65,AM,13,2024,6
2024,RREO,6,B,Governo do Estado do Amazonas,13,AM,3952262,RREO-Anexo 03,E,Padrão,PREVISÃO ATUALIZADA 2024,ICMSLiquidoExcetoTransferenciasEFUNDEB,ICMS,13322610543.25,AM,13,2024,6
2024,RREO,6,B,Governo do Estado do Amazonas,13,AM,3952262,RREO-Anexo 03,E,Padrão,<MR-11>,IPVALiquidoExcetoTransferenciasEFUNDEB,IPVA,82612222.84,AM,13,2024,6
2024,RREO,6,B,Governo do Estado do Amazonas,13,AM,3952262,RREO-Anexo 03,E,Padrão,<MR-10>,IPVALiquidoExcetoTransferenciasEFUNDEB,IPVA,79290644.05,AM,13,2024,6
2024,RREO,6,B,Governo do Estado do Amazonas,13,AM,3952262,RREO-Anexo 03,E,Padrão,<MR-9>,IPVALiquidoExcetoTransferenciasEFUNDEB,IPVA,90667680.61,AM,13,2024,6
2024,RREO,6,B,Governo do Estado do Amazonas,13,AM,3952262,RREO-Anexo 03,E,Padrão,<MR-8>,IPVALiquidoExcetoTransferenciasEFUNDEB,IPVA,105948593.76,AM,13,2024,6
2024,RREO,6,B,Governo do Estado do Amazonas,13,AM,3952262,RREO-Anexo 03,E,Padrão,<MR-7>,IPVALiquidoExcetoTransferenciasEFUNDEB,IPVA,96833417.09,AM,13,2024,6
2024,RREO,6,B,Governo do Estado do Amazonas,13,AM,3952262,RREO-Anexo 03,E,Padrão,<MR-6>,IPVALiquidoExcetoTransferenciasEFUNDEB,IPVA,90315727.06,AM,13,2024,6
2024,RREO,6,B,Governo do Estado do Amazonas,13,AM,3952262,RREO-Anexo 03,E,Padrão,<MR-5>,IPVALiquidoExcetoTransferenciasEFUNDEB,IPVA,105255782.12,AM,13,2024,6
2024,RREO,6,B,Governo do Estado do Amazonas,13,AM,3952262,RREO-Anexo 03,E,Padrão,<MR-4>,IPVALiquidoExcetoTransferenciasEFUNDEB,IPVA,86428710.19,AM,13,2024,6
2024,RREO,6,B,Governo do Estado do Amazonas,13,AM,3952262,RREO-Anexo 03,E,Padrão,<MR-3>,IPVALiquidoExcetoTransferenciasEFUNDEB,IPVA,77922821.91,AM,13,2024,6
2024,RREO,6,B,Governo do Estado do Amazonas,13,AM,3952262,RREO-Anexo 03,E,Padrão,<MR-2>,IPVALiquidoExcetoTransferenciasEFUNDEB,IPVA,68723998.76,AM,13,2024,6
2024,RREO,6,B,Governo do Estado do Amazonas,13,AM,3952262,RREO-Anexo 03,E,Padrão,<MR-1>,IPVALiquidoExcetoTransferenciasEFUNDEB,IPVA,46496530.23,AM,13,2024,6
2024,RREO,6,B,Governo do Estado do Amazonas,13,AM,3952262,RREO-Anexo 03,E,Padrão,<MR>,IPVALiquidoExcetoTransferenciasEFUNDEB,IPVA,46562908.53,AM,13,2024,6
2024,RREO,6,B,Governo do Estado do Amazonas,13,AM,3952262,RREO-Anexo 03,E,Padrão,TOTAL (ÚLTIMOS 12 MESES),IPVALiquidoExcetoTransferenciasEFUNDEB,IPVA,977059037.15,AM,13,2024,6
2024,RREO,6,B,Governo do Estado do Amazonas,13,AM,3952262,RREO-Anexo 03,E,Padrão,PREVISÃO ATUALIZADA 2024,IPVALiquidoExcetoTransferenciasEFUNDEB,IPVA,870048619.86,AM,13,2024,6
2024,RREO,6,B,Governo do Estado do Amazonas,13,AM,3952262,RREO-Anexo 03,E,Padrão,<MR-11>,ITCDLiquidoExcetoTransferenciasEFUNDEB,ITCD,7487985.17,AM,13,2024,6
2024,RREO,6,B,Governo do Estado do Amazonas,13,AM,3952262,RREO-Anexo 03,E,Padrão,<MR-10>,ITCDLiquidoExcetoTransferenciasEFUNDEB,ITCD,3378422.22,AM,13,2024,6
2024,RREO,6,B,Governo do Estado do Amazonas,13,AM,3952262,RREO-Anexo 03,E,Padrão,<MR-9>,ITCDLiquidoExcetoTransferenciasEFUNDEB,ITCD,4058682.75,AM,13,2024,6
2024,RREO,6,B,Governo do Estado do Amazonas,13,AM,3952262,RREO-Anexo 03,E,Padrão,<MR-8>,ITCDLiquidoExcetoTransferenciasEFUNDEB,ITCD,3959016.02,AM,13,2024,6
2024,RREO,6,B,Governo do Estado do Amazonas,13,AM,3952262,RREO-Anexo 03,E,Padrão,<MR-7>,ITCDLiquidoExcetoTransferenciasEFUNDEB,ITCD,3622715.31,AM,13,2024,6
2024,RREO,6,B,Governo do Estado do Amazonas,13,AM,3952262,RREO-Anexo 03,E,Padrão,<MR-6>,ITCDLiquidoExcetoTransferenciasEFUNDEB,ITCD,3980675.31,AM,13,2024,6
2024,RREO,6,B,Governo do Estado do Amazonas,13,AM,3952262,RREO-Anexo 03,E,Padrão,<MR-5>,ITCDLiquidoExcetoTransferenciasEFUNDEB,ITCD,8418483.25,AM,13,2024,6
2024,RREO,6,B,Governo do Estado do Amazonas,13,AM,3952262,RREO-Anexo 03,E,Padrão,<MR-4>,ITCDLiquidoExcetoTransferenciasEFUNDEB,ITCD,3081881.81,AM,13,2024,6
2024,RREO,6,B,Governo do Estado do Amazonas,13,AM,3952262,RREO-Anexo 03,E,Padrão,<MR-3>,ITCDLiquidoExcetoTransferenciasEFUNDEB,ITCD,3043564.11,AM,13,2024,6
2024,RREO,6,B,Governo do Estado do Amazonas,13,AM,3952262,RREO-Anexo 03,E,Padrão,<MR-2>,ITCDLiquidoExcetoTransferenciasEFUNDEB,ITCD,4571169.13,AM,13,2024,6
2024,RREO,6,B,Governo do Estado do Amazonas,13,AM,3952262,RREO-Anexo 03,E,Padrão,<MR-1>,ITCDLiquidoExcetoTransferenciasEFUNDEB,ITCD,3067660.81,AM,13,2024,6
2024,RREO,6,B,Governo do Estado do Amazonas,13,AM,3952262,RREO-Anexo 03,E,Padrão,<MR>,ITCDLiquidoExcetoTransferenciasEFUNDEB,ITCD,15980010.44,AM,13,2024,6
2024,RREO,6,B,Governo do Estado do Amazonas,13,AM,3952262,RREO-Anexo 03,E,Padrão,TOTAL (ÚLTIMOS 12 MESES),ITCDLiquidoExcetoTransferenciasEFUNDEB,ITCD,64650266.33,AM,13,2024,6
2024,RREO,6,B,Governo do Estado do Amazonas,13,AM,3952262,RREO-Anexo 03,E,Padrão,PREVISÃO ATUALIZADA 2024,ITCDLiquidoExcetoTransferenciasEFUNDEB,ITCD,51355466.5,AM,13,2024,6
2024,RREO,6,B,Governo do Estado de Roraima,14,RR,634805,RREO-Anexo 03,E,Padrão,<MR-11>,ICMSLiquidoExcetoTransferenciasEFUNDEB,ICMS,159910376.59,RR,14,2024,6
2024,RREO,6,B,Governo do Estado de Roraima,14,RR,634805,RREO-Anexo 03,E,Padrão,<MR-10>,ICMSLiquidoExcetoTransferenciasEFUNDEB,ICMS,149309398.8,RR,14,2024,6
2024,RREO,6,B,Governo do Estado de Roraima,14,RR,634805,RREO-Anexo 03,E,Padrão,<MR-9>,ICMSLiquidoExcetoTransferenciasEFUNDEB,ICMS,145231281.17,RR,14,2024,6
2024,RREO,6,B,Governo do Estado de Roraima,14,RR,634805,RREO-Anexo 03,E,Padrão,<MR-8>,ICMSLiquidoExcetoTransferenciasEFUNDEB,ICMS,171350942.07,RR,14,2024,6
2024,RREO,6,B,Governo do Estado de Roraima,14,RR,634805,RREO-Anexo 03,E,Padrão,<MR-7>,ICMSLiquidoExcetoTransferenciasEFUNDEB,ICMS,174535054.29,RR,14,2024,6
2024,RREO,6,B,Governo do Estado de Roraima,14,RR,634805,RREO-Anexo 03,E,Padrão,<MR-6>,ICMSLiquidoExcetoTransferenciasEFUNDEB,ICMS,155619545.62,RR,14,2024,6
2024,RREO,6,B,Governo do Estado de Roraima,14,RR,634805,RREO-Anexo 03,E,Padrão,<MR-5>,ICMSLiquidoExcetoTransferenciasEFUNDEB,ICMS,158435104.52,RR,14,2024,6
2024,RREO,6,B,Governo do Estado de Roraima,14,RR,634805,RREO-Anexo 03,E,Padrão,<MR-4>,ICMSLiquidoExcetoTransferenciasEFUNDEB,ICMS,159862620.3,RR,14,2024,6
2024,RREO,6,B,Governo do Estado de Roraima,14,RR,634805,RREO-Anexo 03,E,Padrão,<MR-3>,ICMSLiquidoExcetoTransferenciasEFUNDEB,ICMS,183625513.13,RR,14,2024,6
2024,RREO,6,B,Governo do Estado de Roraima,14,RR,634805,RREO-Anexo 03,E,Padrão,<MR-2>,ICMSLiquidoExcetoTransferenciasEFUNDEB,ICMS,172280230.14,RR,14,2024,6
2024,RREO,6,B,Governo do Estado de Roraima,14,RR,634805,RREO-Anexo 03,E,Padrão,<MR-1>,ICMSLiquidoExcetoTransferenciasEFUNDEB,ICMS,183757165.4,RR,14,2024,6
2024,RREO,6,B,Governo do Estado de Roraima,14,RR,634805,RREO-Anexo 03,E,Padrão,<MR>,ICMSLiquidoExcetoTransferenciasEFUNDEB,ICMS,196480132.82,RR,14,2024,6
2024,RREO,6,B,Governo do Estado de Roraima,14,RR,634805,RREO-Anexo 03,E,Padrão,TOTAL (ÚLTIMOS 12 MESES),ICMSLiquidoExcetoTransferenciasEFUNDEB,ICMS,2010397364.85,RR,14,2024,6
2024,RREO,6,B,Governo do Estado de Roraima,14,RR,634805,RREO-Anexo 03,E,Padrão,PREVISÃO ATUALIZADA 2024,ICMSLiquidoExcetoTransferenciasEFUNDEB,ICMS,1883250354.0,RR,14,2024,6
2024,RREO,6,B,Governo do Estado de Roraima,14,RR,634805,RREO-Anexo 03,E,Padrão,<MR-11>,IPVALiquidoExcetoTransferenciasEFUNDEB,IPVA,11194678.14,RR,14,2024,6
2024,RREO,6,B,Governo do Estado de Roraima,14,RR,634805,RREO-Anexo 03,E,Padrão,<MR-10>,IPVALiquidoExcetoTransferenciasEFUNDEB,IPVA,16993406.26,RR,14,2024,6
2024,RREO,6,B,Governo do Estado de Roraima,14,RR,634805,RREO-Anexo 03,E,Padrão,<MR-9>,IPVALiquidoExcetoTransferenciasEFUNDEB,IPVA,9794626.62,RR,14,2024,6
2024,RREO,6,B,Governo do Estado de Roraima,14,RR,634805,RREO-Anexo 03,E,Padrão,<MR-8>,IPVALiquidoExcetoTransferenciasEFUNDEB,IPVA,9742921.12,RR,14,2024,6
2024,RREO,6,B,Governo do Estado de Roraima,14,RR,634805,RREO-Anexo 03,E,Padrão,<MR-7>,IPVALiquidoExcetoTransferenciasEFUNDEB,IPVA,9291319.26,RR,14,2024,6
2024,RREO,6,B,Governo do Estado de Roraima,14,RR,634805,RREO-Anexo 03,E,Padrão,<MR-6>,IPVALiquidoExcetoTransferenciasEFUNDEB,IPVA,11176115.25,RR,14,2024,6
2024,RREO,6,B,Governo do Estado de Roraima,14,RR,634805,RREO-Anexo 03,E,Padrão,<MR-5>,IPVALiquidoExcetoTransferenciasEFUNDEB,IPVA,13543290.07,RR,14,2024,6
2024,RREO,6,B,Governo do Estado de Roraima,14,RR,634805,RREO-Anexo 03,E,Padrão,<MR-4>,IPVALiquidoExcetoTransferenciasEFUNDEB,IPVA,11288216.86,RR,14,2024,6
2024,RREO,6,B,Governo do Estado de Roraima,14,RR,634805,RREO-Anexo 03,E,Padrão,<MR-3>,IPVALiquidoExcetoTransferenciasEFUNDEB,IPVA,10026529.44,RR,14,2024,6
2024,RREO,6,B,Governo do Estado de Roraima,14,RR,634805,RREO-Anexo 03,E,Padrão,<MR-2>,IPVALiquidoExcetoTransferenciasEFUNDEB,IPVA,10092941.19,RR,14,2024,6
2024,RREO,6,B,Governo do Estado de Roraima,14,RR,634805,RREO-Anexo 03,E,Padrão,<MR-1>,IPVALiquidoExcetoTransferenciasEFUNDEB,IPVA,7143460.96,RR,14,2024,6
2024,RREO,6,B,Governo do Estado de Roraima,14,RR,634805,RREO-Anexo 03,E,Padrão,<MR>,IPVALiquidoExcetoTransferenciasEFUNDEB,IPVA,7284273.57,RR,14,2024,6
2024,RREO,6,B,Governo do Estado de Roraima,14,RR,634805,RREO-Anexo 03,E,Padrão,TOTAL (ÚLTIMOS 12 MESES),IPVALiquidoExcetoTransferenciasEFUNDEB,IPVA,127571778.74,RR,14,2024,6
2024,RREO,6,B,Governo do Estado de Roraima,14,RR,634805,RREO-Anexo 03,E,Padrão,PREVISÃO ATUALIZADA 2024,IPVALiquidoExcetoTransferenciasEFUNDEB,IPVA,119474543.0,RR,14,2024,6
2024,RREO,6,B,Governo do Estado de Roraima,14,RR,634805,RREO-Anexo 03,E,Padrão,<MR-11>,ITCDLiquidoExcetoTransferenciasEFUNDEB,ITCD,910035.44,RR,14,2024,6
2024,RREO,6,B,Governo do Estado de Roraima,14,RR,634805,RREO-Anexo 03,E,Padrão,<MR-10>,ITCDLiquidoExcetoTransferenciasEFUNDEB,ITCD,285313.31,RR,14,2024,6
2024,RREO,6,B,Governo do Estado de Roraima,14,RR,634805,RREO-Anexo 03,E,Padrão,<MR-9>,ITCDLiquidoExcetoTransferenciasEFUNDEB,ITCD,638886.44,RR,14,2024,6
2024,RREO,6,B,Governo do Estado de Roraima,14,RR,634805,RREO-Anexo 03,E,Padrão,<MR-8>,ITCDLiquidoExcetoTransferenciasEFUNDEB,ITCD,1187980.41,RR,14,2024,6
2024,RREO,6,B,Governo do Estado de Roraima,14,RR,634805,RREO-Anexo 03,E,Padrão,<MR-7>,ITCDLiquidoExcetoTransferenciasEFUNDEB,ITCD,356718.87,RR,14,2024,6
2024,RREO,6,B,Governo do Estado de Roraima,14,RR,634805,RREO-Anexo 03,E,Padrão,<MR-6>,ITCDLiquidoExcetoTransferenciasEFUNDEB,ITCD,581139.99,RR,14,2024,6
2024,RREO,6,B,Governo do Estado de Roraima,14,RR,634805,RREO-Anexo 03,E,Padrão,<MR-5>,ITCDLiquidoExcetoTransferenciasEFUNDEB,ITCD,899507.64,RR,14,2024,6
2024,RREO,6,B,Governo do Estado de Roraima,14,RR,634805,RREO-Anexo 03,E,Padrão,<MR-4>,ITCDLiquidoExcetoTransferenciasEFUNDEB,ITCD,404694.91,RR,14,2024,6
2024,RREO,6,B,Governo do Estado de Roraima,14,RR,634805,RREO-Anexo 03,E,Padrão,<MR-3>,ITCDLiquidoExcetoTransferenciasEFUNDEB,ITCD,555869.64,RR,14,2024,6
2024,RREO,6,B,Governo do Estado de Roraima,14,RR,634805,RREO-Anexo 03,E,Padrão,<MR-2>,ITCDLiquidoExcetoTransferenciasEFUNDEB,ITCD,666007.99,RR,14,2024,6
2024,RREO,6,B,Governo do Estado de Roraima,14,RR,634805,RREO-Anexo 03,E,Padrão,<MR-1>,ITCDLiquidoExcetoTransferenciasEFUNDEB,ITCD,897543.04,RR,14,2024,6
2024,RREO,6,B,Governo do Estado de Roraima,14,RR,634805,RREO-Anexo 03,E,Padrão,<MR>,ITCDLiquidoExcetoTransferenciasEFUNDEB,ITCD,353686.41,RR,14,2024,6
2024,RREO,6,B,Governo do Estado de Roraima,14,RR,634805,RREO-Anexo 03,E,Padrão,TOTAL (ÚLTIMOS 12 MESES),ITCDLiquidoExcetoTransferenciasEFUNDEB,ITCD,7737384.09,RR,14,2024,6
2024,RREO,6,B,Governo do Estado de Roraima,14,RR,634805,RREO-Anexo 03,E,Padrão,PREVISÃO ATUALIZADA 2024,ITCDLiquidoExcetoTransferenciasEFUNDEB,ITCD,8363218.0,RR,14,2024,6
2024,RREO,6,B,Governo do Estado do Pará,15,PA,8442962,RREO-Anexo 03,E,Padrão,<MR-11>,ICMSLiquidoExcetoTransferenciasEFUNDEB,ICMS,2048569377.72,PA,15,2024,6
2024,RREO,6,B,Governo do Estado do Pará,15,PA,8442962,RREO-Anexo 03,E,Padrão,<MR-10>,ICMSLiquidoExcetoTransferenciasEFUNDEB,ICMS,1737366874.85,PA,15,2024,6
2024,RREO,6,B,Governo do Estado do Pará,15,PA,8442962,RREO-Anexo 03,E,Padrão,<MR-9>,ICMSLiquidoExcetoTransferenciasEFUNDEB,ICMS,1749449160.73,PA,15,2024,6
2024,RREO,6,B,Governo do Estado do Pará,15,PA,8442962,RREO-Anexo 03,E,Padrão,<MR-8>,ICMSLiquidoExcetoTransferenciasEFUNDEB,ICMS,1806566068.51,PA,15,2024,6
2024,RREO,6,B,Governo do Estado do Pará,15,PA,8442962,RREO-Anexo 03,E,Padrão,<MR-7>,ICMSLiquidoExcetoTransferenciasEFUNDEB,ICMS,1832097129.66,PA,15,2024,6
2024,RREO,6,B,Governo do Estado do Pará,15,PA,8442962,RREO-Anexo 03,E,Padrão,<MR-6>,ICMSLiquidoExcetoTransferenciasEFUNDEB,ICMS,1942371441.06,PA,15,2024,6
2024,RREO,6,B,Governo do Estado do Pará,15,PA,8442962,RREO-Anexo 03,E,Padrão,<MR-5>,ICMSLiquidoExcetoTransferenciasEFUNDEB,ICMS,2122733029.15,PA,15,2024,6
2024,RREO,6,B,Governo do Estado do Pará,15,PA,8442962,RREO-Anexo 03,E,Padrão,<MR-4>,ICMSLiquidoExcetoTransferenciasEFUNDEB,ICMS,2067750683.58,PA,15,2024,6
2024,RREO,6,B,Governo do Estado do Pará,15,PA,8442962,RREO-Anexo 03,E,Padrão,<MR-3>,ICMSLiquidoExcetoTransferenciasEFUNDEB,ICMS,2162070374.64,PA,15,2024,6
2024,RREO,6,B,Governo do Estado do Pará,15,PA,8442962,RREO-Anexo 03,E,Padrão,<MR-2>,ICMSLiquidoExcetoTransferenciasEFUNDEB,ICMS,2045140238.66,PA,15,2024,6
2024,RREO,6,B,Governo do Estado do Pará,15,PA,8442962,RREO-Anexo 03,E,Padrão,<MR-1>,ICMSLiquidoExcetoTransferenciasEFUNDEB,ICMS,2848684188.69,PA,15,2024,6
2024,RREO,6,B,Governo do Estado do Pará,15,PA,8442962,RREO-Anexo 03,E,Padrão,<MR>,ICMSLiquidoExcetoTransferenciasEFUNDEB,ICMS,2031892880.77,PA,15,2024,6
2024,RREO,6,B,Governo do Estado do Pará,15,PA,8442962,RREO-Anexo 03,E,Padrão,TOTAL (ÚLTIMOS 12 MESES),ICMSLiquidoExcetoTransferenciasEFUNDEB,ICMS,24394691448.02,PA,15,2024,6
2024,RREO,6,B,Governo do Estado do Pará,15,PA,8442962,RREO-Anexo 03,E,Padrão,PREVISÃO ATUALIZADA 2024,ICMSLiquidoExcetoTransferenciasEFUNDEB,ICMS,24230091910.14,PA,15,2024,6
2024,RREO,6,B,Governo do Estado do Pará,15,PA,8442962,RREO-Anexo 03,E,Padrão,<MR-11>,IPVALiquidoExcetoTransferenciasEFUNDEB,IPVA,97064563.6,PA,15,2024,6
2024,RREO,6,B,Governo do Estado do Pará,15,PA,8442962,RREO-Anexo 03,E,Padrão,<MR-10>,IPVALiquidoExcetoTransferenciasEFUNDEB,IPVA,94008124.1,PA,15,2024,6
2024,RREO,6,B,Governo do Estado do Pará,15,PA,8442962,RREO-Anexo 03,E,Padrão,<MR-9>,IPVALiquidoExcetoTransferenciasEFUNDEB,IPVA,124405392.04,PA,15,2024,6
2024,RREO,6,B,Governo do Estado do Pará,15,PA,8442962,RREO-Anexo 03,E,Padrão,<MR-8>,IPVALiquidoExcetoTransferenciasEFUNDEB,IPVA,132713070.14,PA,15,2024,6
2024,RREO,6,B,Governo do Estado do Pará,15,PA,8442962,RREO-Anexo 03,E,Padrão,<MR-7>,IPVALiquidoExcetoTransferenciasEFUNDEB,IPVA,129450440.62,PA,15,2024,6
2024,RREO,6,B,Governo do Estado do Pará,15,PA,8442962,RREO-Anexo 03,E,Padrão,<MR-6>,IPVALiquidoExcetoTransferenciasEFUNDEB,IPVA,140321725.51,PA,15,2024,6
2024,RREO,6,B,Governo do Estado do Pará,15,PA,8442962,RREO-Anexo 03,E,Padrão,<MR-5>,IPVALiquidoExcetoTransferenciasEFUNDEB,IPVA,154014376.7,PA,15,2024,6
2024,RREO,6,B,Governo do Estado do Pará,15,PA,8442962,RREO-Anexo 03,E,Padrão,<MR-4>,IPVALiquidoExcetoTransferenciasEFUNDEB,IPVA,128465674.09,PA,15,2024,6
2024,RREO,6,B,Governo do Estado do Pará,15,PA,8442962,RREO-Anexo 03,E,Padrão,<MR-3>,IPVALiquidoExcetoTransferenciasEFUNDEB,IPVA,119083166.86,PA,15,2024,6
2024,RREO,6,B,Governo do Estado do Pará,15,PA,8442962,RREO-Anexo 03,E,Padrão,<MR-2>,IPVALiquidoExcetoTransferenciasEFUNDEB,IPVA,109055621.69,PA,15,2024,6
2024,RREO,6,B,Governo do Estado do Pará,15,PA,8442962,RREO-Anexo 03,E,Padrão,<MR-1>,IPVALiquidoExcetoTransferenciasEFUNDEB,IPVA,86926093.44,PA,15,2024,6
2024,RREO,6,B,Governo do Estado do Pará,15,PA,8442962,RREO-Anexo 03,E,Padrão,<MR>,IPVALiquidoExcetoTransferenciasEFUNDEB,IPVA,58053487.49,PA,15,2024,6
2024,RREO,6,B,Governo do Estado do Pará,15,PA,8442962,RREO-Anexo 03,E,Padrão,TOTAL (ÚLTIMOS 12 MESES),IPVALiquidoExcetoTransferenciasEFUNDEB,IPVA,1373561736.28,PA,15,2024,6
2024,RREO,6,B,Governo do Estado do Pará,15,PA,8442962,RREO-Anexo 03,E,Padrão,PREVISÃO ATUALIZADA 2024,IPVALiquidoExcetoTransferenciasEFUNDEB,IPVA,1299571739.38,PA,15,2024,6
2024,RREO,6,B,Governo do Estado do Pará,15,PA,8442962,RREO-Anexo 03,E,Padrão,<MR-11>,ITCDLiquidoExcetoTransferenciasEFUNDEB,ITCD,4484115.52,PA,15,2024,6
2024,RREO,6,B,Governo do Estado do Pará,15,PA,8442962,RREO-Anexo 03,E,Padrão,<MR-10>,ITCDLiquidoExcetoTransferenciasEFUNDEB,ITCD,5142095.31,PA,15,2024,6
2024,RREO,6,B,Governo do Estado do Pará,15,PA,8442962,RREO-Anexo 03,E,Padrão,<MR-9>,ITCDLiquidoExcetoTransferenciasEFUNDEB,ITCD,4785866.31,PA,15,2024,6
2024,RREO,6,B,Governo do Estado do Pará,15,PA,8442962,RREO-Anexo 03,E,Padrão,<MR-8>,ITCDLiquidoExcetoTransferenciasEFUNDEB,ITCD,5474687.82,PA,15,2024,6
2024,RREO,6,B,Governo do Estado do Pará,15,PA,8442962,RREO-Anexo 03,E,Padrão,<MR-7>,ITCDLiquidoExcetoTransferenciasEFUNDEB,ITCD,5661297.86,PA,15,2024,6
2024,RREO,6,B,Governo do Estado do Pará,15,PA,8442962,RREO-Anexo 03,E,Padrão,<MR-6>,ITCDLiquidoExcetoTransferenciasEFUNDEB,ITCD,4233470.76,PA,15,2024,6
2024,RREO,6,B,Governo do Estado do Pará,15,PA,8442962,RREO-Anexo 03,E,Padrão,<MR-5>,ITCDLiquidoExcetoTransferenciasEFUNDEB,ITCD,7961254.49,PA,15,2024,6
2024,RREO,6,B,Governo do Estado do Pará,15,PA,8442962,RREO-Anexo 03,E,Padrão,<MR-4>,ITCDLiquidoExcetoTransferenciasEFUNDEB,ITCD,7282042.18,PA,15,2024,6
2024,RREO,6,B,Governo do Estado do Pará,15,PA,8442962,RREO-Anexo 03,E,Padrão,<MR-3>,ITCDLiquidoExcetoTransferenciasEFUNDEB,ITCD,5045376.04,PA,15,2024,6
2024,RREO,6,B,Governo do Estado do Pará,15,PA,8442962,RREO-Anexo 03,E,Padrão,<MR-2>,ITCDLiquidoExcetoTransferenciasEFUNDEB,ITCD,5320361.24,PA,15,2024,6
2024,RREO,6,B,Governo do Estado do Pará,15,PA,8442962,RREO-Anexo 03,E,Padrão,<MR-1>,ITCDLiquidoExcetoTransferenciasEFUNDEB,ITCD,6533677.7,PA,15,2024,6
2024,RREO,6,B,Governo do Estado do Pará,15,PA,8442962,RREO-Anexo 03,E,Padrão,<MR>,ITCDLiquidoExcetoTransferenciasEFUNDEB,ITCD,7523052.29,PA,15,2024,6
2024,RREO,6,B,Governo do Estado do Pará,15,PA,8442962,RREO-Anexo 03,E,Padrão,TOTAL (ÚLTIMOS 12 MESES),ITCDLiquidoExcetoTransferenciasEFUNDEB,ITCD,69447297.52,PA,15,2024,6
2024,RREO,6,B,Governo do Estado do Pará,15,PA,8442962,RREO-Anexo 03,E,Padrão,PREVISÃO ATUALIZADA 2024,ITCDLiquidoExcetoTransferenciasEFUNDEB,ITCD,61705515.0,PA,15,2024,6
2024,RREO,6,B,Governo do Estado do Amapá,16,AP,774268,RREO-Anexo 03,E,Padrão,<MR-11>,ICMSLiquidoExcetoTransferenciasEFUNDEB,ICMS,127408612.39,AP,16,2024,6
2024,RREO,6,B,Governo do Estado do Amapá,16,AP,774268,RREO-Anexo 03,E,Padrão,<MR-10>,ICMSLiquidoExcetoTransferenciasEFUNDEB,ICMS,122314725.06,AP,16,2024,6
2024,RREO,6,B,Governo do Estado do Amapá,16,AP,774268,RREO-Anexo 03,E,Padrão,<MR-9>,ICMSLiquidoExcetoTransferenciasEFUNDEB,ICMS,112836878.49,AP,16,2024,6
2024,RREO,6,B,Governo do Estado do Amapá,16,AP,774268,RREO-Anexo 03,E,Padrão,<MR-8>,ICMSLiquidoExcetoTransferenciasEFUNDEB,ICMS,132529393.32,AP,16,2024,6
2024,RREO,6,B,Governo do Estado do Amapá,16,AP,774268,RREO-Anexo 03,E,Padrão,<MR-7>,ICMSLiquidoExcetoTransferenciasEFUNDEB,ICMS,103107546.73,AP,16,2024,6
2024,RREO,6,B,Governo do Estado do Amapá,16,AP,774268,RREO-Anexo 03,E,Padrão,<MR-6>,ICMSLiquidoExcetoTransferenciasEFUNDEB,ICMS,118042772.83,AP,16,2024,6
2024,RREO,6,B,Governo do Estado do Amapá,16,AP,774268,RREO-Anexo 03,E,Padrão,<MR-5>,ICMSLiquidoExcetoTransferenciasEFUNDEB,ICMS,127483457.08,AP,16,2024,6
2024,RREO,6,B,Governo do Estado do Amapá,16,AP,774268,RREO-Anexo 03,E,Padrão,<MR-4>,ICMSLiquidoExcetoTransferenciasEFUNDEB,ICMS,130222098.61,AP,16,2024,6
2024,RREO,6,B,Governo do Estado do Amapá,16,AP,774268,RREO-Anexo 03,E,Padrão,<MR-3>,ICMSLiquidoExcetoTransferenciasEFUNDEB,ICMS,138205072.04,AP,16,2024,6
2024,RREO,6,B,Governo do Estado do Amapá,16,AP,774268,RREO-Anexo 03,E,Padrão,<MR-2>,ICMSLiquidoExcetoTransferenciasEFUNDEB,ICMS,120535693.04,AP,16,2024,6
2024,RREO,6,B,Governo do Estado do Amapá,16,AP,774268,RREO-Anexo 03,E,Padrão,<MR-1>,ICMSLiquidoExcetoTransferenciasEFUNDEB,ICMS,136842564.59,AP,16,2024,6
2024,RREO,6,B,Governo do Estado do Amapá,16,AP,774268,RREO-Anexo 03,E,Padrão,<MR>,ICMSLiquidoExcetoTransferenciasEFUNDEB,ICMS,147881473.16,AP,16,2024,6
2024,RREO,6,B,Governo do Estado do Amapá,16,AP,774268,RREO-Anexo 03,E,Padrão,TOTAL (ÚLTIMOS 12 MESES),ICMSLiquidoExcetoTransferenciasEFUNDEB,ICMS,1517410287.34,AP,16,2024,6
2024,RREO,6,B,Governo do Estado do Amapá,16,AP,774268,RREO-Anexo 03,E,Padrão,PREVISÃO ATUALIZADA 2024,ICMSLiquidoExcetoTransferenciasEFUNDEB,ICMS,1503661729.0,AP,16,2024,6
2024,RREO,6,B,Governo do Estado do Amapá,16,AP,774268,RREO-Anexo 03,E,Padrão,<MR-11>,IPVALiquidoExcetoTransferenciasEFUNDEB,IPVA,10007891.66,AP,16,2024,6
2024,RREO,6,B,Governo do Estado do Amapá,16,AP,774268,RREO-Anexo 03,E,Padrão,<MR-10>,IPVALiquidoExcetoTransferenciasEFUNDEB,IPVA,10087076.21,AP,16,2024,6
2024,RREO,6,B,Governo do Estado do Amapá,16,AP,774268,RREO-Anexo 03,E,Padrão,<MR-9>,IPVALiquidoExcetoTransferenciasEFUNDEB,IPVA,17738814.19,AP,16,2024,6
2024,RREO,6,B,Governo do Estado do Amapá,16,AP,774268,RREO-Anexo 03,E,Padrão,<MR-8>,IPVALiquidoExcetoTransferenciasEFUNDEB,IPVA,13590766.77,AP,16,2024,6
2024,RREO,6,B,Governo do Estado do Amapá,16,AP,774268,RREO-Anexo 03,E,Padrão,<MR-7>,IPVALiquidoExcetoTransferenciasEFUNDEB,IPVA,10050115.83,AP,16,2024,6
2024,RREO,6,B,Governo do Estado do Amapá,16,AP,774268,RREO-Anexo 03,E,Padrão,<MR-6>,IPVALiquidoExcetoTransferenciasEFUNDEB,IPVA,10685911.19,AP,16,2024,6
2024,RREO,6,B,Governo do Estado do Amapá,16,AP,774268,RREO-Anexo 03,E,Padrão,<MR-5>,IPVALiquidoExcetoTransferenciasEFUNDEB,IPVA,11787784.68,AP,16,2024,6
2024,RREO,6,B,Governo do Estado do Amapá,16,AP,774268,RREO-Anexo 03,E,Padrão,<MR-4>,IPVALiquidoExcetoTransferenciasEFUNDEB,IPVA,12003742.27,AP,16,2024,6
2024,RREO,6,B,Governo do Estado do Amapá,16,AP,774268,RREO-Anexo 03,E,Padrão,<MR-3>,IPVALiquidoExcetoTransferenciasEFUNDEB,IPVA,9289979.21,AP,16,2024,6
2024,RREO,6,B,Governo do Estado do Amapá,16,AP,774268,RREO-Anexo 03,E,Padrão,<MR-2>,IPVALiquidoExcetoTransferenciasEFUNDEB,IPVA,7343441.38,AP,16,2024,6
2024,RREO,6,B,Governo do Estado do Amapá,16,AP,774268,RREO-Anexo 03,E,Padrão,<MR-1>,IPVALiquidoExcetoTransferenciasEFUNDEB,IPVA,6020475.68,AP,16,2024,6
2024,RREO,6,B,Governo do Estado do Amapá,16,AP,774268,RREO-Anexo 03,E,Padrão,<MR>,IPVALiquidoExcetoTransferenciasEFUNDEB,IPVA,5441626.92,AP,16,2024,6
2024,RREO,6,B,Governo do Estado do Amapá,16,AP,774268,RREO-Anexo 03,E,Padrão,TOTAL (ÚLTIMOS 12 MESES),IPVALiquidoExcetoTransferenciasEFUNDEB,IPVA,124047625.99,AP,16,2024,6
2024,RREO,6,B,Governo do Estado do Amapá,16,AP,774268,RREO-Anexo 03,E,Padrão,PREVISÃO ATUALIZADA 2024,IPVALiquidoExcetoTransferenciasEFUNDEB,IPVA,127143280.0,AP,16,2024,6
2024,RREO,6,B,Governo do Estado do Amapá,16,AP,774268,RREO-Anexo 03,E,Padrão,<MR-11>,ITCDLiquidoExcetoTransferenciasEFUNDEB,ITCD,184014.79,AP,16,2024,6
2024,RREO,6,B,Governo do Estado do Amapá,16,AP,774268,RREO-Anexo 03,E,Padrão,<MR-10>,ITCDLiquidoExcetoTransferenciasEFUNDEB,ITCD,261345.71,AP,16,2024,6
2024,RREO,6,B,Governo do Estado do Amapá,16,AP,774268,RREO-Anexo 03,E,Padrão,<MR-9>,ITCDLiquidoExcetoTransferenciasEFUNDEB,ITCD,74070.69,AP,16,2024,6
2024,RREO,6,B,Governo do Estado do Amapá,16,AP,774268,RREO-Anexo 03,E,Padrão,<MR-8>,ITCDLiquidoExcetoTransferenciasEFUNDEB,ITCD,389163.83,AP,16,2024,6
2024,RREO,6,B,Governo do Estado do Amapá,16,AP,774268,RREO-Anexo 03,E,Padrão,<MR-7>,ITCDLiquidoExcetoTransferenciasEFUNDEB,ITCD,555947.74,AP,16,2024,6
2024,RREO,6,B,Governo do Estado do Amapá,16,AP,774268,RREO-Anexo 03,E,Padrão,<MR-6>,ITCDLiquidoExcetoTransferenciasEFUNDEB,ITCD,120959.58,AP,16,2024,6
2024,RREO,6,B,Governo do Estado do Amapá,16,AP,774268,RREO-Anexo 03,E,Padrão,<MR-5>,ITCDLiquidoExcetoTransferenciasEFUNDEB,ITCD,235355.17,AP,16,2024,6
2024,RREO,6,B,Governo do Estado do Amapá,16,AP,774268,RREO-Anexo 03,E,Padrão,<MR-4>,ITCDLiquidoExcetoTransferenciasEFUNDEB,ITCD,380336.92,AP,16,2024,6
2024,RREO,6,B,Governo do Estado do Amapá,16,AP,774268,RREO-Anexo 03,E,Padrão,<MR-3>,ITCDLiquidoExcetoTransferenciasEFUNDEB,ITCD,383116.88,AP,16,2024,6
2024,RREO,6,B,Governo do Estado do Amapá,16,AP,774268,RREO-Anexo 03,E,Padrão,<MR-2>,ITCDLiquidoExcetoTransferenciasEFUNDEB,ITCD,314377.77,AP,16,2024,6
2024,RREO,6,B,Governo do Estado do Amapá,16,AP,774268,RREO-Anexo 03,E,Padrão,<MR-1>,ITCDLiquidoExcetoTransferenciasEFUNDEB,ITCD,195549.44,AP,16,2024,6
2024,RREO,6,B,Governo do Estado do Amapá,16,AP,774268,RREO-Anexo 03,E,Padrão,<MR>,ITCDLiquidoExcetoTransferenciasEFUNDEB,ITCD,206502.55,AP,16,2024,6
2024,RREO,6,B,Governo do Estado do Amapá,16,AP,774268,RREO-Anexo 03,E,Padrão,TOTAL (ÚLTIMOS 12 MESES),ITCDLiquidoExcetoTransferenciasEFUNDEB,ITCD,3300741.07,AP,16,2024,6
2024,RREO,6,B,Governo do Estado do Amapá,16,AP,774268,RREO-Anexo 03,E,Padrão,PREVISÃO ATUALIZADA 2024,ITCDLiquidoExcetoTransferenciasEFUNDEB,ITCD,4113672.0,AP,16,2024,6
2024,RREO,6,B,Governo do Estado do Tocantins,17,TO,1584306,RREO-Anexo 03,E,Padrão,<MR-11>,ICMSLiquidoExcetoTransferenciasEFUNDEB,ICMS,479449171.48,TO,17,2024,6
2024,RREO,6,B,Governo do Estado do Tocantins,17,TO,1584306,RREO-Anexo 03,E,Padrão,<MR-10>,ICMSLiquidoExcetoTransferenciasEFUNDEB,ICMS,432670817.31,TO,17,2024,6
2024,RREO,6,B,Governo do Estado do Tocantins,17,TO,1584306,RREO-Anexo 03,E,Padrão,<MR-9>,ICMSLiquidoExcetoTransferenciasEFUNDEB,ICMS,425902431.33,TO,17,2024,6
2024,RREO,6,B,Governo do Estado do Tocantins,17,TO,1584306,RREO-Anexo 03,E,Padrão,<MR-8>,ICMSLiquidoExcetoTransferenciasEFUNDEB,ICMS,476630435.0,TO,17,2024,6
2024,RREO,6,B,Governo do Estado do Tocantins,17,TO,1584306,RREO-Anexo 03,E,Padrão,<MR-7>,ICMSLiquidoExcetoTransferenciasEFUNDEB,ICMS,453050263.34,TO,17,2024,6
2024,RREO,6,B,Governo do Estado do Tocantins,17,TO,1584306,RREO-Anexo 03,E,Padrão,<MR-6>,ICMSLiquidoExcetoTransferenciasEFUNDEB,ICMS,474079639.23,TO,17,2024,6
2024,RREO,6,B,Governo do Estado do Tocantins,17,TO,1584306,RREO-Anexo 03,E,Padrão,<MR-5>,ICMSLiquidoExcetoTransferenciasEFUNDEB,ICMS,530066130.29,TO,17,2024,6
2024,RREO,6,B,Governo do Estado do Tocantins,17,TO,1584306,RREO-Anexo 03,E,Padrão,<MR-4>,ICMSLiquidoExcetoTransferenciasEFUNDEB,ICMS,535299924.16,TO,17,2024,6
2024,RREO,6,B,Governo do Estado do Tocantins,17,TO,1584306,RREO-Anexo 03,E,Padrão,<MR-3>,ICMSLiquidoExcetoTransferenciasEFUNDEB,ICMS,523526891.28,TO,17,2024,6
2024,RREO,6,B,Governo do Estado do Tocantins,17,TO,1584306,RREO-Anexo 03,E,Padrão,<MR-2>,ICMSLiquidoExcetoTransferenciasEFUNDEB,ICMS,525106001.79,TO,17,2024,6
2024,RREO,6,B,Governo do Estado do Tocantins,17,TO,1584306,RREO-Anexo 03,E,Padrão,<MR-1>,ICMSLiquidoExcetoTransferenciasEFUNDEB,ICMS,545638612.83,TO,17,2024,6
2024,RREO,6,B,Governo do Estado do Tocantins,17,TO,1584306,RREO-Anexo 03,E,Padrão,<MR>,ICMSLiquidoExcetoTransferenciasEFUNDEB,ICMS,545758281.34,TO,17,2024,6
2024,RREO,6,B,Governo do Estado do Tocantins,17,TO,1584306,RREO-Anexo 03,E,Padrão,TOTAL (ÚLTIMOS 12 MESES),ICMSLiquidoExcetoTransferenciasEFUNDEB,ICMS,5947178599.38,TO,17,2024,6
2024,RREO,6,B,Governo do Estado do Tocantins,17,TO,1584306,RREO-Anexo 03,E,Padrão,PREVISÃO ATUALIZADA 2024,ICMSLiquidoExcetoTransferenciasEFUNDEB,ICMS,6519673902.36,TO,17,2024,6
2024,RREO,6,B,Governo do Estado do Tocantins,17,TO,1584306,RREO-Anexo 03,E,Padrão,<MR-11>,IPVALiquidoExcetoTransferenciasEFUNDEB,IPVA,73607797.12,TO,17,2024,6
2024,RREO,6,B,Governo do Estado do Tocantins,17,TO,1584306,RREO-Anexo 03,E,Padrão,<MR-10>,IPVALiquidoExcetoTransferenciasEFUNDEB,IPVA,37938225.93,TO,17,2024,6
2024,RREO,6,B,Governo do Estado do Tocantins,17,TO,1584306,RREO-Anexo 03,E,Padrão,<MR-9>,IPVALiquidoExcetoTransferenciasEFUNDEB,IPVA,22128136.16,TO,17,2024,6
2024,RREO,6,B,Governo do Estado do Tocantins,17,TO,1584306,RREO-Anexo 03,E,Padrão,<MR-8>,IPVALiquidoExcetoTransferenciasEFUNDEB,IPVA,24408748.26,TO,17,2024,6
2024,RREO,6,B,Governo do Estado do Tocantins,17,TO,1584306,RREO-Anexo 03,E,Padrão,<MR-7>,IPVALiquidoExcetoTransferenciasEFUNDEB,IPVA,29240203.8,TO,17,2024,6
2024,RREO,6,B,Governo do Estado do Tocantins,17,TO,1584306,RREO-Anexo 03,E,Padrão,<MR-6>,IPVALiquidoExcetoTransferenciasEFUNDEB,IPVA,23723426.2,TO,17,2024,6
2024,RREO,6,B,Governo do Estado do Tocantins,17,TO,1584306,RREO-Anexo 03,E,Padrão,<MR-5>,IPVALiquidoExcetoTransferenciasEFUNDEB,IPVA,27434223.01,TO,17,2024,6
2024,RREO,6,B,Governo do Estado do Tocantins,17,TO,1584306,RREO-Anexo 03,E,Padrão,<MR-4>,IPVALiquidoExcetoTransferenciasEFUNDEB,IPVA,28351600.7,TO,17,2024,6
2024,RREO,6,B,Governo do Estado do Tocantins,17,TO,1584306,RREO-Anexo 03,E,Padrão,<MR-3>,IPVALiquidoExcetoTransferenciasEFUNDEB,IPVA,40139565.75,TO,17,2024,6
2024,RREO,6,B,Governo do Estado do Tocantins,17,TO,1584306,RREO-Anexo 03,E,Padrão,<MR-2>,IPVALiquidoExcetoTransferenciasEFUNDEB,IPVA,188514254.2,TO,17,2024,6
2024,RREO,6,B,Governo do Estado do Tocantins,17,TO,1584306,RREO-Anexo 03,E,Padrão,<MR-1>,IPVALiquidoExcetoTransferenciasEFUNDEB,IPVA,33287391.97,TO,17,2024,6
2024,RREO,6,B,Governo do Estado do Tocantins,17,TO,1584306,RREO-Anexo 03,E,Padrão,<MR>,IPVALiquidoExcetoTransferenciasEFUNDEB,IPVA,31702449.29,TO,17,2024,6
2024,RREO,6,B,Governo do Estado do Tocantins,17,TO,1584306,RREO-Anexo 03,E,Padrão,TOTAL (ÚLTIMOS 12 MESES),IPVALiquidoExcetoTransferenciasEFUNDEB,IPVA,560476022.39,TO,17,2024,6
2024,RREO,6,B,Governo do Estado do Tocantins,17,TO,1584306,RREO-Anexo 03,E,Padrão,PREVISÃO ATUALIZADA 2024,IPVALiquidoExcetoTransferenciasEFUNDEB,IPVA,414258516.0,TO,17,2024,6
2024,RREO,6,B,Governo do Estado do Tocantins,17,TO,1584306,RREO-Anexo 03,E,Padrão,<MR-11>,ITCDLiquidoExcetoTransferenciasEFUNDEB,ITCD,7031904.77,TO,17,2024,6
2024,RREO,6,B,Governo do Estado do Tocantins,17,TO,1584306,RREO-Anexo 03,E,Padrão,<MR-10>,ITCDLiquidoExcetoTransferenciasEFUNDEB,ITCD,4620523.89,TO,17,2024,6
2024,RREO,6,B,Governo do Estado do Tocantins,17,TO,1584306,RREO-Anexo 03,E,Padrão,<MR-9>,ITCDLiquidoExcetoTransferenciasEFUNDEB,ITCD,7924172.86,TO,17,2024,6
2024,RREO,6,B,Governo do Estado do Tocantins,17,TO,1584306,RREO-Anexo 03,E,Padrão,<MR-8>,ITCDLiquidoExcetoTransferenciasEFUNDEB,ITCD,5029185.91,TO,17,2024,6
2024,RREO,6,B,Governo do Estado do Tocantins,17,TO,1584306,RREO-Anexo 03,E,Padrão,<MR-7>,ITCDLiquidoExcetoTransferenciasEFUNDEB,ITCD,6399865.5,TO,17,2024,6
2024,RREO,6,B,Governo do Estado do Tocantins,17,TO,1584306,RREO-Anexo 03,E,Padrão,<MR-6>,ITCDLiquidoExcetoTransferenciasEFUNDEB,ITCD,6202325.25,TO,17,2024,6
2024,RREO,6,B,Governo do Estado do Tocantins,17,TO,1584306,RREO-Anexo 03,E,Padrão,<MR-5>,ITCDLiquidoExcetoTransferenciasEFUNDEB,ITCD,16169540.16,TO,17,2024,6
2024,RREO,6,B,Governo do Estado do Tocantins,17,TO,1584306,RREO-Anexo 03,E,Padrão,<MR-4>,ITCDLiquidoExcetoTransferenciasEFUNDEB,ITCD,7610389.28,TO,17,2024,6
2024,RREO,6,B,Governo do Estado do Tocantins,17,TO,1584306,RREO-Anexo 03,E,Padrão,<MR-3>,ITCDLiquidoExcetoTransferenciasEFUNDEB,ITCD,7716893.87,TO,17,2024,6
2024,RREO,6,B,Governo do Estado do Tocantins,17,TO,1584306,RREO-Anexo 03,E,Padrão,<MR-2>,ITCDLiquidoExcetoTransferenciasEFUNDEB,ITCD,6292140.57,TO,17,2024,6
2024,RREO,6,B,Governo do Estado do Tocantins,17,TO,1584306,RREO-Anexo 03,E,Padrão,<MR-1>,ITCDLiquidoExcetoTransferenciasEFUNDEB,ITCD,7241223.23,TO,17,2024,6
2024,RREO,6,B,Governo do Estado do Tocantins,17,TO,1584306,RREO-Anexo 03,E,Padrão,<MR>,ITCDLiquidoExcetoTransferenciasEFUNDEB,ITCD,10833671.29,TO,17,2024,6
2024,RREO,6,B,Governo do Estado do Tocantins,17,TO,1584306,RREO-Anexo 03,E,Padrão,TOTAL (ÚLTIMOS 12 MESES),ITCDLiquidoExcetoTransferenciasEFUNDEB,ITCD,93071836.58,TO,17,2024,6
2024,RREO,6,B,Governo do Estado do Tocantins,17,TO,1584306,RREO-Anexo 03,E,Padrão,PREVISÃO ATUALIZADA 2024,ITCDLiquidoExcetoTransferenciasEFUNDEB,ITCD,77814368.0,TO,17,2024,6
2024,RREO,6,B,Governo do Estado do Maranhão,21,MA,6800605,RREO-Anexo 03,E,Padrão,<MR-11>,ICMSLiquidoExcetoTransferenciasEFUNDEB,ICMS,919298214.4,MA,21,2024,6
2024,RREO,6,B,Governo do Estado do Maranhão,21,MA,6800605,RREO-Anexo 03,E,Padrão,<MR-10>,ICMSLiquidoExcetoTransferenciasEFUNDEB,ICMS,955110509.2,MA,21,2024,6
2024,RREO,6,B,Governo do Estado do Maranhão,21,MA,6800605,RREO-Anexo 03,E,Padrão,<MR-9>,ICMSLiquidoExcetoTransferenciasEFUNDEB,ICMS,1120034161.61,MA,21,2024,6
2024,RREO,6,B,Governo do Estado do Maranhão,21,MA,6800605,RREO-Anexo 03,E,Padrão,<MR-8>,ICMSLiquidoExcetoTransferenciasEFUNDEB,ICMS,1196155226.09,MA,21,2024,6
2024,RREO,6,B,Governo do Estado do Maranhão,21,MA,6800605,RREO-Anexo 03,E,Padrão,<MR-7>,ICMSLiquidoExcetoTransferenciasEFUNDEB,ICMS,956462064.55,MA,21,2024,6
2024,RREO,6,B,Governo do Estado do Maranhão,21,MA,6800605,RREO-Anexo 03,E,Padrão,<MR-6>,ICMSLiquidoExcetoTransferenciasEFUNDEB,ICMS,1150918380.78,MA,21,2024,6
2024,RREO,6,B,Governo do Estado do Maranhão,21,MA,6800605,RREO-Anexo 03,E,Padrão,<MR-5>,ICMSLiquidoExcetoTransferenciasEFUNDEB,ICMS,1170209697.85,MA,21,2024,6
2024,RREO,6,B,Governo do Estado do Maranhão,21,MA,6800605,RREO-Anexo 03,E,Padrão,<MR-4>,ICMSLiquidoExcetoTransferenciasEFUNDEB,ICMS,1205197896.19,MA,21,2024,6
2024,RREO,6,B,Governo do Estado do Maranhão,21,MA,6800605,RREO-Anexo 03,E,Padrão,<MR-3>,ICMSLiquidoExcetoTransferenciasEFUNDEB,ICMS,1317408955.57,MA,21,2024,6
2024,RREO,6,B,Governo do Estado do Maranhão,21,MA,6800605,RREO-Anexo 03,E,Padrão,<MR-2>,ICMSLiquidoExcetoTransferenciasEFUNDEB,ICMS,1153292606.78,MA,21,2024,6
2024,RREO,6,B,Governo do Estado do Maranhão,21,MA,6800605,RREO-Anexo 03,E,Padrão,<MR-1>,ICMSLiquidoExcetoTransferenciasEFUNDEB,ICMS,1390182058.26,MA,21,2024,6
2024,RREO,6,B,Governo do Estado do Maranhão,21,MA,6800605,RREO-Anexo 03,E,Padrão,<MR>,ICMSLiquidoExcetoTransferenciasEFUNDEB,ICMS,1335801775.09,MA,21,2024,6
2024,RREO,6,B,Governo do Estado do Maranhão,21,MA,6800605,RREO-Anexo 03,E,Padrão,TOTAL (ÚLTIMOS 12 MESES),ICMSLiquidoExcetoTransferenciasEFUNDEB,ICMS,13870071546.37,MA,21,2024,6
2024,RREO,6,B,Governo do Estado do Maranhão,21,MA,6800605,RREO-Anexo 03,E,Padrão,PREVISÃO ATUALIZADA 2024,ICMSLiquidoExcetoTransferenciasEFUNDEB,ICMS,11948376708.33,MA,21,2024,6
2024,RREO,6,B,Governo do Estado do Maranhão,21,MA,6800605,RREO-Anexo 03,E,Padrão,<MR-11>,IPVALiquidoExcetoTransferenciasEFUNDEB,IPVA,97434251.37,MA,21,2024,6
2024,RREO,6,B,Governo do Estado do Maranhão,21,MA,6800605,RREO-Anexo 03,E,Padrão,<MR-10>,IPVALiquidoExcetoTransferenciasEFUNDEB,IPVA,265012787.48,MA,21,2024,6
2024,RREO,6,B,Governo do Estado do Maranhão,21,MA,6800605,RREO-Anexo 03,E,Padrão,<MR-9>,IPVALiquidoExcetoTransferenciasEFUNDEB,IPVA,125889786.9,MA,21,2024,6
2024,RREO,6,B,Governo do Estado do Maranhão,21,MA,6800605,RREO-Anexo 03,E,Padrão,<MR-8>,IPVALiquidoExcetoTransferenciasEFUNDEB,IPVA,108734836.61,MA,21,2024,6
2024,RREO,6,B,Governo do Estado do Maranhão,21,MA,6800605,RREO-Anexo 03,E,Padrão,<MR-7>,IPVALiquidoExcetoTransferenciasEFUNDEB,IPVA,104856862.58,MA,21,2024,6
2024,RREO,6,B,Governo do Estado do Maranhão,21,MA,6800605,RREO-Anexo 03,E,Padrão,<MR-6>,IPVALiquidoExcetoTransferenciasEFUNDEB,IPVA,70325692.17,MA,21,2024,6
2024,RREO,6,B,Governo do Estado do Maranhão,21,MA,6800605,RREO-Anexo 03,E,Padrão,<MR-5>,IPVALiquidoExcetoTransferenciasEFUNDEB,IPVA,69950521.41,MA,21,2024,6
2024,RREO,6,B,Governo do Estado do Maranhão,21,MA,6800605,RREO-Anexo 03,E,Padrão,<MR-4>,IPVALiquidoExcetoTransferenciasEFUNDEB,IPVA,51787011.65,MA,21,2024,6
2024,RREO,6,B,Governo do Estado do Maranhão,21,MA,6800605,RREO-Anexo 03,E,Padrão,<MR-3>,IPVALiquidoExcetoTransferenciasEFUNDEB,IPVA,35717325.02,MA,21,2024,6
2024,RREO,6,B,Governo do Estado do Maranhão,21,MA,6800605,RREO-Anexo 03,E,Padrão,<MR-2>,IPVALiquidoExcetoTransferenciasEFUNDEB,IPVA,-371397.79,MA,21,2024,6
2024,RREO,6,B,Governo do Estado do Maranhão,21,MA,6800605,RREO-Anexo 03,E,Padrão,<MR-1>,IPVALiquidoExcetoTransferenciasEFUNDEB,IPVA,31421738.27,MA,21,2024,6
2024,RREO,6,B,Governo do Estado do Maranhão,21,MA,6800605,RREO-Anexo 03,E,Padrão,<MR>,IPVALiquidoExcetoTransferenciasEFUNDEB,IPVA,36057857.04,MA,21,2024,6
2024,RREO,6,B,Governo do Estado do Maranhão,21,MA,6800605,RREO-Anexo 03,E,Padrão,TOTAL (ÚLTIMOS 12 MESES),IPVALiquidoExcetoTransferenciasEFUNDEB,IPVA,996817272.71,MA,21,2024,6
2024,RREO,6,B,Governo do Estado do Maranhão,21,MA,6800605,RREO-Anexo 03,E,Padrão,PREVISÃO ATUALIZADA 2024,IPVALiquidoExcetoTransferenciasEFUNDEB,IPVA,972651000.0,MA,21,2024,6
2024,RREO,6,B,Governo do Estado do Maranhão,21,MA,6800605,RREO-Anexo 03,E,Padrão,<MR-11>,ITCDLiquidoExcetoTransferenciasEFUNDEB,ITCD,3207395.25,MA,21,2024,6
2024,RREO,6,B,Governo do Estado do Maranhão,21,MA,6800605,RREO-Anexo 03,E,Padrão,<MR-10>,ITCDLiquidoExcetoTransferenciasEFUNDEB,ITCD,4292524.4,MA,21,2024,6
2024,RREO,6,B,Governo do Estado do Maranhão,21,MA,6800605,RREO-Anexo 03,E,Padrão,<MR-9>,ITCDLiquidoExcetoTransferenciasEFUNDEB,ITCD,1978349.91,MA,21,2024,6
2024,RREO,6,B,Governo do Estado do Maranhão,21,MA,6800605,RREO-Anexo 03,E,Padrão,<MR-8>,ITCDLiquidoExcetoTransferenciasEFUNDEB,ITCD,2719131.82,MA,21,2024,6
2024,RREO,6,B,Governo do Estado do Maranhão,21,MA,6800605,RREO-Anexo 03,E,Padrão,<MR-7>,ITCDLiquidoExcetoTransferenciasEFUNDEB,ITCD,5665767.35,MA,21,2024,6
2024,RREO,6,B,Governo do Estado do Maranhão,21,MA,6800605,RREO-Anexo 03,E,Padrão,<MR-6>,ITCDLiquidoExcetoTransferenciasEFUNDEB,ITCD,8539851.75,MA,21,2024,6
2024,RREO,6,B,Governo do Estado do Maranhão,21,MA,6800605,RREO-Anexo 03,E,Padrão,<MR-5>,ITCDLiquidoExcetoTransferenciasEFUNDEB,ITCD,5695175.13,MA,21,2024,6
2024,RREO,6,B,Governo do Estado do Maranhão,21,MA,6800605,RREO-Anexo 03,E,Padrão,<MR-4>,ITCDLiquidoExcetoTransferenciasEFUNDEB,ITCD,6244485.22,MA,21,2024,6
2024,RREO,6,B,Governo do Estado do Maranhão,21,MA,6800605,RREO-Anexo 03,E,Padrão,<MR-3>,ITCDLiquidoExcetoTransferenciasEFUNDEB,ITCD,7522816.79,MA,21,2024,6
2024,RREO,6,B,Governo do Estado do Maranhão,21,MA,6800605,RREO-Anexo 03,E,Padrão,<MR-2>,ITCDLiquidoExcetoTransferenciasEFUNDEB,ITCD,5318702.38,MA,21,2024,6
2024,RREO,6,B,Governo do Estado do Maranhão,21,MA,6800605,RREO-Anexo 03,E,Padrão,<MR-1>,ITCDLiquidoExcetoTransferenciasEFUNDEB,ITCD,5211945.84,MA,21,2024,6
2024,RREO,6,B,Governo do Estado do Maranhão,21,MA,6800605,RREO-Anexo 03,E,Padrão,<MR>,ITCDLiquidoExcetoTransferenciasEFUNDEB,ITCD,7853097.58,MA,21,2024,6
2024,RREO,6,B,Governo do Estado do Maranhão,21,MA,6800605,RREO-Anexo 03,E,Padrão,TOTAL (ÚLTIMOS 12 MESES),ITCDLiquidoExcetoTransferenciasEFUNDEB,ITCD,64249243.42,MA,21,2024,6
2024,RREO,6,B,Governo do Estado do Maranhão,21,MA,6800605,RREO-Anexo 03,E,Padrão,PREVISÃO ATUALIZADA 2024,ITCDLiquidoExcetoTransferenciasEFUNDEB,ITCD,68433000.0,MA,21,2024,6
2024,RREO,6,B,Governo do Estado do Piauí,22,PI,3270174,RREO-Anexo 03,E,Padrão,<MR-11>,ICMSLiquidoExcetoTransferenciasEFUNDEB,ICMS,686696774.16,PI,22,2024,6
2024,RREO,6,B,Governo do Estado do Piauí,22,PI,3270174,RREO-Anexo 03,E,Padrão,<MR-10>,ICMSLiquidoExcetoTransferenciasEFUNDEB,ICMS,554580739.49,PI,22,2024,6
2024,RREO,6,B,Governo do Estado do Piauí,22,PI,3270174,RREO-Anexo 03,E,Padrão,<MR-9>,ICMSLiquidoExcetoTransferenciasEFUNDEB,ICMS,543481967.7,PI,22,2024,6
2024,RREO,6,B,Governo do Estado do Piauí,22,PI,3270174,RREO-Anexo 03,E,Padrão,<MR-8>,ICMSLiquidoExcetoTransferenciasEFUNDEB,ICMS,598850316.17,PI,22,2024,6
2024,RREO,6,B,Governo do Estado do Piauí,22,PI,3270174,RREO-Anexo 03,E,Padrão,<MR-7>,ICMSLiquidoExcetoTransferenciasEFUNDEB,ICMS,592051720.3,PI,22,2024,6
2024,RREO,6,B,Governo do Estado do Piauí,22,PI,3270174,RREO-Anexo 03,E,Padrão,<MR-6>,ICMSLiquidoExcetoTransferenciasEFUNDEB,ICMS,627527503.21,PI,22,2024,6
2024,RREO,6,B,Governo do Estado do Piauí,22,PI,3270174,RREO-Anexo 03,E,Padrão,<MR-5>,ICMSLiquidoExcetoTransferenciasEFUNDEB,ICMS,680059488.02,PI,22,2024,6
2024,RREO,6,B,Governo do Estado do Piauí,22,PI,3270174,RREO-Anexo 03,E,Padrão,<MR-4>,ICMSLiquidoExcetoTransferenciasEFUNDEB,ICMS,664902295.5,PI,22,2024,6
2024,RREO,6,B,Governo do Estado do Piauí,22,PI,3270174,RREO-Anexo 03,E,Padrão,<MR-3>,ICMSLiquidoExcetoTransferenciasEFUNDEB,ICMS,661201898.24,PI,22,2024,6
2024,RREO,6,B,Governo do Estado do Piauí,22,PI,3270174,RREO-Anexo 03,E,Padrão,<MR-2>,ICMSLiquidoExcetoTransferenciasEFUNDEB,ICMS,656797931.88,PI,22,2024,6
2024,RREO,6,B,Governo do Estado do Piauí,22,PI,3270174,RREO-Anexo 03,E,Padrão,<MR-1>,ICMSLiquidoExcetoTransferenciasEFUNDEB,ICMS,693232209.37,PI,22,2024,6
2024,RREO,6,B,Governo do Estado do Piauí,22,PI,3270174,RREO-Anexo 03,E,Padrão,<MR>,ICMSLiquidoExcetoTransferenciasEFUNDEB,ICMS,754433392.22,PI,22,2024,6
2024,RREO,6,B,Governo do Estado do Piauí,22,PI,3270174,RREO-Anexo 03,E,Padrão,TOTAL (ÚLTIMOS 12 MESES),ICMSLiquidoExcetoTransferenciasEFUNDEB,ICMS,7713816236.26,PI,22,2024,6
2024,RREO,6,B,Governo do Estado do Piauí,22,PI,3270174,RREO-Anexo 03,E,Padrão,PREVISÃO ATUALIZADA 2024,ICMSLiquidoExcetoTransferenciasEFUNDEB,ICMS,6118465515.0,PI,22,2024,6
2024,RREO,6,B,Governo do Estado do Piauí,22,PI,3270174,RREO-Anexo 03,E,Padrão,<MR-11>,IPVALiquidoExcetoTransferenciasEFUNDEB,IPVA,275575284.12,PI,22,2024,6
2024,RREO,6,B,Governo do Estado do Piauí,22,PI,3270174,RREO-Anexo 03,E,Padrão,<MR-10>,IPVALiquidoExcetoTransferenciasEFUNDEB,IPVA,59498255.36,PI,22,2024,6
2024,RREO,6,B,Governo do Estado do Piauí,22,PI,3270174,RREO-Anexo 03,E,Padrão,<MR-9>,IPVALiquidoExcetoTransferenciasEFUNDEB,IPVA,64737399.31,PI,22,2024,6
2024,RREO,6,B,Governo do Estado do Piauí,22,PI,3270174,RREO-Anexo 03,E,Padrão,<MR-8>,IPVALiquidoExcetoTransferenciasEFUNDEB,IPVA,52267992.93,PI,22,2024,6
2024,RREO,6,B,Governo do Estado do Piauí,22,PI,3270174,RREO-Anexo 03,E,Padrão,<MR-7>,IPVALiquidoExcetoTransferenciasEFUNDEB,IPVA,30188667.63,PI,22,2024,6
2024,RREO,6,B,Governo do Estado do Piauí,22,PI,3270174,RREO-Anexo 03,E,Padrão,<MR-6>,IPVALiquidoExcetoTransferenciasEFUNDEB,IPVA,21287983.15,PI,22,2024,6
2024,RREO,6,B,Governo do Estado do Piauí,22,PI,3270174,RREO-Anexo 03,E,Padrão,<MR-5>,IPVALiquidoExcetoTransferenciasEFUNDEB,IPVA,20895059.71,PI,22,2024,6
2024,RREO,6,B,Governo do Estado do Piauí,22,PI,3270174,RREO-Anexo 03,E,Padrão,<MR-4>,IPVALiquidoExcetoTransferenciasEFUNDEB,IPVA,14575732.17,PI,22,2024,6
2024,RREO,6,B,Governo do Estado do Piauí,22,PI,3270174,RREO-Anexo 03,E,Padrão,<MR-3>,IPVALiquidoExcetoTransferenciasEFUNDEB,IPVA,11376272.77,PI,22,2024,6
2024,RREO,6,B,Governo do Estado do Piauí,22,PI,3270174,RREO-Anexo 03,E,Padrão,<MR-2>,IPVALiquidoExcetoTransferenciasEFUNDEB,IPVA,10583993.59,PI,22,2024,6
2024,RREO,6,B,Governo do Estado do Piauí,22,PI,3270174,RREO-Anexo 03,E,Padrão,<MR-1>,IPVALiquidoExcetoTransferenciasEFUNDEB,IPVA,9510234.15,PI,22,2024,6
2024,RREO,6,B,Governo do Estado do Piauí,22,PI,3270174,RREO-Anexo 03,E,Padrão,<MR>,IPVALiquidoExcetoTransferenciasEFUNDEB,IPVA,12877354.77,PI,22,2024,6
2024,RREO,6,B,Governo do Estado do Piauí,22,PI,3270174,RREO-Anexo 03,E,Padrão,TOTAL (ÚLTIMOS 12 MESES),IPVALiquidoExcetoTransferenciasEFUNDEB,IPVA,583374229.66,PI,22,2024,6
2024,RREO,6,B,Governo do Estado do Piauí,22,PI,3270174,RREO-Anexo 03,E,Padrão,PREVISÃO ATUALIZADA 2024,IPVALiquidoExcetoTransferenciasEFUNDEB,IPVA,524424531.0,PI,22,2024,6
2024,RREO,6,B,Governo do Estado do Piauí,22,PI,3270174,RREO-Anexo 03,E,Padrão,<MR-11>,ITCDLiquidoExcetoTransferenciasEFUNDEB,ITCD,2613925.57,PI,22,2024,6
2024,RREO,6,B,Governo do Estado do Piauí,22,PI,3270174,RREO-Anexo 03,E,Padrão,<MR-10>,ITCDLiquidoExcetoTransferenciasEFUNDEB,ITCD,3053580.15,PI,22,2024,6
2024,RREO,6,B,Governo do Estado do Piauí,22,PI,3270174,RREO-Anexo 03,E,Padrão,<MR-9>,ITCDLiquidoExcetoTransferenciasEFUNDEB,ITCD,2413405.83,PI,22,2024,6
2024,RREO,6,B,Governo do Estado do Piauí,22,PI,3270174,RREO-Anexo 03,E,Padrão,<MR-8>,ITCDLiquidoExcetoTransferenciasEFUNDEB,ITCD,2050978.81,PI,22,2024,6
2024,RREO,6,B,Governo do Estado do Piauí,22,PI,3270174,RREO-Anexo 03,E,Padrão,<MR-7>,ITCDLiquidoExcetoTransferenciasEFUNDEB,ITCD,2976321.75,PI,22,2024,6
2024,RREO,6,B,Governo do Estado do Piauí,22,PI,3270174,RREO-Anexo 03,E,Padrão,<MR-6>,ITCDLiquidoExcetoTransferenciasEFUNDEB,ITCD,3326448.23,PI,22,2024,6
2024,RREO,6,B,Governo do Estado do Piauí,22,PI,3270174,RREO-Anexo 03,E,Padrão,<MR-5>,ITCDLiquidoExcetoTransferenciasEFUNDEB,ITCD,4505251.17,PI,22,2024,6
2024,RREO,6,B,Governo do Estado do Piauí,22,PI,3270174,RREO-Anexo 03,E,Padrão,<MR-4>,ITCDLiquidoExcetoTransferenciasEFUNDEB,ITCD,3106956.04,PI,22,2024,6
2024,RREO,6,B,Governo do Estado do Piauí,22,PI,3270174,RREO-Anexo 03,E,Padrão,<MR-3>,ITCDLiquidoExcetoTransferenciasEFUNDEB,ITCD,2786475.65,PI,22,2024,6
2024,RREO,6,B,Governo do Estado do Piauí,22,PI,3270174,RREO-Anexo 03,E,Padrão,<MR-2>,ITCDLiquidoExcetoTransferenciasEFUNDEB,ITCD,3200498.88,PI,22,2024,6
2024,RREO,6,B,Governo do Estado do Piauí,22,PI,3270174,RREO-Anexo 03,E,Padrão,<MR-1>,ITCDLiquidoExcetoTransferenciasEFUNDEB,ITCD,3271719.69,PI,22,2024,6
2024,RREO,6,B,Governo do Estado do Piauí,22,PI,3270174,RREO-Anexo 03,E,Padrão,<MR>,ITCDLiquidoExcetoTransferenciasEFUNDEB,ITCD,3237283.62,PI,22,2024,6
2024,RREO,6,B,Governo do Estado do Piauí,22,PI,3270174,RREO-Anexo 03,E,Padrão,TOTAL (ÚLTIMOS 12 MESES),ITCDLiquidoExcetoTransferenciasEFUNDEB,ITCD,36542845.39,PI,22,2024,6
2024,RREO,6,B,Governo do Estado do Piauí,22,PI,3270174,RREO-Anexo 03,E,Padrão,PREVISÃO ATUALIZADA 2024,ITCDLiquidoExcetoTransferenciasEFUNDEB,ITCD,29138340.0,PI,22,2024,6
2024,RREO,6,B,Governo do Estado do Ceará,23,CE,8936431,RREO-Anexo 03,E,Padrão,<MR-11>,ICMSLiquidoExcetoTransferenciasEFUNDEB,ICMS,1632354821.57,CE,23,2024,6
2024,RREO,6,B,Governo do Estado do Ceará,23,CE,8936431,RREO-Anexo 03,E,Padrão,<MR-10>,ICMSLiquidoExcetoTransferenciasEFUNDEB,ICMS,1481701023.45,CE,23,2024,6
2024,RREO,6,B,Governo do Estado do Ceará,23,CE,8936431,RREO-Anexo 03,E,Padrão,<MR-9>,ICMSLiquidoExcetoTransferenciasEFUNDEB,ICMS,1491764463.68,CE,23,2024,6
2024,RREO,6,B,Governo do Estado do Ceará,23,CE,8936431,RREO-Anexo 03,E,Padrão,<MR-8>,ICMSLiquidoExcetoTransferenciasEFUNDEB,ICMS,1537830973.96,CE,23,2024,6
2024,RREO,6,B,Governo do Estado do Ceará,23,CE,8936431,RREO-Anexo 03,E,Padrão,<MR-7>,ICMSLiquidoExcetoTransferenciasEFUNDEB,ICMS,1559550007.82,CE,23,2024,6
2024,RREO,6,B,Governo do Estado do Ceará,23,CE,8936431,RREO-Anexo 03,E,Padrão,<MR-6>,ICMSLiquidoExcetoTransferenciasEFUNDEB,ICMS,1619476863.59,CE,23,2024,6
2024,RREO,6,B,Governo do Estado do Ceará,23,CE,8936431,RREO-Anexo 03,E,Padrão,<MR-5>,ICMSLiquidoExcetoTransferenciasEFUNDEB,ICMS,1726105236.88,CE,23,2024,6
2024,RREO,6,B,Governo do Estado do Ceará,23,CE,8936431,RREO-Anexo 03,E,Padrão,<MR-4>,ICMSLiquidoExcetoTransferenciasEFUNDEB,ICMS,1811662389.31,CE,23,2024,6
2024,RREO,6,B,Governo do Estado do Ceará,23,CE,8936431,RREO-Anexo 03,E,Padrão,<MR-3>,ICMSLiquidoExcetoTransferenciasEFUNDEB,ICMS,1661440353.35,CE,23,2024,6
2024,RREO,6,B,Governo do Estado do Ceará,23,CE,8936431,RREO-Anexo 03,E,Padrão,<MR-2>,ICMSLiquidoExcetoTransferenciasEFUNDEB,ICMS,1829467246.08,CE,23,2024,6
2024,RREO,6,B,Governo do Estado do Ceará,23,CE,8936431,RREO-Anexo 03,E,Padrão,<MR-1>,ICMSLiquidoExcetoTransferenciasEFUNDEB,ICMS,1954182887.8,CE,23,2024,6
2024,RREO,6,B,Governo do Estado do Ceará,23,CE,8936431,RREO-Anexo 03,E,Padrão,<MR>,ICMSLiquidoExcetoTransferenciasEFUNDEB,ICMS,1896548577.87,CE,23,2024,6
2024,RREO,6,B,Governo do Estado do Ceará,23,CE,8936431,RREO-Anexo 03,E,Padrão,TOTAL (ÚLTIMOS 12 MESES),ICMSLiquidoExcetoTransferenciasEFUNDEB,ICMS,20202084845.36,CE,23,2024,6
2024,RREO,6,B,Governo do Estado do Ceará,23,CE,8936431,RREO-Anexo 03,E,Padrão,PREVISÃO ATUALIZADA 2024,ICMSLiquidoExcetoTransferenciasEFUNDEB,ICMS,17914707739.13,CE,23,2024,6
2024,RREO,6,B,Governo do Estado do Ceará,23,CE,8936431,RREO-Anexo 03,E,Padrão,<MR-11>,IPVALiquidoExcetoTransferenciasEFUNDEB,IPVA,496386849.58,CE,23,2024,6
2024,RREO,6,B,Governo do Estado do Ceará,23,CE,8936431,RREO-Anexo 03,E,Padrão,<MR-10>,IPVALiquidoExcetoTransferenciasEFUNDEB,IPVA,253753162.91,CE,23,2024,6
2024,RREO,6,B,Governo do Estado do Ceará,23,CE,8936431,RREO-Anexo 03,E,Padrão,<MR-9>,IPVALiquidoExcetoTransferenciasEFUNDEB,IPVA,241043725.4,CE,23,2024,6
2024,RREO,6,B,Governo do Estado do Ceará,23,CE,8936431,RREO-Anexo 03,E,Padrão,<MR-8>,IPVALiquidoExcetoTransferenciasEFUNDEB,IPVA,238747130.81,CE,23,2024,6
2024,RREO,6,B,Governo do Estado do Ceará,23,CE,8936431,RREO-Anexo 03,E,Padrão,<MR-7>,IPVALiquidoExcetoTransferenciasEFUNDEB,IPVA,236635569.66,CE,23,2024,6
2024,RREO,6,B,Governo do Estado do Ceará,23,CE,8936431,RREO-Anexo 03,E,Padrão,<MR-6>,IPVALiquidoExcetoTransferenciasEFUNDEB,IPVA,208584854.54,CE,23,2024,6
2024,RREO,6,B,Governo do Estado do Ceará,23,CE,8936431,RREO-Anexo 03,E,Padrão,<MR-5>,IPVALiquidoExcetoTransferenciasEFUNDEB,IPVA,82147490.3,CE,23,2024,6
2024,RREO,6,B,Governo do Estado do Ceará,23,CE,8936431,RREO-Anexo 03,E,Padrão,<MR-4>,IPVALiquidoExcetoTransferenciasEFUNDEB,IPVA,58924054.68,CE,23,2024,6
2024,RREO,6,B,Governo do Estado do Ceará,23,CE,8936431,RREO-Anexo 03,E,Padrão,<MR-3>,IPVALiquidoExcetoTransferenciasEFUNDEB,IPVA,47681063.22,CE,23,2024,6
2024,RREO,6,B,Governo do Estado do Ceará,23,CE,8936431,RREO-Anexo 03,E,Padrão,<MR-2>,IPVALiquidoExcetoTransferenciasEFUNDEB,IPVA,44684633.71,CE,23,2024,6
2024,RREO,6,B,Governo do Estado do Ceará,23,CE,8936431,RREO-Anexo 03,E,Padrão,<MR-1>,IPVALiquidoExcetoTransferenciasEFUNDEB,IPVA,35636366.41,CE,23,2024,6
2024,RREO,6,B,Governo do Estado do Ceará,23,CE,8936431,RREO-Anexo 03,E,Padrão,<MR>,IPVALiquidoExcetoTransferenciasEFUNDEB,IPVA,39551104.43,CE,23,2024,6
2024,RREO,6,B,Governo do Estado do Ceará,23,CE,8936431,RREO-Anexo 03,E,Padrão,TOTAL (ÚLTIMOS 12 MESES),IPVALiquidoExcetoTransferenciasEFUNDEB,IPVA,1983776005.65,CE,23,2024,6
2024,RREO,6,B,Governo do Estado do Ceará,23,CE,8936431,RREO-Anexo 03,E,Padrão,PREVISÃO ATUALIZADA 2024,IPVALiquidoExcetoTransferenciasEFUNDEB,IPVA,1919279591.0,CE,23,2024,6
2024,RREO,6,B,Governo do Estado do Ceará,23,CE,8936431,RREO-Anexo 03,E,Padrão,<MR-11>,ITCDLiquidoExcetoTransferenciasEFUNDEB,ITCD,9745529.97,CE,23,2024,6
2024,RREO,6,B,Governo do Estado do Ceará,23,CE,8936431,RREO-Anexo 03,E,Padrão,<MR-10>,ITCDLiquidoExcetoTransferenciasEFUNDEB,ITCD,11081389.4,CE,23,2024,6
2024,RREO,6,B,Governo do Estado do Ceará,23,CE,8936431,RREO-Anexo 03,E,Padrão,<MR-9>,ITCDLiquidoExcetoTransferenciasEFUNDEB,ITCD,6305030.83,CE,23,2024,6
2024,RREO,6,B,Governo do Estado do Ceará,23,CE,8936431,RREO-Anexo 03,E,Padrão,<MR-8>,ITCDLiquidoExcetoTransferenciasEFUNDEB,ITCD,6008218.99,CE,23,2024,6
2024,RREO,6,B,Governo do Estado do Ceará,23,CE,8936431,RREO-Anexo 03,E,Padrão,<MR-7>,ITCDLiquidoExcetoTransferenciasEFUNDEB,ITCD,9032226.74,CE,23,2024,6
2024,RREO,6,B,Governo do Estado do Ceará,23,CE,8936431,RREO-Anexo 03,E,Padrão,<MR-6>,ITCDLiquidoExcetoTransferenciasEFUNDEB,ITCD,8082953.56,CE,23,2024,6
2024,RREO,6,B,Governo do Estado do Ceará,23,CE,8936431,RREO-Anexo 03,E,Padrão,<MR-5>,ITCDLiquidoExcetoTransferenciasEFUNDEB,ITCD,11385455.04,CE,23,2024,6
2024,RREO,6,B,Governo do Estado do Ceará,23,CE,8936431,RREO-Anexo 03,E,Padrão,<MR-4>,ITCDLiquidoExcetoTransferenciasEFUNDEB,ITCD,12231925.22,CE,23,2024,6
2024,RREO,6,B,Governo do Estado do Ceará,23,CE,8936431,RREO-Anexo 03,E,Padrão,<MR-3>,ITCDLiquidoExcetoTransferenciasEFUNDEB,ITCD,9618017.14,CE,23,2024,6
2024,RREO,6,B,Governo do Estado do Ceará,23,CE,8936431,RREO-Anexo 03,E,Padrão,<MR-2>,ITCDLiquidoExcetoTransferenciasEFUNDEB,ITCD,18494083.48,CE,23,2024,6
2024,RREO,6,B,Governo do Estado do Ceará,23,CE,8936431,RREO-Anexo 03,E,Padrão,<MR-1>,ITCDLiquidoExcetoTransferenciasEFUNDEB,ITCD,12044066.58,CE,23,2024,6
2024,RREO,6,B,Governo do Estado do Ceará,23,CE,8936431,RREO-Anexo 03,E,Padrão,<MR>,ITCDLiquidoExcetoTransferenciasEFUNDEB,ITCD,13134159.67,CE,23,2024,6
2024,RREO,6,B,Governo do Estado do Ceará,23,CE,8936431,RREO-Anexo 03,E,Padrão,TOTAL (ÚLTIMOS 12 MESES),ITCDLiquidoExcetoTransferenciasEFUNDEB,ITCD,127163056.62,CE,23,2024,6
2024,RREO,6,B,Governo do Estado do Ceará,23,CE,8936431,RREO-Anexo 03,E,Padrão,PREVISÃO ATUALIZADA 2024,ITCDLiquidoExcetoTransferenciasEFUNDEB,ITCD,171195309.0,CE,23,2024,6
2024,RREO,6,B,Governo do Estado do Rio Grande do Norte,24,RN,3303953,RREO-Anexo 03,E,Padrão,<MR-11>,ICMSLiquidoExcetoTransferenciasEFUNDEB,ICMS,803131565.58,RN,24,2024,6
2024,RREO,6,B,Governo do Estado do Rio Grande do Norte,24,RN,3303953,RREO-Anexo 03,E,Padrão,<MR-10>,ICMSLiquidoExcetoTransferenciasEFUNDEB,ICMS,609991416.71,RN,24,2024,6
2024,RREO,6,B,Governo do Estado do Rio Grande do Norte,24,RN,3303953,RREO-Anexo 03,E,Padrão,<MR-9>,ICMSLiquidoExcetoTransferenciasEFUNDEB,ICMS,613502253.41,RN,24,2024,6
2024,RREO,6,B,Governo do Estado do Rio Grande do Norte,24,RN,3303953,RREO-Anexo 03,E,Padrão,<MR-8>,ICMSLiquidoExcetoTransferenciasEFUNDEB,ICMS,659085490.02,RN,24,2024,6
2024,RREO,6,B,Governo do Estado do Rio Grande do Norte,24,RN,3303953,RREO-Anexo 03,E,Padrão,<MR-7>,ICMSLiquidoExcetoTransferenciasEFUNDEB,ICMS,632463665.88,RN,24,2024,6
2024,RREO,6,B,Governo do Estado do Rio Grande do Norte,24,RN,3303953,RREO-Anexo 03,E,Padrão,<MR-6>,ICMSLiquidoExcetoTransferenciasEFUNDEB,ICMS,693122696.59,RN,24,2024,6
2024,RREO,6,B,Governo do Estado do Rio Grande do Norte,24,RN,3303953,RREO-Anexo 03,E,Padrão,<MR-5>,ICMSLiquidoExcetoTransferenciasEFUNDEB,ICMS,689723007.17,RN,24,2024,6
2024,RREO,6,B,Governo do Estado do Rio Grande do Norte,24,RN,3303953,RREO-Anexo 03,E,Padrão,<MR-4>,ICMSLiquidoExcetoTransferenciasEFUNDEB,ICMS,717413626.09,RN,24,2024,6
2024,RREO,6,B,Governo do Estado do Rio Grande do Norte,24,RN,3303953,RREO-Anexo 03,E,Padrão,<MR-3>,ICMSLiquidoExcetoTransferenciasEFUNDEB,ICMS,772084925.77,RN,24,2024,6
2024,RREO,6,B,Governo do Estado do Rio Grande do Norte,24,RN,3303953,RREO-Anexo 03,E,Padrão,<MR-2>,ICMSLiquidoExcetoTransferenciasEFUNDEB,ICMS,794619291.16,RN,24,2024,6
2024,RREO,6,B,Governo do Estado do Rio Grande do Norte,24,RN,3303953,RREO-Anexo 03,E,Padrão,<MR-1>,ICMSLiquidoExcetoTransferenciasEFUNDEB,ICMS,728320189.73,RN,24,2024,6
2024,RREO,6,B,Governo do Estado do Rio Grande do Norte,24,RN,3303953,RREO-Anexo 03,E,Padrão,<MR>,ICMSLiquidoExcetoTransferenciasEFUNDEB,ICMS,746435629.25,RN,24,2024,6
2024,RREO,6,B,Governo do Estado do Rio Grande do Norte,24,RN,3303953,RREO-Anexo 03,E,Padrão,TOTAL (ÚLTIMOS 12 MESES),ICMSLiquidoExcetoTransferenciasEFUNDEB,ICMS,8459893757.36,RN,24,2024,6
2024,RREO,6,B,Governo do Estado do Rio Grande do Norte,24,RN,3303953,RREO-Anexo 03,E,Padrão,PREVISÃO ATUALIZADA 2024,ICMSLiquidoExcetoTransferenciasEFUNDEB,ICMS,8469216000.0,RN,24,2024,6
2024,RREO,6,B,Governo do Estado do Rio Grande do Norte,24,RN,3303953,RREO-Anexo 03,E,Padrão,<MR-11>,IPVALiquidoExcetoTransferenciasEFUNDEB,IPVA,43438564.21,RN,24,2024,6
2024,RREO,6,B,Governo do Estado do Rio Grande do Norte,24,RN,3303953,RREO-Anexo 03,E,Padrão,<MR-10>,IPVALiquidoExcetoTransferenciasEFUNDEB,IPVA,32969857.16,RN,24,2024,6
2024,RREO,6,B,Governo do Estado do Rio Grande do Norte,24,RN,3303953,RREO-Anexo 03,E,Padrão,<MR-9>,IPVALiquidoExcetoTransferenciasEFUNDEB,IPVA,44919851.01,RN,24,2024,6
2024,RREO,6,B,Governo do Estado do Rio Grande do Norte,24,RN,3303953,RREO-Anexo 03,E,Padrão,<MR-8>,IPVALiquidoExcetoTransferenciasEFUNDEB,IPVA,55918263.75,RN,24,2024,6
2024,RREO,6,B,Governo do Estado do Rio Grande do Norte,24,RN,3303953,RREO-Anexo 03,E,Padrão,<MR-7>,IPVALiquidoExcetoTransferenciasEFUNDEB,IPVA,80170572.83,RN,24,2024,6
2024,RREO,6,B,Governo do Estado do Rio Grande do Norte,24,RN,3303953,RREO-Anexo 03,E,Padrão,<MR-6>,IPVALiquidoExcetoTransferenciasEFUNDEB,IPVA,75729353.95,RN,24,2024,6
2024,RREO,6,B,Governo do Estado do Rio Grande do Norte,24,RN,3303953,RREO-Anexo 03,E,Padrão,<MR-5>,IPVALiquidoExcetoTransferenciasEFUNDEB,IPVA,65648265.15,RN,24,2024,6
2024,RREO,6,B,Governo do Estado do Rio Grande do Norte,24,RN,3303953,RREO-Anexo 03,E,Padrão,<MR-4>,IPVALiquidoExcetoTransferenciasEFUNDEB,IPVA,60499870.34,RN,24,2024,6
2024,RREO,6,B,Governo do Estado do Rio Grande do Norte,24,RN,3303953,RREO-Anexo 03,E,Padrão,<MR-3>,IPVALiquidoExcetoTransferenciasEFUNDEB,IPVA,56785717.45,RN,24,2024,6
2024,RREO,6,B,Governo do Estado do Rio Grande do Norte,24,RN,3303953,RREO-Anexo 03,E,Padrão,<MR-2>,IPVALiquidoExcetoTransferenciasEFUNDEB,IPVA,52467517.92,RN,24,2024,6
2024,RREO,6,B,Governo do Estado do Rio Grande do Norte,24,RN,3303953,RREO-Anexo 03,E,Padrão,<MR-1>,IPVALiquidoExcetoTransferenciasEFUNDEB,IPVA,41679749.4,RN,24,2024,6
2024,RREO,6,B,Governo do Estado do Rio Grande do Norte,24,RN,3303953,RREO-Anexo 03,E,Padrão,<MR>,IPVALiquidoExcetoTransferenciasEFUNDEB,IPVA,33872672.29,RN,24,2024,6
2024,RREO,6,B,Governo do Estado do Rio Grande do Norte,24,RN,3303953,RREO-Anexo 03,E,Padrão,TOTAL (ÚLTIMOS 12 MESES),IPVALiquidoExcetoTransferenciasEFUNDEB,IPVA,644100255.46,RN,24,2024,6
2024,RREO,6,B,Governo do Estado do Rio Grande do Norte,24,RN,3303953,RREO-Anexo 03,E,Padrão,PREVISÃO ATUALIZADA 2024,IPVALiquidoExcetoTransferenciasEFUNDEB,IPVA,611368000.0,RN,24,2024,6
2024,RREO,6,B,Governo do Estado do Rio Grande do Norte,24,RN,3303953,RREO-Anexo 03,E,Padrão,<MR-11>,ITCDLiquidoExcetoTransferenciasEFUNDEB,ITCD,4167037.6,RN,24,2024,6
2024,RREO,6,B,Governo do Estado do Rio Grande do Norte,24,RN,3303953,RREO-Anexo 03,E,Padrão,<MR-10>,ITCDLiquidoExcetoTransferenciasEFUNDEB,ITCD,3769443.83,RN,24,2024,6
2024,RREO,6,B,Governo do Estado do Rio Grande do Norte,24,RN,3303953,RREO-Anexo 03,E,Padrão,<MR-9>,ITCDLiquidoExcetoTransferenciasEFUNDEB,ITCD,2993597.78,RN,24,2024,6
2024,RREO,6,B,Governo do Estado do Rio Grande do Norte,24,RN,3303953,RREO-Anexo 03,E,Padrão,<MR-8>,ITCDLiquidoExcetoTransferenciasEFUNDEB,ITCD,3893921.05,RN,24,2024,6
2024,RREO,6,B,Governo do Estado do Rio Grande do Norte,24,RN,3303953,RREO-Anexo 03,E,Padrão,<MR-7>,ITCDLiquidoExcetoTransferenciasEFUNDEB,ITCD,4289078.46,RN,24,2024,6
2024,RREO,6,B,Governo do Estado do Rio Grande do Norte,24,RN,3303953,RREO-Anexo 03,E,Padrão,<MR-6>,ITCDLiquidoExcetoTransferenciasEFUNDEB,ITCD,4386585.62,RN,24,2024,6
2024,RREO,6,B,Governo do Estado do Rio Grande do Norte,24,RN,3303953,RREO-Anexo 03,E,Padrão,<MR-5>,ITCDLiquidoExcetoTransferenciasEFUNDEB,ITCD,2514689.81,RN,24,2024,6
2024,RREO,6,B,Governo do Estado do Rio Grande do Norte,24,RN,3303953,RREO-Anexo 03,E,Padrão,<MR-4>,ITCDLiquidoExcetoTransferenciasEFUNDEB,ITCD,2268723.14,RN,24,2024,6
2024,RREO,6,B,Governo do Estado do Rio Grande do Norte,24,RN,3303953,RREO-Anexo 03,E,Padrão,<MR-3>,ITCDLiquidoExcetoTransferenciasEFUNDEB,ITCD,3081354.06,RN,24,2024,6
2024,RREO,6,B,Governo do Estado do Rio Grande do Norte,24,RN,3303953,RREO-Anexo 03,E,Padrão,<MR-2>,ITCDLiquidoExcetoTransferenciasEFUNDEB,ITCD,8476295.84,RN,24,2024,6
2024,RREO,6,B,Governo do Estado do Rio Grande do Norte,24,RN,3303953,RREO-Anexo 03,E,Padrão,<MR-1>,ITCDLiquidoExcetoTransferenciasEFUNDEB,ITCD,2013761.58,RN,24,2024,6
2024,RREO,6,B,Governo do Estado do Rio Grande do Norte,24,RN,3303953,RREO-Anexo 03,E,Padrão,<MR>,ITCDLiquidoExcetoTransferenciasEFUNDEB,ITCD,3793624.69,RN,24,2024,6
2024,RREO,6,B,Governo do Estado do Rio Grande do Norte,24,RN,3303953,RREO-Anexo 03,E,Padrão,TOTAL (ÚLTIMOS 12 MESES),ITCDLiquidoExcetoTransferenciasEFUNDEB,ITCD,45648113.46,RN,24,2024,6
2024,RREO,6,B,Governo do Estado do Rio Grande do Norte,24,RN,3303953,RREO-Anexo 03,E,Padrão,PREVISÃO ATUALIZADA 2024,ITCDLiquidoExcetoTransferenciasEFUNDEB,ITCD,30000000.0,RN,24,2024,6
2024,RREO,6,B,Governo do Estado da Paraíba,25,PB,4030961,RREO-Anexo 03,E,Padrão,<MR-11>,ICMSLiquidoExcetoTransferenciasEFUNDEB,ICMS,786824666.89,PB,25,2024,6
2024,RREO,6,B,Governo do Estado da Paraíba,25,PB,4030961,RREO-Anexo 03,E,Padrão,<MR-10>,ICMSLiquidoExcetoTransferenciasEFUNDEB,ICMS,752573866.24,PB,25,2024,6
2024,RREO,6,B,Governo do Estado da Paraíba,25,PB,4030961,RREO-Anexo 03,E,Padrão,<MR-9>,ICMSLiquidoExcetoTransferenciasEFUNDEB,ICMS,726960296.0,PB,25,2024,6
2024,RREO,6,B,Governo do Estado da Paraíba,25,PB,4030961,RREO-Anexo 03,E,Padrão,<MR-8>,ICMSLiquidoExcetoTransferenciasEFUNDEB,ICMS,794662438.65,PB,25,2024,6
2024,RREO,6,B,Governo do Estado da Paraíba,25,PB,4030961,RREO-Anexo 03,E,Padrão,<MR-7>,ICMSLiquidoExcetoTransferenciasEFUNDEB,ICMS,763985408.95,PB,25,2024,6
2024,RREO,6,B,Governo do Estado da Paraíba,25,PB,4030961,RREO-Anexo 03,E,Padrão,<MR-6>,ICMSLiquidoExcetoTransferenciasEFUNDEB,ICMS,797270285.16,PB,25,2024,6
2024,RREO,6,B,Governo do Estado da Paraíba,25,PB,4030961,RREO-Anexo 03,E,Padrão,<MR-5>,ICMSLiquidoExcetoTransferenciasEFUNDEB,ICMS,833349295.14,PB,25,2024,6
2024,RREO,6,B,Governo do Estado da Paraíba,25,PB,4030961,RREO-Anexo 03,E,Padrão,<MR-4>,ICMSLiquidoExcetoTransferenciasEFUNDEB,ICMS,807487989.97,PB,25,2024,6
2024,RREO,6,B,Governo do Estado da Paraíba,25,PB,4030961,RREO-Anexo 03,E,Padrão,<MR-3>,ICMSLiquidoExcetoTransferenciasEFUNDEB,ICMS,867642004.06,PB,25,2024,6
2024,RREO,6,B,Governo do Estado da Paraíba,25,PB,4030961,RREO-Anexo 03,E,Padrão,<MR-2>,ICMSLiquidoExcetoTransferenciasEFUNDEB,ICMS,778448970.95,PB,25,2024,6
2024,RREO,6,B,Governo do Estado da Paraíba,25,PB,4030961,RREO-Anexo 03,E,Padrão,<MR-1>,ICMSLiquidoExcetoTransferenciasEFUNDEB,ICMS,892149179.6,PB,25,2024,6
2024,RREO,6,B,Governo do Estado da Paraíba,25,PB,4030961,RREO-Anexo 03,E,Padrão,<MR>,ICMSLiquidoExcetoTransferenciasEFUNDEB,ICMS,911905571.74,PB,25,2024,6
2024,RREO,6,B,Governo do Estado da Paraíba,25,PB,4030961,RREO-Anexo 03,E,Padrão,TOTAL (ÚLTIMOS 12 MESES),ICMSLiquidoExcetoTransferenciasEFUNDEB,ICMS,9713259973.35,PB,25,2024,6
2024,RREO,6,B,Governo do Estado da Paraíba,25,PB,4030961,RREO-Anexo 03,E,Padrão,PREVISÃO ATUALIZADA 2024,ICMSLiquidoExcetoTransferenciasEFUNDEB,ICMS,9281891763.91,PB,25,2024,6
2024,RREO,6,B,Governo do Estado da Paraíba,25,PB,4030961,RREO-Anexo 03,E,Padrão,<MR-11>,IPVALiquidoExcetoTransferenciasEFUNDEB,IPVA,70571797.62,PB,25,2024,6
2024,RREO,6,B,Governo do Estado da Paraíba,25,PB,4030961,RREO-Anexo 03,E,Padrão,<MR-10>,IPVALiquidoExcetoTransferenciasEFUNDEB,IPVA,62562081.33,PB,25,2024,6
2024,RREO,6,B,Governo do Estado da Paraíba,25,PB,4030961,RREO-Anexo 03,E,Padrão,<MR-9>,IPVALiquidoExcetoTransferenciasEFUNDEB,IPVA,64918636.27,PB,25,2024,6
2024,RREO,6,B,Governo do Estado da Paraíba,25,PB,4030961,RREO-Anexo 03,E,Padrão,<MR-8>,IPVALiquidoExcetoTransferenciasEFUNDEB,IPVA,73581231.22,PB,25,2024,6
2024,RREO,6,B,Governo do Estado da Paraíba,25,PB,4030961,RREO-Anexo 03,E,Padrão,<MR-7>,IPVALiquidoExcetoTransferenciasEFUNDEB,IPVA,72403487.66,PB,25,2024,6
2024,RREO,6,B,Governo do Estado da Paraíba,25,PB,4030961,RREO-Anexo 03,E,Padrão,<MR-6>,IPVALiquidoExcetoTransferenciasEFUNDEB,IPVA,65267856.79,PB,25,2024,6
2024,RREO,6,B,Governo do Estado da Paraíba,25,PB,4030961,RREO-Anexo 03,E,Padrão,<MR-5>,IPVALiquidoExcetoTransferenciasEFUNDEB,IPVA,76436126.12,PB,25,2024,6
2024,RREO,6,B,Governo do Estado da Paraíba,25,PB,4030961,RREO-Anexo 03,E,Padrão,<MR-4>,IPVALiquidoExcetoTransferenciasEFUNDEB,IPVA,61811982.59,PB,25,2024,6
2024,RREO,6,B,Governo do Estado da Paraíba,25,PB,4030961,RREO-Anexo 03,E,Padrão,<MR-3>,IPVALiquidoExcetoTransferenciasEFUNDEB,IPVA,60584944.33,PB,25,2024,6
2024,RREO,6,B,Governo do Estado da Paraíba,25,PB,4030961,RREO-Anexo 03,E,Padrão,<MR-2>,IPVALiquidoExcetoTransferenciasEFUNDEB,IPVA,57632398.74,PB,25,2024,6
2024,RREO,6,B,Governo do Estado da Paraíba,25,PB,4030961,RREO-Anexo 03,E,Padrão,<MR-1>,IPVALiquidoExcetoTransferenciasEFUNDEB,IPVA,36335470.02,PB,25,2024,6
2024,RREO,6,B,Governo do Estado da Paraíba,25,PB,4030961,RREO-Anexo 03,E,Padrão,<MR>,IPVALiquidoExcetoTransferenciasEFUNDEB,IPVA,42376437.42,PB,25,2024,6
2024,RREO,6,B,Governo do Estado da Paraíba,25,PB,4030961,RREO-Anexo 03,E,Padrão,TOTAL (ÚLTIMOS 12 MESES),IPVALiquidoExcetoTransferenciasEFUNDEB,IPVA,744482450.11,PB,25,2024,6
2024,RREO,6,B,Governo do Estado da Paraíba,25,PB,4030961,RREO-Anexo 03,E,Padrão,PREVISÃO ATUALIZADA 2024,IPVALiquidoExcetoTransferenciasEFUNDEB,IPVA,752940801.0,PB,25,2024,6
2024,RREO,6,B,Governo do Estado da Paraíba,25,PB,4030961,RREO-Anexo 03,E,Padrão,<MR-11>,ITCDLiquidoExcetoTransferenciasEFUNDEB,ITCD,3879226.02,PB,25,2024,6
2024,RREO,6,B,Governo do Estado da Paraíba,25,PB,4030961,RREO-Anexo 03,E,Padrão,<MR-10>,ITCDLiquidoExcetoTransferenciasEFUNDEB,ITCD,3056504.18,PB,25,2024,6
2024,RREO,6,B,Governo do Estado da Paraíba,25,PB,4030961,RREO-Anexo 03,E,Padrão,<MR-9>,ITCDLiquidoExcetoTransferenciasEFUNDEB,ITCD,3673549.17,PB,25,2024,6
2024,RREO,6,B,Governo do Estado da Paraíba,25,PB,4030961,RREO-Anexo 03,E,Padrão,<MR-8>,ITCDLiquidoExcetoTransferenciasEFUNDEB,ITCD,5569419.79,PB,25,2024,6
2024,RREO,6,B,Governo do Estado da Paraíba,25,PB,4030961,RREO-Anexo 03,E,Padrão,<MR-7>,ITCDLiquidoExcetoTransferenciasEFUNDEB,ITCD,4099800.34,PB,25,2024,6
2024,RREO,6,B,Governo do Estado da Paraíba,25,PB,4030961,RREO-Anexo 03,E,Padrão,<MR-6>,ITCDLiquidoExcetoTransferenciasEFUNDEB,ITCD,3420315.0,PB,25,2024,6
2024,RREO,6,B,Governo do Estado da Paraíba,25,PB,4030961,RREO-Anexo 03,E,Padrão,<MR-5>,ITCDLiquidoExcetoTransferenciasEFUNDEB,ITCD,3533626.44,PB,25,2024,6
2024,RREO,6,B,Governo do Estado da Paraíba,25,PB,4030961,RREO-Anexo 03,E,Padrão,<MR-4>,ITCDLiquidoExcetoTransferenciasEFUNDEB,ITCD,5236886.56,PB,25,2024,6
2024,RREO,6,B,Governo do Estado da Paraíba,25,PB,4030961,RREO-Anexo 03,E,Padrão,<MR-3>,ITCDLiquidoExcetoTransferenciasEFUNDEB,ITCD,5252344.86,PB,25,2024,6
2024,RREO,6,B,Governo do Estado da Paraíba,25,PB,4030961,RREO-Anexo 03,E,Padrão,<MR-2>,ITCDLiquidoExcetoTransferenciasEFUNDEB,ITCD,4558085.2,PB,25,2024,6
2024,RREO,6,B,Governo do Estado da Paraíba,25,PB,4030961,RREO-Anexo 03,E,Padrão,<MR-1>,ITCDLiquidoExcetoTransferenciasEFUNDEB,ITCD,5641484.75,PB,25,2024,6
2024,RREO,6,B,Governo do Estado da Paraíba,25,PB,4030961,RREO-Anexo 03,E,Padrão,<MR>,ITCDLiquidoExcetoTransferenciasEFUNDEB,ITCD,7470229.62,PB,25,2024,6
2024,RREO,6,B,Governo do Estado da Paraíba,25,PB,4030961,RREO-Anexo 03,E,Padrão,TOTAL (ÚLTIMOS 12 MESES),ITCDLiquidoExcetoTransferenciasEFUNDEB,ITCD,55391471.93,PB,25,2024,6
2024,RREO,6,B,Governo do Estado da Paraíba,25,PB,4030961,RREO-Anexo 03,E,Padrão,PREVISÃO ATUALIZADA 2024,ITCDLiquidoExcetoTransferenciasEFUNDEB,ITCD,92701265.0,PB,25,2024,6
2024,RREO,6,B,Governo do Estado de Pernambuco,26,PE,9051113,RREO-Anexo 03,E,Padrão,<MR-11>,ICMSLiquidoExcetoTransferenciasEFUNDEB,ICMS,2135707503.31,PE,26,2024,6
2024,RREO,6,B,Governo do Estado de Pernambuco,26,PE,9051113,RREO-Anexo 03,E,Padrão,<MR-10>,ICMSLiquidoExcetoTransferenciasEFUNDEB,ICMS,1960650242.27,PE,26,2024,6
2024,RREO,6,B,Governo do Estado de Pernambuco,26,PE,9051113,RREO-Anexo 03,E,Padrão,<MR-9>,ICMSLiquidoExcetoTransferenciasEFUNDEB,ICMS,1915189011.86,PE,26,2024,6
2024,RREO,6,B,Governo do Estado de Pernambuco,26,PE,9051113,RREO-Anexo 03,E,Padrão,<MR-8>,ICMSLiquidoExcetoTransferenciasEFUNDEB,ICMS,2230781577.31,PE,26,2024,6
2024,RREO,6,B,Governo do Estado de Pernambuco,26,PE,9051113,RREO-Anexo 03,E,Padrão,<MR-7>,ICMSLiquidoExcetoTransferenciasEFUNDEB,ICMS,2176914252.2,PE,26,2024,6
2024,RREO,6,B,Governo do Estado de Pernambuco,26,PE,9051113,RREO-Anexo 03,E,Padrão,<MR-6>,ICMSLiquidoExcetoTransferenciasEFUNDEB,ICMS,2108312582.65,PE,26,2024,6
2024,RREO,6,B,Governo do Estado de Pernambuco,26,PE,9051113,RREO-Anexo 03,E,Padrão,<MR-5>,ICMSLiquidoExcetoTransferenciasEFUNDEB,ICMS,2139746195.05,PE,26,2024,6
2024,RREO,6,B,Governo do Estado de Pernambuco,26,PE,9051113,RREO-Anexo 03,E,Padrão,<MR-4>,ICMSLiquidoExcetoTransferenciasEFUNDEB,ICMS,2265301831.42,PE,26,2024,6
2024,RREO,6,B,Governo do Estado de Pernambuco,26,PE,9051113,RREO-Anexo 03,E,Padrão,<MR-3>,ICMSLiquidoExcetoTransferenciasEFUNDEB,ICMS,2321127508.07,PE,26,2024,6
2024,RREO,6,B,Governo do Estado de Pernambuco,26,PE,9051113,RREO-Anexo 03,E,Padrão,<MR-2>,ICMSLiquidoExcetoTransferenciasEFUNDEB,ICMS,2294997506.3,PE,26,2024,6
2024,RREO,6,B,Governo do Estado de Pernambuco,26,PE,9051113,RREO-Anexo 03,E,Padrão,<MR-1>,ICMSLiquidoExcetoTransferenciasEFUNDEB,ICMS,2278118918.83,PE,26,2024,6
2024,RREO,6,B,Governo do Estado de Pernambuco,26,PE,9051113,RREO-Anexo 03,E,Padrão,<MR>,ICMSLiquidoExcetoTransferenciasEFUNDEB,ICMS,2330125914.17,PE,26,2024,6
2024,RREO,6,B,Governo do Estado de Pernambuco,26,PE,9051113,RREO-Anexo 03,E,Padrão,TOTAL (ÚLTIMOS 12 MESES),ICMSLiquidoExcetoTransferenciasEFUNDEB,ICMS,26156973043.44,PE,26,2024,6
2024,RREO,6,B,Governo do Estado de Pernambuco,26,PE,9051113,RREO-Anexo 03,E,Padrão,PREVISÃO ATUALIZADA 2024,ICMSLiquidoExcetoTransferenciasEFUNDEB,ICMS,25626723267.8,PE,26,2024,6
2024,RREO,6,B,Governo do Estado de Pernambuco,26,PE,9051113,RREO-Anexo 03,E,Padrão,<MR-11>,IPVALiquidoExcetoTransferenciasEFUNDEB,IPVA,219977196.76,PE,26,2024,6
2024,RREO,6,B,Governo do Estado de Pernambuco,26,PE,9051113,RREO-Anexo 03,E,Padrão,<MR-10>,IPVALiquidoExcetoTransferenciasEFUNDEB,IPVA,501786318.64,PE,26,2024,6
2024,RREO,6,B,Governo do Estado de Pernambuco,26,PE,9051113,RREO-Anexo 03,E,Padrão,<MR-9>,IPVALiquidoExcetoTransferenciasEFUNDEB,IPVA,165191343.85,PE,26,2024,6
2024,RREO,6,B,Governo do Estado de Pernambuco,26,PE,9051113,RREO-Anexo 03,E,Padrão,<MR-8>,IPVALiquidoExcetoTransferenciasEFUNDEB,IPVA,145260047.7,PE,26,2024,6
2024,RREO,6,B,Governo do Estado de Pernambuco,26,PE,9051113,RREO-Anexo 03,E,Padrão,<MR-7>,IPVALiquidoExcetoTransferenciasEFUNDEB,IPVA,129526441.48,PE,26,2024,6
2024,RREO,6,B,Governo do Estado de Pernambuco,26,PE,9051113,RREO-Anexo 03,E,Padrão,<MR-6>,IPVALiquidoExcetoTransferenciasEFUNDEB,IPVA,107804922.1,PE,26,2024,6
2024,RREO,6,B,Governo do Estado de Pernambuco,26,PE,9051113,RREO-Anexo 03,E,Padrão,<MR-5>,IPVALiquidoExcetoTransferenciasEFUNDEB,IPVA,110728245.93,PE,26,2024,6
2024,RREO,6,B,Governo do Estado de Pernambuco,26,PE,9051113,RREO-Anexo 03,E,Padrão,<MR-4>,IPVALiquidoExcetoTransferenciasEFUNDEB,IPVA,97796353.9,PE,26,2024,6
2024,RREO,6,B,Governo do Estado de Pernambuco,26,PE,9051113,RREO-Anexo 03,E,Padrão,<MR-3>,IPVALiquidoExcetoTransferenciasEFUNDEB,IPVA,95639549.33,PE,26,2024,6
2024,RREO,6,B,Governo do Estado de Pernambuco,26,PE,9051113,RREO-Anexo 03,E,Padrão,<MR-2>,IPVALiquidoExcetoTransferenciasEFUNDEB,IPVA,101622416.3,PE,26,2024,6
2024,RREO,6,B,Governo do Estado de Pernambuco,26,PE,9051113,RREO-Anexo 03,E,Padrão,<MR-1>,IPVALiquidoExcetoTransferenciasEFUNDEB,IPVA,84087890.37,PE,26,2024,6
2024,RREO,6,B,Governo do Estado de Pernambuco,26,PE,9051113,RREO-Anexo 03,E,Padrão,<MR>,IPVALiquidoExcetoTransferenciasEFUNDEB,IPVA,55962780.5,PE,26,2024,6
2024,RREO,6,B,Governo do Estado de Pernambuco,26,PE,9051113,RREO-Anexo 03,E,Padrão,TOTAL (ÚLTIMOS 12 MESES),IPVALiquidoExcetoTransferenciasEFUNDEB,IPVA,1815383506.86,PE,26,2024,6
2024,RREO,6,B,Governo do Estado de Pernambuco,26,PE,9051113,RREO-Anexo 03,E,Padrão,PREVISÃO ATUALIZADA 2024,IPVALiquidoExcetoTransferenciasEFUNDEB,IPVA,1828467000.0,PE,26,2024,6
2024,RREO,6,B,Governo do Estado de Pernambuco,26,PE,9051113,RREO-Anexo 03,E,Padrão,<MR-11>,ITCDLiquidoExcetoTransferenciasEFUNDEB,ITCD,18291177.63,PE,26,2024,6
2024,RREO,6,B,Governo do Estado de Pernambuco,26,PE,9051113,RREO-Anexo 03,E,Padrão,<MR-10>,ITCDLiquidoExcetoTransferenciasEFUNDEB,ITCD,36431089.42,PE,26,2024,6
2024,RREO,6,B,Governo do Estado de Pernambuco,26,PE,9051113,RREO-Anexo 03,E,Padrão,<MR-9>,ITCDLiquidoExcetoTransferenciasEFUNDEB,ITCD,28315599.28,PE,26,2024,6
2024,RREO,6,B,Governo do Estado de Pernambuco,26,PE,9051113,RREO-Anexo 03,E,Padrão,<MR-8>,ITCDLiquidoExcetoTransferenciasEFUNDEB,ITCD,64065942.73,PE,26,2024,6
2024,RREO,6,B,Governo do Estado de Pernambuco,26,PE,9051113,RREO-Anexo 03,E,Padrão,<MR-7>,ITCDLiquidoExcetoTransferenciasEFUNDEB,ITCD,11967601.43,PE,26,2024,6
2024,RREO,6,B,Governo do Estado de Pernambuco,26,PE,9051113,RREO-Anexo 03,E,Padrão,<MR-6>,ITCDLiquidoExcetoTransferenciasEFUNDEB,ITCD,20199672.86,PE,26,2024,6
2024,RREO,6,B,Governo do Estado de Pernambuco,26,PE,9051113,RREO-Anexo 03,E,Padrão,<MR-5>,ITCDLiquidoExcetoTransferenciasEFUNDEB,ITCD,25033945.04,PE,26,2024,6
2024,RREO,6,B,Governo do Estado de Pernambuco,26,PE,9051113,RREO-Anexo 03,E,Padrão,<MR-4>,ITCDLiquidoExcetoTransferenciasEFUNDEB,ITCD,23575404.33,PE,26,2024,6
2024,RREO,6,B,Governo do Estado de Pernambuco,26,PE,9051113,RREO-Anexo 03,E,Padrão,<MR-3>,ITCDLiquidoExcetoTransferenciasEFUNDEB,ITCD,16494974.45,PE,26,2024,6
2024,RREO,6,B,Governo do Estado de Pernambuco,26,PE,9051113,RREO-Anexo 03,E,Padrão,<MR-2>,ITCDLiquidoExcetoTransferenciasEFUNDEB,ITCD,20108895.48,PE,26,2024,6
2024,RREO,6,B,Governo do Estado de Pernambuco,26,PE,9051113,RREO-Anexo 03,E,Padrão,<MR-1>,ITCDLiquidoExcetoTransferenciasEFUNDEB,ITCD,19466974.13,PE,26,2024,6
2024,RREO,6,B,Governo do Estado de Pernambuco,26,PE,9051113,RREO-Anexo 03,E,Padrão,<MR>,ITCDLiquidoExcetoTransferenciasEFUNDEB,ITCD,14349781.53,PE,26,2024,6
2024,RREO,6,B,Governo do Estado de Pernambuco,26,PE,9051113,RREO-Anexo 03,E,Padrão,TOTAL (ÚLTIMOS 12 MESES),ITCDLiquidoExcetoTransferenciasEFUNDEB,ITCD,298301058.31,PE,26,2024,6
2024,RREO,6,B,Governo do Estado de Pernambuco,26,PE,9051113,RREO-Anexo 03,E,Padrão,PREVISÃO ATUALIZADA 2024,ITCDLiquidoExcetoTransferenciasEFUNDEB,ITCD,216783300.0,PE,26,2024,6
2024,RREO,6,B,Governo do Estado de Alagoas,27,AL,3125254,RREO-Anexo 03,E,Padrão,<MR-11>,ICMSLiquidoExcetoTransferenciasEFUNDEB,ICMS,751319928.46,AL,27,2024,6
2024,RREO,6,B,Governo do Estado de Alagoas,27,AL,3125254,RREO-Anexo 03,E,Padrão,<MR-10>,ICMSLiquidoExcetoTransferenciasEFUNDEB,ICMS,681920527.32,AL,27,2024,6
2024,RREO,6,B,Governo do Estado de Alagoas,27,AL,3125254,RREO-Anexo 03,E,Padrão,<MR-9>,ICMSLiquidoExcetoTransferenciasEFUNDEB,ICMS,685123499.04,AL,27,2024,6
2024,RREO,6,B,Governo do Estado de Alagoas,27,AL,3125254,RREO-Anexo 03,E,Padrão,<MR-8>,ICMSLiquidoExcetoTransferenciasEFUNDEB,ICMS,738626591.01,AL,27,2024,6
2024,RREO,6,B,Governo do Estado de Alagoas,27,AL,3125254,RREO-Anexo 03,E,Padrão,<MR-7>,ICMSLiquidoExcetoTransferenciasEFUNDEB,ICMS,682933562.0,AL,27,2024,6
2024,RREO,6,B,Governo do Estado de Alagoas,27,AL,3125254,RREO-Anexo 03,E,Padrão,<MR-6>,ICMSLiquidoExcetoTransferenciasEFUNDEB,ICMS,677832425.69,AL,27,2024,6
2024,RREO,6,B,Governo do Estado de Alagoas,27,AL,3125254,RREO-Anexo 03,E,Padrão,<MR-5>,ICMSLiquidoExcetoTransferenciasEFUNDEB,ICMS,646844455.43,AL,27,2024,6
2024,RREO,6,B,Governo do Estado de Alagoas,27,AL,3125254,RREO-Anexo 03,E,Padrão,<MR-4>,ICMSLiquidoExcetoTransferenciasEFUNDEB,ICMS,686581015.2,AL,27,2024,6
2024,RREO,6,B,Governo do Estado de Alagoas,27,AL,3125254,RREO-Anexo 03,E,Padrão,<MR-3>,ICMSLiquidoExcetoTransferenciasEFUNDEB,ICMS,665618791.42,AL,27,2024,6
2024,RREO,6,B,Governo do Estado de Alagoas,27,AL,3125254,RREO-Anexo 03,E,Padrão,<MR-2>,ICMSLiquidoExcetoTransferenciasEFUNDEB,ICMS,690841090.08,AL,27,2024,6
2024,RREO,6,B,Governo do Estado de Alagoas,27,AL,3125254,RREO-Anexo 03,E,Padrão,<MR-1>,ICMSLiquidoExcetoTransferenciasEFUNDEB,ICMS,772337263.32,AL,27,2024,6
2024,RREO,6,B,Governo do Estado de Alagoas,27,AL,3125254,RREO-Anexo 03,E,Padrão,<MR>,ICMSLiquidoExcetoTransferenciasEFUNDEB,ICMS,808873187.36,AL,27,2024,6
2024,RREO,6,B,Governo do Estado de Alagoas,27,AL,3125254,RREO-Anexo 03,E,Padrão,TOTAL (ÚLTIMOS 12 MESES),ICMSLiquidoExcetoTransferenciasEFUNDEB,ICMS,8488852336.33,AL,27,2024,6
2024,RREO,6,B,Governo do Estado de Alagoas,27,AL,3125254,RREO-Anexo 03,E,Padrão,PREVISÃO ATUALIZADA 2024,ICMSLiquidoExcetoTransferenciasEFUNDEB,ICMS,7128360122.4,AL,27,2024,6
2024,RREO,6,B,Governo do Estado de Alagoas,27,AL,3125254,RREO-Anexo 03,E,Padrão,<MR-11>,IPVALiquidoExcetoTransferenciasEFUNDEB,IPVA,99693808.31,AL,27,2024,6
2024,RREO,6,B,Governo do Estado de Alagoas,27,AL,3125254,RREO-Anexo 03,E,Padrão,<MR-10>,IPVALiquidoExcetoTransferenciasEFUNDEB,IPVA,40164805.17,AL,27,2024,6
2024,RREO,6,B,Governo do Estado de Alagoas,27,AL,3125254,RREO-Anexo 03,E,Padrão,<MR-9>,IPVALiquidoExcetoTransferenciasEFUNDEB,IPVA,46829421.43,AL,27,2024,6
2024,RREO,6,B,Governo do Estado de Alagoas,27,AL,3125254,RREO-Anexo 03,E,Padrão,<MR-8>,IPVALiquidoExcetoTransferenciasEFUNDEB,IPVA,64603161.6,AL,27,2024,6
2024,RREO,6,B,Governo do Estado de Alagoas,27,AL,3125254,RREO-Anexo 03,E,Padrão,<MR-7>,IPVALiquidoExcetoTransferenciasEFUNDEB,IPVA,73685561.45,AL,27,2024,6
2024,RREO,6,B,Governo do Estado de Alagoas,27,AL,3125254,RREO-Anexo 03,E,Padrão,<MR-6>,IPVALiquidoExcetoTransferenciasEFUNDEB,IPVA,71893080.62,AL,27,2024,6
2024,RREO,6,B,Governo do Estado de Alagoas,27,AL,3125254,RREO-Anexo 03,E,Padrão,<MR-5>,IPVALiquidoExcetoTransferenciasEFUNDEB,IPVA,79733585.05,AL,27,2024,6
2024,RREO,6,B,Governo do Estado de Alagoas,27,AL,3125254,RREO-Anexo 03,E,Padrão,<MR-4>,IPVALiquidoExcetoTransferenciasEFUNDEB,IPVA,59654011.54,AL,27,2024,6
2024,RREO,6,B,Governo do Estado de Alagoas,27,AL,3125254,RREO-Anexo 03,E,Padrão,<MR-3>,IPVALiquidoExcetoTransferenciasEFUNDEB,IPVA,50257114.25,AL,27,2024,6
2024,RREO,6,B,Governo do Estado de Alagoas,27,AL,3125254,RREO-Anexo 03,E,Padrão,<MR-2>,IPVALiquidoExcetoTransferenciasEFUNDEB,IPVA,42679931.46,AL,27,2024,6
2024,RREO,6,B,Governo do Estado de Alagoas,27,AL,3125254,RREO-Anexo 03,E,Padrão,<MR-1>,IPVALiquidoExcetoTransferenciasEFUNDEB,IPVA,28508860.26,AL,27,2024,6
2024,RREO,6,B,Governo do Estado de Alagoas,27,AL,3125254,RREO-Anexo 03,E,Padrão,<MR>,IPVALiquidoExcetoTransferenciasEFUNDEB,IPVA,24398702.36,AL,27,2024,6
2024,RREO,6,B,Governo do Estado de Alagoas,27,AL,3125254,RREO-Anexo 03,E,Padrão,TOTAL (ÚLTIMOS 12 MESES),IPVALiquidoExcetoTransferenciasEFUNDEB,IPVA,682102043.5,AL,27,2024,6
2024,RREO,6,B,Governo do Estado de Alagoas,27,AL,3125254,RREO-Anexo 03,E,Padrão,PREVISÃO ATUALIZADA 2024,IPVALiquidoExcetoTransferenciasEFUNDEB,IPVA,513618278.51,AL,27,2024,6
2024,RREO,6,B,Governo do Estado de Alagoas,27,AL,3125254,RREO-Anexo 03,E,Padrão,<MR-11>,ITCDLiquidoExcetoTransferenciasEFUNDEB,ITCD,5058576.35,AL,27,2024,6
2024,RREO,6,B,Governo do Estado de Alagoas,27,AL,3125254,RREO-Anexo 03,E,Padrão,<MR-10>,ITCDLiquidoExcetoTransferenciasEFUNDEB,ITCD,5797542.73,AL,27,2024,6
2024,RREO,6,B,Governo do Estado de Alagoas,27,AL,3125254,RREO-Anexo 03,E,Padrão,<MR-9>,ITCDLiquidoExcetoTransferenciasEFUNDEB,ITCD,3990607.28,AL,27,2024,6
2024,RREO,6,B,Governo do Estado de Alagoas,27,AL,3125254,RREO-Anexo 03,E,Padrão,<MR-8>,ITCDLiquidoExcetoTransferenciasEFUNDEB,ITCD,4789282.7,AL,27,2024,6
2024,RREO,6,B,Governo do Estado de Alagoas,27,AL,3125254,RREO-Anexo 03,E,Padrão,<MR-7>,ITCDLiquidoExcetoTransferenciasEFUNDEB,ITCD,4528985.51,AL,27,2024,6
2024,RREO,6,B,Governo do Estado de Alagoas,27,AL,3125254,RREO-Anexo 03,E,Padrão,<MR-6>,ITCDLiquidoExcetoTransferenciasEFUNDEB,ITCD,5719993.12,AL,27,2024,6
2024,RREO,6,B,Governo do Estado de Alagoas,27,AL,3125254,RREO-Anexo 03,E,Padrão,<MR-5>,ITCDLiquidoExcetoTransferenciasEFUNDEB,ITCD,4948805.33,AL,27,2024,6
2024,RREO,6,B,Governo do Estado de Alagoas,27,AL,3125254,RREO-Anexo 03,E,Padrão,<MR-4>,ITCDLiquidoExcetoTransferenciasEFUNDEB,ITCD,11427515.85,AL,27,2024,6
2024,RREO,6,B,Governo do Estado de Alagoas,27,AL,3125254,RREO-Anexo 03,E,Padrão,<MR-3>,ITCDLiquidoExcetoTransferenciasEFUNDEB,ITCD,7231808.07,AL,27,2024,6
2024,RREO,6,B,Governo do Estado de Alagoas,27,AL,3125254,RREO-Anexo 03,E,Padrão,<MR-2>,ITCDLiquidoExcetoTransferenciasEFUNDEB,ITCD,8024690.25,AL,27,2024,6
2024,RREO,6,B,Governo do Estado de Alagoas,27,AL,3125254,RREO-Anexo 03,E,Padrão,<MR-1>,ITCDLiquidoExcetoTransferenciasEFUNDEB,ITCD,4286104.64,AL,27,2024,6
2024,RREO,6,B,Governo do Estado de Alagoas,27,AL,3125254,RREO-Anexo 03,E,Padrão,<MR>,ITCDLiquidoExcetoTransferenciasEFUNDEB,ITCD,8035241.7,AL,27,2024,6
2024,RREO,6,B,Governo do Estado de Alagoas,27,AL,3125254,RREO-Anexo 03,E,Padrão,TOTAL (ÚLTIMOS 12 MESES),ITCDLiquidoExcetoTransferenciasEFUNDEB,ITCD,73839153.53,AL,27,2024,6
2024,RREO,6,B,Governo do Estado de Alagoas,27,AL,3125254,RREO-Anexo 03,E,Padrão,PREVISÃO ATUALIZADA 2024,ITCDLiquidoExcetoTransferenciasEFUNDEB,ITCD,35674101.84,AL,27,2024,6
2024,RREO,6,B,Governo do Estado de Sergipe,28,SE,2211868,RREO-Anexo 03,E,Padrão,<MR-11>,ICMSLiquidoExcetoTransferenciasEFUNDEB,ICMS,484025061.96,SE,28,2024,6
2024,RREO,6,B,Governo do Estado de Sergipe,28,SE,2211868,RREO-Anexo 03,E,Padrão,<MR-10>,ICMSLiquidoExcetoTransferenciasEFUNDEB,ICMS,421604486.7,SE,28,2024,6
2024,RREO,6,B,Governo do Estado de Sergipe,28,SE,2211868,RREO-Anexo 03,E,Padrão,<MR-9>,ICMSLiquidoExcetoTransferenciasEFUNDEB,ICMS,428827831.35,SE,28,2024,6
2024,RREO,6,B,Governo do Estado de Sergipe,28,SE,2211868,RREO-Anexo 03,E,Padrão,<MR-8>,ICMSLiquidoExcetoTransferenciasEFUNDEB,ICMS,458155237.43,SE,28,2024,6
2024,RREO,6,B,Governo do Estado de Sergipe,28,SE,2211868,RREO-Anexo 03,E,Padrão,<MR-7>,ICMSLiquidoExcetoTransferenciasEFUNDEB,ICMS,442692711.52,SE,28,2024,6
2024,RREO,6,B,Governo do Estado de Sergipe,28,SE,2211868,RREO-Anexo 03,E,Padrão,<MR-6>,ICMSLiquidoExcetoTransferenciasEFUNDEB,ICMS,454517594.4,SE,28,2024,6
2024,RREO,6,B,Governo do Estado de Sergipe,28,SE,2211868,RREO-Anexo 03,E,Padrão,<MR-5>,ICMSLiquidoExcetoTransferenciasEFUNDEB,ICMS,464444075.1,SE,28,2024,6
2024,RREO,6,B,Governo do Estado de Sergipe,28,SE,2211868,RREO-Anexo 03,E,Padrão,<MR-4>,ICMSLiquidoExcetoTransferenciasEFUNDEB,ICMS,465596880.94,SE,28,2024,6
2024,RREO,6,B,Governo do Estado de Sergipe,28,SE,2211868,RREO-Anexo 03,E,Padrão,<MR-3>,ICMSLiquidoExcetoTransferenciasEFUNDEB,ICMS,471119795.2,SE,28,2024,6
2024,RREO,6,B,Governo do Estado de Sergipe,28,SE,2211868,RREO-Anexo 03,E,Padrão,<MR-2>,ICMSLiquidoExcetoTransferenciasEFUNDEB,ICMS,475344782.78,SE,28,2024,6
2024,RREO,6,B,Governo do Estado de Sergipe,28,SE,2211868,RREO-Anexo 03,E,Padrão,<MR-1>,ICMSLiquidoExcetoTransferenciasEFUNDEB,ICMS,506272668.58,SE,28,2024,6
2024,RREO,6,B,Governo do Estado de Sergipe,28,SE,2211868,RREO-Anexo 03,E,Padrão,<MR>,ICMSLiquidoExcetoTransferenciasEFUNDEB,ICMS,536277906.81,SE,28,2024,6
2024,RREO,6,B,Governo do Estado de Sergipe,28,SE,2211868,RREO-Anexo 03,E,Padrão,TOTAL (ÚLTIMOS 12 MESES),ICMSLiquidoExcetoTransferenciasEFUNDEB,ICMS,5608879032.77,SE,28,2024,6
2024,RREO,6,B,Governo do Estado de Sergipe,28,SE,2211868,RREO-Anexo 03,E,Padrão,PREVISÃO ATUALIZADA 2024,ICMSLiquidoExcetoTransferenciasEFUNDEB,ICMS,5088484885.0,SE,28,2024,6
2024,RREO,6,B,Governo do Estado de Sergipe,28,SE,2211868,RREO-Anexo 03,E,Padrão,<MR-11>,IPVALiquidoExcetoTransferenciasEFUNDEB,IPVA,33101689.86,SE,28,2024,6
2024,RREO,6,B,Governo do Estado de Sergipe,28,SE,2211868,RREO-Anexo 03,E,Padrão,<MR-10>,IPVALiquidoExcetoTransferenciasEFUNDEB,IPVA,33114053.9,SE,28,2024,6
2024,RREO,6,B,Governo do Estado de Sergipe,28,SE,2211868,RREO-Anexo 03,E,Padrão,<MR-9>,IPVALiquidoExcetoTransferenciasEFUNDEB,IPVA,119452456.5,SE,28,2024,6
2024,RREO,6,B,Governo do Estado de Sergipe,28,SE,2211868,RREO-Anexo 03,E,Padrão,<MR-8>,IPVALiquidoExcetoTransferenciasEFUNDEB,IPVA,28730405.57,SE,28,2024,6
2024,RREO,6,B,Governo do Estado de Sergipe,28,SE,2211868,RREO-Anexo 03,E,Padrão,<MR-7>,IPVALiquidoExcetoTransferenciasEFUNDEB,IPVA,30424184.16,SE,28,2024,6
2024,RREO,6,B,Governo do Estado de Sergipe,28,SE,2211868,RREO-Anexo 03,E,Padrão,<MR-6>,IPVALiquidoExcetoTransferenciasEFUNDEB,IPVA,30407630.55,SE,28,2024,6
2024,RREO,6,B,Governo do Estado de Sergipe,28,SE,2211868,RREO-Anexo 03,E,Padrão,<MR-5>,IPVALiquidoExcetoTransferenciasEFUNDEB,IPVA,36795314.96,SE,28,2024,6
2024,RREO,6,B,Governo do Estado de Sergipe,28,SE,2211868,RREO-Anexo 03,E,Padrão,<MR-4>,IPVALiquidoExcetoTransferenciasEFUNDEB,IPVA,35558619.12,SE,28,2024,6
2024,RREO,6,B,Governo do Estado de Sergipe,28,SE,2211868,RREO-Anexo 03,E,Padrão,<MR-3>,IPVALiquidoExcetoTransferenciasEFUNDEB,IPVA,38464486.39,SE,28,2024,6
2024,RREO,6,B,Governo do Estado de Sergipe,28,SE,2211868,RREO-Anexo 03,E,Padrão,<MR-2>,IPVALiquidoExcetoTransferenciasEFUNDEB,IPVA,38394316.78,SE,28,2024,6
2024,RREO,6,B,Governo do Estado de Sergipe,28,SE,2211868,RREO-Anexo 03,E,Padrão,<MR-1>,IPVALiquidoExcetoTransferenciasEFUNDEB,IPVA,37694016.63,SE,28,2024,6
2024,RREO,6,B,Governo do Estado de Sergipe,28,SE,2211868,RREO-Anexo 03,E,Padrão,<MR>,IPVALiquidoExcetoTransferenciasEFUNDEB,IPVA,28217737.59,SE,28,2024,6
2024,RREO,6,B,Governo do Estado de Sergipe,28,SE,2211868,RREO-Anexo 03,E,Padrão,TOTAL (ÚLTIMOS 12 MESES),IPVALiquidoExcetoTransferenciasEFUNDEB,IPVA,490354912.01,SE,28,2024,6
2024,RREO,6,B,Governo do Estado de Sergipe,28,SE,2211868,RREO-Anexo 03,E,Padrão,PREVISÃO ATUALIZADA 2024,IPVALiquidoExcetoTransferenciasEFUNDEB,IPVA,456453250.0,SE,28,2024,6
2024,RREO,6,B,Governo do Estado de Sergipe,28,SE,2211868,RREO-Anexo 03,E,Padrão,<MR-11>,ITCDLiquidoExcetoTransferenciasEFUNDEB,ITCD,6196918.37,SE,28,2024,6
2024,RREO,6,B,Governo do Estado de Sergipe,28,SE,2211868,RREO-Anexo 03,E,Padrão,<MR-10>,ITCDLiquidoExcetoTransferenciasEFUNDEB,ITCD,1520938.3,SE,28,2024,6
2024,RREO,6,B,Governo do Estado de Sergipe,28,SE,2211868,RREO-Anexo 03,E,Padrão,<MR-9>,ITCDLiquidoExcetoTransferenciasEFUNDEB,ITCD,1536311.58,SE,28,2024,6
2024,RREO,6,B,Governo do Estado de Sergipe,28,SE,2211868,RREO-Anexo 03,E,Padrão,<MR-8>,ITCDLiquidoExcetoTransferenciasEFUNDEB,ITCD,2468866.83,SE,28,2024,6
2024,RREO,6,B,Governo do Estado de Sergipe,28,SE,2211868,RREO-Anexo 03,E,Padrão,<MR-7>,ITCDLiquidoExcetoTransferenciasEFUNDEB,ITCD,3275791.1,SE,28,2024,6
2024,RREO,6,B,Governo do Estado de Sergipe,28,SE,2211868,RREO-Anexo 03,E,Padrão,<MR-6>,ITCDLiquidoExcetoTransferenciasEFUNDEB,ITCD,2126277.07,SE,28,2024,6
2024,RREO,6,B,Governo do Estado de Sergipe,28,SE,2211868,RREO-Anexo 03,E,Padrão,<MR-5>,ITCDLiquidoExcetoTransferenciasEFUNDEB,ITCD,2007212.73,SE,28,2024,6
2024,RREO,6,B,Governo do Estado de Sergipe,28,SE,2211868,RREO-Anexo 03,E,Padrão,<MR-4>,ITCDLiquidoExcetoTransferenciasEFUNDEB,ITCD,2543740.19,SE,28,2024,6
2024,RREO,6,B,Governo do Estado de Sergipe,28,SE,2211868,RREO-Anexo 03,E,Padrão,<MR-3>,ITCDLiquidoExcetoTransferenciasEFUNDEB,ITCD,3933830.24,SE,28,2024,6
2024,RREO,6,B,Governo do Estado de Sergipe,28,SE,2211868,RREO-Anexo 03,E,Padrão,<MR-2>,ITCDLiquidoExcetoTransferenciasEFUNDEB,ITCD,3994881.67,SE,28,2024,6
2024,RREO,6,B,Governo do Estado de Sergipe,28,SE,2211868,RREO-Anexo 03,E,Padrão,<MR-1>,ITCDLiquidoExcetoTransferenciasEFUNDEB,ITCD,4732829.41,SE,28,2024,6
2024,RREO,6,B,Governo do Estado de Sergipe,28,SE,2211868,RREO-Anexo 03,E,Padrão,<MR>,ITCDLiquidoExcetoTransferenciasEFUNDEB,ITCD,4215876.48,SE,28,2024,6
2024,RREO,6,B,Governo do Estado de Sergipe,28,SE,2211868,RREO-Anexo 03,E,Padrão,TOTAL (ÚLTIMOS 12 MESES),ITCDLiquidoExcetoTransferenciasEFUNDEB,ITCD,38553473.97,SE,28,2024,6
2024,RREO,6,B,Governo do Estado de Sergipe,28,SE,2211868,RREO-Anexo 03,E,Padrão,PREVISÃO ATUALIZADA 2024,ITCDLiquidoExcetoTransferenciasEFUNDEB,ITCD,42859860.0,SE,28,2024,6
2024,RREO,6,B,Governo do Estado da Bahia,29,BA,14659023,RREO-Anexo 03,E,Padrão,<MR-11>,ICMSLiquidoExcetoTransferenciasEFUNDEB,ICMS,3392963382.73,BA,29,2024,6
2024,RREO,6,B,Governo do Estado da Bahia,29,BA,14659023,RREO-Anexo 03,E,Padrão,<MR-10>,ICMSLiquidoExcetoTransferenciasEFUNDEB,ICMS,2836905868.92,BA,29,2024,6
2024,RREO,6,B,Governo do Estado da Bahia,29,BA,14659023,RREO-Anexo 03,E,Padrão,<MR-9>,ICMSLiquidoExcetoTransferenciasEFUNDEB,ICMS,2839858751.51,BA,29,2024,6
2024,RREO,6,B,Governo do Estado da Bahia,29,BA,14659023,RREO-Anexo 03,E,Padrão,<MR-8>,ICMSLiquidoExcetoTransferenciasEFUNDEB,ICMS,3266584916.38,BA,29,2024,6
2024,RREO,6,B,Governo do Estado da Bahia,29,BA,14659023,RREO-Anexo 03,E,Padrão,<MR-7>,ICMSLiquidoExcetoTransferenciasEFUNDEB,ICMS,3057179665.51,BA,29,2024,6
2024,RREO,6,B,Governo do Estado da Bahia,29,BA,14659023,RREO-Anexo 03,E,Padrão,<MR-6>,ICMSLiquidoExcetoTransferenciasEFUNDEB,ICMS,3221227105.49,BA,29,2024,6
2024,RREO,6,B,Governo do Estado da Bahia,29,BA,14659023,RREO-Anexo 03,E,Padrão,<MR-5>,ICMSLiquidoExcetoTransferenciasEFUNDEB,ICMS,3193141484.76,BA,29,2024,6
2024,RREO,6,B,Governo do Estado da Bahia,29,BA,14659023,RREO-Anexo 03,E,Padrão,<MR-4>,ICMSLiquidoExcetoTransferenciasEFUNDEB,ICMS,3438667830.45,BA,29,2024,6
2024,RREO,6,B,Governo do Estado da Bahia,29,BA,14659023,RREO-Anexo 03,E,Padrão,<MR-3>,ICMSLiquidoExcetoTransferenciasEFUNDEB,ICMS,3336434650.16,BA,29,2024,6
2024,RREO,6,B,Governo do Estado da Bahia,29,BA,14659023,RREO-Anexo 03,E,Padrão,<MR-2>,ICMSLiquidoExcetoTransferenciasEFUNDEB,ICMS,3617273880.88,BA,29,2024,6
2024,RREO,6,B,Governo do Estado da Bahia,29,BA,14659023,RREO-Anexo 03,E,Padrão,<MR-1>,ICMSLiquidoExcetoTransferenciasEFUNDEB,ICMS,3685126600.03,BA,29,2024,6
2024,RREO,6,B,Governo do Estado da Bahia,29,BA,14659023,RREO-Anexo 03,E,Padrão,<MR>,ICMSLiquidoExcetoTransferenciasEFUNDEB,ICMS,3611656014.86,BA,29,2024,6
2024,RREO,6,B,Governo do Estado da Bahia,29,BA,14659023,RREO-Anexo 03,E,Padrão,TOTAL (ÚLTIMOS 12 MESES),ICMSLiquidoExcetoTransferenciasEFUNDEB,ICMS,39497020151.68,BA,29,2024,6
2024,RREO,6,B,Governo do Estado da Bahia,29,BA,14659023,RREO-Anexo 03,E,Padrão,PREVISÃO ATUALIZADA 2024,ICMSLiquidoExcetoTransferenciasEFUNDEB,ICMS,36907788913.0,BA,29,2024,6
2024,RREO,6,B,Governo do Estado da Bahia,29,BA,14659023,RREO-Anexo 03,E,Padrão,<MR-11>,IPVALiquidoExcetoTransferenciasEFUNDEB,IPVA,318146702.38,BA,29,2024,6
2024,RREO,6,B,Governo do Estado da Bahia,29,BA,14659023,RREO-Anexo 03,E,Padrão,<MR-10>,IPVALiquidoExcetoTransferenciasEFUNDEB,IPVA,439748153.16,BA,29,2024,6
2024,RREO,6,B,Governo do Estado da Bahia,29,BA,14659023,RREO-Anexo 03,E,Padrão,<MR-9>,IPVALiquidoExcetoTransferenciasEFUNDEB,IPVA,136414269.95,BA,29,2024,6
2024,RREO,6,B,Governo do Estado da Bahia,29,BA,14659023,RREO-Anexo 03,E,Padrão,<MR-8>,IPVALiquidoExcetoTransferenciasEFUNDEB,IPVA,152049698.04,BA,29,2024,6
2024,RREO,6,B,Governo do Estado da Bahia,29,BA,14659023,RREO-Anexo 03,E,Padrão,<MR-7>,IPVALiquidoExcetoTransferenciasEFUNDEB,IPVA,156556201.47,BA,29,2024,6
2024,RREO,6,B,Governo do Estado da Bahia,29,BA,14659023,RREO-Anexo 03,E,Padrão,<MR-6>,IPVALiquidoExcetoTransferenciasEFUNDEB,IPVA,158298992.97,BA,29,2024,6
2024,RREO,6,B,Governo do Estado da Bahia,29,BA,14659023,RREO-Anexo 03,E,Padrão,<MR-5>,IPVALiquidoExcetoTransferenciasEFUNDEB,IPVA,230516885.34,BA,29,2024,6
2024,RREO,6,B,Governo do Estado da Bahia,29,BA,14659023,RREO-Anexo 03,E,Padrão,<MR-4>,IPVALiquidoExcetoTransferenciasEFUNDEB,IPVA,212319730.24,BA,29,2024,6
2024,RREO,6,B,Governo do Estado da Bahia,29,BA,14659023,RREO-Anexo 03,E,Padrão,<MR-3>,IPVALiquidoExcetoTransferenciasEFUNDEB,IPVA,203790948.93,BA,29,2024,6
2024,RREO,6,B,Governo do Estado da Bahia,29,BA,14659023,RREO-Anexo 03,E,Padrão,<MR-2>,IPVALiquidoExcetoTransferenciasEFUNDEB,IPVA,203074913.81,BA,29,2024,6
2024,RREO,6,B,Governo do Estado da Bahia,29,BA,14659023,RREO-Anexo 03,E,Padrão,<MR-1>,IPVALiquidoExcetoTransferenciasEFUNDEB,IPVA,184792925.79,BA,29,2024,6
2024,RREO,6,B,Governo do Estado da Bahia,29,BA,14659023,RREO-Anexo 03,E,Padrão,<MR>,IPVALiquidoExcetoTransferenciasEFUNDEB,IPVA,141630151.97,BA,29,2024,6
2024,RREO,6,B,Governo do Estado da Bahia,29,BA,14659023,RREO-Anexo 03,E,Padrão,TOTAL (ÚLTIMOS 12 MESES),IPVALiquidoExcetoTransferenciasEFUNDEB,IPVA,2537339574.05,BA,29,2024,6
2024,RREO,6,B,Governo do Estado da Bahia,29,BA,14659023,RREO-Anexo 03,E,Padrão,PREVISÃO ATUALIZADA 2024,IPVALiquidoExcetoTransferenciasEFUNDEB,IPVA,2208454000.0,BA,29,2024,6
2024,RREO,6,B,Governo do Estado da Bahia,29,BA,14659023,RREO-Anexo 03,E,Padrão,<MR-11>,ITCDLiquidoExcetoTransferenciasEFUNDEB,ITCD,20544069.51,BA,29,2024,6
2024,RREO,6,B,Governo do Estado da Bahia,29,BA,14659023,RREO-Anexo 03,E,Padrão,<MR-10>,ITCDLiquidoExcetoTransferenciasEFUNDEB,ITCD,26506195.62,BA,29,2024,6
2024,RREO,6,B,Governo do Estado da Bahia,29,BA,14659023,RREO-Anexo 03,E,Padrão,<MR-9>,ITCDLiquidoExcetoTransferenciasEFUNDEB,ITCD,18087270.92,BA,29,2024,6
2024,RREO,6,B,Governo do Estado da Bahia,29,BA,14659023,RREO-Anexo 03,E,Padrão,<MR-8>,ITCDLiquidoExcetoTransferenciasEFUNDEB,ITCD,25736706.98,BA,29,2024,6
2024,RREO,6,B,Governo do Estado da Bahia,29,BA,14659023,RREO-Anexo 03,E,Padrão,<MR-7>,ITCDLiquidoExcetoTransferenciasEFUNDEB,ITCD,25334867.18,BA,29,2024,6
2024,RREO,6,B,Governo do Estado da Bahia,29,BA,14659023,RREO-Anexo 03,E,Padrão,<MR-6>,ITCDLiquidoExcetoTransferenciasEFUNDEB,ITCD,17929537.57,BA,29,2024,6
2024,RREO,6,B,Governo do Estado da Bahia,29,BA,14659023,RREO-Anexo 03,E,Padrão,<MR-5>,ITCDLiquidoExcetoTransferenciasEFUNDEB,ITCD,34371527.35,BA,29,2024,6
2024,RREO,6,B,Governo do Estado da Bahia,29,BA,14659023,RREO-Anexo 03,E,Padrão,<MR-4>,ITCDLiquidoExcetoTransferenciasEFUNDEB,ITCD,25595716.63,BA,29,2024,6
2024,RREO,6,B,Governo do Estado da Bahia,29,BA,14659023,RREO-Anexo 03,E,Padrão,<MR-3>,ITCDLiquidoExcetoTransferenciasEFUNDEB,ITCD,20619351.43,BA,29,2024,6
2024,RREO,6,B,Governo do Estado da Bahia,29,BA,14659023,RREO-Anexo 03,E,Padrão,<MR-2>,ITCDLiquidoExcetoTransferenciasEFUNDEB,ITCD,23565223.59,BA,29,2024,6
2024,RREO,6,B,Governo do Estado da Bahia,29,BA,14659023,RREO-Anexo 03,E,Padrão,<MR-1>,ITCDLiquidoExcetoTransferenciasEFUNDEB,ITCD,38300857.73,BA,29,2024,6
2024,RREO,6,B,Governo do Estado da Bahia,29,BA,14659023,RREO-Anexo 03,E,Padrão,<MR>,ITCDLiquidoExcetoTransferenciasEFUNDEB,ITCD,32605486.01,BA,29,2024,6
2024,RREO,6,B,Governo do Estado da Bahia,29,BA,14659023,RREO-Anexo 03,E,Padrão,TOTAL (ÚLTIMOS 12 MESES),ITCDLiquidoExcetoTransferenciasEFUNDEB,ITCD,309196810.52,BA,29,2024,6
2024,RREO,6,B,Governo do Estado da Bahia,29,BA,14659023,RREO-Anexo 03,E,Padrão,PREVISÃO ATUALIZADA 2024,ITCDLiquidoExcetoTransferenciasEFUNDEB,ITCD,235311000.0,BA,29,2024,6
2024,RREO,6,B,Governo do Estado de Minas Gerais,31,MG,20732660,RREO-Anexo 03,E,Padrão,<MR-11>,ICMSLiquidoExcetoTransferenciasEFUNDEB,ICMS,6498506296.21,MG,31,2024,6
2024,RREO,6,B,Governo do Estado de Minas Gerais,31,MG,20732660,RREO-Anexo 03,E,Padrão,<MR-10>,ICMSLiquidoExcetoTransferenciasEFUNDEB,ICMS,5851399313.15,MG,31,2024,6
2024,RREO,6,B,Governo do Estado de Minas Gerais,31,MG,20732660,RREO-Anexo 03,E,Padrão,<MR-9>,ICMSLiquidoExcetoTransferenciasEFUNDEB,ICMS,6065576226.81,MG,31,2024,6
2024,RREO,6,B,Governo do Estado de Minas Gerais,31,MG,20732660,RREO-Anexo 03,E,Padrão,<MR-8>,ICMSLiquidoExcetoTransferenciasEFUNDEB,ICMS,6373122884.4,MG,31,2024,6
2024,RREO,6,B,Governo do Estado de Minas Gerais,31,MG,20732660,RREO-Anexo 03,E,Padrão,<MR-7>,ICMSLiquidoExcetoTransferenciasEFUNDEB,ICMS,6518123822.01,MG,31,2024,6
2024,RREO,6,B,Governo do Estado de Minas Gerais,31,MG,20732660,RREO-Anexo 03,E,Padrão,<MR-6>,ICMSLiquidoExcetoTransferenciasEFUNDEB,ICMS,7080334917.86,MG,31,2024,6
2024,RREO,6,B,Governo do Estado de Minas Gerais,31,MG,20732660,RREO-Anexo 03,E,Padrão,<MR-5>,ICMSLiquidoExcetoTransferenciasEFUNDEB,ICMS,7047751746.9,MG,31,2024,6
2024,RREO,6,B,Governo do Estado de Minas Gerais,31,MG,20732660,RREO-Anexo 03,E,Padrão,<MR-4>,ICMSLiquidoExcetoTransferenciasEFUNDEB,ICMS,7144528112.84,MG,31,2024,6
2024,RREO,6,B,Governo do Estado de Minas Gerais,31,MG,20732660,RREO-Anexo 03,E,Padrão,<MR-3>,ICMSLiquidoExcetoTransferenciasEFUNDEB,ICMS,7212455939.79,MG,31,2024,6
2024,RREO,6,B,Governo do Estado de Minas Gerais,31,MG,20732660,RREO-Anexo 03,E,Padrão,<MR-2>,ICMSLiquidoExcetoTransferenciasEFUNDEB,ICMS,6824848478.44,MG,31,2024,6
2024,RREO,6,B,Governo do Estado de Minas Gerais,31,MG,20732660,RREO-Anexo 03,E,Padrão,<MR-1>,ICMSLiquidoExcetoTransferenciasEFUNDEB,ICMS,7496481779.03,MG,31,2024,6
2024,RREO,6,B,Governo do Estado de Minas Gerais,31,MG,20732660,RREO-Anexo 03,E,Padrão,<MR>,ICMSLiquidoExcetoTransferenciasEFUNDEB,ICMS,7410167813.47,MG,31,2024,6
2024,RREO,6,B,Governo do Estado de Minas Gerais,31,MG,20732660,RREO-Anexo 03,E,Padrão,TOTAL (ÚLTIMOS 12 MESES),ICMSLiquidoExcetoTransferenciasEFUNDEB,ICMS,81523297330.91,MG,31,2024,6
2024,RREO,6,B,Governo do Estado de Minas Gerais,31,MG,20732660,RREO-Anexo 03,E,Padrão,PREVISÃO ATUALIZADA 2024,ICMSLiquidoExcetoTransferenciasEFUNDEB,ICMS,79952255520.0,MG,31,2024,6
2024,RREO,6,B,Governo do Estado de Minas Gerais,31,MG,20732660,RREO-Anexo 03,E,Padrão,<MR-11>,IPVALiquidoExcetoTransferenciasEFUNDEB,IPVA,5026710627.64,MG,31,2024,6
2024,RREO,6,B,Governo do Estado de Minas Gerais,31,MG,20732660,RREO-Anexo 03,E,Padrão,<MR-10>,IPVALiquidoExcetoTransferenciasEFUNDEB,IPVA,1752777201.3,MG,31,2024,6
2024,RREO,6,B,Governo do Estado de Minas Gerais,31,MG,20732660,RREO-Anexo 03,E,Padrão,<MR-9>,IPVALiquidoExcetoTransferenciasEFUNDEB,IPVA,1642334697.92,MG,31,2024,6
2024,RREO,6,B,Governo do Estado de Minas Gerais,31,MG,20732660,RREO-Anexo 03,E,Padrão,<MR-8>,IPVALiquidoExcetoTransferenciasEFUNDEB,IPVA,710650442.37,MG,31,2024,6
2024,RREO,6,B,Governo do Estado de Minas Gerais,31,MG,20732660,RREO-Anexo 03,E,Padrão,<MR-7>,IPVALiquidoExcetoTransferenciasEFUNDEB,IPVA,517188274.45,MG,31,2024,6
2024,RREO,6,B,Governo do Estado de Minas Gerais,31,MG,20732660,RREO-Anexo 03,E,Padrão,<MR-6>,IPVALiquidoExcetoTransferenciasEFUNDEB,IPVA,459181055.11,MG,31,2024,6
2024,RREO,6,B,Governo do Estado de Minas Gerais,31,MG,20732660,RREO-Anexo 03,E,Padrão,<MR-5>,IPVALiquidoExcetoTransferenciasEFUNDEB,IPVA,405748677.75,MG,31,2024,6
2024,RREO,6,B,Governo do Estado de Minas Gerais,31,MG,20732660,RREO-Anexo 03,E,Padrão,<MR-4>,IPVALiquidoExcetoTransferenciasEFUNDEB,IPVA,349394166.69,MG,31,2024,6
2024,RREO,6,B,Governo do Estado de Minas Gerais,31,MG,20732660,RREO-Anexo 03,E,Padrão,<MR-3>,IPVALiquidoExcetoTransferenciasEFUNDEB,IPVA,328898949.66,MG,31,2024,6
2024,RREO,6,B,Governo do Estado de Minas Gerais,31,MG,20732660,RREO-Anexo 03,E,Padrão,<MR-2>,IPVALiquidoExcetoTransferenciasEFUNDEB,IPVA,285471810.68,MG,31,2024,6
2024,RREO,6,B,Governo do Estado de Minas Gerais,31,MG,20732660,RREO-Anexo 03,E,Padrão,<MR-1>,IPVALiquidoExcetoTransferenciasEFUNDEB,IPVA,234195460.37,MG,31,2024,6
2024,RREO,6,B,Governo do Estado de Minas Gerais,31,MG,20732660,RREO-Anexo 03,E,Padrão,<MR>,IPVALiquidoExcetoTransferenciasEFUNDEB,IPVA,210859555.47,MG,31,2024,6
2024,RREO,6,B,Governo do Estado de Minas Gerais,31,MG,20732660,RREO-Anexo 03,E,Padrão,TOTAL (ÚLTIMOS 12 MESES),IPVALiquidoExcetoTransferenciasEFUNDEB,IPVA,11923410919.41,MG,31,2024,6
2024,RREO,6,B,Governo do Estado de Minas Gerais,31,MG,20732660,RREO-Anexo 03,E,Padrão,PREVISÃO ATUALIZADA 2024,IPVALiquidoExcetoTransferenciasEFUNDEB,IPVA,11043463253.0,MG,31,2024,6
2024,RREO,6,B,Governo do Estado de Minas Gerais,31,MG,20732660,RREO-Anexo 03,E,Padrão,<MR-11>,ITCDLiquidoExcetoTransferenciasEFUNDEB,ITCD,121092736.89,MG,31,2024,6
2024,RREO,6,B,Governo do Estado de Minas Gerais,31,MG,20732660,RREO-Anexo 03,E,Padrão,<MR-10>,ITCDLiquidoExcetoTransferenciasEFUNDEB,ITCD,131730513.15,MG,31,2024,6
2024,RREO,6,B,Governo do Estado de Minas Gerais,31,MG,20732660,RREO-Anexo 03,E,Padrão,<MR-9>,ITCDLiquidoExcetoTransferenciasEFUNDEB,ITCD,135327495.93,MG,31,2024,6
2024,RREO,6,B,Governo do Estado de Minas Gerais,31,MG,20732660,RREO-Anexo 03,E,Padrão,<MR-8>,ITCDLiquidoExcetoTransferenciasEFUNDEB,ITCD,142531543.69,MG,31,2024,6
2024,RREO,6,B,Governo do Estado de Minas Gerais,31,MG,20732660,RREO-Anexo 03,E,Padrão,<MR-7>,ITCDLiquidoExcetoTransferenciasEFUNDEB,ITCD,165535981.09,MG,31,2024,6
2024,RREO,6,B,Governo do Estado de Minas Gerais,31,MG,20732660,RREO-Anexo 03,E,Padrão,<MR-6>,ITCDLiquidoExcetoTransferenciasEFUNDEB,ITCD,169198253.88,MG,31,2024,6
2024,RREO,6,B,Governo do Estado de Minas Gerais,31,MG,20732660,RREO-Anexo 03,E,Padrão,<MR-5>,ITCDLiquidoExcetoTransferenciasEFUNDEB,ITCD,203441083.59,MG,31,2024,6
2024,RREO,6,B,Governo do Estado de Minas Gerais,31,MG,20732660,RREO-Anexo 03,E,Padrão,<MR-4>,ITCDLiquidoExcetoTransferenciasEFUNDEB,ITCD,177066275.11,MG,31,2024,6
2024,RREO,6,B,Governo do Estado de Minas Gerais,31,MG,20732660,RREO-Anexo 03,E,Padrão,<MR-3>,ITCDLiquidoExcetoTransferenciasEFUNDEB,ITCD,192019703.08,MG,31,2024,6
2024,RREO,6,B,Governo do Estado de Minas Gerais,31,MG,20732660,RREO-Anexo 03,E,Padrão,<MR-2>,ITCDLiquidoExcetoTransferenciasEFUNDEB,ITCD,190831285.77,MG,31,2024,6
2024,RREO,6,B,Governo do Estado de Minas Gerais,31,MG,20732660,RREO-Anexo 03,E,Padrão,<MR-1>,ITCDLiquidoExcetoTransferenciasEFUNDEB,ITCD,187810067.79,MG,31,2024,6
2024,RREO,6,B,Governo do Estado de Minas Gerais,31,MG,20732660,RREO-Anexo 03,E,Padrão,<MR>,ITCDLiquidoExcetoTransferenciasEFUNDEB,ITCD,316895720.72,MG,31,2024,6
2024,RREO,6,B,Governo do Estado de Minas Gerais,31,MG,20732660,RREO-Anexo 03,E,Padrão,TOTAL (ÚLTIMOS 12 MESES),ITCDLiquidoExcetoTransferenciasEFUNDEB,ITCD,2133480660.69,MG,31,2024,6
2024,RREO,6,B,Governo do Estado de Minas Gerais,31,MG,20732660,RREO-Anexo 03,E,Padrão,PREVISÃO ATUALIZADA 2024,ITCDLiquidoExcetoTransferenciasEFUNDEB,ITCD,1646775090.0,MG,31,2024,6
2024,RREO,6,B,Governo do Estado do Espírito Santo,32,ES,3975100,RREO-Anexo 03,E,Padrão,<MR-11>,ICMSLiquidoExcetoTransferenciasEFUNDEB,ICMS,1793593401.2,ES,32,2024,6
2024,RREO,6,B,Governo do Estado do Espírito Santo,32,ES,3975100,RREO-Anexo 03,E,Padrão,<MR-10>,ICMSLiquidoExcetoTransferenciasEFUNDEB,ICMS,1558110725.38,ES,32,2024,6
2024,RREO,6,B,Governo do Estado do Espírito Santo,32,ES,3975100,RREO-Anexo 03,E,Padrão,<MR-9>,ICMSLiquidoExcetoTransferenciasEFUNDEB,ICMS,1544570535.94,ES,32,2024,6
2024,RREO,6,B,Governo do Estado do Espírito Santo,32,ES,3975100,RREO-Anexo 03,E,Padrão,<MR-8>,ICMSLiquidoExcetoTransferenciasEFUNDEB,ICMS,1769961713.72,ES,32,2024,6
2024,RREO,6,B,Governo do Estado do Espírito Santo,32,ES,3975100,RREO-Anexo 03,E,Padrão,<MR-7>,ICMSLiquidoExcetoTransferenciasEFUNDEB,ICMS,1625043086.99,ES,32,2024,6
2024,RREO,6,B,Governo do Estado do Espírito Santo,32,ES,3975100,RREO-Anexo 03,E,Padrão,<MR-6>,ICMSLiquidoExcetoTransferenciasEFUNDEB,ICMS,1885197020.79,ES,32,2024,6
2024,RREO,6,B,Governo do Estado do Espírito Santo,32,ES,3975100,RREO-Anexo 03,E,Padrão,<MR-5>,ICMSLiquidoExcetoTransferenciasEFUNDEB,ICMS,1817636708.17,ES,32,2024,6
2024,RREO,6,B,Governo do Estado do Espírito Santo,32,ES,3975100,RREO-Anexo 03,E,Padrão,<MR-4>,ICMSLiquidoExcetoTransferenciasEFUNDEB,ICMS,1802625809.49,ES,32,2024,6
2024,RREO,6,B,Governo do Estado do Espírito Santo,32,ES,3975100,RREO-Anexo 03,E,Padrão,<MR-3>,ICMSLiquidoExcetoTransferenciasEFUNDEB,ICMS,1795425198.81,ES,32,2024,6
2024,RREO,6,B,Governo do Estado do Espírito Santo,32,ES,3975100,RREO-Anexo 03,E,Padrão,<MR-2>,ICMSLiquidoExcetoTransferenciasEFUNDEB,ICMS,1674550753.34,ES,32,2024,6
2024,RREO,6,B,Governo do Estado do Espírito Santo,32,ES,3975100,RREO-Anexo 03,E,Padrão,<MR-1>,ICMSLiquidoExcetoTransferenciasEFUNDEB,ICMS,1803404088.5,ES,32,2024,6
2024,RREO,6,B,Governo do Estado do Espírito Santo,32,ES,3975100,RREO-Anexo 03,E,Padrão,<MR>,ICMSLiquidoExcetoTransferenciasEFUNDEB,ICMS,1818436289.79,ES,32,2024,6
2024,RREO,6,B,Governo do Estado do Espírito Santo,32,ES,3975100,RREO-Anexo 03,E,Padrão,TOTAL (ÚLTIMOS 12 MESES),ICMSLiquidoExcetoTransferenciasEFUNDEB,ICMS,20888555332.12,ES,32,2024,6
2024,RREO,6,B,Governo do Estado do Espírito Santo,32,ES,3975100,RREO-Anexo 03,E,Padrão,PREVISÃO ATUALIZADA 2024,ICMSLiquidoExcetoTransferenciasEFUNDEB,ICMS,19980152599.07,ES,32,2024,6
2024,RREO,6,B,Governo do Estado do Espírito Santo,32,ES,3975100,RREO-Anexo 03,E,Padrão,<MR-11>,IPVALiquidoExcetoTransferenciasEFUNDEB,IPVA,67355285.41,ES,32,2024,6
2024,RREO,6,B,Governo do Estado do Espírito Santo,32,ES,3975100,RREO-Anexo 03,E,Padrão,<MR-10>,IPVALiquidoExcetoTransferenciasEFUNDEB,IPVA,56971842.49,ES,32,2024,6
2024,RREO,6,B,Governo do Estado do Espírito Santo,32,ES,3975100,RREO-Anexo 03,E,Padrão,<MR-9>,IPVALiquidoExcetoTransferenciasEFUNDEB,IPVA,94517284.31,ES,32,2024,6
2024,RREO,6,B,Governo do Estado do Espírito Santo,32,ES,3975100,RREO-Anexo 03,E,Padrão,<MR-8>,IPVALiquidoExcetoTransferenciasEFUNDEB,IPVA,369578940.41,ES,32,2024,6
2024,RREO,6,B,Governo do Estado do Espírito Santo,32,ES,3975100,RREO-Anexo 03,E,Padrão,<MR-7>,IPVALiquidoExcetoTransferenciasEFUNDEB,IPVA,107578931.75,ES,32,2024,6
2024,RREO,6,B,Governo do Estado do Espírito Santo,32,ES,3975100,RREO-Anexo 03,E,Padrão,<MR-6>,IPVALiquidoExcetoTransferenciasEFUNDEB,IPVA,93675850.96,ES,32,2024,6
2024,RREO,6,B,Governo do Estado do Espírito Santo,32,ES,3975100,RREO-Anexo 03,E,Padrão,<MR-5>,IPVALiquidoExcetoTransferenciasEFUNDEB,IPVA,97972832.79,ES,32,2024,6
2024,RREO,6,B,Governo do Estado do Espírito Santo,32,ES,3975100,RREO-Anexo 03,E,Padrão,<MR-4>,IPVALiquidoExcetoTransferenciasEFUNDEB,IPVA,87775221.2,ES,32,2024,6
2024,RREO,6,B,Governo do Estado do Espírito Santo,32,ES,3975100,RREO-Anexo 03,E,Padrão,<MR-3>,IPVALiquidoExcetoTransferenciasEFUNDEB,IPVA,92096063.97,ES,32,2024,6
2024,RREO,6,B,Governo do Estado do Espírito Santo,32,ES,3975100,RREO-Anexo 03,E,Padrão,<MR-2>,IPVALiquidoExcetoTransferenciasEFUNDEB,IPVA,55202325.0,ES,32,2024,6
2024,RREO,6,B,Governo do Estado do Espírito Santo,32,ES,3975100,RREO-Anexo 03,E,Padrão,<MR-1>,IPVALiquidoExcetoTransferenciasEFUNDEB,IPVA,32023191.81,ES,32,2024,6
2024,RREO,6,B,Governo do Estado do Espírito Santo,32,ES,3975100,RREO-Anexo 03,E,Padrão,<MR>,IPVALiquidoExcetoTransferenciasEFUNDEB,IPVA,33321081.9,ES,32,2024,6
2024,RREO,6,B,Governo do Estado do Espírito Santo,32,ES,3975100,RREO-Anexo 03,E,Padrão,TOTAL (ÚLTIMOS 12 MESES),IPVALiquidoExcetoTransferenciasEFUNDEB,IPVA,1188068852.0,ES,32,2024,6
2024,RREO,6,B,Governo do Estado do Espírito Santo,32,ES,3975100,RREO-Anexo 03,E,Padrão,PREVISÃO ATUALIZADA 2024,IPVALiquidoExcetoTransferenciasEFUNDEB,IPVA,1084929311.0,ES,32,2024,6
2024,RREO,6,B,Governo do Estado do Espírito Santo,32,ES,3975100,RREO-Anexo 03,E,Padrão,<MR-11>,ITCDLiquidoExcetoTransferenciasEFUNDEB,ITCD,14965234.94,ES,32,2024,6
2024,RREO,6,B,Governo do Estado do Espírito Santo,32,ES,3975100,RREO-Anexo 03,E,Padrão,<MR-10>,ITCDLiquidoExcetoTransferenciasEFUNDEB,ITCD,17476440.63,ES,32,2024,6
2024,RREO,6,B,Governo do Estado do Espírito Santo,32,ES,3975100,RREO-Anexo 03,E,Padrão,<MR-9>,ITCDLiquidoExcetoTransferenciasEFUNDEB,ITCD,15127900.38,ES,32,2024,6
2024,RREO,6,B,Governo do Estado do Espírito Santo,32,ES,3975100,RREO-Anexo 03,E,Padrão,<MR-8>,ITCDLiquidoExcetoTransferenciasEFUNDEB,ITCD,15827493.55,ES,32,2024,6
2024,RREO,6,B,Governo do Estado do Espírito Santo,32,ES,3975100,RREO-Anexo 03,E,Padrão,<MR-7>,ITCDLiquidoExcetoTransferenciasEFUNDEB,ITCD,16174607.69,ES,32,2024,6
2024,RREO,6,B,Governo do Estado do Espírito Santo,32,ES,3975100,RREO-Anexo 03,E,Padrão,<MR-6>,ITCDLiquidoExcetoTransferenciasEFUNDEB,ITCD,11915166.41,ES,32,2024,6
2024,RREO,6,B,Governo do Estado do Espírito Santo,32,ES,3975100,RREO-Anexo 03,E,Padrão,<MR-5>,ITCDLiquidoExcetoTransferenciasEFUNDEB,ITCD,22021187.53,ES,32,2024,6
2024,RREO,6,B,Governo do Estado do Espírito Santo,32,ES,3975100,RREO-Anexo 03,E,Padrão,<MR-4>,ITCDLiquidoExcetoTransferenciasEFUNDEB,ITCD,21294288.59,ES,32,2024,6
2024,RREO,6,B,Governo do Estado do Espírito Santo,32,ES,3975100,RREO-Anexo 03,E,Padrão,<MR-3>,ITCDLiquidoExcetoTransferenciasEFUNDEB,ITCD,16095505.06,ES,32,2024,6
2024,RREO,6,B,Governo do Estado do Espírito Santo,32,ES,3975100,RREO-Anexo 03,E,Padrão,<MR-2>,ITCDLiquidoExcetoTransferenciasEFUNDEB,ITCD,20286331.8,ES,32,2024,6
2024,RREO,6,B,Governo do Estado do Espírito Santo,32,ES,3975100,RREO-Anexo 03,E,Padrão,<MR-1>,ITCDLiquidoExcetoTransferenciasEFUNDEB,ITCD,17868623.1,ES,32,2024,6
2024,RREO,6,B,Governo do Estado do Espírito Santo,32,ES,3975100,RREO-Anexo 03,E,Padrão,<MR>,ITCDLiquidoExcetoTransferenciasEFUNDEB,ITCD,28626729.87,ES,32,2024,6
2024,RREO,6,B,Governo do Estado do Espírito Santo,32,ES,3975100,RREO-Anexo 03,E,Padrão,TOTAL (ÚLTIMOS 12 MESES),ITCDLiquidoExcetoTransferenciasEFUNDEB,ITCD,217679509.55,ES,32,2024,6
2024,RREO,6,B,Governo do Estado do Espírito Santo,32,ES,3975100,RREO-Anexo 03,E,Padrão,PREVISÃO ATUALIZADA 2024,ITCDLiquidoExcetoTransferenciasEFUNDEB,ITCD,178803622.0,ES,32,2024,6
2024,RREO,6,B,Governo do Estado do Rio de Janeiro,33,RJ,16615526,RREO-Anexo 03,E,Padrão,<MR-11>,ICMSLiquidoExcetoTransferenciasEFUNDEB,ICMS,5046252512.58,RJ,33,2024,6
2024,RREO,6,B,Governo do Estado do Rio de Janeiro,33,RJ,16615526,RREO-Anexo 03,E,Padrão,<MR-10>,ICMSLiquidoExcetoTransferenciasEFUNDEB,ICMS,4352745106.03,RJ,33,2024,6
2024,RREO,6,B,Governo do Estado do Rio de Janeiro,33,RJ,16615526,RREO-Anexo 03,E,Padrão,<MR-9>,ICMSLiquidoExcetoTransferenciasEFUNDEB,ICMS,4175475372.6,RJ,33,2024,6
2024,RREO,6,B,Governo do Estado do Rio de Janeiro,33,RJ,16615526,RREO-Anexo 03,E,Padrão,<MR-8>,ICMSLiquidoExcetoTransferenciasEFUNDEB,ICMS,4635279206.19,RJ,33,2024,6
2024,RREO,6,B,Governo do Estado do Rio de Janeiro,33,RJ,16615526,RREO-Anexo 03,E,Padrão,<MR-7>,ICMSLiquidoExcetoTransferenciasEFUNDEB,ICMS,4633463439.17,RJ,33,2024,6
2024,RREO,6,B,Governo do Estado do Rio de Janeiro,33,RJ,16615526,RREO-Anexo 03,E,Padrão,<MR-6>,ICMSLiquidoExcetoTransferenciasEFUNDEB,ICMS,4700315296.54,RJ,33,2024,6
2024,RREO,6,B,Governo do Estado do Rio de Janeiro,33,RJ,16615526,RREO-Anexo 03,E,Padrão,<MR-5>,ICMSLiquidoExcetoTransferenciasEFUNDEB,ICMS,4756353272.89,RJ,33,2024,6
2024,RREO,6,B,Governo do Estado do Rio de Janeiro,33,RJ,16615526,RREO-Anexo 03,E,Padrão,<MR-4>,ICMSLiquidoExcetoTransferenciasEFUNDEB,ICMS,4821394594.43,RJ,33,2024,6
2024,RREO,6,B,Governo do Estado do Rio de Janeiro,33,RJ,16615526,RREO-Anexo 03,E,Padrão,<MR-3>,ICMSLiquidoExcetoTransferenciasEFUNDEB,ICMS,4712939969.87,RJ,33,2024,6
2024,RREO,6,B,Governo do Estado do Rio de Janeiro,33,RJ,16615526,RREO-Anexo 03,E,Padrão,<MR-2>,ICMSLiquidoExcetoTransferenciasEFUNDEB,ICMS,4760204964.05,RJ,33,2024,6
2024,RREO,6,B,Governo do Estado do Rio de Janeiro,33,RJ,16615526,RREO-Anexo 03,E,Padrão,<MR-1>,ICMSLiquidoExcetoTransferenciasEFUNDEB,ICMS,5124888179.82,RJ,33,2024,6
2024,RREO,6,B,Governo do Estado do Rio de Janeiro,33,RJ,16615526,RREO-Anexo 03,E,Padrão,<MR>,ICMSLiquidoExcetoTransferenciasEFUNDEB,ICMS,5175291040.06,RJ,33,2024,6
2024,RREO,6,B,Governo do Estado do Rio de Janeiro,33,RJ,16615526,RREO-Anexo 03,E,Padrão,TOTAL (ÚLTIMOS 12 MESES),ICMSLiquidoExcetoTransferenciasEFUNDEB,ICMS,56894602954.23,RJ,33,2024,6
2024,RREO,6,B,Governo do Estado do Rio de Janeiro,33,RJ,16615526,RREO-Anexo 03,E,Padrão,PREVISÃO ATUALIZADA 2024,ICMSLiquidoExcetoTransferenciasEFUNDEB,ICMS,56827179197.97,RJ,33,2024,6
2024,RREO,6,B,Governo do Estado do Rio de Janeiro,33,RJ,16615526,RREO-Anexo 03,E,Padrão,<MR-11>,IPVALiquidoExcetoTransferenciasEFUNDEB,IPVA,1592570420.36,RJ,33,2024,6
2024,RREO,6,B,Governo do Estado do Rio de Janeiro,33,RJ,16615526,RREO-Anexo 03,E,Padrão,<MR-10>,IPVALiquidoExcetoTransferenciasEFUNDEB,IPVA,987674760.93,RJ,33,2024,6
2024,RREO,6,B,Governo do Estado do Rio de Janeiro,33,RJ,16615526,RREO-Anexo 03,E,Padrão,<MR-9>,IPVALiquidoExcetoTransferenciasEFUNDEB,IPVA,634293475.45,RJ,33,2024,6
2024,RREO,6,B,Governo do Estado do Rio de Janeiro,33,RJ,16615526,RREO-Anexo 03,E,Padrão,<MR-8>,IPVALiquidoExcetoTransferenciasEFUNDEB,IPVA,558221461.69,RJ,33,2024,6
2024,RREO,6,B,Governo do Estado do Rio de Janeiro,33,RJ,16615526,RREO-Anexo 03,E,Padrão,<MR-7>,IPVALiquidoExcetoTransferenciasEFUNDEB,IPVA,276212159.73,RJ,33,2024,6
2024,RREO,6,B,Governo do Estado do Rio de Janeiro,33,RJ,16615526,RREO-Anexo 03,E,Padrão,<MR-6>,IPVALiquidoExcetoTransferenciasEFUNDEB,IPVA,219746276.42,RJ,33,2024,6
2024,RREO,6,B,Governo do Estado do Rio de Janeiro,33,RJ,16615526,RREO-Anexo 03,E,Padrão,<MR-5>,IPVALiquidoExcetoTransferenciasEFUNDEB,IPVA,232548138.03,RJ,33,2024,6
2024,RREO,6,B,Governo do Estado do Rio de Janeiro,33,RJ,16615526,RREO-Anexo 03,E,Padrão,<MR-4>,IPVALiquidoExcetoTransferenciasEFUNDEB,IPVA,180847235.82,RJ,33,2024,6
2024,RREO,6,B,Governo do Estado do Rio de Janeiro,33,RJ,16615526,RREO-Anexo 03,E,Padrão,<MR-3>,IPVALiquidoExcetoTransferenciasEFUNDEB,IPVA,171309329.66,RJ,33,2024,6
2024,RREO,6,B,Governo do Estado do Rio de Janeiro,33,RJ,16615526,RREO-Anexo 03,E,Padrão,<MR-2>,IPVALiquidoExcetoTransferenciasEFUNDEB,IPVA,172797059.35,RJ,33,2024,6
2024,RREO,6,B,Governo do Estado do Rio de Janeiro,33,RJ,16615526,RREO-Anexo 03,E,Padrão,<MR-1>,IPVALiquidoExcetoTransferenciasEFUNDEB,IPVA,155289740.33,RJ,33,2024,6
2024,RREO,6,B,Governo do Estado do Rio de Janeiro,33,RJ,16615526,RREO-Anexo 03,E,Padrão,<MR>,IPVALiquidoExcetoTransferenciasEFUNDEB,IPVA,170495747.3,RJ,33,2024,6
2024,RREO,6,B,Governo do Estado do Rio de Janeiro,33,RJ,16615526,RREO-Anexo 03,E,Padrão,TOTAL (ÚLTIMOS 12 MESES),IPVALiquidoExcetoTransferenciasEFUNDEB,IPVA,5352005805.07,RJ,33,2024,6
2024,RREO,6,B,Governo do Estado do Rio de Janeiro,33,RJ,16615526,RREO-Anexo 03,E,Padrão,PREVISÃO ATUALIZADA 2024,IPVALiquidoExcetoTransferenciasEFUNDEB,IPVA,5351726687.51,RJ,33,2024,6
2024,RREO,6,B,Governo do Estado do Rio de Janeiro,33,RJ,16615526,RREO-Anexo 03,E,Padrão,<MR-11>,ITCDLiquidoExcetoTransferenciasEFUNDEB,ITCD,95878524.13,RJ,33,2024,6
2024,RREO,6,B,Governo do Estado do Rio de Janeiro,33,RJ,16615526,RREO-Anexo 03,E,Padrão,<MR-10>,ITCDLiquidoExcetoTransferenciasEFUNDEB,ITCD,89169354.19,RJ,33,2024,6
2024,RREO,6,B,Governo do Estado do Rio de Janeiro,33,RJ,16615526,RREO-Anexo 03,E,Padrão,<MR-9>,ITCDLiquidoExcetoTransferenciasEFUNDEB,ITCD,112902340.41,RJ,33,2024,6
2024,RREO,6,B,Governo do Estado do Rio de Janeiro,33,RJ,16615526,RREO-Anexo 03,E,Padrão,<MR-8>,ITCDLiquidoExcetoTransferenciasEFUNDEB,ITCD,158562367.07,RJ,33,2024,6
2024,RREO,6,B,Governo do Estado do Rio de Janeiro,33,RJ,16615526,RREO-Anexo 03,E,Padrão,<MR-7>,ITCDLiquidoExcetoTransferenciasEFUNDEB,ITCD,147723374.57,RJ,33,2024,6
2024,RREO,6,B,Governo do Estado do Rio de Janeiro,33,RJ,16615526,RREO-Anexo 03,E,Padrão,<MR-6>,ITCDLiquidoExcetoTransferenciasEFUNDEB,ITCD,105627665.06,RJ,33,2024,6
2024,RREO,6,B,Governo do Estado do Rio de Janeiro,33,RJ,16615526,RREO-Anexo 03,E,Padrão,<MR-5>,ITCDLiquidoExcetoTransferenciasEFUNDEB,ITCD,157133355.87,RJ,33,2024,6
2024,RREO,6,B,Governo do Estado do Rio de Janeiro,33,RJ,16615526,RREO-Anexo 03,E,Padrão,<MR-4>,ITCDLiquidoExcetoTransferenciasEFUNDEB,ITCD,161948702.43,RJ,33,2024,6
2024,RREO,6,B,Governo do Estado do Rio de Janeiro,33,RJ,16615526,RREO-Anexo 03,E,Padrão,<MR-3>,ITCDLiquidoExcetoTransferenciasEFUNDEB,ITCD,169196487.09,RJ,33,2024,6
2024,RREO,6,B,Governo do Estado do Rio de Janeiro,33,RJ,16615526,RREO-Anexo 03,E,Padrão,<MR-2>,ITCDLiquidoExcetoTransferenciasEFUNDEB,ITCD,164136075.52,RJ,33,2024,6
2024,RREO,6,B,Governo do Estado do Rio de Janeiro,33,RJ,16615526,RREO-Anexo 03,E,Padrão,<MR-1>,ITCDLiquidoExcetoTransferenciasEFUNDEB,ITCD,136645616.22,RJ,33,2024,6
2024,RREO,6,B,Governo do Estado do Rio de Janeiro,33,RJ,16615526,RREO-Anexo 03,E,Padrão,<MR>,ITCDLiquidoExcetoTransferenciasEFUNDEB,ITCD,219559503.82,RJ,33,2024,6
2024,RREO,6,B,Governo do Estado do Rio de Janeiro,33,RJ,16615526,RREO-Anexo 03,E,Padrão,TOTAL (ÚLTIMOS 12 MESES),ITCDLiquidoExcetoTransferenciasEFUNDEB,ITCD,1718483366.38,RJ,33,2024,6
2024,RREO,6,B,Governo do Estado do Rio de Janeiro,33,RJ,16615526,RREO-Anexo 03,E,Padrão,PREVISÃO ATUALIZADA 2024,ITCDLiquidoExcetoTransferenciasEFUNDEB,ITCD,1705850656.37,RJ,33,2024,6
2024,RREO,6,B,Governo do Estado de São Paulo,35,SP,46024937,RREO-Anexo 03,E,Padrão,<MR-11>,ICMSLiquidoExcetoTransferenciasEFUNDEB,ICMS,17533676875.65,SP,35,2024,6
2024,RREO,6,B,Governo do Estado de São Paulo,35,SP,46024937,RREO-Anexo 03,E,Padrão,<MR-10>,ICMSLiquidoExcetoTransferenciasEFUNDEB,ICMS,16773443443.73,SP,35,2024,6
2024,RREO,6,B,Governo do Estado de São Paulo,35,SP,46024937,RREO-Anexo 03,E,Padrão,<MR-9>,ICMSLiquidoExcetoTransferenciasEFUNDEB,ICMS,16741581207.24,SP,35,2024,6
2024,RREO,6,B,Governo do Estado de São Paulo,35,SP,46024937,RREO-Anexo 03,E,Padrão,<MR-8>,ICMSLiquidoExcetoTransferenciasEFUNDEB,ICMS,18585553286.41,SP,35,2024,6
2024,RREO,6,B,Governo do Estado de São Paulo,35,SP,46024937,RREO-Anexo 03,E,Padrão,<MR-7>,ICMSLiquidoExcetoTransferenciasEFUNDEB,ICMS,18569900648.77,SP,35,2024,6
2024,RREO,6,B,Governo do Estado de São Paulo,35,SP,46024937,RREO-Anexo 03,E,Padrão,<MR-6>,ICMSLiquidoExcetoTransferenciasEFUNDEB,ICMS,18262898529.37,SP,35,2024,6
2024,RREO,6,B,Governo do Estado de São Paulo,35,SP,46024937,RREO-Anexo 03,E,Padrão,<MR-5>,ICMSLiquidoExcetoTransferenciasEFUNDEB,ICMS,19255295754.88,SP,35,2024,6
2024,RREO,6,B,Governo do Estado de São Paulo,35,SP,46024937,RREO-Anexo 03,E,Padrão,<MR-4>,ICMSLiquidoExcetoTransferenciasEFUNDEB,ICMS,18920965248.72,SP,35,2024,6
2024,RREO,6,B,Governo do Estado de São Paulo,35,SP,46024937,RREO-Anexo 03,E,Padrão,<MR-3>,ICMSLiquidoExcetoTransferenciasEFUNDEB,ICMS,19476364248.82,SP,35,2024,6
2024,RREO,6,B,Governo do Estado de São Paulo,35,SP,46024937,RREO-Anexo 03,E,Padrão,<MR-2>,ICMSLiquidoExcetoTransferenciasEFUNDEB,ICMS,19961061614.04,SP,35,2024,6
2024,RREO,6,B,Governo do Estado de São Paulo,35,SP,46024937,RREO-Anexo 03,E,Padrão,<MR-1>,ICMSLiquidoExcetoTransferenciasEFUNDEB,ICMS,19336196008.66,SP,35,2024,6
2024,RREO,6,B,Governo do Estado de São Paulo,35,SP,46024937,RREO-Anexo 03,E,Padrão,<MR>,ICMSLiquidoExcetoTransferenciasEFUNDEB,ICMS,20427163341.74,SP,35,2024,6
2024,RREO,6,B,Governo do Estado de São Paulo,35,SP,46024937,RREO-Anexo 03,E,Padrão,TOTAL (ÚLTIMOS 12 MESES),ICMSLiquidoExcetoTransferenciasEFUNDEB,ICMS,223844100208.03,SP,35,2024,6
2024,RREO,6,B,Governo do Estado de São Paulo,35,SP,46024937,RREO-Anexo 03,E,Padrão,PREVISÃO ATUALIZADA 2024,ICMSLiquidoExcetoTransferenciasEFUNDEB,ICMS,223933378764.23,SP,35,2024,6
2024,RREO,6,B,Governo do Estado de São Paulo,35,SP,46024937,RREO-Anexo 03,E,Padrão,<MR-11>,IPVALiquidoExcetoTransferenciasEFUNDEB,IPVA,10677060663.74,SP,35,2024,6
2024,RREO,6,B,Governo do Estado de São Paulo,35,SP,46024937,RREO-Anexo 03,E,Padrão,<MR-10>,IPVALiquidoExcetoTransferenciasEFUNDEB,IPVA,4089717374.35,SP,35,2024,6
2024,RREO,6,B,Governo do Estado de São Paulo,35,SP,46024937,RREO-Anexo 03,E,Padrão,<MR-9>,IPVALiquidoExcetoTransferenciasEFUNDEB,IPVA,3079785321.85,SP,35,2024,6
2024,RREO,6,B,Governo do Estado de São Paulo,35,SP,46024937,RREO-Anexo 03,E,Padrão,<MR-8>,IPVALiquidoExcetoTransferenciasEFUNDEB,IPVA,2839716928.65,SP,35,2024,6
2024,RREO,6,B,Governo do Estado de São Paulo,35,SP,46024937,RREO-Anexo 03,E,Padrão,<MR-7>,IPVALiquidoExcetoTransferenciasEFUNDEB,IPVA,2566558629.85,SP,35,2024,6
2024,RREO,6,B,Governo do Estado de São Paulo,35,SP,46024937,RREO-Anexo 03,E,Padrão,<MR-6>,IPVALiquidoExcetoTransferenciasEFUNDEB,IPVA,835391741.01,SP,35,2024,6
2024,RREO,6,B,Governo do Estado de São Paulo,35,SP,46024937,RREO-Anexo 03,E,Padrão,<MR-5>,IPVALiquidoExcetoTransferenciasEFUNDEB,IPVA,1011790146.95,SP,35,2024,6
2024,RREO,6,B,Governo do Estado de São Paulo,35,SP,46024937,RREO-Anexo 03,E,Padrão,<MR-4>,IPVALiquidoExcetoTransferenciasEFUNDEB,IPVA,1020298865.03,SP,35,2024,6
2024,RREO,6,B,Governo do Estado de São Paulo,35,SP,46024937,RREO-Anexo 03,E,Padrão,<MR-3>,IPVALiquidoExcetoTransferenciasEFUNDEB,IPVA,964961442.46,SP,35,2024,6
2024,RREO,6,B,Governo do Estado de São Paulo,35,SP,46024937,RREO-Anexo 03,E,Padrão,<MR-2>,IPVALiquidoExcetoTransferenciasEFUNDEB,IPVA,933522460.68,SP,35,2024,6
2024,RREO,6,B,Governo do Estado de São Paulo,35,SP,46024937,RREO-Anexo 03,E,Padrão,<MR-1>,IPVALiquidoExcetoTransferenciasEFUNDEB,IPVA,706187206.92,SP,35,2024,6
2024,RREO,6,B,Governo do Estado de São Paulo,35,SP,46024937,RREO-Anexo 03,E,Padrão,<MR>,IPVALiquidoExcetoTransferenciasEFUNDEB,IPVA,1015457955.82,SP,35,2024,6
2024,RREO,6,B,Governo do Estado de São Paulo,35,SP,46024937,RREO-Anexo 03,E,Padrão,TOTAL (ÚLTIMOS 12 MESES),IPVALiquidoExcetoTransferenciasEFUNDEB,IPVA,29740448737.31,SP,35,2024,6
2024,RREO,6,B,Governo do Estado de São Paulo,35,SP,46024937,RREO-Anexo 03,E,Padrão,PREVISÃO ATUALIZADA 2024,IPVALiquidoExcetoTransferenciasEFUNDEB,IPVA,29799999990.74,SP,35,2024,6
2024,RREO,6,B,Governo do Estado de São Paulo,35,SP,46024937,RREO-Anexo 03,E,Padrão,<MR-11>,ITCDLiquidoExcetoTransferenciasEFUNDEB,ITCD,214816823.05,SP,35,2024,6
2024,RREO,6,B,Governo do Estado de São Paulo,35,SP,46024937,RREO-Anexo 03,E,Padrão,<MR-10>,ITCDLiquidoExcetoTransferenciasEFUNDEB,ITCD,304786625.86,SP,35,2024,6
2024,RREO,6,B,Governo do Estado de São Paulo,35,SP,46024937,RREO-Anexo 03,E,Padrão,<MR-9>,ITCDLiquidoExcetoTransferenciasEFUNDEB,ITCD,352827373.22,SP,35,2024,6
2024,RREO,6,B,Governo do Estado de São Paulo,35,SP,46024937,RREO-Anexo 03,E,Padrão,<MR-8>,ITCDLiquidoExcetoTransferenciasEFUNDEB,ITCD,430972790.12,SP,35,2024,6
2024,RREO,6,B,Governo do Estado de São Paulo,35,SP,46024937,RREO-Anexo 03,E,Padrão,<MR-7>,ITCDLiquidoExcetoTransferenciasEFUNDEB,ITCD,451248583.82,SP,35,2024,6
2024,RREO,6,B,Governo do Estado de São Paulo,35,SP,46024937,RREO-Anexo 03,E,Padrão,<MR-6>,ITCDLiquidoExcetoTransferenciasEFUNDEB,ITCD,412263450.87,SP,35,2024,6
2024,RREO,6,B,Governo do Estado de São Paulo,35,SP,46024937,RREO-Anexo 03,E,Padrão,<MR-5>,ITCDLiquidoExcetoTransferenciasEFUNDEB,ITCD,683137395.72,SP,35,2024,6
2024,RREO,6,B,Governo do Estado de São Paulo,35,SP,46024937,RREO-Anexo 03,E,Padrão,<MR-4>,ITCDLiquidoExcetoTransferenciasEFUNDEB,ITCD,540681783.66,SP,35,2024,6
2024,RREO,6,B,Governo do Estado de São Paulo,35,SP,46024937,RREO-Anexo 03,E,Padrão,<MR-3>,ITCDLiquidoExcetoTransferenciasEFUNDEB,ITCD,519664782.74,SP,35,2024,6
2024,RREO,6,B,Governo do Estado de São Paulo,35,SP,46024937,RREO-Anexo 03,E,Padrão,<MR-2>,ITCDLiquidoExcetoTransferenciasEFUNDEB,ITCD,998417629.57,SP,35,2024,6
2024,RREO,6,B,Governo do Estado de São Paulo,35,SP,46024937,RREO-Anexo 03,E,Padrão,<MR-1>,ITCDLiquidoExcetoTransferenciasEFUNDEB,ITCD,700490151.23,SP,35,2024,6
2024,RREO,6,B,Governo do Estado de São Paulo,35,SP,46024937,RREO-Anexo 03,E,Padrão,<MR>,ITCDLiquidoExcetoTransferenciasEFUNDEB,ITCD,1211046111.06,SP,35,2024,6
2024,RREO,6,B,Governo do Estado de São Paulo,35,SP,46024937,RREO-Anexo 03,E,Padrão,TOTAL (ÚLTIMOS 12 MESES),ITCDLiquidoExcetoTransferenciasEFUNDEB,ITCD,6820353500.92,SP,35,2024,6
2024,RREO,6,B,Governo do Estado de São Paulo,35,SP,46024937,RREO-Anexo 03,E,Padrão,PREVISÃO ATUALIZADA 2024,ITCDLiquidoExcetoTransferenciasEFUNDEB,ITCD,6829999990.0,SP,35,2024,6
2024,RREO,6,B,Governo do Estado do Paraná,41,PR,11835379,RREO-Anexo 03,E,Padrão,<MR-11>,ICMSLiquidoExcetoTransferenciasEFUNDEB,ICMS,4203368925.27,PR,41,2024,6
2024,RREO,6,B,Governo do Estado do Paraná,41,PR,11835379,RREO-Anexo 03,E,Padrão,<MR-10>,ICMSLiquidoExcetoTransferenciasEFUNDEB,ICMS,3505341190.43,PR,41,2024,6
2024,RREO,6,B,Governo do Estado do Paraná,41,PR,11835379,RREO-Anexo 03,E,Padrão,<MR-9>,ICMSLiquidoExcetoTransferenciasEFUNDEB,ICMS,4021190193.32,PR,41,2024,6
2024,RREO,6,B,Governo do Estado do Paraná,41,PR,11835379,RREO-Anexo 03,E,Padrão,<MR-8>,ICMSLiquidoExcetoTransferenciasEFUNDEB,ICMS,4279255955.24,PR,41,2024,6
2024,RREO,6,B,Governo do Estado do Paraná,41,PR,11835379,RREO-Anexo 03,E,Padrão,<MR-7>,ICMSLiquidoExcetoTransferenciasEFUNDEB,ICMS,4044111376.04,PR,41,2024,6
2024,RREO,6,B,Governo do Estado do Paraná,41,PR,11835379,RREO-Anexo 03,E,Padrão,<MR-6>,ICMSLiquidoExcetoTransferenciasEFUNDEB,ICMS,4098773167.86,PR,41,2024,6
2024,RREO,6,B,Governo do Estado do Paraná,41,PR,11835379,RREO-Anexo 03,E,Padrão,<MR-5>,ICMSLiquidoExcetoTransferenciasEFUNDEB,ICMS,4695347966.38,PR,41,2024,6
2024,RREO,6,B,Governo do Estado do Paraná,41,PR,11835379,RREO-Anexo 03,E,Padrão,<MR-4>,ICMSLiquidoExcetoTransferenciasEFUNDEB,ICMS,4605829981.87,PR,41,2024,6
2024,RREO,6,B,Governo do Estado do Paraná,41,PR,11835379,RREO-Anexo 03,E,Padrão,<MR-3>,ICMSLiquidoExcetoTransferenciasEFUNDEB,ICMS,4479553599.75,PR,41,2024,6
2024,RREO,6,B,Governo do Estado do Paraná,41,PR,11835379,RREO-Anexo 03,E,Padrão,<MR-2>,ICMSLiquidoExcetoTransferenciasEFUNDEB,ICMS,4447547964.92,PR,41,2024,6
2024,RREO,6,B,Governo do Estado do Paraná,41,PR,11835379,RREO-Anexo 03,E,Padrão,<MR-1>,ICMSLiquidoExcetoTransferenciasEFUNDEB,ICMS,4631098639.7,PR,41,2024,6
2024,RREO,6,B,Governo do Estado do Paraná,41,PR,11835379,RREO-Anexo 03,E,Padrão,<MR>,ICMSLiquidoExcetoTransferenciasEFUNDEB,ICMS,4663529994.69,PR,41,2024,6
2024,RREO,6,B,Governo do Estado do Paraná,41,PR,11835379,RREO-Anexo 03,E,Padrão,TOTAL (ÚLTIMOS 12 MESES),ICMSLiquidoExcetoTransferenciasEFUNDEB,ICMS,51674948955.47,PR,41,2024,6
2024,RREO,6,B,Governo do Estado do Paraná,41,PR,11835379,RREO-Anexo 03,E,Padrão,PREVISÃO ATUALIZADA 2024,ICMSLiquidoExcetoTransferenciasEFUNDEB,ICMS,44189503900.0,PR,41,2024,6
2024,RREO,6,B,Governo do Estado do Paraná,41,PR,11835379,RREO-Anexo 03,E,Padrão,<MR-11>,IPVALiquidoExcetoTransferenciasEFUNDEB,IPVA,2547079461.25,PR,41,2024,6
2024,RREO,6,B,Governo do Estado do Paraná,41,PR,11835379,RREO-Anexo 03,E,Padrão,<MR-10>,IPVALiquidoExcetoTransferenciasEFUNDEB,IPVA,784057547.75,PR,41,2024,6
2024,RREO,6,B,Governo do Estado do Paraná,41,PR,11835379,RREO-Anexo 03,E,Padrão,<MR-9>,IPVALiquidoExcetoTransferenciasEFUNDEB,IPVA,726647839.25,PR,41,2024,6
2024,RREO,6,B,Governo do Estado do Paraná,41,PR,11835379,RREO-Anexo 03,E,Padrão,<MR-8>,IPVALiquidoExcetoTransferenciasEFUNDEB,IPVA,735488985.65,PR,41,2024,6
2024,RREO,6,B,Governo do Estado do Paraná,41,PR,11835379,RREO-Anexo 03,E,Padrão,<MR-7>,IPVALiquidoExcetoTransferenciasEFUNDEB,IPVA,655703758.9,PR,41,2024,6
2024,RREO,6,B,Governo do Estado do Paraná,41,PR,11835379,RREO-Anexo 03,E,Padrão,<MR-6>,IPVALiquidoExcetoTransferenciasEFUNDEB,IPVA,268099648.64,PR,41,2024,6
2024,RREO,6,B,Governo do Estado do Paraná,41,PR,11835379,RREO-Anexo 03,E,Padrão,<MR-5>,IPVALiquidoExcetoTransferenciasEFUNDEB,IPVA,250946660.88,PR,41,2024,6
2024,RREO,6,B,Governo do Estado do Paraná,41,PR,11835379,RREO-Anexo 03,E,Padrão,<MR-4>,IPVALiquidoExcetoTransferenciasEFUNDEB,IPVA,195954828.19,PR,41,2024,6
2024,RREO,6,B,Governo do Estado do Paraná,41,PR,11835379,RREO-Anexo 03,E,Padrão,<MR-3>,IPVALiquidoExcetoTransferenciasEFUNDEB,IPVA,138951811.37,PR,41,2024,6
2024,RREO,6,B,Governo do Estado do Paraná,41,PR,11835379,RREO-Anexo 03,E,Padrão,<MR-2>,IPVALiquidoExcetoTransferenciasEFUNDEB,IPVA,218710229.27,PR,41,2024,6
2024,RREO,6,B,Governo do Estado do Paraná,41,PR,11835379,RREO-Anexo 03,E,Padrão,<MR-1>,IPVALiquidoExcetoTransferenciasEFUNDEB,IPVA,152647510.23,PR,41,2024,6
2024,RREO,6,B,Governo do Estado do Paraná,41,PR,11835379,RREO-Anexo 03,E,Padrão,<MR>,IPVALiquidoExcetoTransferenciasEFUNDEB,IPVA,161224453.07,PR,41,2024,6
2024,RREO,6,B,Governo do Estado do Paraná,41,PR,11835379,RREO-Anexo 03,E,Padrão,TOTAL (ÚLTIMOS 12 MESES),IPVALiquidoExcetoTransferenciasEFUNDEB,IPVA,6835512734.45,PR,41,2024,6
2024,RREO,6,B,Governo do Estado do Paraná,41,PR,11835379,RREO-Anexo 03,E,Padrão,PREVISÃO ATUALIZADA 2024,IPVALiquidoExcetoTransferenciasEFUNDEB,IPVA,6545433000.0,PR,41,2024,6
2024,RREO,6,B,Governo do Estado do Paraná,41,PR,11835379,RREO-Anexo 03,E,Padrão,<MR-11>,ITCDLiquidoExcetoTransferenciasEFUNDEB,ITCD,85524248.18,PR,41,2024,6
2024,RREO,6,B,Governo do Estado do Paraná,41,PR,11835379,RREO-Anexo 03,E,Padrão,<MR-10>,ITCDLiquidoExcetoTransferenciasEFUNDEB,ITCD,90130031.0,PR,41,2024,6
2024,RREO,6,B,Governo do Estado do Paraná,41,PR,11835379,RREO-Anexo 03,E,Padrão,<MR-9>,ITCDLiquidoExcetoTransferenciasEFUNDEB,ITCD,113044687.12,PR,41,2024,6
2024,RREO,6,B,Governo do Estado do Paraná,41,PR,11835379,RREO-Anexo 03,E,Padrão,<MR-8>,ITCDLiquidoExcetoTransferenciasEFUNDEB,ITCD,122563222.65,PR,41,2024,6
2024,RREO,6,B,Governo do Estado do Paraná,41,PR,11835379,RREO-Anexo 03,E,Padrão,<MR-7>,ITCDLiquidoExcetoTransferenciasEFUNDEB,ITCD,104401067.09,PR,41,2024,6
2024,RREO,6,B,Governo do Estado do Paraná,41,PR,11835379,RREO-Anexo 03,E,Padrão,<MR-6>,ITCDLiquidoExcetoTransferenciasEFUNDEB,ITCD,106424927.66,PR,41,2024,6
2024,RREO,6,B,Governo do Estado do Paraná,41,PR,11835379,RREO-Anexo 03,E,Padrão,<MR-5>,ITCDLiquidoExcetoTransferenciasEFUNDEB,ITCD,117210095.29,PR,41,2024,6
2024,RREO,6,B,Governo do Estado do Paraná,41,PR,11835379,RREO-Anexo 03,E,Padrão,<MR-4>,ITCDLiquidoExcetoTransferenciasEFUNDEB,ITCD,120346196.01,PR,41,2024,6
2024,RREO,6,B,Governo do Estado do Paraná,41,PR,11835379,RREO-Anexo 03,E,Padrão,<MR-3>,ITCDLiquidoExcetoTransferenciasEFUNDEB,ITCD,135401010.98,PR,41,2024,6
2024,RREO,6,B,Governo do Estado do Paraná,41,PR,11835379,RREO-Anexo 03,E,Padrão,<MR-2>,ITCDLiquidoExcetoTransferenciasEFUNDEB,ITCD,150710943.7,PR,41,2024,6
2024,RREO,6,B,Governo do Estado do Paraná,41,PR,11835379,RREO-Anexo 03,E,Padrão,<MR-1>,ITCDLiquidoExcetoTransferenciasEFUNDEB,ITCD,144373273.52,PR,41,2024,6
2024,RREO,6,B,Governo do Estado do Paraná,41,PR,11835379,RREO-Anexo 03,E,Padrão,<MR>,ITCDLiquidoExcetoTransferenciasEFUNDEB,ITCD,200309745.44,PR,41,2024,6
2024,RREO,6,B,Governo do Estado do Paraná,41,PR,11835379,RREO-Anexo 03,E,Padrão,TOTAL (ÚLTIMOS 12 MESES),ITCDLiquidoExcetoTransferenciasEFUNDEB,ITCD,1490439448.64,PR,41,2024,6
2024,RREO,6,B,Governo do Estado do Paraná,41,PR,11835379,RREO-Anexo 03,E,Padrão,PREVISÃO ATUALIZADA 2024,ITCDLiquidoExcetoTransferenciasEFUNDEB,ITCD,1183116000.0,PR,41,2024,6
2024,RREO,6,B,Governo do Estado de Santa Catarina,42,SC,7762154,RREO-Anexo 03,E,Padrão,<MR-11>,ICMSLiquidoExcetoTransferenciasEFUNDEB,ICMS,3654753083.24,SC,42,2024,6
2024,RREO,6,B,Governo do Estado de Santa Catarina,42,SC,7762154,RREO-Anexo 03,E,Padrão,<MR-10>,ICMSLiquidoExcetoTransferenciasEFUNDEB,ICMS,3408945242.86,SC,42,2024,6
2024,RREO,6,B,Governo do Estado de Santa Catarina,42,SC,7762154,RREO-Anexo 03,E,Padrão,<MR-9>,ICMSLiquidoExcetoTransferenciasEFUNDEB,ICMS,3341718510.61,SC,42,2024,6
2024,RREO,6,B,Governo do Estado de Santa Catarina,42,SC,7762154,RREO-Anexo 03,E,Padrão,<MR-8>,ICMSLiquidoExcetoTransferenciasEFUNDEB,ICMS,3618185475.33,SC,42,2024,6
2024,RREO,6,B,Governo do Estado de Santa Catarina,42,SC,7762154,RREO-Anexo 03,E,Padrão,<MR-7>,ICMSLiquidoExcetoTransferenciasEFUNDEB,ICMS,3528588961.54,SC,42,2024,6
2024,RREO,6,B,Governo do Estado de Santa Catarina,42,SC,7762154,RREO-Anexo 03,E,Padrão,<MR-6>,ICMSLiquidoExcetoTransferenciasEFUNDEB,ICMS,3449465584.82,SC,42,2024,6
2024,RREO,6,B,Governo do Estado de Santa Catarina,42,SC,7762154,RREO-Anexo 03,E,Padrão,<MR-5>,ICMSLiquidoExcetoTransferenciasEFUNDEB,ICMS,3459845148.53,SC,42,2024,6
2024,RREO,6,B,Governo do Estado de Santa Catarina,42,SC,7762154,RREO-Anexo 03,E,Padrão,<MR-4>,ICMSLiquidoExcetoTransferenciasEFUNDEB,ICMS,3486709906.94,SC,42,2024,6
2024,RREO,6,B,Governo do Estado de Santa Catarina,42,SC,7762154,RREO-Anexo 03,E,Padrão,<MR-3>,ICMSLiquidoExcetoTransferenciasEFUNDEB,ICMS,3635236338.64,SC,42,2024,6
2024,RREO,6,B,Governo do Estado de Santa Catarina,42,SC,7762154,RREO-Anexo 03,E,Padrão,<MR-2>,ICMSLiquidoExcetoTransferenciasEFUNDEB,ICMS,3533416207.76,SC,42,2024,6
2024,RREO,6,B,Governo do Estado de Santa Catarina,42,SC,7762154,RREO-Anexo 03,E,Padrão,<MR-1>,ICMSLiquidoExcetoTransferenciasEFUNDEB,ICMS,3736754945.27,SC,42,2024,6
2024,RREO,6,B,Governo do Estado de Santa Catarina,42,SC,7762154,RREO-Anexo 03,E,Padrão,<MR>,ICMSLiquidoExcetoTransferenciasEFUNDEB,ICMS,3871003352.46,SC,42,2024,6
2024,RREO,6,B,Governo do Estado de Santa Catarina,42,SC,7762154,RREO-Anexo 03,E,Padrão,TOTAL (ÚLTIMOS 12 MESES),ICMSLiquidoExcetoTransferenciasEFUNDEB,ICMS,42724622758.0,SC,42,2024,6
2024,RREO,6,B,Governo do Estado de Santa Catarina,42,SC,7762154,RREO-Anexo 03,E,Padrão,PREVISÃO ATUALIZADA 2024,ICMSLiquidoExcetoTransferenciasEFUNDEB,ICMS,38505245355.0,SC,42,2024,6
2024,RREO,6,B,Governo do Estado de Santa Catarina,42,SC,7762154,RREO-Anexo 03,E,Padrão,<MR-11>,IPVALiquidoExcetoTransferenciasEFUNDEB,IPVA,335841537.71,SC,42,2024,6
2024,RREO,6,B,Governo do Estado de Santa Catarina,42,SC,7762154,RREO-Anexo 03,E,Padrão,<MR-10>,IPVALiquidoExcetoTransferenciasEFUNDEB,IPVA,342217145.14,SC,42,2024,6
2024,RREO,6,B,Governo do Estado de Santa Catarina,42,SC,7762154,RREO-Anexo 03,E,Padrão,<MR-9>,IPVALiquidoExcetoTransferenciasEFUNDEB,IPVA,360919634.76,SC,42,2024,6
2024,RREO,6,B,Governo do Estado de Santa Catarina,42,SC,7762154,RREO-Anexo 03,E,Padrão,<MR-8>,IPVALiquidoExcetoTransferenciasEFUNDEB,IPVA,446999326.19,SC,42,2024,6
2024,RREO,6,B,Governo do Estado de Santa Catarina,42,SC,7762154,RREO-Anexo 03,E,Padrão,<MR-7>,IPVALiquidoExcetoTransferenciasEFUNDEB,IPVA,396577487.66,SC,42,2024,6
2024,RREO,6,B,Governo do Estado de Santa Catarina,42,SC,7762154,RREO-Anexo 03,E,Padrão,<MR-6>,IPVALiquidoExcetoTransferenciasEFUNDEB,IPVA,360317082.25,SC,42,2024,6
2024,RREO,6,B,Governo do Estado de Santa Catarina,42,SC,7762154,RREO-Anexo 03,E,Padrão,<MR-5>,IPVALiquidoExcetoTransferenciasEFUNDEB,IPVA,431573958.48,SC,42,2024,6
2024,RREO,6,B,Governo do Estado de Santa Catarina,42,SC,7762154,RREO-Anexo 03,E,Padrão,<MR-4>,IPVALiquidoExcetoTransferenciasEFUNDEB,IPVA,344693887.81,SC,42,2024,6
2024,RREO,6,B,Governo do Estado de Santa Catarina,42,SC,7762154,RREO-Anexo 03,E,Padrão,<MR-3>,IPVALiquidoExcetoTransferenciasEFUNDEB,IPVA,377795974.97,SC,42,2024,6
2024,RREO,6,B,Governo do Estado de Santa Catarina,42,SC,7762154,RREO-Anexo 03,E,Padrão,<MR-2>,IPVALiquidoExcetoTransferenciasEFUNDEB,IPVA,360652472.73,SC,42,2024,6
2024,RREO,6,B,Governo do Estado de Santa Catarina,42,SC,7762154,RREO-Anexo 03,E,Padrão,<MR-1>,IPVALiquidoExcetoTransferenciasEFUNDEB,IPVA,182023025.85,SC,42,2024,6
2024,RREO,6,B,Governo do Estado de Santa Catarina,42,SC,7762154,RREO-Anexo 03,E,Padrão,<MR>,IPVALiquidoExcetoTransferenciasEFUNDEB,IPVA,136577007.18,SC,42,2024,6
2024,RREO,6,B,Governo do Estado de Santa Catarina,42,SC,7762154,RREO-Anexo 03,E,Padrão,TOTAL (ÚLTIMOS 12 MESES),IPVALiquidoExcetoTransferenciasEFUNDEB,IPVA,4076188540.73,SC,42,2024,6
2024,RREO,6,B,Governo do Estado de Santa Catarina,42,SC,7762154,RREO-Anexo 03,E,Padrão,PREVISÃO ATUALIZADA 2024,IPVALiquidoExcetoTransferenciasEFUNDEB,IPVA,3780770622.0,SC,42,2024,6
2024,RREO,6,B,Governo do Estado de Santa Catarina,42,SC,7762154,RREO-Anexo 03,E,Padrão,<MR-11>,ITCDLiquidoExcetoTransferenciasEFUNDEB,ITCD,54050120.55,SC,42,2024,6
2024,RREO,6,B,Governo do Estado de Santa Catarina,42,SC,7762154,RREO-Anexo 03,E,Padrão,<MR-10>,ITCDLiquidoExcetoTransferenciasEFUNDEB,ITCD,82965332.7,SC,42,2024,6
2024,RREO,6,B,Governo do Estado de Santa Catarina,42,SC,7762154,RREO-Anexo 03,E,Padrão,<MR-9>,ITCDLiquidoExcetoTransferenciasEFUNDEB,ITCD,89975139.94,SC,42,2024,6
2024,RREO,6,B,Governo do Estado de Santa Catarina,42,SC,7762154,RREO-Anexo 03,E,Padrão,<MR-8>,ITCDLiquidoExcetoTransferenciasEFUNDEB,ITCD,98798961.84,SC,42,2024,6
2024,RREO,6,B,Governo do Estado de Santa Catarina,42,SC,7762154,RREO-Anexo 03,E,Padrão,<MR-7>,ITCDLiquidoExcetoTransferenciasEFUNDEB,ITCD,65614783.97,SC,42,2024,6
2024,RREO,6,B,Governo do Estado de Santa Catarina,42,SC,7762154,RREO-Anexo 03,E,Padrão,<MR-6>,ITCDLiquidoExcetoTransferenciasEFUNDEB,ITCD,74770906.26,SC,42,2024,6
2024,RREO,6,B,Governo do Estado de Santa Catarina,42,SC,7762154,RREO-Anexo 03,E,Padrão,<MR-5>,ITCDLiquidoExcetoTransferenciasEFUNDEB,ITCD,82348694.37,SC,42,2024,6
2024,RREO,6,B,Governo do Estado de Santa Catarina,42,SC,7762154,RREO-Anexo 03,E,Padrão,<MR-4>,ITCDLiquidoExcetoTransferenciasEFUNDEB,ITCD,99991856.33,SC,42,2024,6
2024,RREO,6,B,Governo do Estado de Santa Catarina,42,SC,7762154,RREO-Anexo 03,E,Padrão,<MR-3>,ITCDLiquidoExcetoTransferenciasEFUNDEB,ITCD,81230421.39,SC,42,2024,6
2024,RREO,6,B,Governo do Estado de Santa Catarina,42,SC,7762154,RREO-Anexo 03,E,Padrão,<MR-2>,ITCDLiquidoExcetoTransferenciasEFUNDEB,ITCD,102520938.86,SC,42,2024,6
2024,RREO,6,B,Governo do Estado de Santa Catarina,42,SC,7762154,RREO-Anexo 03,E,Padrão,<MR-1>,ITCDLiquidoExcetoTransferenciasEFUNDEB,ITCD,83543661.13,SC,42,2024,6
2024,RREO,6,B,Governo do Estado de Santa Catarina,42,SC,7762154,RREO-Anexo 03,E,Padrão,<MR>,ITCDLiquidoExcetoTransferenciasEFUNDEB,ITCD,131274267.24,SC,42,2024,6
2024,RREO,6,B,Governo do Estado de Santa Catarina,42,SC,7762154,RREO-Anexo 03,E,Padrão,TOTAL (ÚLTIMOS 12 MESES),ITCDLiquidoExcetoTransferenciasEFUNDEB,ITCD,1047085084.58,SC,42,2024,6
2024,RREO,6,B,Governo do Estado de Santa Catarina,42,SC,7762154,RREO-Anexo 03,E,Padrão,PREVISÃO ATUALIZADA 2024,ITCDLiquidoExcetoTransferenciasEFUNDEB,ITCD,999083773.0,SC,42,2024,6
2024,RREO,6,B,Governo do Estado do Rio Grande do Sul,43,RS,11088065,RREO-Anexo 03,E,Padrão,<MR-11>,ICMSLiquidoExcetoTransferenciasEFUNDEB,ICMS,4418897904.43,RS,43,2024,6
2024,RREO,6,B,Governo do Estado do Rio Grande do Sul,43,RS,11088065,RREO-Anexo 03,E,Padrão,<MR-10>,ICMSLiquidoExcetoTransferenciasEFUNDEB,ICMS,3756231102.71,RS,43,2024,6
2024,RREO,6,B,Governo do Estado do Rio Grande do Sul,43,RS,11088065,RREO-Anexo 03,E,Padrão,<MR-9>,ICMSLiquidoExcetoTransferenciasEFUNDEB,ICMS,3912240403.54,RS,43,2024,6
2024,RREO,6,B,Governo do Estado do Rio Grande do Sul,43,RS,11088065,RREO-Anexo 03,E,Padrão,<MR-8>,ICMSLiquidoExcetoTransferenciasEFUNDEB,ICMS,4256773804.22,RS,43,2024,6
2024,RREO,6,B,Governo do Estado do Rio Grande do Sul,43,RS,11088065,RREO-Anexo 03,E,Padrão,<MR-7>,ICMSLiquidoExcetoTransferenciasEFUNDEB,ICMS,3280696466.08,RS,43,2024,6
2024,RREO,6,B,Governo do Estado do Rio Grande do Sul,43,RS,11088065,RREO-Anexo 03,E,Padrão,<MR-6>,ICMSLiquidoExcetoTransferenciasEFUNDEB,ICMS,3603033777.37,RS,43,2024,6
2024,RREO,6,B,Governo do Estado do Rio Grande do Sul,43,RS,11088065,RREO-Anexo 03,E,Padrão,<MR-5>,ICMSLiquidoExcetoTransferenciasEFUNDEB,ICMS,4452348997.04,RS,43,2024,6
2024,RREO,6,B,Governo do Estado do Rio Grande do Sul,43,RS,11088065,RREO-Anexo 03,E,Padrão,<MR-4>,ICMSLiquidoExcetoTransferenciasEFUNDEB,ICMS,4985951336.47,RS,43,2024,6
2024,RREO,6,B,Governo do Estado do Rio Grande do Sul,43,RS,11088065,RREO-Anexo 03,E,Padrão,<MR-3>,ICMSLiquidoExcetoTransferenciasEFUNDEB,ICMS,4562204435.64,RS,43,2024,6
2024,RREO,6,B,Governo do Estado do Rio Grande do Sul,43,RS,11088065,RREO-Anexo 03,E,Padrão,<MR-2>,ICMSLiquidoExcetoTransferenciasEFUNDEB,ICMS,4137226871.88,RS,43,2024,6
2024,RREO,6,B,Governo do Estado do Rio Grande do Sul,43,RS,11088065,RREO-Anexo 03,E,Padrão,<MR-1>,ICMSLiquidoExcetoTransferenciasEFUNDEB,ICMS,4630873790.09,RS,43,2024,6
2024,RREO,6,B,Governo do Estado do Rio Grande do Sul,43,RS,11088065,RREO-Anexo 03,E,Padrão,<MR>,ICMSLiquidoExcetoTransferenciasEFUNDEB,ICMS,4614436230.08,RS,43,2024,6
2024,RREO,6,B,Governo do Estado do Rio Grande do Sul,43,RS,11088065,RREO-Anexo 03,E,Padrão,TOTAL (ÚLTIMOS 12 MESES),ICMSLiquidoExcetoTransferenciasEFUNDEB,ICMS,50610915119.55,RS,43,2024,6
2024,RREO,6,B,Governo do Estado do Rio Grande do Sul,43,RS,11088065,RREO-Anexo 03,E,Padrão,PREVISÃO ATUALIZADA 2024,ICMSLiquidoExcetoTransferenciasEFUNDEB,ICMS,46870000000.0,RS,43,2024,6
2024,RREO,6,B,Governo do Estado do Rio Grande do Sul,43,RS,11088065,RREO-Anexo 03,E,Padrão,<MR-11>,IPVALiquidoExcetoTransferenciasEFUNDEB,IPVA,622769873.38,RS,43,2024,6
2024,RREO,6,B,Governo do Estado do Rio Grande do Sul,43,RS,11088065,RREO-Anexo 03,E,Padrão,<MR-10>,IPVALiquidoExcetoTransferenciasEFUNDEB,IPVA,347637568.91,RS,43,2024,6
2024,RREO,6,B,Governo do Estado do Rio Grande do Sul,43,RS,11088065,RREO-Anexo 03,E,Padrão,<MR-9>,IPVALiquidoExcetoTransferenciasEFUNDEB,IPVA,406795786.71,RS,43,2024,6
2024,RREO,6,B,Governo do Estado do Rio Grande do Sul,43,RS,11088065,RREO-Anexo 03,E,Padrão,<MR-8>,IPVALiquidoExcetoTransferenciasEFUNDEB,IPVA,935921966.38,RS,43,2024,6
2024,RREO,6,B,Governo do Estado do Rio Grande do Sul,43,RS,11088065,RREO-Anexo 03,E,Padrão,<MR-7>,IPVALiquidoExcetoTransferenciasEFUNDEB,IPVA,173905257.82,RS,43,2024,6
2024,RREO,6,B,Governo do Estado do Rio Grande do Sul,43,RS,11088065,RREO-Anexo 03,E,Padrão,<MR-6>,IPVALiquidoExcetoTransferenciasEFUNDEB,IPVA,375498714.9,RS,43,2024,6
2024,RREO,6,B,Governo do Estado do Rio Grande do Sul,43,RS,11088065,RREO-Anexo 03,E,Padrão,<MR-5>,IPVALiquidoExcetoTransferenciasEFUNDEB,IPVA,266004361.38,RS,43,2024,6
2024,RREO,6,B,Governo do Estado do Rio Grande do Sul,43,RS,11088065,RREO-Anexo 03,E,Padrão,<MR-4>,IPVALiquidoExcetoTransferenciasEFUNDEB,IPVA,142701019.97,RS,43,2024,6
2024,RREO,6,B,Governo do Estado do Rio Grande do Sul,43,RS,11088065,RREO-Anexo 03,E,Padrão,<MR-3>,IPVALiquidoExcetoTransferenciasEFUNDEB,IPVA,99148610.37,RS,43,2024,6
2024,RREO,6,B,Governo do Estado do Rio Grande do Sul,43,RS,11088065,RREO-Anexo 03,E,Padrão,<MR-2>,IPVALiquidoExcetoTransferenciasEFUNDEB,IPVA,75325586.39,RS,43,2024,6
2024,RREO,6,B,Governo do Estado do Rio Grande do Sul,43,RS,11088065,RREO-Anexo 03,E,Padrão,<MR-1>,IPVALiquidoExcetoTransferenciasEFUNDEB,IPVA,51365523.32,RS,43,2024,6
2024,RREO,6,B,Governo do Estado do Rio Grande do Sul,43,RS,11088065,RREO-Anexo 03,E,Padrão,<MR>,IPVALiquidoExcetoTransferenciasEFUNDEB,IPVA,1981787351.62,RS,43,2024,6
2024,RREO,6,B,Governo do Estado do Rio Grande do Sul,43,RS,11088065,RREO-Anexo 03,E,Padrão,TOTAL (ÚLTIMOS 12 MESES),IPVALiquidoExcetoTransferenciasEFUNDEB,IPVA,5478861621.15,RS,43,2024,6
2024,RREO,6,B,Governo do Estado do Rio Grande do Sul,43,RS,11088065,RREO-Anexo 03,E,Padrão,PREVISÃO ATUALIZADA 2024,IPVALiquidoExcetoTransferenciasEFUNDEB,IPVA,5234000000.0,RS,43,2024,6
2024,RREO,6,B,Governo do Estado do Rio Grande do Sul,43,RS,11088065,RREO-Anexo 03,E,Padrão,<MR-11>,ITCDLiquidoExcetoTransferenciasEFUNDEB,ITCD,85818318.69,RS,43,2024,6
2024,RREO,6,B,Governo do Estado do Rio Grande do Sul,43,RS,11088065,RREO-Anexo 03,E,Padrão,<MR-10>,ITCDLiquidoExcetoTransferenciasEFUNDEB,ITCD,70423757.48,RS,43,2024,6
2024,RREO,6,B,Governo do Estado do Rio Grande do Sul,43,RS,11088065,RREO-Anexo 03,E,Padrão,<MR-9>,ITCDLiquidoExcetoTransferenciasEFUNDEB,ITCD,75712232.68,RS,43,2024,6
2024,RREO,6,B,Governo do Estado do Rio Grande do Sul,43,RS,11088065,RREO-Anexo 03,E,Padrão,<MR-8>,ITCDLiquidoExcetoTransferenciasEFUNDEB,ITCD,111097368.83,RS,43,2024,6
2024,RREO,6,B,Governo do Estado do Rio Grande do Sul,43,RS,11088065,RREO-Anexo 03,E,Padrão,<MR-7>,ITCDLiquidoExcetoTransferenciasEFUNDEB,ITCD,41341341.31,RS,43,2024,6
2024,RREO,6,B,Governo do Estado do Rio Grande do Sul,43,RS,11088065,RREO-Anexo 03,E,Padrão,<MR-6>,ITCDLiquidoExcetoTransferenciasEFUNDEB,ITCD,80693001.22,RS,43,2024,6
2024,RREO,6,B,Governo do Estado do Rio Grande do Sul,43,RS,11088065,RREO-Anexo 03,E,Padrão,<MR-5>,ITCDLiquidoExcetoTransferenciasEFUNDEB,ITCD,132857676.54,RS,43,2024,6
2024,RREO,6,B,Governo do Estado do Rio Grande do Sul,43,RS,11088065,RREO-Anexo 03,E,Padrão,<MR-4>,ITCDLiquidoExcetoTransferenciasEFUNDEB,ITCD,131497090.53,RS,43,2024,6
2024,RREO,6,B,Governo do Estado do Rio Grande do Sul,43,RS,11088065,RREO-Anexo 03,E,Padrão,<MR-3>,ITCDLiquidoExcetoTransferenciasEFUNDEB,ITCD,210028264.81,RS,43,2024,6
2024,RREO,6,B,Governo do Estado do Rio Grande do Sul,43,RS,11088065,RREO-Anexo 03,E,Padrão,<MR-2>,ITCDLiquidoExcetoTransferenciasEFUNDEB,ITCD,141989961.86,RS,43,2024,6
2024,RREO,6,B,Governo do Estado do Rio Grande do Sul,43,RS,11088065,RREO-Anexo 03,E,Padrão,<MR-1>,ITCDLiquidoExcetoTransferenciasEFUNDEB,ITCD,158832519.3,RS,43,2024,6
2024,RREO,6,B,Governo do Estado do Rio Grande do Sul,43,RS,11088065,RREO-Anexo 03,E,Padrão,<MR>,ITCDLiquidoExcetoTransferenciasEFUNDEB,ITCD,416212880.68,RS,43,2024,6
2024,RREO,6,B,Governo do Estado do Rio Grande do Sul,43,RS,11088065,RREO-Anexo 03,E,Padrão,TOTAL (ÚLTIMOS 12 MESES),ITCDLiquidoExcetoTransferenciasEFUNDEB,ITCD,1656504413.93,RS,43,2024,6
2024,RREO,6,B,Governo do Estado do Rio Grande do Sul,43,RS,11088065,RREO-Anexo 03,E,Padrão,PREVISÃO ATUALIZADA 2024,ITCDLiquidoExcetoTransferenciasEFUNDEB,ITCD,1129000000.0,RS,43,2024,6
2024,RREO,6,B,Governo do Estado do Mato Grosso do Sul,50,MS,2833742,RREO-Anexo 03,E,Padrão,<MR-11>,ICMSLiquidoExcetoTransferenciasEFUNDEB,ICMS,1467500137.3,MS,50,2024,6
2024,RREO,6,B,Governo do Estado do Mato Grosso do Sul,50,MS,2833742,RREO-Anexo 03,E,Padrão,<MR-10>,ICMSLiquidoExcetoTransferenciasEFUNDEB,ICMS,1369472337.45,MS,50,2024,6
2024,RREO,6,B,Governo do Estado do Mato Grosso do Sul,50,MS,2833742,RREO-Anexo 03,E,Padrão,<MR-9>,ICMSLiquidoExcetoTransferenciasEFUNDEB,ICMS,1306643144.97,MS,50,2024,6
2024,RREO,6,B,Governo do Estado do Mato Grosso do Sul,50,MS,2833742,RREO-Anexo 03,E,Padrão,<MR-8>,ICMSLiquidoExcetoTransferenciasEFUNDEB,ICMS,1401922913.43,MS,50,2024,6
2024,RREO,6,B,Governo do Estado do Mato Grosso do Sul,50,MS,2833742,RREO-Anexo 03,E,Padrão,<MR-7>,ICMSLiquidoExcetoTransferenciasEFUNDEB,ICMS,1330377447.93,MS,50,2024,6
2024,RREO,6,B,Governo do Estado do Mato Grosso do Sul,50,MS,2833742,RREO-Anexo 03,E,Padrão,<MR-6>,ICMSLiquidoExcetoTransferenciasEFUNDEB,ICMS,1362003868.83,MS,50,2024,6
2024,RREO,6,B,Governo do Estado do Mato Grosso do Sul,50,MS,2833742,RREO-Anexo 03,E,Padrão,<MR-5>,ICMSLiquidoExcetoTransferenciasEFUNDEB,ICMS,1414758578.83,MS,50,2024,6
2024,RREO,6,B,Governo do Estado do Mato Grosso do Sul,50,MS,2833742,RREO-Anexo 03,E,Padrão,<MR-4>,ICMSLiquidoExcetoTransferenciasEFUNDEB,ICMS,1440396126.82,MS,50,2024,6
2024,RREO,6,B,Governo do Estado do Mato Grosso do Sul,50,MS,2833742,RREO-Anexo 03,E,Padrão,<MR-3>,ICMSLiquidoExcetoTransferenciasEFUNDEB,ICMS,1454537706.63,MS,50,2024,6
2024,RREO,6,B,Governo do Estado do Mato Grosso do Sul,50,MS,2833742,RREO-Anexo 03,E,Padrão,<MR-2>,ICMSLiquidoExcetoTransferenciasEFUNDEB,ICMS,1481748999.1,MS,50,2024,6
2024,RREO,6,B,Governo do Estado do Mato Grosso do Sul,50,MS,2833742,RREO-Anexo 03,E,Padrão,<MR-1>,ICMSLiquidoExcetoTransferenciasEFUNDEB,ICMS,1517481579.06,MS,50,2024,6
2024,RREO,6,B,Governo do Estado do Mato Grosso do Sul,50,MS,2833742,RREO-Anexo 03,E,Padrão,<MR>,ICMSLiquidoExcetoTransferenciasEFUNDEB,ICMS,1483815862.98,MS,50,2024,6
2024,RREO,6,B,Governo do Estado do Mato Grosso do Sul,50,MS,2833742,RREO-Anexo 03,E,Padrão,TOTAL (ÚLTIMOS 12 MESES),ICMSLiquidoExcetoTransferenciasEFUNDEB,ICMS,17030658703.33,MS,50,2024,6
2024,RREO,6,B,Governo do Estado do Mato Grosso do Sul,50,MS,2833742,RREO-Anexo 03,E,Padrão,PREVISÃO ATUALIZADA 2024,ICMSLiquidoExcetoTransferenciasEFUNDEB,ICMS,16770659400.0,MS,50,2024,6
2024,RREO,6,B,Governo do Estado do Mato Grosso do Sul,50,MS,2833742,RREO-Anexo 03,E,Padrão,<MR-11>,IPVALiquidoExcetoTransferenciasEFUNDEB,IPVA,553172384.62,MS,50,2024,6
2024,RREO,6,B,Governo do Estado do Mato Grosso do Sul,50,MS,2833742,RREO-Anexo 03,E,Padrão,<MR-10>,IPVALiquidoExcetoTransferenciasEFUNDEB,IPVA,87533124.17,MS,50,2024,6
2024,RREO,6,B,Governo do Estado do Mato Grosso do Sul,50,MS,2833742,RREO-Anexo 03,E,Padrão,<MR-9>,IPVALiquidoExcetoTransferenciasEFUNDEB,IPVA,73512843.23,MS,50,2024,6
2024,RREO,6,B,Governo do Estado do Mato Grosso do Sul,50,MS,2833742,RREO-Anexo 03,E,Padrão,<MR-8>,IPVALiquidoExcetoTransferenciasEFUNDEB,IPVA,86491344.11,MS,50,2024,6
2024,RREO,6,B,Governo do Estado do Mato Grosso do Sul,50,MS,2833742,RREO-Anexo 03,E,Padrão,<MR-7>,IPVALiquidoExcetoTransferenciasEFUNDEB,IPVA,75389459.32,MS,50,2024,6
2024,RREO,6,B,Governo do Estado do Mato Grosso do Sul,50,MS,2833742,RREO-Anexo 03,E,Padrão,<MR-6>,IPVALiquidoExcetoTransferenciasEFUNDEB,IPVA,44670386.93,MS,50,2024,6
2024,RREO,6,B,Governo do Estado do Mato Grosso do Sul,50,MS,2833742,RREO-Anexo 03,E,Padrão,<MR-5>,IPVALiquidoExcetoTransferenciasEFUNDEB,IPVA,39973623.61,MS,50,2024,6
2024,RREO,6,B,Governo do Estado do Mato Grosso do Sul,50,MS,2833742,RREO-Anexo 03,E,Padrão,<MR-4>,IPVALiquidoExcetoTransferenciasEFUNDEB,IPVA,30695916.5,MS,50,2024,6
2024,RREO,6,B,Governo do Estado do Mato Grosso do Sul,50,MS,2833742,RREO-Anexo 03,E,Padrão,<MR-3>,IPVALiquidoExcetoTransferenciasEFUNDEB,IPVA,27338946.81,MS,50,2024,6
2024,RREO,6,B,Governo do Estado do Mato Grosso do Sul,50,MS,2833742,RREO-Anexo 03,E,Padrão,<MR-2>,IPVALiquidoExcetoTransferenciasEFUNDEB,IPVA,25229524.15,MS,50,2024,6
2024,RREO,6,B,Governo do Estado do Mato Grosso do Sul,50,MS,2833742,RREO-Anexo 03,E,Padrão,<MR-1>,IPVALiquidoExcetoTransferenciasEFUNDEB,IPVA,18680562.34,MS,50,2024,6
2024,RREO,6,B,Governo do Estado do Mato Grosso do Sul,50,MS,2833742,RREO-Anexo 03,E,Padrão,<MR>,IPVALiquidoExcetoTransferenciasEFUNDEB,IPVA,76991111.57,MS,50,2024,6
2024,RREO,6,B,Governo do Estado do Mato Grosso do Sul,50,MS,2833742,RREO-Anexo 03,E,Padrão,TOTAL (ÚLTIMOS 12 MESES),IPVALiquidoExcetoTransferenciasEFUNDEB,IPVA,1139679227.36,MS,50,2024,6
2024,RREO,6,B,Governo do Estado do Mato Grosso do Sul,50,MS,2833742,RREO-Anexo 03,E,Padrão,PREVISÃO ATUALIZADA 2024,IPVALiquidoExcetoTransferenciasEFUNDEB,IPVA,1047799700.0,MS,50,2024,6
2024,RREO,6,B,Governo do Estado do Mato Grosso do Sul,50,MS,2833742,RREO-Anexo 03,E,Padrão,<MR-11>,ITCDLiquidoExcetoTransferenciasEFUNDEB,ITCD,64217127.75,MS,50,2024,6
2024,RREO,6,B,Governo do Estado do Mato Grosso do Sul,50,MS,2833742,RREO-Anexo 03,E,Padrão,<MR-10>,ITCDLiquidoExcetoTransferenciasEFUNDEB,ITCD,18658180.71,MS,50,2024,6
2024,RREO,6,B,Governo do Estado do Mato Grosso do Sul,50,MS,2833742,RREO-Anexo 03,E,Padrão,<MR-9>,ITCDLiquidoExcetoTransferenciasEFUNDEB,ITCD,31090766.45,MS,50,2024,6
2024,RREO,6,B,Governo do Estado do Mato Grosso do Sul,50,MS,2833742,RREO-Anexo 03,E,Padrão,<MR-8>,ITCDLiquidoExcetoTransferenciasEFUNDEB,ITCD,75351519.57,MS,50,2024,6
2024,RREO,6,B,Governo do Estado do Mato Grosso do Sul,50,MS,2833742,RREO-Anexo 03,E,Padrão,<MR-7>,ITCDLiquidoExcetoTransferenciasEFUNDEB,ITCD,25999344.16,MS,50,2024,6
2024,RREO,6,B,Governo do Estado do Mato Grosso do Sul,50,MS,2833742,RREO-Anexo 03,E,Padrão,<MR-6>,ITCDLiquidoExcetoTransferenciasEFUNDEB,ITCD,25802156.96,MS,50,2024,6
2024,RREO,6,B,Governo do Estado do Mato Grosso do Sul,50,MS,2833742,RREO-Anexo 03,E,Padrão,<MR-5>,ITCDLiquidoExcetoTransferenciasEFUNDEB,ITCD,23661284.86,MS,50,2024,6
2024,RREO,6,B,Governo do Estado do Mato Grosso do Sul,50,MS,2833742,RREO-Anexo 03,E,Padrão,<MR-4>,ITCDLiquidoExcetoTransferenciasEFUNDEB,ITCD,42879112.46,MS,50,2024,6
2024,RREO,6,B,Governo do Estado do Mato Grosso do Sul,50,MS,2833742,RREO-Anexo 03,E,Padrão,<MR-3>,ITCDLiquidoExcetoTransferenciasEFUNDEB,ITCD,38657827.16,MS,50,2024,6
2024,RREO,6,B,Governo do Estado do Mato Grosso do Sul,50,MS,2833742,RREO-Anexo 03,E,Padrão,<MR-2>,ITCDLiquidoExcetoTransferenciasEFUNDEB,ITCD,41827113.83,MS,50,2024,6
2024,RREO,6,B,Governo do Estado do Mato Grosso do Sul,50,MS,2833742,RREO-Anexo 03,E,Padrão,<MR-1>,ITCDLiquidoExcetoTransferenciasEFUNDEB,ITCD,24710245.13,MS,50,2024,6
2024,RREO,6,B,Governo do Estado do Mato Grosso do Sul,50,MS,2833742,RREO-Anexo 03,E,Padrão,<MR>,ITCDLiquidoExcetoTransferenciasEFUNDEB,ITCD,61972479.72,MS,50,2024,6
2024,RREO,6,B,Governo do Estado do Mato Grosso do Sul,50,MS,2833742,RREO-Anexo 03,E,Padrão,TOTAL (ÚLTIMOS 12 MESES),ITCDLiquidoExcetoTransferenciasEFUNDEB,ITCD,474827158.76,MS,50,2024,6
2024,RREO,6,B,Governo do Estado do Mato Grosso do Sul,50,MS,2833742,RREO-Anexo 03,E,Padrão,PREVISÃO ATUALIZADA 2024,ITCDLiquidoExcetoTransferenciasEFUNDEB,ITCD,461137300.0,MS,50,2024,6
2024,RREO,6,B,Governo do Estado do Mato Grosso,51,MT,3784239,RREO-Anexo 03,E,Padrão,<MR-11>,ICMSLiquidoExcetoTransferenciasEFUNDEB,ICMS,1908672423.37,MT,51,2024,6
2024,RREO,6,B,Governo do Estado do Mato Grosso,51,MT,3784239,RREO-Anexo 03,E,Padrão,<MR-10>,ICMSLiquidoExcetoTransferenciasEFUNDEB,ICMS,1772881134.29,MT,51,2024,6
2024,RREO,6,B,Governo do Estado do Mato Grosso,51,MT,3784239,RREO-Anexo 03,E,Padrão,<MR-9>,ICMSLiquidoExcetoTransferenciasEFUNDEB,ICMS,1745929221.34,MT,51,2024,6
2024,RREO,6,B,Governo do Estado do Mato Grosso,51,MT,3784239,RREO-Anexo 03,E,Padrão,<MR-8>,ICMSLiquidoExcetoTransferenciasEFUNDEB,ICMS,1707506508.65,MT,51,2024,6
2024,RREO,6,B,Governo do Estado do Mato Grosso,51,MT,3784239,RREO-Anexo 03,E,Padrão,<MR-7>,ICMSLiquidoExcetoTransferenciasEFUNDEB,ICMS,1752310122.08,MT,51,2024,6
2024,RREO,6,B,Governo do Estado do Mato Grosso,51,MT,3784239,RREO-Anexo 03,E,Padrão,<MR-6>,ICMSLiquidoExcetoTransferenciasEFUNDEB,ICMS,1828826568.97,MT,51,2024,6
2024,RREO,6,B,Governo do Estado do Mato Grosso,51,MT,3784239,RREO-Anexo 03,E,Padrão,<MR-5>,ICMSLiquidoExcetoTransferenciasEFUNDEB,ICMS,1918981282.26,MT,51,2024,6
2024,RREO,6,B,Governo do Estado do Mato Grosso,51,MT,3784239,RREO-Anexo 03,E,Padrão,<MR-4>,ICMSLiquidoExcetoTransferenciasEFUNDEB,ICMS,2006798449.8,MT,51,2024,6
2024,RREO,6,B,Governo do Estado do Mato Grosso,51,MT,3784239,RREO-Anexo 03,E,Padrão,<MR-3>,ICMSLiquidoExcetoTransferenciasEFUNDEB,ICMS,2091455612.91,MT,51,2024,6
2024,RREO,6,B,Governo do Estado do Mato Grosso,51,MT,3784239,RREO-Anexo 03,E,Padrão,<MR-2>,ICMSLiquidoExcetoTransferenciasEFUNDEB,ICMS,2054956634.0,MT,51,2024,6
2024,RREO,6,B,Governo do Estado do Mato Grosso,51,MT,3784239,RREO-Anexo 03,E,Padrão,<MR-1>,ICMSLiquidoExcetoTransferenciasEFUNDEB,ICMS,2214353795.86,MT,51,2024,6
2024,RREO,6,B,Governo do Estado do Mato Grosso,51,MT,3784239,RREO-Anexo 03,E,Padrão,<MR>,ICMSLiquidoExcetoTransferenciasEFUNDEB,ICMS,2084211168.93,MT,51,2024,6
2024,RREO,6,B,Governo do Estado do Mato Grosso,51,MT,3784239,RREO-Anexo 03,E,Padrão,TOTAL (ÚLTIMOS 12 MESES),ICMSLiquidoExcetoTransferenciasEFUNDEB,ICMS,23086882922.46,MT,51,2024,6
2024,RREO,6,B,Governo do Estado do Mato Grosso,51,MT,3784239,RREO-Anexo 03,E,Padrão,PREVISÃO ATUALIZADA 2024,ICMSLiquidoExcetoTransferenciasEFUNDEB,ICMS,20273358199.0,MT,51,2024,6
2024,RREO,6,B,Governo do Estado do Mato Grosso,51,MT,3784239,RREO-Anexo 03,E,Padrão,<MR-11>,IPVALiquidoExcetoTransferenciasEFUNDEB,IPVA,86331546.99,MT,51,2024,6
2024,RREO,6,B,Governo do Estado do Mato Grosso,51,MT,3784239,RREO-Anexo 03,E,Padrão,<MR-10>,IPVALiquidoExcetoTransferenciasEFUNDEB,IPVA,88522788.41,MT,51,2024,6
2024,RREO,6,B,Governo do Estado do Mato Grosso,51,MT,3784239,RREO-Anexo 03,E,Padrão,<MR-9>,IPVALiquidoExcetoTransferenciasEFUNDEB,IPVA,108952056.67,MT,51,2024,6
2024,RREO,6,B,Governo do Estado do Mato Grosso,51,MT,3784239,RREO-Anexo 03,E,Padrão,<MR-8>,IPVALiquidoExcetoTransferenciasEFUNDEB,IPVA,158382461.4,MT,51,2024,6
2024,RREO,6,B,Governo do Estado do Mato Grosso,51,MT,3784239,RREO-Anexo 03,E,Padrão,<MR-7>,IPVALiquidoExcetoTransferenciasEFUNDEB,IPVA,567886946.2,MT,51,2024,6
2024,RREO,6,B,Governo do Estado do Mato Grosso,51,MT,3784239,RREO-Anexo 03,E,Padrão,<MR-6>,IPVALiquidoExcetoTransferenciasEFUNDEB,IPVA,171560708.34,MT,51,2024,6
2024,RREO,6,B,Governo do Estado do Mato Grosso,51,MT,3784239,RREO-Anexo 03,E,Padrão,<MR-5>,IPVALiquidoExcetoTransferenciasEFUNDEB,IPVA,160023073.36,MT,51,2024,6
2024,RREO,6,B,Governo do Estado do Mato Grosso,51,MT,3784239,RREO-Anexo 03,E,Padrão,<MR-4>,IPVALiquidoExcetoTransferenciasEFUNDEB,IPVA,116518893.38,MT,51,2024,6
2024,RREO,6,B,Governo do Estado do Mato Grosso,51,MT,3784239,RREO-Anexo 03,E,Padrão,<MR-3>,IPVALiquidoExcetoTransferenciasEFUNDEB,IPVA,95967957.86,MT,51,2024,6
2024,RREO,6,B,Governo do Estado do Mato Grosso,51,MT,3784239,RREO-Anexo 03,E,Padrão,<MR-2>,IPVALiquidoExcetoTransferenciasEFUNDEB,IPVA,85418598.66,MT,51,2024,6
2024,RREO,6,B,Governo do Estado do Mato Grosso,51,MT,3784239,RREO-Anexo 03,E,Padrão,<MR-1>,IPVALiquidoExcetoTransferenciasEFUNDEB,IPVA,63907579.96,MT,51,2024,6
2024,RREO,6,B,Governo do Estado do Mato Grosso,51,MT,3784239,RREO-Anexo 03,E,Padrão,<MR>,IPVALiquidoExcetoTransferenciasEFUNDEB,IPVA,63573885.8,MT,51,2024,6
2024,RREO,6,B,Governo do Estado do Mato Grosso,51,MT,3784239,RREO-Anexo 03,E,Padrão,TOTAL (ÚLTIMOS 12 MESES),IPVALiquidoExcetoTransferenciasEFUNDEB,IPVA,1767046497.03,MT,51,2024,6
2024,RREO,6,B,Governo do Estado do Mato Grosso,51,MT,3784239,RREO-Anexo 03,E,Padrão,PREVISÃO ATUALIZADA 2024,IPVALiquidoExcetoTransferenciasEFUNDEB,IPVA,1079163546.0,MT,51,2024,6
2024,RREO,6,B,Governo do Estado do Mato Grosso,51,MT,3784239,RREO-Anexo 03,E,Padrão,<MR-11>,ITCDLiquidoExcetoTransferenciasEFUNDEB,ITCD,10228981.14,MT,51,2024,6
2024,RREO,6,B,Governo do Estado do Mato Grosso,51,MT,3784239,RREO-Anexo 03,E,Padrão,<MR-10>,ITCDLiquidoExcetoTransferenciasEFUNDEB,ITCD,17980522.32,MT,51,2024,6
2024,RREO,6,B,Governo do Estado do Mato Grosso,51,MT,3784239,RREO-Anexo 03,E,Padrão,<MR-9>,ITCDLiquidoExcetoTransferenciasEFUNDEB,ITCD,10216466.93,MT,51,2024,6
2024,RREO,6,B,Governo do Estado do Mato Grosso,51,MT,3784239,RREO-Anexo 03,E,Padrão,<MR-8>,ITCDLiquidoExcetoTransferenciasEFUNDEB,ITCD,18542832.59,MT,51,2024,6
2024,RREO,6,B,Governo do Estado do Mato Grosso,51,MT,3784239,RREO-Anexo 03,E,Padrão,<MR-7>,ITCDLiquidoExcetoTransferenciasEFUNDEB,ITCD,8982619.38,MT,51,2024,6
2024,RREO,6,B,Governo do Estado do Mato Grosso,51,MT,3784239,RREO-Anexo 03,E,Padrão,<MR-6>,ITCDLiquidoExcetoTransferenciasEFUNDEB,ITCD,19677800.58,MT,51,2024,6
2024,RREO,6,B,Governo do Estado do Mato Grosso,51,MT,3784239,RREO-Anexo 03,E,Padrão,<MR-5>,ITCDLiquidoExcetoTransferenciasEFUNDEB,ITCD,18032458.39,MT,51,2024,6
2024,RREO,6,B,Governo do Estado do Mato Grosso,51,MT,3784239,RREO-Anexo 03,E,Padrão,<MR-4>,ITCDLiquidoExcetoTransferenciasEFUNDEB,ITCD,23574793.89,MT,51,2024,6
2024,RREO,6,B,Governo do Estado do Mato Grosso,51,MT,3784239,RREO-Anexo 03,E,Padrão,<MR-3>,ITCDLiquidoExcetoTransferenciasEFUNDEB,ITCD,20040012.25,MT,51,2024,6
2024,RREO,6,B,Governo do Estado do Mato Grosso,51,MT,3784239,RREO-Anexo 03,E,Padrão,<MR-2>,ITCDLiquidoExcetoTransferenciasEFUNDEB,ITCD,15696746.09,MT,51,2024,6
2024,RREO,6,B,Governo do Estado do Mato Grosso,51,MT,3784239,RREO-Anexo 03,E,Padrão,<MR-1>,ITCDLiquidoExcetoTransferenciasEFUNDEB,ITCD,15044809.67,MT,51,2024,6
2024,RREO,6,B,Governo do Estado do Mato Grosso,51,MT,3784239,RREO-Anexo 03,E,Padrão,<MR>,ITCDLiquidoExcetoTransferenciasEFUNDEB,ITCD,27311687.59,MT,51,2024,6
2024,RREO,6,B,Governo do Estado do Mato Grosso,51,MT,3784239,RREO-Anexo 03,E,Padrão,TOTAL (ÚLTIMOS 12 MESES),ITCDLiquidoExcetoTransferenciasEFUNDEB,ITCD,205329730.82,MT,51,2024,6
2024,RREO,6,B,Governo do Estado do Mato Grosso,51,MT,3784239,RREO-Anexo 03,E,Padrão,PREVISÃO ATUALIZADA 2024,ITCDLiquidoExcetoTransferenciasEFUNDEB,ITCD,170259453.0,MT,51,2024,6
2024,RREO,6,B,Governo do Estado de Goiás,52,GO,6950976,RREO-Anexo 03,E,Padrão,<MR-11>,ICMSLiquidoExcetoTransferenciasEFUNDEB,ICMS,2234712650.42,GO,52,2024,6
2024,RREO,6,B,Governo do Estado de Goiás,52,GO,6950976,RREO-Anexo 03,E,Padrão,<MR-10>,ICMSLiquidoExcetoTransferenciasEFUNDEB,ICMS,2099292372.05,GO,52,2024,6
2024,RREO,6,B,Governo do Estado de Goiás,52,GO,6950976,RREO-Anexo 03,E,Padrão,<MR-9>,ICMSLiquidoExcetoTransferenciasEFUNDEB,ICMS,2012961996.31,GO,52,2024,6
2024,RREO,6,B,Governo do Estado de Goiás,52,GO,6950976,RREO-Anexo 03,E,Padrão,<MR-8>,ICMSLiquidoExcetoTransferenciasEFUNDEB,ICMS,2403564807.36,GO,52,2024,6
2024,RREO,6,B,Governo do Estado de Goiás,52,GO,6950976,RREO-Anexo 03,E,Padrão,<MR-7>,ICMSLiquidoExcetoTransferenciasEFUNDEB,ICMS,2341255458.23,GO,52,2024,6
2024,RREO,6,B,Governo do Estado de Goiás,52,GO,6950976,RREO-Anexo 03,E,Padrão,<MR-6>,ICMSLiquidoExcetoTransferenciasEFUNDEB,ICMS,2513941832.24,GO,52,2024,6
2024,RREO,6,B,Governo do Estado de Goiás,52,GO,6950976,RREO-Anexo 03,E,Padrão,<MR-5>,ICMSLiquidoExcetoTransferenciasEFUNDEB,ICMS,2798365293.36,GO,52,2024,6
2024,RREO,6,B,Governo do Estado de Goiás,52,GO,6950976,RREO-Anexo 03,E,Padrão,<MR-4>,ICMSLiquidoExcetoTransferenciasEFUNDEB,ICMS,2536523339.57,GO,52,2024,6
2024,RREO,6,B,Governo do Estado de Goiás,52,GO,6950976,RREO-Anexo 03,E,Padrão,<MR-3>,ICMSLiquidoExcetoTransferenciasEFUNDEB,ICMS,2467197337.52,GO,52,2024,6
2024,RREO,6,B,Governo do Estado de Goiás,52,GO,6950976,RREO-Anexo 03,E,Padrão,<MR-2>,ICMSLiquidoExcetoTransferenciasEFUNDEB,ICMS,2664285647.7,GO,52,2024,6
2024,RREO,6,B,Governo do Estado de Goiás,52,GO,6950976,RREO-Anexo 03,E,Padrão,<MR-1>,ICMSLiquidoExcetoTransferenciasEFUNDEB,ICMS,2612891901.75,GO,52,2024,6
2024,RREO,6,B,Governo do Estado de Goiás,52,GO,6950976,RREO-Anexo 03,E,Padrão,<MR>,ICMSLiquidoExcetoTransferenciasEFUNDEB,ICMS,2530651773.2,GO,52,2024,6
2024,RREO,6,B,Governo do Estado de Goiás,52,GO,6950976,RREO-Anexo 03,E,Padrão,TOTAL (ÚLTIMOS 12 MESES),ICMSLiquidoExcetoTransferenciasEFUNDEB,ICMS,29215644409.71,GO,52,2024,6
2024,RREO,6,B,Governo do Estado de Goiás,52,GO,6950976,RREO-Anexo 03,E,Padrão,PREVISÃO ATUALIZADA 2024,ICMSLiquidoExcetoTransferenciasEFUNDEB,ICMS,25490997000.0,GO,52,2024,6
2024,RREO,6,B,Governo do Estado de Goiás,52,GO,6950976,RREO-Anexo 03,E,Padrão,<MR-11>,IPVALiquidoExcetoTransferenciasEFUNDEB,IPVA,353522005.01,GO,52,2024,6
2024,RREO,6,B,Governo do Estado de Goiás,52,GO,6950976,RREO-Anexo 03,E,Padrão,<MR-10>,IPVALiquidoExcetoTransferenciasEFUNDEB,IPVA,171160732.25,GO,52,2024,6
2024,RREO,6,B,Governo do Estado de Goiás,52,GO,6950976,RREO-Anexo 03,E,Padrão,<MR-9>,IPVALiquidoExcetoTransferenciasEFUNDEB,IPVA,161424741.94,GO,52,2024,6
2024,RREO,6,B,Governo do Estado de Goiás,52,GO,6950976,RREO-Anexo 03,E,Padrão,<MR-8>,IPVALiquidoExcetoTransferenciasEFUNDEB,IPVA,175303414.97,GO,52,2024,6
2024,RREO,6,B,Governo do Estado de Goiás,52,GO,6950976,RREO-Anexo 03,E,Padrão,<MR-7>,IPVALiquidoExcetoTransferenciasEFUNDEB,IPVA,165012170.01,GO,52,2024,6
2024,RREO,6,B,Governo do Estado de Goiás,52,GO,6950976,RREO-Anexo 03,E,Padrão,<MR-6>,IPVALiquidoExcetoTransferenciasEFUNDEB,IPVA,166278515.38,GO,52,2024,6
2024,RREO,6,B,Governo do Estado de Goiás,52,GO,6950976,RREO-Anexo 03,E,Padrão,<MR-5>,IPVALiquidoExcetoTransferenciasEFUNDEB,IPVA,206865296.75,GO,52,2024,6
2024,RREO,6,B,Governo do Estado de Goiás,52,GO,6950976,RREO-Anexo 03,E,Padrão,<MR-4>,IPVALiquidoExcetoTransferenciasEFUNDEB,IPVA,209423726.57,GO,52,2024,6
2024,RREO,6,B,Governo do Estado de Goiás,52,GO,6950976,RREO-Anexo 03,E,Padrão,<MR-3>,IPVALiquidoExcetoTransferenciasEFUNDEB,IPVA,389952461.52,GO,52,2024,6
2024,RREO,6,B,Governo do Estado de Goiás,52,GO,6950976,RREO-Anexo 03,E,Padrão,<MR-2>,IPVALiquidoExcetoTransferenciasEFUNDEB,IPVA,946992920.52,GO,52,2024,6
2024,RREO,6,B,Governo do Estado de Goiás,52,GO,6950976,RREO-Anexo 03,E,Padrão,<MR-1>,IPVALiquidoExcetoTransferenciasEFUNDEB,IPVA,222693358.41,GO,52,2024,6
2024,RREO,6,B,Governo do Estado de Goiás,52,GO,6950976,RREO-Anexo 03,E,Padrão,<MR>,IPVALiquidoExcetoTransferenciasEFUNDEB,IPVA,143789733.6,GO,52,2024,6
2024,RREO,6,B,Governo do Estado de Goiás,52,GO,6950976,RREO-Anexo 03,E,Padrão,TOTAL (ÚLTIMOS 12 MESES),IPVALiquidoExcetoTransferenciasEFUNDEB,IPVA,3312419076.93,GO,52,2024,6
2024,RREO,6,B,Governo do Estado de Goiás,52,GO,6950976,RREO-Anexo 03,E,Padrão,PREVISÃO ATUALIZADA 2024,IPVALiquidoExcetoTransferenciasEFUNDEB,IPVA,3247160000.0,GO,52,2024,6
2024,RREO,6,B,Governo do Estado de Goiás,52,GO,6950976,RREO-Anexo 03,E,Padrão,<MR-11>,ITCDLiquidoExcetoTransferenciasEFUNDEB,ITCD,71623807.58,GO,52,2024,6
2024,RREO,6,B,Governo do Estado de Goiás,52,GO,6950976,RREO-Anexo 03,E,Padrão,<MR-10>,ITCDLiquidoExcetoTransferenciasEFUNDEB,ITCD,73066682.01,GO,52,2024,6
2024,RREO,6,B,Governo do Estado de Goiás,52,GO,6950976,RREO-Anexo 03,E,Padrão,<MR-9>,ITCDLiquidoExcetoTransferenciasEFUNDEB,ITCD,77631810.57,GO,52,2024,6
2024,RREO,6,B,Governo do Estado de Goiás,52,GO,6950976,RREO-Anexo 03,E,Padrão,<MR-8>,ITCDLiquidoExcetoTransferenciasEFUNDEB,ITCD,77915454.68,GO,52,2024,6
2024,RREO,6,B,Governo do Estado de Goiás,52,GO,6950976,RREO-Anexo 03,E,Padrão,<MR-7>,ITCDLiquidoExcetoTransferenciasEFUNDEB,ITCD,90291240.78,GO,52,2024,6
2024,RREO,6,B,Governo do Estado de Goiás,52,GO,6950976,RREO-Anexo 03,E,Padrão,<MR-6>,ITCDLiquidoExcetoTransferenciasEFUNDEB,ITCD,96555270.02,GO,52,2024,6
2024,RREO,6,B,Governo do Estado de Goiás,52,GO,6950976,RREO-Anexo 03,E,Padrão,<MR-5>,ITCDLiquidoExcetoTransferenciasEFUNDEB,ITCD,86691971.33,GO,52,2024,6
2024,RREO,6,B,Governo do Estado de Goiás,52,GO,6950976,RREO-Anexo 03,E,Padrão,<MR-4>,ITCDLiquidoExcetoTransferenciasEFUNDEB,ITCD,62675810.77,GO,52,2024,6
2024,RREO,6,B,Governo do Estado de Goiás,52,GO,6950976,RREO-Anexo 03,E,Padrão,<MR-3>,ITCDLiquidoExcetoTransferenciasEFUNDEB,ITCD,72720062.6,GO,52,2024,6
2024,RREO,6,B,Governo do Estado de Goiás,52,GO,6950976,RREO-Anexo 03,E,Padrão,<MR-2>,ITCDLiquidoExcetoTransferenciasEFUNDEB,ITCD,96536056.04,GO,52,2024,6
2024,RREO,6,B,Governo do Estado de Goiás,52,GO,6950976,RREO-Anexo 03,E,Padrão,<MR-1>,ITCDLiquidoExcetoTransferenciasEFUNDEB,ITCD,99392954.1,GO,52,2024,6
2024,RREO,6,B,Governo do Estado de Goiás,52,GO,6950976,RREO-Anexo 03,E,Padrão,<MR>,ITCDLiquidoExcetoTransferenciasEFUNDEB,ITCD,110945834.4,GO,52,2024,6
2024,RREO,6,B,Governo do Estado de Goiás,52,GO,6950976,RREO-Anexo 03,E,Padrão,TOTAL (ÚLTIMOS 12 MESES),ITCDLiquidoExcetoTransferenciasEFUNDEB,ITCD,1016046954.88,GO,52,2024,6
2024,RREO,6,B,Governo do Estado de Goiás,52,GO,6950976,RREO-Anexo 03,E,Padrão,PREVISÃO ATUALIZADA 2024,ITCDLiquidoExcetoTransferenciasEFUNDEB,ITCD,1129402000.0,GO,52,2024,6
2024,RREO,6,B,Governo do Distrito Federal,53,DF,2923369,RREO-Anexo 03,E,Padrão,<MR-11>,ICMSLiquidoExcetoTransferenciasEFUNDEB,ICMS,982448112.14,DF,53,2024,6
2024,RREO,6,B,Governo do Distrito Federal,53,DF,2923369,RREO-Anexo 03,E,Padrão,<MR-10>,ICMSLiquidoExcetoTransferenciasEFUNDEB,ICMS,851489517.28,DF,53,2024,6
2024,RREO,6,B,Governo do Distrito Federal,53,DF,2923369,RREO-Anexo 03,E,Padrão,<MR-9>,ICMSLiquidoExcetoTransferenciasEFUNDEB,ICMS,840357124.42,DF,53,2024,6
2024,RREO,6,B,Governo do Distrito Federal,53,DF,2923369,RREO-Anexo 03,E,Padrão,<MR-8>,ICMSLiquidoExcetoTransferenciasEFUNDEB,ICMS,963350679.2,DF,53,2024,6
2024,RREO,6,B,Governo do Distrito Federal,53,DF,2923369,RREO-Anexo 03,E,Padrão,<MR-7>,ICMSLiquidoExcetoTransferenciasEFUNDEB,ICMS,939074803.88,DF,53,2024,6
2024,RREO,6,B,Governo do Distrito Federal,53,DF,2923369,RREO-Anexo 03,E,Padrão,<MR-6>,ICMSLiquidoExcetoTransferenciasEFUNDEB,ICMS,1014149631.06,DF,53,2024,6
2024,RREO,6,B,Governo do Distrito Federal,53,DF,2923369,RREO-Anexo 03,E,Padrão,<MR-5>,ICMSLiquidoExcetoTransferenciasEFUNDEB,ICMS,1018824186.91,DF,53,2024,6
2024,RREO,6,B,Governo do Distrito Federal,53,DF,2923369,RREO-Anexo 03,E,Padrão,<MR-4>,ICMSLiquidoExcetoTransferenciasEFUNDEB,ICMS,1017148711.68,DF,53,2024,6
2024,RREO,6,B,Governo do Distrito Federal,53,DF,2923369,RREO-Anexo 03,E,Padrão,<MR-3>,ICMSLiquidoExcetoTransferenciasEFUNDEB,ICMS,1031787916.63,DF,53,2024,6
2024,RREO,6,B,Governo do Distrito Federal,53,DF,2923369,RREO-Anexo 03,E,Padrão,<MR-2>,ICMSLiquidoExcetoTransferenciasEFUNDEB,ICMS,983382395.18,DF,53,2024,6
2024,RREO,6,B,Governo do Distrito Federal,53,DF,2923369,RREO-Anexo 03,E,Padrão,<MR-1>,ICMSLiquidoExcetoTransferenciasEFUNDEB,ICMS,1023848669.04,DF,53,2024,6
2024,RREO,6,B,Governo do Distrito Federal,53,DF,2923369,RREO-Anexo 03,E,Padrão,<MR>,ICMSLiquidoExcetoTransferenciasEFUNDEB,ICMS,1050709275.28,DF,53,2024,6
2024,RREO,6,B,Governo do Distrito Federal,53,DF,2923369,RREO-Anexo 03,E,Padrão,TOTAL (ÚLTIMOS 12 MESES),ICMSLiquidoExcetoTransferenciasEFUNDEB,ICMS,11716571022.7,DF,53,2024,6
2024,RREO,6,B,Governo do Distrito Federal,53,DF,2923369,RREO-Anexo 03,E,Padrão,PREVISÃO ATUALIZADA 2024,ICMSLiquidoExcetoTransferenciasEFUNDEB,ICMS,11717682337.5,DF,53,2024,6
2024,RREO,6,B,Governo do Distrito Federal,53,DF,2923369,RREO-Anexo 03,E,Padrão,<MR-11>,IPVALiquidoExcetoTransferenciasEFUNDEB,IPVA,174004915.14,DF,53,2024,6
2024,RREO,6,B,Governo do Distrito Federal,53,DF,2923369,RREO-Anexo 03,E,Padrão,<MR-10>,IPVALiquidoExcetoTransferenciasEFUNDEB,IPVA,562461137.04,DF,53,2024,6
2024,RREO,6,B,Governo do Distrito Federal,53,DF,2923369,RREO-Anexo 03,E,Padrão,<MR-9>,IPVALiquidoExcetoTransferenciasEFUNDEB,IPVA,169582927.13,DF,53,2024,6
2024,RREO,6,B,Governo do Distrito Federal,53,DF,2923369,RREO-Anexo 03,E,Padrão,<MR-8>,IPVALiquidoExcetoTransferenciasEFUNDEB,IPVA,163732075.14,DF,53,2024,6
2024,RREO,6,B,Governo do Distrito Federal,53,DF,2923369,RREO-Anexo 03,E,Padrão,<MR-7>,IPVALiquidoExcetoTransferenciasEFUNDEB,IPVA,158108310.45,DF,53,2024,6
2024,RREO,6,B,Governo do Distrito Federal,53,DF,2923369,RREO-Anexo 03,E,Padrão,<MR-6>,IPVALiquidoExcetoTransferenciasEFUNDEB,IPVA,148630417.05,DF,53,2024,6
2024,RREO,6,B,Governo do Distrito Federal,53,DF,2923369,RREO-Anexo 03,E,Padrão,<MR-5>,IPVALiquidoExcetoTransferenciasEFUNDEB,IPVA,148789340.39,DF,53,2024,6
2024,RREO,6,B,Governo do Distrito Federal,53,DF,2923369,RREO-Anexo 03,E,Padrão,<MR-4>,IPVALiquidoExcetoTransferenciasEFUNDEB,IPVA,77590912.61,DF,53,2024,6
2024,RREO,6,B,Governo do Distrito Federal,53,DF,2923369,RREO-Anexo 03,E,Padrão,<MR-3>,IPVALiquidoExcetoTransferenciasEFUNDEB,IPVA,66612109.9,DF,53,2024,6
2024,RREO,6,B,Governo do Distrito Federal,53,DF,2923369,RREO-Anexo 03,E,Padrão,<MR-2>,IPVALiquidoExcetoTransferenciasEFUNDEB,IPVA,65126313.15,DF,53,2024,6
2024,RREO,6,B,Governo do Distrito Federal,53,DF,2923369,RREO-Anexo 03,E,Padrão,<MR-1>,IPVALiquidoExcetoTransferenciasEFUNDEB,IPVA,50604379.55,DF,53,2024,6
2024,RREO,6,B,Governo do Distrito Federal,53,DF,2923369,RREO-Anexo 03,E,Padrão,<MR>,IPVALiquidoExcetoTransferenciasEFUNDEB,IPVA,61695105.07,DF,53,2024,6
2024,RREO,6,B,Governo do Distrito Federal,53,DF,2923369,RREO-Anexo 03,E,Padrão,TOTAL (ÚLTIMOS 12 MESES),IPVALiquidoExcetoTransferenciasEFUNDEB,IPVA,1846937942.62,DF,53,2024,6
2024,RREO,6,B,Governo do Distrito Federal,53,DF,2923369,RREO-Anexo 03,E,Padrão,PREVISÃO ATUALIZADA 2024,IPVALiquidoExcetoTransferenciasEFUNDEB,IPVA,1836468189.0,DF,53,2024,6
2024,RREO,6,B,Governo do Distrito Federal,53,DF,2923369,RREO-Anexo 03,E,Padrão,<MR-11>,ITCDLiquidoExcetoTransferenciasEFUNDEB,ITCD,28037654.65,DF,53,2024,6
2024,RREO,6,B,Governo do Distrito Federal,53,DF,2923369,RREO-Anexo 03,E,Padrão,<MR-10>,ITCDLiquidoExcetoTransferenciasEFUNDEB,ITCD,24386580.0,DF,53,2024,6
2024,RREO,6,B,Governo do Distrito Federal,53,DF,2923369,RREO-Anexo 03,E,Padrão,<MR-9>,ITCDLiquidoExcetoTransferenciasEFUNDEB,ITCD,23900472.08,DF,53,2024,6
2024,RREO,6,B,Governo do Distrito Federal,53,DF,2923369,RREO-Anexo 03,E,Padrão,<MR-8>,ITCDLiquidoExcetoTransferenciasEFUNDEB,ITCD,25969109.64,DF,53,2024,6
2024,RREO,6,B,Governo do Distrito Federal,53,DF,2923369,RREO-Anexo 03,E,Padrão,<MR-7>,ITCDLiquidoExcetoTransferenciasEFUNDEB,ITCD,22350761.1,DF,53,2024,6
2024,RREO,6,B,Governo do Distrito Federal,53,DF,2923369,RREO-Anexo 03,E,Padrão,<MR-6>,ITCDLiquidoExcetoTransferenciasEFUNDEB,ITCD,20528756.0,DF,53,2024,6
2024,RREO,6,B,Governo do Distrito Federal,53,DF,2923369,RREO-Anexo 03,E,Padrão,<MR-5>,ITCDLiquidoExcetoTransferenciasEFUNDEB,ITCD,23286542.41,DF,53,2024,6
2024,RREO,6,B,Governo do Distrito Federal,53,DF,2923369,RREO-Anexo 03,E,Padrão,<MR-4>,ITCDLiquidoExcetoTransferenciasEFUNDEB,ITCD,27342541.01,DF,53,2024,6
2024,RREO,6,B,Governo do Distrito Federal,53,DF,2923369,RREO-Anexo 03,E,Padrão,<MR-3>,ITCDLiquidoExcetoTransferenciasEFUNDEB,ITCD,23460855.34,DF,53,2024,6
2024,RREO,6,B,Governo do Distrito Federal,53,DF,2923369,RREO-Anexo 03,E,Padrão,<MR-2>,ITCDLiquidoExcetoTransferenciasEFUNDEB,ITCD,33263791.25,DF,53,2024,6
2024,RREO,6,B,Governo do Distrito Federal,53,DF,2923369,RREO-Anexo 03,E,Padrão,<MR-1>,ITCDLiquidoExcetoTransferenciasEFUNDEB,ITCD,23037094.05,DF,53,2024,6
2024,RREO,6,B,Governo do Distrito Federal,53,DF,2923369,RREO-Anexo 03,E,Padrão,<MR>,ITCDLiquidoExcetoTransferenciasEFUNDEB,ITCD,30011183.68,DF,53,2024,6
2024,RREO,6,B,Governo do Distrito Federal,53,DF,2923369,RREO-Anexo 03,E,Padrão,TOTAL (ÚLTIMOS 12 MESES),ITCDLiquidoExcetoTransferenciasEFUNDEB,ITCD,305575341.21,DF,53,2024,6
2024,RREO,6,B,Governo do Distrito Federal,53,DF,2923369,RREO-Anexo 03,E,Padrão,PREVISÃO ATUALIZADA 2024,ITCDLiquidoExcetoTransferenciasEFUNDEB,ITCD,277536403.0,DF,53,2024,6
2025,RREO,6,B,Governo do Estado de Rondônia,11,RO,1616379,RREO-Anexo 03,E,Padrão,<MR-11>,ICMSLiquidoExcetoTransferenciasEFUNDEB,ICMS,626433546.28,RO,11,2025,6
2025,RREO,6,B,Governo do Estado de Rondônia,11,RO,1616379,RREO-Anexo 03,E,Padrão,<MR-10>,ICMSLiquidoExcetoTransferenciasEFUNDEB,ICMS,572981556.79,RO,11,2025,6
2025,RREO,6,B,Governo do Estado de Rondônia,11,RO,1616379,RREO-Anexo 03,E,Padrão,<MR-9>,ICMSLiquidoExcetoTransferenciasEFUNDEB,ICMS,586335536.06,RO,11,2025,6
2025,RREO,6,B,Governo do Estado de Rondônia,11,RO,1616379,RREO-Anexo 03,E,Padrão,<MR-8>,ICMSLiquidoExcetoTransferenciasEFUNDEB,ICMS,599809204.68,RO,11,2025,6
2025,RREO,6,B,Governo do Estado de Rondônia,11,RO,1616379,RREO-Anexo 03,E,Padrão,<MR-7>,ICMSLiquidoExcetoTransferenciasEFUNDEB,ICMS,719613136.0,RO,11,2025,6
2025,RREO,6,B,Governo do Estado de Rondônia,11,RO,1616379,RREO-Anexo 03,E,Padrão,<MR-6>,ICMSLiquidoExcetoTransferenciasEFUNDEB,ICMS,692735315.54,RO,11,2025,6
2025,RREO,6,B,Governo do Estado de Rondônia,11,RO,1616379,RREO-Anexo 03,E,Padrão,<MR-5>,ICMSLiquidoExcetoTransferenciasEFUNDEB,ICMS,784376492.44,RO,11,2025,6
2025,RREO,6,B,Governo do Estado de Rondônia,11,RO,1616379,RREO-Anexo 03,E,Padrão,<MR-4>,ICMSLiquidoExcetoTransferenciasEFUNDEB,ICMS,711856812.27,RO,11,2025,6
2025,RREO,6,B,Governo do Estado de Rondônia,11,RO,1616379,RREO-Anexo 03,E,Padrão,<MR-3>,ICMSLiquidoExcetoTransferenciasEFUNDEB,ICMS,736711988.45,RO,11,2025,6
2025,RREO,6,B,Governo do Estado de Rondônia,11,RO,1616379,RREO-Anexo 03,E,Padrão,<MR-2>,ICMSLiquidoExcetoTransferenciasEFUNDEB,ICMS,676666092.24,RO,11,2025,6
2025,RREO,6,B,Governo do Estado de Rondônia,11,RO,1616379,RREO-Anexo 03,E,Padrão,<MR-1>,ICMSLiquidoExcetoTransferenciasEFUNDEB,ICMS,643008205.68,RO,11,2025,6
2025,RREO,6,B,Governo do Estado de Rondônia,11,RO,1616379,RREO-Anexo 03,E,Padrão,<MR>,ICMSLiquidoExcetoTransferenciasEFUNDEB,ICMS,775456896.67,RO,11,2025,6
2025,RREO,6,B,Governo do Estado de Rondônia,11,RO,1616379,RREO-Anexo 03,E,Padrão,TOTAL (ÚLTIMOS 12 MESES),ICMSLiquidoExcetoTransferenciasEFUNDEB,ICMS,8125984783.1,RO,11,2025,6
2025,RREO,6,B,Governo do Estado de Rondônia,11,RO,1616379,RREO-Anexo 03,E,Padrão,PREVISÃO ATUALIZADA 2025,ICMSLiquidoExcetoTransferenciasEFUNDEB,ICMS,8010096718.0,RO,11,2025,6
2025,RREO,6,B,Governo do Estado de Rondônia,11,RO,1616379,RREO-Anexo 03,E,Padrão,<MR-11>,IPVALiquidoExcetoTransferenciasEFUNDEB,IPVA,68470277.25,RO,11,2025,6
2025,RREO,6,B,Governo do Estado de Rondônia,11,RO,1616379,RREO-Anexo 03,E,Padrão,<MR-10>,IPVALiquidoExcetoTransferenciasEFUNDEB,IPVA,56404803.99,RO,11,2025,6
2025,RREO,6,B,Governo do Estado de Rondônia,11,RO,1616379,RREO-Anexo 03,E,Padrão,<MR-9>,IPVALiquidoExcetoTransferenciasEFUNDEB,IPVA,62260946.11,RO,11,2025,6
2025,RREO,6,B,Governo do Estado de Rondônia,11,RO,1616379,RREO-Anexo 03,E,Padrão,<MR-8>,IPVALiquidoExcetoTransferenciasEFUNDEB,IPVA,69849674.97,RO,11,2025,6
2025,RREO,6,B,Governo do Estado de Rondônia,11,RO,1616379,RREO-Anexo 03,E,Padrão,<MR-7>,IPVALiquidoExcetoTransferenciasEFUNDEB,IPVA,64621697.47,RO,11,2025,6
2025,RREO,6,B,Governo do Estado de Rondônia,11,RO,1616379,RREO-Anexo 03,E,Padrão,<MR-6>,IPVALiquidoExcetoTransferenciasEFUNDEB,IPVA,59883852.25,RO,11,2025,6
2025,RREO,6,B,Governo do Estado de Rondônia,11,RO,1616379,RREO-Anexo 03,E,Padrão,<MR-5>,IPVALiquidoExcetoTransferenciasEFUNDEB,IPVA,74399551.49,RO,11,2025,6
2025,RREO,6,B,Governo do Estado de Rondônia,11,RO,1616379,RREO-Anexo 03,E,Padrão,<MR-4>,IPVALiquidoExcetoTransferenciasEFUNDEB,IPVA,57707827.06,RO,11,2025,6
2025,RREO,6,B,Governo do Estado de Rondônia,11,RO,1616379,RREO-Anexo 03,E,Padrão,<MR-3>,IPVALiquidoExcetoTransferenciasEFUNDEB,IPVA,47966909.9,RO,11,2025,6
2025,RREO,6,B,Governo do Estado de Rondônia,11,RO,1616379,RREO-Anexo 03,E,Padrão,<MR-2>,IPVALiquidoExcetoTransferenciasEFUNDEB,IPVA,40351098.6,RO,11,2025,6
2025,RREO,6,B,Governo do Estado de Rondônia,11,RO,1616379,RREO-Anexo 03,E,Padrão,<MR-1>,IPVALiquidoExcetoTransferenciasEFUNDEB,IPVA,23302148.85,RO,11,2025,6
2025,RREO,6,B,Governo do Estado de Rondônia,11,RO,1616379,RREO-Anexo 03,E,Padrão,<MR>,IPVALiquidoExcetoTransferenciasEFUNDEB,IPVA,23201135.74,RO,11,2025,6
2025,RREO,6,B,Governo do Estado de Rondônia,11,RO,1616379,RREO-Anexo 03,E,Padrão,TOTAL (ÚLTIMOS 12 MESES),IPVALiquidoExcetoTransferenciasEFUNDEB,IPVA,648419923.68,RO,11,2025,6
2025,RREO,6,B,Governo do Estado de Rondônia,11,RO,1616379,RREO-Anexo 03,E,Padrão,PREVISÃO ATUALIZADA 2025,IPVALiquidoExcetoTransferenciasEFUNDEB,IPVA,626775212.0,RO,11,2025,6
2025,RREO,6,B,Governo do Estado de Rondônia,11,RO,1616379,RREO-Anexo 03,E,Padrão,<MR-11>,ITCDLiquidoExcetoTransferenciasEFUNDEB,ITCD,4377246.36,RO,11,2025,6
2025,RREO,6,B,Governo do Estado de Rondônia,11,RO,1616379,RREO-Anexo 03,E,Padrão,<MR-10>,ITCDLiquidoExcetoTransferenciasEFUNDEB,ITCD,3349913.01,RO,11,2025,6
2025,RREO,6,B,Governo do Estado de Rondônia,11,RO,1616379,RREO-Anexo 03,E,Padrão,<MR-9>,ITCDLiquidoExcetoTransferenciasEFUNDEB,ITCD,2831267.56,RO,11,2025,6
2025,RREO,6,B,Governo do Estado de Rondônia,11,RO,1616379,RREO-Anexo 03,E,Padrão,<MR-8>,ITCDLiquidoExcetoTransferenciasEFUNDEB,ITCD,2717261.58,RO,11,2025,6
2025,RREO,6,B,Governo do Estado de Rondônia,11,RO,1616379,RREO-Anexo 03,E,Padrão,<MR-7>,ITCDLiquidoExcetoTransferenciasEFUNDEB,ITCD,2456239.23,RO,11,2025,6
2025,RREO,6,B,Governo do Estado de Rondônia,11,RO,1616379,RREO-Anexo 03,E,Padrão,<MR-6>,ITCDLiquidoExcetoTransferenciasEFUNDEB,ITCD,3307587.84,RO,11,2025,6
2025,RREO,6,B,Governo do Estado de Rondônia,11,RO,1616379,RREO-Anexo 03,E,Padrão,<MR-5>,ITCDLiquidoExcetoTransferenciasEFUNDEB,ITCD,2996630.21,RO,11,2025,6
2025,RREO,6,B,Governo do Estado de Rondônia,11,RO,1616379,RREO-Anexo 03,E,Padrão,<MR-4>,ITCDLiquidoExcetoTransferenciasEFUNDEB,ITCD,3143230.82,RO,11,2025,6
2025,RREO,6,B,Governo do Estado de Rondônia,11,RO,1616379,RREO-Anexo 03,E,Padrão,<MR-3>,ITCDLiquidoExcetoTransferenciasEFUNDEB,ITCD,3360326.1,RO,11,2025,6
2025,RREO,6,B,Governo do Estado de Rondônia,11,RO,1616379,RREO-Anexo 03,E,Padrão,<MR-2>,ITCDLiquidoExcetoTransferenciasEFUNDEB,ITCD,6442242.8,RO,11,2025,6
2025,RREO,6,B,Governo do Estado de Rondônia,11,RO,1616379,RREO-Anexo 03,E,Padrão,<MR-1>,ITCDLiquidoExcetoTransferenciasEFUNDEB,ITCD,2391241.75,RO,11,2025,6
2025,RREO,6,B,Governo do Estado de Rondônia,11,RO,1616379,RREO-Anexo 03,E,Padrão,<MR>,ITCDLiquidoExcetoTransferenciasEFUNDEB,ITCD,8329569.85,RO,11,2025,6
2025,RREO,6,B,Governo do Estado de Rondônia,11,RO,1616379,RREO-Anexo 03,E,Padrão,TOTAL (ÚLTIMOS 12 MESES),ITCDLiquidoExcetoTransferenciasEFUNDEB,ITCD,45702757.11,RO,11,2025,6
2025,RREO,6,B,Governo do Estado de Rondônia,11,RO,1616379,RREO-Anexo 03,E,Padrão,PREVISÃO ATUALIZADA 2025,ITCDLiquidoExcetoTransferenciasEFUNDEB,ITCD,33480257.0,RO,11,2025,6
2025,RREO,6,B,Governo do Estado do Acre,12,AC,829780,RREO-Anexo 03,E,Padrão,<MR-11>,ICMSLiquidoExcetoTransferenciasEFUNDEB,ICMS,179980869.13,AC,12,2025,6
2025,RREO,6,B,Governo do Estado do Acre,12,AC,829780,RREO-Anexo 03,E,Padrão,<MR-10>,ICMSLiquidoExcetoTransferenciasEFUNDEB,ICMS,162154798.91,AC,12,2025,6
2025,RREO,6,B,Governo do Estado do Acre,12,AC,829780,RREO-Anexo 03,E,Padrão,<MR-9>,ICMSLiquidoExcetoTransferenciasEFUNDEB,ICMS,167305127.79,AC,12,2025,6
2025,RREO,6,B,Governo do Estado do Acre,12,AC,829780,RREO-Anexo 03,E,Padrão,<MR-8>,ICMSLiquidoExcetoTransferenciasEFUNDEB,ICMS,171486373.09,AC,12,2025,6
2025,RREO,6,B,Governo do Estado do Acre,12,AC,829780,RREO-Anexo 03,E,Padrão,<MR-7>,ICMSLiquidoExcetoTransferenciasEFUNDEB,ICMS,178153575.76,AC,12,2025,6
2025,RREO,6,B,Governo do Estado do Acre,12,AC,829780,RREO-Anexo 03,E,Padrão,<MR-6>,ICMSLiquidoExcetoTransferenciasEFUNDEB,ICMS,185853159.91,AC,12,2025,6
2025,RREO,6,B,Governo do Estado do Acre,12,AC,829780,RREO-Anexo 03,E,Padrão,<MR-5>,ICMSLiquidoExcetoTransferenciasEFUNDEB,ICMS,198244950.09,AC,12,2025,6
2025,RREO,6,B,Governo do Estado do Acre,12,AC,829780,RREO-Anexo 03,E,Padrão,<MR-4>,ICMSLiquidoExcetoTransferenciasEFUNDEB,ICMS,192364077.78,AC,12,2025,6
2025,RREO,6,B,Governo do Estado do Acre,12,AC,829780,RREO-Anexo 03,E,Padrão,<MR-3>,ICMSLiquidoExcetoTransferenciasEFUNDEB,ICMS,187061335.16,AC,12,2025,6
2025,RREO,6,B,Governo do Estado do Acre,12,AC,829780,RREO-Anexo 03,E,Padrão,<MR-2>,ICMSLiquidoExcetoTransferenciasEFUNDEB,ICMS,191131897.26,AC,12,2025,6
2025,RREO,6,B,Governo do Estado do Acre,12,AC,829780,RREO-Anexo 03,E,Padrão,<MR-1>,ICMSLiquidoExcetoTransferenciasEFUNDEB,ICMS,195693953.45,AC,12,2025,6
2025,RREO,6,B,Governo do Estado do Acre,12,AC,829780,RREO-Anexo 03,E,Padrão,<MR>,ICMSLiquidoExcetoTransferenciasEFUNDEB,ICMS,210876879.85,AC,12,2025,6
2025,RREO,6,B,Governo do Estado do Acre,12,AC,829780,RREO-Anexo 03,E,Padrão,TOTAL (ÚLTIMOS 12 MESES),ICMSLiquidoExcetoTransferenciasEFUNDEB,ICMS,2220306998.18,AC,12,2025,6
2025,RREO,6,B,Governo do Estado do Acre,12,AC,829780,RREO-Anexo 03,E,Padrão,PREVISÃO ATUALIZADA 2025,ICMSLiquidoExcetoTransferenciasEFUNDEB,ICMS,2200865694.84,AC,12,2025,6
2025,RREO,6,B,Governo do Estado do Acre,12,AC,829780,RREO-Anexo 03,E,Padrão,<MR-11>,IPVALiquidoExcetoTransferenciasEFUNDEB,IPVA,13406473.22,AC,12,2025,6
2025,RREO,6,B,Governo do Estado do Acre,12,AC,829780,RREO-Anexo 03,E,Padrão,<MR-10>,IPVALiquidoExcetoTransferenciasEFUNDEB,IPVA,15061431.07,AC,12,2025,6
2025,RREO,6,B,Governo do Estado do Acre,12,AC,829780,RREO-Anexo 03,E,Padrão,<MR-9>,IPVALiquidoExcetoTransferenciasEFUNDEB,IPVA,15927363.32,AC,12,2025,6
2025,RREO,6,B,Governo do Estado do Acre,12,AC,829780,RREO-Anexo 03,E,Padrão,<MR-8>,IPVALiquidoExcetoTransferenciasEFUNDEB,IPVA,17097526.78,AC,12,2025,6
2025,RREO,6,B,Governo do Estado do Acre,12,AC,829780,RREO-Anexo 03,E,Padrão,<MR-7>,IPVALiquidoExcetoTransferenciasEFUNDEB,IPVA,15444552.15,AC,12,2025,6
2025,RREO,6,B,Governo do Estado do Acre,12,AC,829780,RREO-Anexo 03,E,Padrão,<MR-6>,IPVALiquidoExcetoTransferenciasEFUNDEB,IPVA,13309059.93,AC,12,2025,6
2025,RREO,6,B,Governo do Estado do Acre,12,AC,829780,RREO-Anexo 03,E,Padrão,<MR-5>,IPVALiquidoExcetoTransferenciasEFUNDEB,IPVA,17933448.42,AC,12,2025,6
2025,RREO,6,B,Governo do Estado do Acre,12,AC,829780,RREO-Anexo 03,E,Padrão,<MR-4>,IPVALiquidoExcetoTransferenciasEFUNDEB,IPVA,14467818.23,AC,12,2025,6
2025,RREO,6,B,Governo do Estado do Acre,12,AC,829780,RREO-Anexo 03,E,Padrão,<MR-3>,IPVALiquidoExcetoTransferenciasEFUNDEB,IPVA,12558603.12,AC,12,2025,6
2025,RREO,6,B,Governo do Estado do Acre,12,AC,829780,RREO-Anexo 03,E,Padrão,<MR-2>,IPVALiquidoExcetoTransferenciasEFUNDEB,IPVA,10292348.42,AC,12,2025,6
2025,RREO,6,B,Governo do Estado do Acre,12,AC,829780,RREO-Anexo 03,E,Padrão,<MR-1>,IPVALiquidoExcetoTransferenciasEFUNDEB,IPVA,6172932.35,AC,12,2025,6
2025,RREO,6,B,Governo do Estado do Acre,12,AC,829780,RREO-Anexo 03,E,Padrão,<MR>,IPVALiquidoExcetoTransferenciasEFUNDEB,IPVA,5641311.38,AC,12,2025,6
2025,RREO,6,B,Governo do Estado do Acre,12,AC,829780,RREO-Anexo 03,E,Padrão,TOTAL (ÚLTIMOS 12 MESES),IPVALiquidoExcetoTransferenciasEFUNDEB,IPVA,157312868.39,AC,12,2025,6
2025,RREO,6,B,Governo do Estado do Acre,12,AC,829780,RREO-Anexo 03,E,Padrão,PREVISÃO ATUALIZADA 2025,IPVALiquidoExcetoTransferenciasEFUNDEB,IPVA,154836286.06,AC,12,2025,6
2025,RREO,6,B,Governo do Estado do Acre,12,AC,829780,RREO-Anexo 03,E,Padrão,<MR-11>,ITCDLiquidoExcetoTransferenciasEFUNDEB,ITCD,660847.1,AC,12,2025,6
2025,RREO,6,B,Governo do Estado do Acre,12,AC,829780,RREO-Anexo 03,E,Padrão,<MR-10>,ITCDLiquidoExcetoTransferenciasEFUNDEB,ITCD,781928.79,AC,12,2025,6
2025,RREO,6,B,Governo do Estado do Acre,12,AC,829780,RREO-Anexo 03,E,Padrão,<MR-9>,ITCDLiquidoExcetoTransferenciasEFUNDEB,ITCD,724812.81,AC,12,2025,6
2025,RREO,6,B,Governo do Estado do Acre,12,AC,829780,RREO-Anexo 03,E,Padrão,<MR-8>,ITCDLiquidoExcetoTransferenciasEFUNDEB,ITCD,622557.38,AC,12,2025,6
2025,RREO,6,B,Governo do Estado do Acre,12,AC,829780,RREO-Anexo 03,E,Padrão,<MR-7>,ITCDLiquidoExcetoTransferenciasEFUNDEB,ITCD,715639.04,AC,12,2025,6
2025,RREO,6,B,Governo do Estado do Acre,12,AC,829780,RREO-Anexo 03,E,Padrão,<MR-6>,ITCDLiquidoExcetoTransferenciasEFUNDEB,ITCD,1079785.93,AC,12,2025,6
2025,RREO,6,B,Governo do Estado do Acre,12,AC,829780,RREO-Anexo 03,E,Padrão,<MR-5>,ITCDLiquidoExcetoTransferenciasEFUNDEB,ITCD,639429.7,AC,12,2025,6
2025,RREO,6,B,Governo do Estado do Acre,12,AC,829780,RREO-Anexo 03,E,Padrão,<MR-4>,ITCDLiquidoExcetoTransferenciasEFUNDEB,ITCD,510263.99,AC,12,2025,6
2025,RREO,6,B,Governo do Estado do Acre,12,AC,829780,RREO-Anexo 03,E,Padrão,<MR-3>,ITCDLiquidoExcetoTransferenciasEFUNDEB,ITCD,670445.08,AC,12,2025,6
2025,RREO,6,B,Governo do Estado do Acre,12,AC,829780,RREO-Anexo 03,E,Padrão,<MR-2>,ITCDLiquidoExcetoTransferenciasEFUNDEB,ITCD,1222790.44,AC,12,2025,6
2025,RREO,6,B,Governo do Estado do Acre,12,AC,829780,RREO-Anexo 03,E,Padrão,<MR-1>,ITCDLiquidoExcetoTransferenciasEFUNDEB,ITCD,616911.6,AC,12,2025,6
2025,RREO,6,B,Governo do Estado do Acre,12,AC,829780,RREO-Anexo 03,E,Padrão,<MR>,ITCDLiquidoExcetoTransferenciasEFUNDEB,ITCD,1305453.75,AC,12,2025,6
2025,RREO,6,B,Governo do Estado do Acre,12,AC,829780,RREO-Anexo 03,E,Padrão,TOTAL (ÚLTIMOS 12 MESES),ITCDLiquidoExcetoTransferenciasEFUNDEB,ITCD,9550865.61,AC,12,2025,6
2025,RREO,6,B,Governo do Estado do Acre,12,AC,829780,RREO-Anexo 03,E,Padrão,PREVISÃO ATUALIZADA 2025,ITCDLiquidoExcetoTransferenciasEFUNDEB,ITCD,13700000.0,AC,12,2025,6
2025,RREO,6,B,Governo do Estado do Amazonas,13,AM,3952262,RREO-Anexo 03,E,Padrão,<MR-11>,ICMSLiquidoExcetoTransferenciasEFUNDEB,ICMS,1459109928.67,AM,13,2025,6
2025,RREO,6,B,Governo do Estado do Amazonas,13,AM,3952262,RREO-Anexo 03,E,Padrão,<MR-10>,ICMSLiquidoExcetoTransferenciasEFUNDEB,ICMS,1401361045.79,AM,13,2025,6
2025,RREO,6,B,Governo do Estado do Amazonas,13,AM,3952262,RREO-Anexo 03,E,Padrão,<MR-9>,ICMSLiquidoExcetoTransferenciasEFUNDEB,ICMS,1371759191.67,AM,13,2025,6
2025,RREO,6,B,Governo do Estado do Amazonas,13,AM,3952262,RREO-Anexo 03,E,Padrão,<MR-8>,ICMSLiquidoExcetoTransferenciasEFUNDEB,ICMS,1300520098.66,AM,13,2025,6
2025,RREO,6,B,Governo do Estado do Amazonas,13,AM,3952262,RREO-Anexo 03,E,Padrão,<MR-7>,ICMSLiquidoExcetoTransferenciasEFUNDEB,ICMS,1462304661.73,AM,13,2025,6
2025,RREO,6,B,Governo do Estado do Amazonas,13,AM,3952262,RREO-Anexo 03,E,Padrão,<MR-6>,ICMSLiquidoExcetoTransferenciasEFUNDEB,ICMS,1329251134.49,AM,13,2025,6
2025,RREO,6,B,Governo do Estado do Amazonas,13,AM,3952262,RREO-Anexo 03,E,Padrão,<MR-5>,ICMSLiquidoExcetoTransferenciasEFUNDEB,ICMS,1277483340.65,AM,13,2025,6
2025,RREO,6,B,Governo do Estado do Amazonas,13,AM,3952262,RREO-Anexo 03,E,Padrão,<MR-4>,ICMSLiquidoExcetoTransferenciasEFUNDEB,ICMS,1500930936.0,AM,13,2025,6
2025,RREO,6,B,Governo do Estado do Amazonas,13,AM,3952262,RREO-Anexo 03,E,Padrão,<MR-3>,ICMSLiquidoExcetoTransferenciasEFUNDEB,ICMS,1492391980.96,AM,13,2025,6
2025,RREO,6,B,Governo do Estado do Amazonas,13,AM,3952262,RREO-Anexo 03,E,Padrão,<MR-2>,ICMSLiquidoExcetoTransferenciasEFUNDEB,ICMS,1430839881.4,AM,13,2025,6
2025,RREO,6,B,Governo do Estado do Amazonas,13,AM,3952262,RREO-Anexo 03,E,Padrão,<MR-1>,ICMSLiquidoExcetoTransferenciasEFUNDEB,ICMS,1350867576.69,AM,13,2025,6
2025,RREO,6,B,Governo do Estado do Amazonas,13,AM,3952262,RREO-Anexo 03,E,Padrão,<MR>,ICMSLiquidoExcetoTransferenciasEFUNDEB,ICMS,1547281275.57,AM,13,2025,6
2025,RREO,6,B,Governo do Estado do Amazonas,13,AM,3952262,RREO-Anexo 03,E,Padrão,TOTAL (ÚLTIMOS 12 MESES),ICMSLiquidoExcetoTransferenciasEFUNDEB,ICMS,16924101052.28,AM,13,2025,6
2025,RREO,6,B,Governo do Estado do Amazonas,13,AM,3952262,RREO-Anexo 03,E,Padrão,PREVISÃO ATUALIZADA 2025,ICMSLiquidoExcetoTransferenciasEFUNDEB,ICMS,14283262240.48,AM,13,2025,6
2025,RREO,6,B,Governo do Estado do Amazonas,13,AM,3952262,RREO-Anexo 03,E,Padrão,<MR-11>,IPVALiquidoExcetoTransferenciasEFUNDEB,IPVA,97684007.82,AM,13,2025,6
2025,RREO,6,B,Governo do Estado do Amazonas,13,AM,3952262,RREO-Anexo 03,E,Padrão,<MR-10>,IPVALiquidoExcetoTransferenciasEFUNDEB,IPVA,83253948.66,AM,13,2025,6
2025,RREO,6,B,Governo do Estado do Amazonas,13,AM,3952262,RREO-Anexo 03,E,Padrão,<MR-9>,IPVALiquidoExcetoTransferenciasEFUNDEB,IPVA,102853014.37,AM,13,2025,6
2025,RREO,6,B,Governo do Estado do Amazonas,13,AM,3952262,RREO-Anexo 03,E,Padrão,<MR-8>,IPVALiquidoExcetoTransferenciasEFUNDEB,IPVA,96206571.74,AM,13,2025,6
2025,RREO,6,B,Governo do Estado do Amazonas,13,AM,3952262,RREO-Anexo 03,E,Padrão,<MR-7>,IPVALiquidoExcetoTransferenciasEFUNDEB,IPVA,98980682.62,AM,13,2025,6
2025,RREO,6,B,Governo do Estado do Amazonas,13,AM,3952262,RREO-Anexo 03,E,Padrão,<MR-6>,IPVALiquidoExcetoTransferenciasEFUNDEB,IPVA,104936711.03,AM,13,2025,6
2025,RREO,6,B,Governo do Estado do Amazonas,13,AM,3952262,RREO-Anexo 03,E,Padrão,<MR-5>,IPVALiquidoExcetoTransferenciasEFUNDEB,IPVA,105268898.27,AM,13,2025,6
2025,RREO,6,B,Governo do Estado do Amazonas,13,AM,3952262,RREO-Anexo 03,E,Padrão,<MR-4>,IPVALiquidoExcetoTransferenciasEFUNDEB,IPVA,89793215.29,AM,13,2025,6
2025,RREO,6,B,Governo do Estado do Amazonas,13,AM,3952262,RREO-Anexo 03,E,Padrão,<MR-3>,IPVALiquidoExcetoTransferenciasEFUNDEB,IPVA,91215362.65,AM,13,2025,6
2025,RREO,6,B,Governo do Estado do Amazonas,13,AM,3952262,RREO-Anexo 03,E,Padrão,<MR-2>,IPVALiquidoExcetoTransferenciasEFUNDEB,IPVA,85432778.17,AM,13,2025,6
2025,RREO,6,B,Governo do Estado do Amazonas,13,AM,3952262,RREO-Anexo 03,E,Padrão,<MR-1>,IPVALiquidoExcetoTransferenciasEFUNDEB,IPVA,55396579.83,AM,13,2025,6
2025,RREO,6,B,Governo do Estado do Amazonas,13,AM,3952262,RREO-Anexo 03,E,Padrão,<MR>,IPVALiquidoExcetoTransferenciasEFUNDEB,IPVA,61151804.36,AM,13,2025,6
2025,RREO,6,B,Governo do Estado do Amazonas,13,AM,3952262,RREO-Anexo 03,E,Padrão,TOTAL (ÚLTIMOS 12 MESES),IPVALiquidoExcetoTransferenciasEFUNDEB,IPVA,1072173574.81,AM,13,2025,6
2025,RREO,6,B,Governo do Estado do Amazonas,13,AM,3952262,RREO-Anexo 03,E,Padrão,PREVISÃO ATUALIZADA 2025,IPVALiquidoExcetoTransferenciasEFUNDEB,IPVA,943111367.86,AM,13,2025,6
2025,RREO,6,B,Governo do Estado do Amazonas,13,AM,3952262,RREO-Anexo 03,E,Padrão,<MR-11>,ITCDLiquidoExcetoTransferenciasEFUNDEB,ITCD,3018493.45,AM,13,2025,6
2025,RREO,6,B,Governo do Estado do Amazonas,13,AM,3952262,RREO-Anexo 03,E,Padrão,<MR-10>,ITCDLiquidoExcetoTransferenciasEFUNDEB,ITCD,2710152.6,AM,13,2025,6
2025,RREO,6,B,Governo do Estado do Amazonas,13,AM,3952262,RREO-Anexo 03,E,Padrão,<MR-9>,ITCDLiquidoExcetoTransferenciasEFUNDEB,ITCD,13186143.15,AM,13,2025,6
2025,RREO,6,B,Governo do Estado do Amazonas,13,AM,3952262,RREO-Anexo 03,E,Padrão,<MR-8>,ITCDLiquidoExcetoTransferenciasEFUNDEB,ITCD,5761357.11,AM,13,2025,6
2025,RREO,6,B,Governo do Estado do Amazonas,13,AM,3952262,RREO-Anexo 03,E,Padrão,<MR-7>,ITCDLiquidoExcetoTransferenciasEFUNDEB,ITCD,2236872.26,AM,13,2025,6
2025,RREO,6,B,Governo do Estado do Amazonas,13,AM,3952262,RREO-Anexo 03,E,Padrão,<MR-6>,ITCDLiquidoExcetoTransferenciasEFUNDEB,ITCD,11055684.16,AM,13,2025,6
2025,RREO,6,B,Governo do Estado do Amazonas,13,AM,3952262,RREO-Anexo 03,E,Padrão,<MR-5>,ITCDLiquidoExcetoTransferenciasEFUNDEB,ITCD,4496369.25,AM,13,2025,6
2025,RREO,6,B,Governo do Estado do Amazonas,13,AM,3952262,RREO-Anexo 03,E,Padrão,<MR-4>,ITCDLiquidoExcetoTransferenciasEFUNDEB,ITCD,3260814.86,AM,13,2025,6
2025,RREO,6,B,Governo do Estado do Amazonas,13,AM,3952262,RREO-Anexo 03,E,Padrão,<MR-3>,ITCDLiquidoExcetoTransferenciasEFUNDEB,ITCD,2500966.52,AM,13,2025,6
2025,RREO,6,B,Governo do Estado do Amazonas,13,AM,3952262,RREO-Anexo 03,E,Padrão,<MR-2>,ITCDLiquidoExcetoTransferenciasEFUNDEB,ITCD,2653854.66,AM,13,2025,6
2025,RREO,6,B,Governo do Estado do Amazonas,13,AM,3952262,RREO-Anexo 03,E,Padrão,<MR-1>,ITCDLiquidoExcetoTransferenciasEFUNDEB,ITCD,2872570.75,AM,13,2025,6
2025,RREO,6,B,Governo do Estado do Amazonas,13,AM,3952262,RREO-Anexo 03,E,Padrão,<MR>,ITCDLiquidoExcetoTransferenciasEFUNDEB,ITCD,3206325.88,AM,13,2025,6
2025,RREO,6,B,Governo do Estado do Amazonas,13,AM,3952262,RREO-Anexo 03,E,Padrão,TOTAL (ÚLTIMOS 12 MESES),ITCDLiquidoExcetoTransferenciasEFUNDEB,ITCD,56959604.65,AM,13,2025,6
2025,RREO,6,B,Governo do Estado do Amazonas,13,AM,3952262,RREO-Anexo 03,E,Padrão,PREVISÃO ATUALIZADA 2025,ITCDLiquidoExcetoTransferenciasEFUNDEB,ITCD,42248000.0,AM,13,2025,6
2025,RREO,6,B,Governo do Estado de Roraima,14,RR,634805,RREO-Anexo 03,E,Padrão,<MR-11>,ICMSLiquidoExcetoTransferenciasEFUNDEB,ICMS,185748602.22,RR,14,2025,6
2025,RREO,6,B,Governo do Estado de Roraima,14,RR,634805,RREO-Anexo 03,E,Padrão,<MR-10>,ICMSLiquidoExcetoTransferenciasEFUNDEB,ICMS,167464682.68,RR,14,2025,6
2025,RREO,6,B,Governo do Estado de Roraima,14,RR,634805,RREO-Anexo 03,E,Padrão,<MR-9>,ICMSLiquidoExcetoTransferenciasEFUNDEB,ICMS,161671208.61,RR,14,2025,6
2025,RREO,6,B,Governo do Estado de Roraima,14,RR,634805,RREO-Anexo 03,E,Padrão,<MR-8>,ICMSLiquidoExcetoTransferenciasEFUNDEB,ICMS,177072952.37,RR,14,2025,6
2025,RREO,6,B,Governo do Estado de Roraima,14,RR,634805,RREO-Anexo 03,E,Padrão,<MR-7>,ICMSLiquidoExcetoTransferenciasEFUNDEB,ICMS,170572455.3,RR,14,2025,6
2025,RREO,6,B,Governo do Estado de Roraima,14,RR,634805,RREO-Anexo 03,E,Padrão,<MR-6>,ICMSLiquidoExcetoTransferenciasEFUNDEB,ICMS,186229988.46,RR,14,2025,6
2025,RREO,6,B,Governo do Estado de Roraima,14,RR,634805,RREO-Anexo 03,E,Padrão,<MR-5>,ICMSLiquidoExcetoTransferenciasEFUNDEB,ICMS,162811761.83,RR,14,2025,6
2025,RREO,6,B,Governo do Estado de Roraima,14,RR,634805,RREO-Anexo 03,E,Padrão,<MR-4>,ICMSLiquidoExcetoTransferenciasEFUNDEB,ICMS,163225011.96,RR,14,2025,6
2025,RREO,6,B,Governo do Estado de Roraima,14,RR,634805,RREO-Anexo 03,E,Padrão,<MR-3>,ICMSLiquidoExcetoTransferenciasEFUNDEB,ICMS,198627299.84,RR,14,2025,6
2025,RREO,6,B,Governo do Estado de Roraima,14,RR,634805,RREO-Anexo 03,E,Padrão,<MR-2>,ICMSLiquidoExcetoTransferenciasEFUNDEB,ICMS,188360902.46,RR,14,2025,6
2025,RREO,6,B,Governo do Estado de Roraima,14,RR,634805,RREO-Anexo 03,E,Padrão,<MR-1>,ICMSLiquidoExcetoTransferenciasEFUNDEB,ICMS,183517819.16,RR,14,2025,6
2025,RREO,6,B,Governo do Estado de Roraima,14,RR,634805,RREO-Anexo 03,E,Padrão,<MR>,ICMSLiquidoExcetoTransferenciasEFUNDEB,ICMS,197186588.37,RR,14,2025,6
2025,RREO,6,B,Governo do Estado de Roraima,14,RR,634805,RREO-Anexo 03,E,Padrão,TOTAL (ÚLTIMOS 12 MESES),ICMSLiquidoExcetoTransferenciasEFUNDEB,ICMS,2142489273.26,RR,14,2025,6
2025,RREO,6,B,Governo do Estado de Roraima,14,RR,634805,RREO-Anexo 03,E,Padrão,PREVISÃO ATUALIZADA 2025,ICMSLiquidoExcetoTransferenciasEFUNDEB,ICMS,2252206155.0,RR,14,2025,6
2025,RREO,6,B,Governo do Estado de Roraima,14,RR,634805,RREO-Anexo 03,E,Padrão,<MR-11>,IPVALiquidoExcetoTransferenciasEFUNDEB,IPVA,11472779.25,RR,14,2025,6
2025,RREO,6,B,Governo do Estado de Roraima,14,RR,634805,RREO-Anexo 03,E,Padrão,<MR-10>,IPVALiquidoExcetoTransferenciasEFUNDEB,IPVA,21827559.18,RR,14,2025,6
2025,RREO,6,B,Governo do Estado de Roraima,14,RR,634805,RREO-Anexo 03,E,Padrão,<MR-9>,IPVALiquidoExcetoTransferenciasEFUNDEB,IPVA,12867778.41,RR,14,2025,6
2025,RREO,6,B,Governo do Estado de Roraima,14,RR,634805,RREO-Anexo 03,E,Padrão,<MR-8>,IPVALiquidoExcetoTransferenciasEFUNDEB,IPVA,11275806.47,RR,14,2025,6
2025,RREO,6,B,Governo do Estado de Roraima,14,RR,634805,RREO-Anexo 03,E,Padrão,<MR-7>,IPVALiquidoExcetoTransferenciasEFUNDEB,IPVA,11016942.68,RR,14,2025,6
2025,RREO,6,B,Governo do Estado de Roraima,14,RR,634805,RREO-Anexo 03,E,Padrão,<MR-6>,IPVALiquidoExcetoTransferenciasEFUNDEB,IPVA,12641848.38,RR,14,2025,6
2025,RREO,6,B,Governo do Estado de Roraima,14,RR,634805,RREO-Anexo 03,E,Padrão,<MR-5>,IPVALiquidoExcetoTransferenciasEFUNDEB,IPVA,13199908.58,RR,14,2025,6
2025,RREO,6,B,Governo do Estado de Roraima,14,RR,634805,RREO-Anexo 03,E,Padrão,<MR-4>,IPVALiquidoExcetoTransferenciasEFUNDEB,IPVA,17489221.29,RR,14,2025,6
2025,RREO,6,B,Governo do Estado de Roraima,14,RR,634805,RREO-Anexo 03,E,Padrão,<MR-3>,IPVALiquidoExcetoTransferenciasEFUNDEB,IPVA,11692533.21,RR,14,2025,6
2025,RREO,6,B,Governo do Estado de Roraima,14,RR,634805,RREO-Anexo 03,E,Padrão,<MR-2>,IPVALiquidoExcetoTransferenciasEFUNDEB,IPVA,6759027.51,RR,14,2025,6
2025,RREO,6,B,Governo do Estado de Roraima,14,RR,634805,RREO-Anexo 03,E,Padrão,<MR-1>,IPVALiquidoExcetoTransferenciasEFUNDEB,IPVA,4357192.6,RR,14,2025,6
2025,RREO,6,B,Governo do Estado de Roraima,14,RR,634805,RREO-Anexo 03,E,Padrão,<MR>,IPVALiquidoExcetoTransferenciasEFUNDEB,IPVA,4584110.13,RR,14,2025,6
2025,RREO,6,B,Governo do Estado de Roraima,14,RR,634805,RREO-Anexo 03,E,Padrão,TOTAL (ÚLTIMOS 12 MESES),IPVALiquidoExcetoTransferenciasEFUNDEB,IPVA,139184707.69,RR,14,2025,6
2025,RREO,6,B,Governo do Estado de Roraima,14,RR,634805,RREO-Anexo 03,E,Padrão,PREVISÃO ATUALIZADA 2025,IPVALiquidoExcetoTransferenciasEFUNDEB,IPVA,129643355.0,RR,14,2025,6
2025,RREO,6,B,Governo do Estado de Roraima,14,RR,634805,RREO-Anexo 03,E,Padrão,<MR-11>,ITCDLiquidoExcetoTransferenciasEFUNDEB,ITCD,340051.4,RR,14,2025,6
2025,RREO,6,B,Governo do Estado de Roraima,14,RR,634805,RREO-Anexo 03,E,Padrão,<MR-10>,ITCDLiquidoExcetoTransferenciasEFUNDEB,ITCD,410613.25,RR,14,2025,6
2025,RREO,6,B,Governo do Estado de Roraima,14,RR,634805,RREO-Anexo 03,E,Padrão,<MR-9>,ITCDLiquidoExcetoTransferenciasEFUNDEB,ITCD,596486.45,RR,14,2025,6
2025,RREO,6,B,Governo do Estado de Roraima,14,RR,634805,RREO-Anexo 03,E,Padrão,<MR-8>,ITCDLiquidoExcetoTransferenciasEFUNDEB,ITCD,419100.41,RR,14,2025,6
2025,RREO,6,B,Governo do Estado de Roraima,14,RR,634805,RREO-Anexo 03,E,Padrão,<MR-7>,ITCDLiquidoExcetoTransferenciasEFUNDEB,ITCD,818429.18,RR,14,2025,6
2025,RREO,6,B,Governo do Estado de Roraima,14,RR,634805,RREO-Anexo 03,E,Padrão,<MR-6>,ITCDLiquidoExcetoTransferenciasEFUNDEB,ITCD,687297.59,RR,14,2025,6
2025,RREO,6,B,Governo do Estado de Roraima,14,RR,634805,RREO-Anexo 03,E,Padrão,<MR-5>,ITCDLiquidoExcetoTransferenciasEFUNDEB,ITCD,1200735.71,RR,14,2025,6
2025,RREO,6,B,Governo do Estado de Roraima,14,RR,634805,RREO-Anexo 03,E,Padrão,<MR-4>,ITCDLiquidoExcetoTransferenciasEFUNDEB,ITCD,472174.43,RR,14,2025,6
2025,RREO,6,B,Governo do Estado de Roraima,14,RR,634805,RREO-Anexo 03,E,Padrão,<MR-3>,ITCDLiquidoExcetoTransferenciasEFUNDEB,ITCD,629778.78,RR,14,2025,6
2025,RREO,6,B,Governo do Estado de Roraima,14,RR,634805,RREO-Anexo 03,E,Padrão,<MR-2>,ITCDLiquidoExcetoTransferenciasEFUNDEB,ITCD,643282.6,RR,14,2025,6
2025,RREO,6,B,Governo do Estado de Roraima,14,RR,634805,RREO-Anexo 03,E,Padrão,<MR-1>,ITCDLiquidoExcetoTransferenciasEFUNDEB,ITCD,468290.27,RR,14,2025,6
2025,RREO,6,B,Governo do Estado de Roraima,14,RR,634805,RREO-Anexo 03,E,Padrão,<MR>,ITCDLiquidoExcetoTransferenciasEFUNDEB,ITCD,517877.74,RR,14,2025,6
2025,RREO,6,B,Governo do Estado de Roraima,14,RR,634805,RREO-Anexo 03,E,Padrão,TOTAL (ÚLTIMOS 12 MESES),ITCDLiquidoExcetoTransferenciasEFUNDEB,ITCD,7204117.81,RR,14,2025,6
2025,RREO,6,B,Governo do Estado de Roraima,14,RR,634805,RREO-Anexo 03,E,Padrão,PREVISÃO ATUALIZADA 2025,ITCDLiquidoExcetoTransferenciasEFUNDEB,ITCD,7938603.0,RR,14,2025,6
2025,RREO,6,B,Governo do Estado do Pará,15,PA,8442962,RREO-Anexo 03,E,Padrão,<MR-11>,ICMSLiquidoExcetoTransferenciasEFUNDEB,ICMS,2160251736.09,PA,15,2025,6
2025,RREO,6,B,Governo do Estado do Pará,15,PA,8442962,RREO-Anexo 03,E,Padrão,<MR-10>,ICMSLiquidoExcetoTransferenciasEFUNDEB,ICMS,1830078090.72,PA,15,2025,6
2025,RREO,6,B,Governo do Estado do Pará,15,PA,8442962,RREO-Anexo 03,E,Padrão,<MR-9>,ICMSLiquidoExcetoTransferenciasEFUNDEB,ICMS,1747704101.55,PA,15,2025,6
2025,RREO,6,B,Governo do Estado do Pará,15,PA,8442962,RREO-Anexo 03,E,Padrão,<MR-8>,ICMSLiquidoExcetoTransferenciasEFUNDEB,ICMS,1984976846.84,PA,15,2025,6
2025,RREO,6,B,Governo do Estado do Pará,15,PA,8442962,RREO-Anexo 03,E,Padrão,<MR-7>,ICMSLiquidoExcetoTransferenciasEFUNDEB,ICMS,1881381189.56,PA,15,2025,6
2025,RREO,6,B,Governo do Estado do Pará,15,PA,8442962,RREO-Anexo 03,E,Padrão,<MR-6>,ICMSLiquidoExcetoTransferenciasEFUNDEB,ICMS,2127506819.2,PA,15,2025,6
2025,RREO,6,B,Governo do Estado do Pará,15,PA,8442962,RREO-Anexo 03,E,Padrão,<MR-5>,ICMSLiquidoExcetoTransferenciasEFUNDEB,ICMS,2221687786.04,PA,15,2025,6
2025,RREO,6,B,Governo do Estado do Pará,15,PA,8442962,RREO-Anexo 03,E,Padrão,<MR-4>,ICMSLiquidoExcetoTransferenciasEFUNDEB,ICMS,2107200132.76,PA,15,2025,6
2025,RREO,6,B,Governo do Estado do Pará,15,PA,8442962,RREO-Anexo 03,E,Padrão,<MR-3>,ICMSLiquidoExcetoTransferenciasEFUNDEB,ICMS,2234918235.67,PA,15,2025,6
2025,RREO,6,B,Governo do Estado do Pará,15,PA,8442962,RREO-Anexo 03,E,Padrão,<MR-2>,ICMSLiquidoExcetoTransferenciasEFUNDEB,ICMS,2229061112.42,PA,15,2025,6
2025,RREO,6,B,Governo do Estado do Pará,15,PA,8442962,RREO-Anexo 03,E,Padrão,<MR-1>,ICMSLiquidoExcetoTransferenciasEFUNDEB,ICMS,2216660946.08,PA,15,2025,6
2025,RREO,6,B,Governo do Estado do Pará,15,PA,8442962,RREO-Anexo 03,E,Padrão,<MR>,ICMSLiquidoExcetoTransferenciasEFUNDEB,ICMS,2337718960.91,PA,15,2025,6
2025,RREO,6,B,Governo do Estado do Pará,15,PA,8442962,RREO-Anexo 03,E,Padrão,TOTAL (ÚLTIMOS 12 MESES),ICMSLiquidoExcetoTransferenciasEFUNDEB,ICMS,25079145957.84,PA,15,2025,6
2025,RREO,6,B,Governo do Estado do Pará,15,PA,8442962,RREO-Anexo 03,E,Padrão,PREVISÃO ATUALIZADA 2025,ICMSLiquidoExcetoTransferenciasEFUNDEB,ICMS,25692646067.43,PA,15,2025,6
2025,RREO,6,B,Governo do Estado do Pará,15,PA,8442962,RREO-Anexo 03,E,Padrão,<MR-11>,IPVALiquidoExcetoTransferenciasEFUNDEB,IPVA,103891988.8,PA,15,2025,6
2025,RREO,6,B,Governo do Estado do Pará,15,PA,8442962,RREO-Anexo 03,E,Padrão,<MR-10>,IPVALiquidoExcetoTransferenciasEFUNDEB,IPVA,100488282.32,PA,15,2025,6
2025,RREO,6,B,Governo do Estado do Pará,15,PA,8442962,RREO-Anexo 03,E,Padrão,<MR-9>,IPVALiquidoExcetoTransferenciasEFUNDEB,IPVA,149378536.12,PA,15,2025,6
2025,RREO,6,B,Governo do Estado do Pará,15,PA,8442962,RREO-Anexo 03,E,Padrão,<MR-8>,IPVALiquidoExcetoTransferenciasEFUNDEB,IPVA,136151117.22,PA,15,2025,6
2025,RREO,6,B,Governo do Estado do Pará,15,PA,8442962,RREO-Anexo 03,E,Padrão,<MR-7>,IPVALiquidoExcetoTransferenciasEFUNDEB,IPVA,146171002.55,PA,15,2025,6
2025,RREO,6,B,Governo do Estado do Pará,15,PA,8442962,RREO-Anexo 03,E,Padrão,<MR-6>,IPVALiquidoExcetoTransferenciasEFUNDEB,IPVA,148591800.22,PA,15,2025,6
2025,RREO,6,B,Governo do Estado do Pará,15,PA,8442962,RREO-Anexo 03,E,Padrão,<MR-5>,IPVALiquidoExcetoTransferenciasEFUNDEB,IPVA,165109124.73,PA,15,2025,6
2025,RREO,6,B,Governo do Estado do Pará,15,PA,8442962,RREO-Anexo 03,E,Padrão,<MR-4>,IPVALiquidoExcetoTransferenciasEFUNDEB,IPVA,137447647.11,PA,15,2025,6
2025,RREO,6,B,Governo do Estado do Pará,15,PA,8442962,RREO-Anexo 03,E,Padrão,<MR-3>,IPVALiquidoExcetoTransferenciasEFUNDEB,IPVA,144140493.09,PA,15,2025,6
2025,RREO,6,B,Governo do Estado do Pará,15,PA,8442962,RREO-Anexo 03,E,Padrão,<MR-2>,IPVALiquidoExcetoTransferenciasEFUNDEB,IPVA,117135293.06,PA,15,2025,6
2025,RREO,6,B,Governo do Estado do Pará,15,PA,8442962,RREO-Anexo 03,E,Padrão,<MR-1>,IPVALiquidoExcetoTransferenciasEFUNDEB,IPVA,73237284.17,PA,15,2025,6
2025,RREO,6,B,Governo do Estado do Pará,15,PA,8442962,RREO-Anexo 03,E,Padrão,<MR>,IPVALiquidoExcetoTransferenciasEFUNDEB,IPVA,61325098.41,PA,15,2025,6
2025,RREO,6,B,Governo do Estado do Pará,15,PA,8442962,RREO-Anexo 03,E,Padrão,TOTAL (ÚLTIMOS 12 MESES),IPVALiquidoExcetoTransferenciasEFUNDEB,IPVA,1483067667.8,PA,15,2025,6
2025,RREO,6,B,Governo do Estado do Pará,15,PA,8442962,RREO-Anexo 03,E,Padrão,PREVISÃO ATUALIZADA 2025,IPVALiquidoExcetoTransferenciasEFUNDEB,IPVA,1413269185.0,PA,15,2025,6
2025,RREO,6,B,Governo do Estado do Pará,15,PA,8442962,RREO-Anexo 03,E,Padrão,<MR-11>,ITCDLiquidoExcetoTransferenciasEFUNDEB,ITCD,6001339.06,PA,15,2025,6
2025,RREO,6,B,Governo do Estado do Pará,15,PA,8442962,RREO-Anexo 03,E,Padrão,<MR-10>,ITCDLiquidoExcetoTransferenciasEFUNDEB,ITCD,5696774.06,PA,15,2025,6
2025,RREO,6,B,Governo do Estado do Pará,15,PA,8442962,RREO-Anexo 03,E,Padrão,<MR-9>,ITCDLiquidoExcetoTransferenciasEFUNDEB,ITCD,5848454.31,PA,15,2025,6
2025,RREO,6,B,Governo do Estado do Pará,15,PA,8442962,RREO-Anexo 03,E,Padrão,<MR-8>,ITCDLiquidoExcetoTransferenciasEFUNDEB,ITCD,6005241.54,PA,15,2025,6
2025,RREO,6,B,Governo do Estado do Pará,15,PA,8442962,RREO-Anexo 03,E,Padrão,<MR-7>,ITCDLiquidoExcetoTransferenciasEFUNDEB,ITCD,4537527.66,PA,15,2025,6
2025,RREO,6,B,Governo do Estado do Pará,15,PA,8442962,RREO-Anexo 03,E,Padrão,<MR-6>,ITCDLiquidoExcetoTransferenciasEFUNDEB,ITCD,6769703.76,PA,15,2025,6
2025,RREO,6,B,Governo do Estado do Pará,15,PA,8442962,RREO-Anexo 03,E,Padrão,<MR-5>,ITCDLiquidoExcetoTransferenciasEFUNDEB,ITCD,7688517.56,PA,15,2025,6
2025,RREO,6,B,Governo do Estado do Pará,15,PA,8442962,RREO-Anexo 03,E,Padrão,<MR-4>,ITCDLiquidoExcetoTransferenciasEFUNDEB,ITCD,5464099.61,PA,15,2025,6
2025,RREO,6,B,Governo do Estado do Pará,15,PA,8442962,RREO-Anexo 03,E,Padrão,<MR-3>,ITCDLiquidoExcetoTransferenciasEFUNDEB,ITCD,8147662.33,PA,15,2025,6
2025,RREO,6,B,Governo do Estado do Pará,15,PA,8442962,RREO-Anexo 03,E,Padrão,<MR-2>,ITCDLiquidoExcetoTransferenciasEFUNDEB,ITCD,6483492.99,PA,15,2025,6
2025,RREO,6,B,Governo do Estado do Pará,15,PA,8442962,RREO-Anexo 03,E,Padrão,<MR-1>,ITCDLiquidoExcetoTransferenciasEFUNDEB,ITCD,4290887.57,PA,15,2025,6
2025,RREO,6,B,Governo do Estado do Pará,15,PA,8442962,RREO-Anexo 03,E,Padrão,<MR>,ITCDLiquidoExcetoTransferenciasEFUNDEB,ITCD,18292617.16,PA,15,2025,6
2025,RREO,6,B,Governo do Estado do Pará,15,PA,8442962,RREO-Anexo 03,E,Padrão,TOTAL (ÚLTIMOS 12 MESES),ITCDLiquidoExcetoTransferenciasEFUNDEB,ITCD,85226317.61,PA,15,2025,6
2025,RREO,6,B,Governo do Estado do Pará,15,PA,8442962,RREO-Anexo 03,E,Padrão,PREVISÃO ATUALIZADA 2025,ITCDLiquidoExcetoTransferenciasEFUNDEB,ITCD,68786655.0,PA,15,2025,6
2025,RREO,6,B,Governo do Estado do Amapá,16,AP,774268,RREO-Anexo 03,E,Padrão,<MR-11>,ICMSLiquidoExcetoTransferenciasEFUNDEB,ICMS,142692417.61,AP,16,2025,6
2025,RREO,6,B,Governo do Estado do Amapá,16,AP,774268,RREO-Anexo 03,E,Padrão,<MR-10>,ICMSLiquidoExcetoTransferenciasEFUNDEB,ICMS,112999923.32,AP,16,2025,6
2025,RREO,6,B,Governo do Estado do Amapá,16,AP,774268,RREO-Anexo 03,E,Padrão,<MR-9>,ICMSLiquidoExcetoTransferenciasEFUNDEB,ICMS,123750719.24,AP,16,2025,6
2025,RREO,6,B,Governo do Estado do Amapá,16,AP,774268,RREO-Anexo 03,E,Padrão,<MR-8>,ICMSLiquidoExcetoTransferenciasEFUNDEB,ICMS,132220472.54,AP,16,2025,6
2025,RREO,6,B,Governo do Estado do Amapá,16,AP,774268,RREO-Anexo 03,E,Padrão,<MR-7>,ICMSLiquidoExcetoTransferenciasEFUNDEB,ICMS,150119301.53,AP,16,2025,6
2025,RREO,6,B,Governo do Estado do Amapá,16,AP,774268,RREO-Anexo 03,E,Padrão,<MR-6>,ICMSLiquidoExcetoTransferenciasEFUNDEB,ICMS,149506371.83,AP,16,2025,6
2025,RREO,6,B,Governo do Estado do Amapá,16,AP,774268,RREO-Anexo 03,E,Padrão,<MR-5>,ICMSLiquidoExcetoTransferenciasEFUNDEB,ICMS,149045073.64,AP,16,2025,6
2025,RREO,6,B,Governo do Estado do Amapá,16,AP,774268,RREO-Anexo 03,E,Padrão,<MR-4>,ICMSLiquidoExcetoTransferenciasEFUNDEB,ICMS,138839570.39,AP,16,2025,6
2025,RREO,6,B,Governo do Estado do Amapá,16,AP,774268,RREO-Anexo 03,E,Padrão,<MR-3>,ICMSLiquidoExcetoTransferenciasEFUNDEB,ICMS,161740867.86,AP,16,2025,6
2025,RREO,6,B,Governo do Estado do Amapá,16,AP,774268,RREO-Anexo 03,E,Padrão,<MR-2>,ICMSLiquidoExcetoTransferenciasEFUNDEB,ICMS,152818197.28,AP,16,2025,6
2025,RREO,6,B,Governo do Estado do Amapá,16,AP,774268,RREO-Anexo 03,E,Padrão,<MR-1>,ICMSLiquidoExcetoTransferenciasEFUNDEB,ICMS,140415499.13,AP,16,2025,6
2025,RREO,6,B,Governo do Estado do Amapá,16,AP,774268,RREO-Anexo 03,E,Padrão,<MR>,ICMSLiquidoExcetoTransferenciasEFUNDEB,ICMS,148779269.01,AP,16,2025,6
2025,RREO,6,B,Governo do Estado do Amapá,16,AP,774268,RREO-Anexo 03,E,Padrão,TOTAL (ÚLTIMOS 12 MESES),ICMSLiquidoExcetoTransferenciasEFUNDEB,ICMS,1702927683.38,AP,16,2025,6
2025,RREO,6,B,Governo do Estado do Amapá,16,AP,774268,RREO-Anexo 03,E,Padrão,PREVISÃO ATUALIZADA 2025,ICMSLiquidoExcetoTransferenciasEFUNDEB,ICMS,1647327967.0,AP,16,2025,6
2025,RREO,6,B,Governo do Estado do Amapá,16,AP,774268,RREO-Anexo 03,E,Padrão,<MR-11>,IPVALiquidoExcetoTransferenciasEFUNDEB,IPVA,9165635.79,AP,16,2025,6
2025,RREO,6,B,Governo do Estado do Amapá,16,AP,774268,RREO-Anexo 03,E,Padrão,<MR-10>,IPVALiquidoExcetoTransferenciasEFUNDEB,IPVA,10055213.61,AP,16,2025,6
2025,RREO,6,B,Governo do Estado do Amapá,16,AP,774268,RREO-Anexo 03,E,Padrão,<MR-9>,IPVALiquidoExcetoTransferenciasEFUNDEB,IPVA,36819354.69,AP,16,2025,6
2025,RREO,6,B,Governo do Estado do Amapá,16,AP,774268,RREO-Anexo 03,E,Padrão,<MR-8>,IPVALiquidoExcetoTransferenciasEFUNDEB,IPVA,15059694.99,AP,16,2025,6
2025,RREO,6,B,Governo do Estado do Amapá,16,AP,774268,RREO-Anexo 03,E,Padrão,<MR-7>,IPVALiquidoExcetoTransferenciasEFUNDEB,IPVA,9734265.01,AP,16,2025,6
2025,RREO,6,B,Governo do Estado do Amapá,16,AP,774268,RREO-Anexo 03,E,Padrão,<MR-6>,IPVALiquidoExcetoTransferenciasEFUNDEB,IPVA,10529732.67,AP,16,2025,6
2025,RREO,6,B,Governo do Estado do Amapá,16,AP,774268,RREO-Anexo 03,E,Padrão,<MR-5>,IPVALiquidoExcetoTransferenciasEFUNDEB,IPVA,11761894.47,AP,16,2025,6
2025,RREO,6,B,Governo do Estado do Amapá,16,AP,774268,RREO-Anexo 03,E,Padrão,<MR-4>,IPVALiquidoExcetoTransferenciasEFUNDEB,IPVA,10406593.14,AP,16,2025,6
2025,RREO,6,B,Governo do Estado do Amapá,16,AP,774268,RREO-Anexo 03,E,Padrão,<MR-3>,IPVALiquidoExcetoTransferenciasEFUNDEB,IPVA,12788323.55,AP,16,2025,6
2025,RREO,6,B,Governo do Estado do Amapá,16,AP,774268,RREO-Anexo 03,E,Padrão,<MR-2>,IPVALiquidoExcetoTransferenciasEFUNDEB,IPVA,9839476.37,AP,16,2025,6
2025,RREO,6,B,Governo do Estado do Amapá,16,AP,774268,RREO-Anexo 03,E,Padrão,<MR-1>,IPVALiquidoExcetoTransferenciasEFUNDEB,IPVA,6344154.34,AP,16,2025,6
2025,RREO,6,B,Governo do Estado do Amapá,16,AP,774268,RREO-Anexo 03,E,Padrão,<MR>,IPVALiquidoExcetoTransferenciasEFUNDEB,IPVA,6222938.74,AP,16,2025,6
2025,RREO,6,B,Governo do Estado do Amapá,16,AP,774268,RREO-Anexo 03,E,Padrão,TOTAL (ÚLTIMOS 12 MESES),IPVALiquidoExcetoTransferenciasEFUNDEB,IPVA,148727277.37,AP,16,2025,6
2025,RREO,6,B,Governo do Estado do Amapá,16,AP,774268,RREO-Anexo 03,E,Padrão,PREVISÃO ATUALIZADA 2025,IPVALiquidoExcetoTransferenciasEFUNDEB,IPVA,148026686.0,AP,16,2025,6
2025,RREO,6,B,Governo do Estado do Amapá,16,AP,774268,RREO-Anexo 03,E,Padrão,<MR-11>,ITCDLiquidoExcetoTransferenciasEFUNDEB,ITCD,599172.78,AP,16,2025,6
2025,RREO,6,B,Governo do Estado do Amapá,16,AP,774268,RREO-Anexo 03,E,Padrão,<MR-10>,ITCDLiquidoExcetoTransferenciasEFUNDEB,ITCD,82277.43,AP,16,2025,6
2025,RREO,6,B,Governo do Estado do Amapá,16,AP,774268,RREO-Anexo 03,E,Padrão,<MR-9>,ITCDLiquidoExcetoTransferenciasEFUNDEB,ITCD,327084.45,AP,16,2025,6
2025,RREO,6,B,Governo do Estado do Amapá,16,AP,774268,RREO-Anexo 03,E,Padrão,<MR-8>,ITCDLiquidoExcetoTransferenciasEFUNDEB,ITCD,173814.03,AP,16,2025,6
2025,RREO,6,B,Governo do Estado do Amapá,16,AP,774268,RREO-Anexo 03,E,Padrão,<MR-7>,ITCDLiquidoExcetoTransferenciasEFUNDEB,ITCD,255179.99,AP,16,2025,6
2025,RREO,6,B,Governo do Estado do Amapá,16,AP,774268,RREO-Anexo 03,E,Padrão,<MR-6>,ITCDLiquidoExcetoTransferenciasEFUNDEB,ITCD,146435.27,AP,16,2025,6
2025,RREO,6,B,Governo do Estado do Amapá,16,AP,774268,RREO-Anexo 03,E,Padrão,<MR-5>,ITCDLiquidoExcetoTransferenciasEFUNDEB,ITCD,295249.64,AP,16,2025,6
2025,RREO,6,B,Governo do Estado do Amapá,16,AP,774268,RREO-Anexo 03,E,Padrão,<MR-4>,ITCDLiquidoExcetoTransferenciasEFUNDEB,ITCD,250418.14,AP,16,2025,6
2025,RREO,6,B,Governo do Estado do Amapá,16,AP,774268,RREO-Anexo 03,E,Padrão,<MR-3>,ITCDLiquidoExcetoTransferenciasEFUNDEB,ITCD,395573.16,AP,16,2025,6
2025,RREO,6,B,Governo do Estado do Amapá,16,AP,774268,RREO-Anexo 03,E,Padrão,<MR-2>,ITCDLiquidoExcetoTransferenciasEFUNDEB,ITCD,540835.37,AP,16,2025,6
2025,RREO,6,B,Governo do Estado do Amapá,16,AP,774268,RREO-Anexo 03,E,Padrão,<MR-1>,ITCDLiquidoExcetoTransferenciasEFUNDEB,ITCD,284189.02,AP,16,2025,6
2025,RREO,6,B,Governo do Estado do Amapá,16,AP,774268,RREO-Anexo 03,E,Padrão,<MR>,ITCDLiquidoExcetoTransferenciasEFUNDEB,ITCD,324963.87,AP,16,2025,6
2025,RREO,6,B,Governo do Estado do Amapá,16,AP,774268,RREO-Anexo 03,E,Padrão,TOTAL (ÚLTIMOS 12 MESES),ITCDLiquidoExcetoTransferenciasEFUNDEB,ITCD,3675193.15,AP,16,2025,6
2025,RREO,6,B,Governo do Estado do Amapá,16,AP,774268,RREO-Anexo 03,E,Padrão,PREVISÃO ATUALIZADA 2025,ITCDLiquidoExcetoTransferenciasEFUNDEB,ITCD,3638956.0,AP,16,2025,6
2025,RREO,6,B,Governo do Estado do Tocantins,17,TO,1584306,RREO-Anexo 03,E,Padrão,<MR-11>,ICMSLiquidoExcetoTransferenciasEFUNDEB,ICMS,505835706.0,TO,17,2025,6
2025,RREO,6,B,Governo do Estado do Tocantins,17,TO,1584306,RREO-Anexo 03,E,Padrão,<MR-10>,ICMSLiquidoExcetoTransferenciasEFUNDEB,ICMS,461704781.59,TO,17,2025,6
2025,RREO,6,B,Governo do Estado do Tocantins,17,TO,1584306,RREO-Anexo 03,E,Padrão,<MR-9>,ICMSLiquidoExcetoTransferenciasEFUNDEB,ICMS,470927614.69,TO,17,2025,6
2025,RREO,6,B,Governo do Estado do Tocantins,17,TO,1584306,RREO-Anexo 03,E,Padrão,<MR-8>,ICMSLiquidoExcetoTransferenciasEFUNDEB,ICMS,515191166.06,TO,17,2025,6
2025,RREO,6,B,Governo do Estado do Tocantins,17,TO,1584306,RREO-Anexo 03,E,Padrão,<MR-7>,ICMSLiquidoExcetoTransferenciasEFUNDEB,ICMS,508897979.8,TO,17,2025,6
2025,RREO,6,B,Governo do Estado do Tocantins,17,TO,1584306,RREO-Anexo 03,E,Padrão,<MR-6>,ICMSLiquidoExcetoTransferenciasEFUNDEB,ICMS,542824793.54,TO,17,2025,6
2025,RREO,6,B,Governo do Estado do Tocantins,17,TO,1584306,RREO-Anexo 03,E,Padrão,<MR-5>,ICMSLiquidoExcetoTransferenciasEFUNDEB,ICMS,561892094.88,TO,17,2025,6
2025,RREO,6,B,Governo do Estado do Tocantins,17,TO,1584306,RREO-Anexo 03,E,Padrão,<MR-4>,ICMSLiquidoExcetoTransferenciasEFUNDEB,ICMS,560656243.7,TO,17,2025,6
2025,RREO,6,B,Governo do Estado do Tocantins,17,TO,1584306,RREO-Anexo 03,E,Padrão,<MR-3>,ICMSLiquidoExcetoTransferenciasEFUNDEB,ICMS,558643669.11,TO,17,2025,6
2025,RREO,6,B,Governo do Estado do Tocantins,17,TO,1584306,RREO-Anexo 03,E,Padrão,<MR-2>,ICMSLiquidoExcetoTransferenciasEFUNDEB,ICMS,595064357.04,TO,17,2025,6
2025,RREO,6,B,Governo do Estado do Tocantins,17,TO,1584306,RREO-Anexo 03,E,Padrão,<MR-1>,ICMSLiquidoExcetoTransferenciasEFUNDEB,ICMS,572210453.09,TO,17,2025,6
2025,RREO,6,B,Governo do Estado do Tocantins,17,TO,1584306,RREO-Anexo 03,E,Padrão,<MR>,ICMSLiquidoExcetoTransferenciasEFUNDEB,ICMS,547060287.21,TO,17,2025,6
2025,RREO,6,B,Governo do Estado do Tocantins,17,TO,1584306,RREO-Anexo 03,E,Padrão,TOTAL (ÚLTIMOS 12 MESES),ICMSLiquidoExcetoTransferenciasEFUNDEB,ICMS,6400909146.71,TO,17,2025,6
2025,RREO,6,B,Governo do Estado do Tocantins,17,TO,1584306,RREO-Anexo 03,E,Padrão,PREVISÃO ATUALIZADA 2025,ICMSLiquidoExcetoTransferenciasEFUNDEB,ICMS,6522142825.38,TO,17,2025,6
2025,RREO,6,B,Governo do Estado do Tocantins,17,TO,1584306,RREO-Anexo 03,E,Padrão,<MR-11>,IPVALiquidoExcetoTransferenciasEFUNDEB,IPVA,76456119.74,TO,17,2025,6
2025,RREO,6,B,Governo do Estado do Tocantins,17,TO,1584306,RREO-Anexo 03,E,Padrão,<MR-10>,IPVALiquidoExcetoTransferenciasEFUNDEB,IPVA,48872258.48,TO,17,2025,6
2025,RREO,6,B,Governo do Estado do Tocantins,17,TO,1584306,RREO-Anexo 03,E,Padrão,<MR-9>,IPVALiquidoExcetoTransferenciasEFUNDEB,IPVA,24808327.54,TO,17,2025,6
2025,RREO,6,B,Governo do Estado do Tocantins,17,TO,1584306,RREO-Anexo 03,E,Padrão,<MR-8>,IPVALiquidoExcetoTransferenciasEFUNDEB,IPVA,24438227.55,TO,17,2025,6
2025,RREO,6,B,Governo do Estado do Tocantins,17,TO,1584306,RREO-Anexo 03,E,Padrão,<MR-7>,IPVALiquidoExcetoTransferenciasEFUNDEB,IPVA,24550936.8,TO,17,2025,6
2025,RREO,6,B,Governo do Estado do Tocantins,17,TO,1584306,RREO-Anexo 03,E,Padrão,<MR-6>,IPVALiquidoExcetoTransferenciasEFUNDEB,IPVA,23999952.08,TO,17,2025,6
2025,RREO,6,B,Governo do Estado do Tocantins,17,TO,1584306,RREO-Anexo 03,E,Padrão,<MR-5>,IPVALiquidoExcetoTransferenciasEFUNDEB,IPVA,28432672.35,TO,17,2025,6
2025,RREO,6,B,Governo do Estado do Tocantins,17,TO,1584306,RREO-Anexo 03,E,Padrão,<MR-4>,IPVALiquidoExcetoTransferenciasEFUNDEB,IPVA,28541832.5,TO,17,2025,6
2025,RREO,6,B,Governo do Estado do Tocantins,17,TO,1584306,RREO-Anexo 03,E,Padrão,<MR-3>,IPVALiquidoExcetoTransferenciasEFUNDEB,IPVA,49660667.93,TO,17,2025,6
2025,RREO,6,B,Governo do Estado do Tocantins,17,TO,1584306,RREO-Anexo 03,E,Padrão,<MR-2>,IPVALiquidoExcetoTransferenciasEFUNDEB,IPVA,190813441.89,TO,17,2025,6
2025,RREO,6,B,Governo do Estado do Tocantins,17,TO,1584306,RREO-Anexo 03,E,Padrão,<MR-1>,IPVALiquidoExcetoTransferenciasEFUNDEB,IPVA,23302381.68,TO,17,2025,6
2025,RREO,6,B,Governo do Estado do Tocantins,17,TO,1584306,RREO-Anexo 03,E,Padrão,<MR>,IPVALiquidoExcetoTransferenciasEFUNDEB,IPVA,63674165.75,TO,17,2025,6
2025,RREO,6,B,Governo do Estado do Tocantins,17,TO,1584306,RREO-Anexo 03,E,Padrão,TOTAL (ÚLTIMOS 12 MESES),IPVALiquidoExcetoTransferenciasEFUNDEB,IPVA,607550984.29,TO,17,2025,6
2025,RREO,6,B,Governo do Estado do Tocantins,17,TO,1584306,RREO-Anexo 03,E,Padrão,PREVISÃO ATUALIZADA 2025,IPVALiquidoExcetoTransferenciasEFUNDEB,IPVA,534469341.0,TO,17,2025,6
2025,RREO,6,B,Governo do Estado do Tocantins,17,TO,1584306,RREO-Anexo 03,E,Padrão,<MR-11>,ITCDLiquidoExcetoTransferenciasEFUNDEB,ITCD,7599913.71,TO,17,2025,6
2025,RREO,6,B,Governo do Estado do Tocantins,17,TO,1584306,RREO-Anexo 03,E,Padrão,<MR-10>,ITCDLiquidoExcetoTransferenciasEFUNDEB,ITCD,6780702.54,TO,17,2025,6
2025,RREO,6,B,Governo do Estado do Tocantins,17,TO,1584306,RREO-Anexo 03,E,Padrão,<MR-9>,ITCDLiquidoExcetoTransferenciasEFUNDEB,ITCD,12455980.02,TO,17,2025,6
2025,RREO,6,B,Governo do Estado do Tocantins,17,TO,1584306,RREO-Anexo 03,E,Padrão,<MR-8>,ITCDLiquidoExcetoTransferenciasEFUNDEB,ITCD,8807004.03,TO,17,2025,6
2025,RREO,6,B,Governo do Estado do Tocantins,17,TO,1584306,RREO-Anexo 03,E,Padrão,<MR-7>,ITCDLiquidoExcetoTransferenciasEFUNDEB,ITCD,8228076.1,TO,17,2025,6
2025,RREO,6,B,Governo do Estado do Tocantins,17,TO,1584306,RREO-Anexo 03,E,Padrão,<MR-6>,ITCDLiquidoExcetoTransferenciasEFUNDEB,ITCD,9935218.37,TO,17,2025,6
2025,RREO,6,B,Governo do Estado do Tocantins,17,TO,1584306,RREO-Anexo 03,E,Padrão,<MR-5>,ITCDLiquidoExcetoTransferenciasEFUNDEB,ITCD,8509673.28,TO,17,2025,6
2025,RREO,6,B,Governo do Estado do Tocantins,17,TO,1584306,RREO-Anexo 03,E,Padrão,<MR-4>,ITCDLiquidoExcetoTransferenciasEFUNDEB,ITCD,6530753.26,TO,17,2025,6
2025,RREO,6,B,Governo do Estado do Tocantins,17,TO,1584306,RREO-Anexo 03,E,Padrão,<MR-3>,ITCDLiquidoExcetoTransferenciasEFUNDEB,ITCD,10249633.6,TO,17,2025,6
2025,RREO,6,B,Governo do Estado do Tocantins,17,TO,1584306,RREO-Anexo 03,E,Padrão,<MR-2>,ITCDLiquidoExcetoTransferenciasEFUNDEB,ITCD,7279319.22,TO,17,2025,6
2025,RREO,6,B,Governo do Estado do Tocantins,17,TO,1584306,RREO-Anexo 03,E,Padrão,<MR-1>,ITCDLiquidoExcetoTransferenciasEFUNDEB,ITCD,7985335.02,TO,17,2025,6
2025,RREO,6,B,Governo do Estado do Tocantins,17,TO,1584306,RREO-Anexo 03,E,Padrão,<MR>,ITCDLiquidoExcetoTransferenciasEFUNDEB,ITCD,11183573.16,TO,17,2025,6
2025,RREO,6,B,Governo do Estado do Tocantins,17,TO,1584306,RREO-Anexo 03,E,Padrão,TOTAL (ÚLTIMOS 12 MESES),ITCDLiquidoExcetoTransferenciasEFUNDEB,ITCD,105545182.31,TO,17,2025,6
2025,RREO,6,B,Governo do Estado do Tocantins,17,TO,1584306,RREO-Anexo 03,E,Padrão,PREVISÃO ATUALIZADA 2025,ITCDLiquidoExcetoTransferenciasEFUNDEB,ITCD,92832565.0,TO,17,2025,6
2025,RREO,6,B,Governo do Estado do Maranhão,21,MA,6800605,RREO-Anexo 03,E,Padrão,<MR-11>,ICMSLiquidoExcetoTransferenciasEFUNDEB,ICMS,1284014019.78,MA,21,2025,6
2025,RREO,6,B,Governo do Estado do Maranhão,21,MA,6800605,RREO-Anexo 03,E,Padrão,<MR-10>,ICMSLiquidoExcetoTransferenciasEFUNDEB,ICMS,1174200927.12,MA,21,2025,6
2025,RREO,6,B,Governo do Estado do Maranhão,21,MA,6800605,RREO-Anexo 03,E,Padrão,<MR-9>,ICMSLiquidoExcetoTransferenciasEFUNDEB,ICMS,1047895831.33,MA,21,2025,6
2025,RREO,6,B,Governo do Estado do Maranhão,21,MA,6800605,RREO-Anexo 03,E,Padrão,<MR-8>,ICMSLiquidoExcetoTransferenciasEFUNDEB,ICMS,1210102116.34,MA,21,2025,6
2025,RREO,6,B,Governo do Estado do Maranhão,21,MA,6800605,RREO-Anexo 03,E,Padrão,<MR-7>,ICMSLiquidoExcetoTransferenciasEFUNDEB,ICMS,1167219600.45,MA,21,2025,6
2025,RREO,6,B,Governo do Estado do Maranhão,21,MA,6800605,RREO-Anexo 03,E,Padrão,<MR-6>,ICMSLiquidoExcetoTransferenciasEFUNDEB,ICMS,1307495056.82,MA,21,2025,6
2025,RREO,6,B,Governo do Estado do Maranhão,21,MA,6800605,RREO-Anexo 03,E,Padrão,<MR-5>,ICMSLiquidoExcetoTransferenciasEFUNDEB,ICMS,1395414210.02,MA,21,2025,6
2025,RREO,6,B,Governo do Estado do Maranhão,21,MA,6800605,RREO-Anexo 03,E,Padrão,<MR-4>,ICMSLiquidoExcetoTransferenciasEFUNDEB,ICMS,1356464127.45,MA,21,2025,6
2025,RREO,6,B,Governo do Estado do Maranhão,21,MA,6800605,RREO-Anexo 03,E,Padrão,<MR-3>,ICMSLiquidoExcetoTransferenciasEFUNDEB,ICMS,1519621314.39,MA,21,2025,6
2025,RREO,6,B,Governo do Estado do Maranhão,21,MA,6800605,RREO-Anexo 03,E,Padrão,<MR-2>,ICMSLiquidoExcetoTransferenciasEFUNDEB,ICMS,1438716225.9,MA,21,2025,6
2025,RREO,6,B,Governo do Estado do Maranhão,21,MA,6800605,RREO-Anexo 03,E,Padrão,<MR-1>,ICMSLiquidoExcetoTransferenciasEFUNDEB,ICMS,1458902558.7,MA,21,2025,6
2025,RREO,6,B,Governo do Estado do Maranhão,21,MA,6800605,RREO-Anexo 03,E,Padrão,<MR>,ICMSLiquidoExcetoTransferenciasEFUNDEB,ICMS,1453198169.28,MA,21,2025,6
2025,RREO,6,B,Governo do Estado do Maranhão,21,MA,6800605,RREO-Anexo 03,E,Padrão,TOTAL (ÚLTIMOS 12 MESES),ICMSLiquidoExcetoTransferenciasEFUNDEB,ICMS,15813244157.58,MA,21,2025,6
2025,RREO,6,B,Governo do Estado do Maranhão,21,MA,6800605,RREO-Anexo 03,E,Padrão,PREVISÃO ATUALIZADA 2025,ICMSLiquidoExcetoTransferenciasEFUNDEB,ICMS,14783562628.0,MA,21,2025,6
2025,RREO,6,B,Governo do Estado do Maranhão,21,MA,6800605,RREO-Anexo 03,E,Padrão,<MR-11>,IPVALiquidoExcetoTransferenciasEFUNDEB,IPVA,94242999.91,MA,21,2025,6
2025,RREO,6,B,Governo do Estado do Maranhão,21,MA,6800605,RREO-Anexo 03,E,Padrão,<MR-10>,IPVALiquidoExcetoTransferenciasEFUNDEB,IPVA,253704503.79,MA,21,2025,6
2025,RREO,6,B,Governo do Estado do Maranhão,21,MA,6800605,RREO-Anexo 03,E,Padrão,<MR-9>,IPVALiquidoExcetoTransferenciasEFUNDEB,IPVA,125049925.49,MA,21,2025,6
2025,RREO,6,B,Governo do Estado do Maranhão,21,MA,6800605,RREO-Anexo 03,E,Padrão,<MR-8>,IPVALiquidoExcetoTransferenciasEFUNDEB,IPVA,119517389.8,MA,21,2025,6
2025,RREO,6,B,Governo do Estado do Maranhão,21,MA,6800605,RREO-Anexo 03,E,Padrão,<MR-7>,IPVALiquidoExcetoTransferenciasEFUNDEB,IPVA,122743853.09,MA,21,2025,6
2025,RREO,6,B,Governo do Estado do Maranhão,21,MA,6800605,RREO-Anexo 03,E,Padrão,<MR-6>,IPVALiquidoExcetoTransferenciasEFUNDEB,IPVA,89857563.66,MA,21,2025,6
2025,RREO,6,B,Governo do Estado do Maranhão,21,MA,6800605,RREO-Anexo 03,E,Padrão,<MR-5>,IPVALiquidoExcetoTransferenciasEFUNDEB,IPVA,75047592.41,MA,21,2025,6
2025,RREO,6,B,Governo do Estado do Maranhão,21,MA,6800605,RREO-Anexo 03,E,Padrão,<MR-4>,IPVALiquidoExcetoTransferenciasEFUNDEB,IPVA,55096145.68,MA,21,2025,6
2025,RREO,6,B,Governo do Estado do Maranhão,21,MA,6800605,RREO-Anexo 03,E,Padrão,<MR-3>,IPVALiquidoExcetoTransferenciasEFUNDEB,IPVA,50287533.13,MA,21,2025,6
2025,RREO,6,B,Governo do Estado do Maranhão,21,MA,6800605,RREO-Anexo 03,E,Padrão,<MR-2>,IPVALiquidoExcetoTransferenciasEFUNDEB,IPVA,47327162.25,MA,21,2025,6
2025,RREO,6,B,Governo do Estado do Maranhão,21,MA,6800605,RREO-Anexo 03,E,Padrão,<MR-1>,IPVALiquidoExcetoTransferenciasEFUNDEB,IPVA,29686168.55,MA,21,2025,6
2025,RREO,6,B,Governo do Estado do Maranhão,21,MA,6800605,RREO-Anexo 03,E,Padrão,<MR>,IPVALiquidoExcetoTransferenciasEFUNDEB,IPVA,40938329.23,MA,21,2025,6
2025,RREO,6,B,Governo do Estado do Maranhão,21,MA,6800605,RREO-Anexo 03,E,Padrão,TOTAL (ÚLTIMOS 12 MESES),IPVALiquidoExcetoTransferenciasEFUNDEB,IPVA,1103499166.99,MA,21,2025,6
2025,RREO,6,B,Governo do Estado do Maranhão,21,MA,6800605,RREO-Anexo 03,E,Padrão,PREVISÃO ATUALIZADA 2025,IPVALiquidoExcetoTransferenciasEFUNDEB,IPVA,1211702000.0,MA,21,2025,6
2025,RREO,6,B,Governo do Estado do Maranhão,21,MA,6800605,RREO-Anexo 03,E,Padrão,<MR-11>,ITCDLiquidoExcetoTransferenciasEFUNDEB,ITCD,4839871.84,MA,21,2025,6
2025,RREO,6,B,Governo do Estado do Maranhão,21,MA,6800605,RREO-Anexo 03,E,Padrão,<MR-10>,ITCDLiquidoExcetoTransferenciasEFUNDEB,ITCD,7116362.11,MA,21,2025,6
2025,RREO,6,B,Governo do Estado do Maranhão,21,MA,6800605,RREO-Anexo 03,E,Padrão,<MR-9>,ITCDLiquidoExcetoTransferenciasEFUNDEB,ITCD,5995247.4,MA,21,2025,6
2025,RREO,6,B,Governo do Estado do Maranhão,21,MA,6800605,RREO-Anexo 03,E,Padrão,<MR-8>,ITCDLiquidoExcetoTransferenciasEFUNDEB,ITCD,5422064.46,MA,21,2025,6
2025,RREO,6,B,Governo do Estado do Maranhão,21,MA,6800605,RREO-Anexo 03,E,Padrão,<MR-7>,ITCDLiquidoExcetoTransferenciasEFUNDEB,ITCD,7434552.36,MA,21,2025,6
2025,RREO,6,B,Governo do Estado do Maranhão,21,MA,6800605,RREO-Anexo 03,E,Padrão,<MR-6>,ITCDLiquidoExcetoTransferenciasEFUNDEB,ITCD,5492264.12,MA,21,2025,6
2025,RREO,6,B,Governo do Estado do Maranhão,21,MA,6800605,RREO-Anexo 03,E,Padrão,<MR-5>,ITCDLiquidoExcetoTransferenciasEFUNDEB,ITCD,9749265.07,MA,21,2025,6
2025,RREO,6,B,Governo do Estado do Maranhão,21,MA,6800605,RREO-Anexo 03,E,Padrão,<MR-4>,ITCDLiquidoExcetoTransferenciasEFUNDEB,ITCD,5660492.42,MA,21,2025,6
2025,RREO,6,B,Governo do Estado do Maranhão,21,MA,6800605,RREO-Anexo 03,E,Padrão,<MR-3>,ITCDLiquidoExcetoTransferenciasEFUNDEB,ITCD,3875966.77,MA,21,2025,6
2025,RREO,6,B,Governo do Estado do Maranhão,21,MA,6800605,RREO-Anexo 03,E,Padrão,<MR-2>,ITCDLiquidoExcetoTransferenciasEFUNDEB,ITCD,20473732.97,MA,21,2025,6
2025,RREO,6,B,Governo do Estado do Maranhão,21,MA,6800605,RREO-Anexo 03,E,Padrão,<MR-1>,ITCDLiquidoExcetoTransferenciasEFUNDEB,ITCD,5652007.7,MA,21,2025,6
2025,RREO,6,B,Governo do Estado do Maranhão,21,MA,6800605,RREO-Anexo 03,E,Padrão,<MR>,ITCDLiquidoExcetoTransferenciasEFUNDEB,ITCD,17545065.79,MA,21,2025,6
2025,RREO,6,B,Governo do Estado do Maranhão,21,MA,6800605,RREO-Anexo 03,E,Padrão,TOTAL (ÚLTIMOS 12 MESES),ITCDLiquidoExcetoTransferenciasEFUNDEB,ITCD,99256893.01,MA,21,2025,6
2025,RREO,6,B,Governo do Estado do Maranhão,21,MA,6800605,RREO-Anexo 03,E,Padrão,PREVISÃO ATUALIZADA 2025,ITCDLiquidoExcetoTransferenciasEFUNDEB,ITCD,85274000.0,MA,21,2025,6
2025,RREO,6,B,Governo do Estado do Piauí,22,PI,3270174,RREO-Anexo 03,E,Padrão,<MR-11>,ICMSLiquidoExcetoTransferenciasEFUNDEB,ICMS,670599996.58,PI,22,2025,6
2025,RREO,6,B,Governo do Estado do Piauí,22,PI,3270174,RREO-Anexo 03,E,Padrão,<MR-10>,ICMSLiquidoExcetoTransferenciasEFUNDEB,ICMS,619884640.99,PI,22,2025,6
2025,RREO,6,B,Governo do Estado do Piauí,22,PI,3270174,RREO-Anexo 03,E,Padrão,<MR-9>,ICMSLiquidoExcetoTransferenciasEFUNDEB,ICMS,591049874.73,PI,22,2025,6
2025,RREO,6,B,Governo do Estado do Piauí,22,PI,3270174,RREO-Anexo 03,E,Padrão,<MR-8>,ICMSLiquidoExcetoTransferenciasEFUNDEB,ICMS,660874189.78,PI,22,2025,6
2025,RREO,6,B,Governo do Estado do Piauí,22,PI,3270174,RREO-Anexo 03,E,Padrão,<MR-7>,ICMSLiquidoExcetoTransferenciasEFUNDEB,ICMS,662677926.72,PI,22,2025,6
2025,RREO,6,B,Governo do Estado do Piauí,22,PI,3270174,RREO-Anexo 03,E,Padrão,<MR-6>,ICMSLiquidoExcetoTransferenciasEFUNDEB,ICMS,734897772.89,PI,22,2025,6
2025,RREO,6,B,Governo do Estado do Piauí,22,PI,3270174,RREO-Anexo 03,E,Padrão,<MR-5>,ICMSLiquidoExcetoTransferenciasEFUNDEB,ICMS,725046345.29,PI,22,2025,6
2025,RREO,6,B,Governo do Estado do Piauí,22,PI,3270174,RREO-Anexo 03,E,Padrão,<MR-4>,ICMSLiquidoExcetoTransferenciasEFUNDEB,ICMS,773297361.32,PI,22,2025,6
2025,RREO,6,B,Governo do Estado do Piauí,22,PI,3270174,RREO-Anexo 03,E,Padrão,<MR-3>,ICMSLiquidoExcetoTransferenciasEFUNDEB,ICMS,747978074.8,PI,22,2025,6
2025,RREO,6,B,Governo do Estado do Piauí,22,PI,3270174,RREO-Anexo 03,E,Padrão,<MR-2>,ICMSLiquidoExcetoTransferenciasEFUNDEB,ICMS,751243471.44,PI,22,2025,6
2025,RREO,6,B,Governo do Estado do Piauí,22,PI,3270174,RREO-Anexo 03,E,Padrão,<MR-1>,ICMSLiquidoExcetoTransferenciasEFUNDEB,ICMS,771989639.97,PI,22,2025,6
2025,RREO,6,B,Governo do Estado do Piauí,22,PI,3270174,RREO-Anexo 03,E,Padrão,<MR>,ICMSLiquidoExcetoTransferenciasEFUNDEB,ICMS,767244468.11,PI,22,2025,6
2025,RREO,6,B,Governo do Estado do Piauí,22,PI,3270174,RREO-Anexo 03,E,Padrão,TOTAL (ÚLTIMOS 12 MESES),ICMSLiquidoExcetoTransferenciasEFUNDEB,ICMS,8476783762.62,PI,22,2025,6
2025,RREO,6,B,Governo do Estado do Piauí,22,PI,3270174,RREO-Anexo 03,E,Padrão,PREVISÃO ATUALIZADA 2025,ICMSLiquidoExcetoTransferenciasEFUNDEB,ICMS,8116340194.0,PI,22,2025,6
2025,RREO,6,B,Governo do Estado do Piauí,22,PI,3270174,RREO-Anexo 03,E,Padrão,<MR-11>,IPVALiquidoExcetoTransferenciasEFUNDEB,IPVA,304807103.46,PI,22,2025,6
2025,RREO,6,B,Governo do Estado do Piauí,22,PI,3270174,RREO-Anexo 03,E,Padrão,<MR-10>,IPVALiquidoExcetoTransferenciasEFUNDEB,IPVA,69365645.28,PI,22,2025,6
2025,RREO,6,B,Governo do Estado do Piauí,22,PI,3270174,RREO-Anexo 03,E,Padrão,<MR-9>,IPVALiquidoExcetoTransferenciasEFUNDEB,IPVA,73739784.86,PI,22,2025,6
2025,RREO,6,B,Governo do Estado do Piauí,22,PI,3270174,RREO-Anexo 03,E,Padrão,<MR-8>,IPVALiquidoExcetoTransferenciasEFUNDEB,IPVA,37727694.15,PI,22,2025,6
2025,RREO,6,B,Governo do Estado do Piauí,22,PI,3270174,RREO-Anexo 03,E,Padrão,<MR-7>,IPVALiquidoExcetoTransferenciasEFUNDEB,IPVA,20492288.7,PI,22,2025,6
2025,RREO,6,B,Governo do Estado do Piauí,22,PI,3270174,RREO-Anexo 03,E,Padrão,<MR-6>,IPVALiquidoExcetoTransferenciasEFUNDEB,IPVA,18347982.09,PI,22,2025,6
2025,RREO,6,B,Governo do Estado do Piauí,22,PI,3270174,RREO-Anexo 03,E,Padrão,<MR-5>,IPVALiquidoExcetoTransferenciasEFUNDEB,IPVA,18577819.3,PI,22,2025,6
2025,RREO,6,B,Governo do Estado do Piauí,22,PI,3270174,RREO-Anexo 03,E,Padrão,<MR-4>,IPVALiquidoExcetoTransferenciasEFUNDEB,IPVA,12614717.51,PI,22,2025,6
2025,RREO,6,B,Governo do Estado do Piauí,22,PI,3270174,RREO-Anexo 03,E,Padrão,<MR-3>,IPVALiquidoExcetoTransferenciasEFUNDEB,IPVA,11652334.81,PI,22,2025,6
2025,RREO,6,B,Governo do Estado do Piauí,22,PI,3270174,RREO-Anexo 03,E,Padrão,<MR-2>,IPVALiquidoExcetoTransferenciasEFUNDEB,IPVA,10451032.43,PI,22,2025,6
2025,RREO,6,B,Governo do Estado do Piauí,22,PI,3270174,RREO-Anexo 03,E,Padrão,<MR-1>,IPVALiquidoExcetoTransferenciasEFUNDEB,IPVA,9006794.91,PI,22,2025,6
2025,RREO,6,B,Governo do Estado do Piauí,22,PI,3270174,RREO-Anexo 03,E,Padrão,<MR>,IPVALiquidoExcetoTransferenciasEFUNDEB,IPVA,12106821.81,PI,22,2025,6
2025,RREO,6,B,Governo do Estado do Piauí,22,PI,3270174,RREO-Anexo 03,E,Padrão,TOTAL (ÚLTIMOS 12 MESES),IPVALiquidoExcetoTransferenciasEFUNDEB,IPVA,598890019.31,PI,22,2025,6
2025,RREO,6,B,Governo do Estado do Piauí,22,PI,3270174,RREO-Anexo 03,E,Padrão,PREVISÃO ATUALIZADA 2025,IPVALiquidoExcetoTransferenciasEFUNDEB,IPVA,604275582.0,PI,22,2025,6
2025,RREO,6,B,Governo do Estado do Piauí,22,PI,3270174,RREO-Anexo 03,E,Padrão,<MR-11>,ITCDLiquidoExcetoTransferenciasEFUNDEB,ITCD,2483676.2,PI,22,2025,6
2025,RREO,6,B,Governo do Estado do Piauí,22,PI,3270174,RREO-Anexo 03,E,Padrão,<MR-10>,ITCDLiquidoExcetoTransferenciasEFUNDEB,ITCD,2239282.74,PI,22,2025,6
2025,RREO,6,B,Governo do Estado do Piauí,22,PI,3270174,RREO-Anexo 03,E,Padrão,<MR-9>,ITCDLiquidoExcetoTransferenciasEFUNDEB,ITCD,2530492.01,PI,22,2025,6
2025,RREO,6,B,Governo do Estado do Piauí,22,PI,3270174,RREO-Anexo 03,E,Padrão,<MR-8>,ITCDLiquidoExcetoTransferenciasEFUNDEB,ITCD,2621454.2,PI,22,2025,6
2025,RREO,6,B,Governo do Estado do Piauí,22,PI,3270174,RREO-Anexo 03,E,Padrão,<MR-7>,ITCDLiquidoExcetoTransferenciasEFUNDEB,ITCD,6254351.08,PI,22,2025,6
2025,RREO,6,B,Governo do Estado do Piauí,22,PI,3270174,RREO-Anexo 03,E,Padrão,<MR-6>,ITCDLiquidoExcetoTransferenciasEFUNDEB,ITCD,2098423.21,PI,22,2025,6
2025,RREO,6,B,Governo do Estado do Piauí,22,PI,3270174,RREO-Anexo 03,E,Padrão,<MR-5>,ITCDLiquidoExcetoTransferenciasEFUNDEB,ITCD,2917819.22,PI,22,2025,6
2025,RREO,6,B,Governo do Estado do Piauí,22,PI,3270174,RREO-Anexo 03,E,Padrão,<MR-4>,ITCDLiquidoExcetoTransferenciasEFUNDEB,ITCD,6109003.91,PI,22,2025,6
2025,RREO,6,B,Governo do Estado do Piauí,22,PI,3270174,RREO-Anexo 03,E,Padrão,<MR-3>,ITCDLiquidoExcetoTransferenciasEFUNDEB,ITCD,4411844.77,PI,22,2025,6
2025,RREO,6,B,Governo do Estado do Piauí,22,PI,3270174,RREO-Anexo 03,E,Padrão,<MR-2>,ITCDLiquidoExcetoTransferenciasEFUNDEB,ITCD,2393179.17,PI,22,2025,6
2025,RREO,6,B,Governo do Estado do Piauí,22,PI,3270174,RREO-Anexo 03,E,Padrão,<MR-1>,ITCDLiquidoExcetoTransferenciasEFUNDEB,ITCD,2539142.87,PI,22,2025,6
2025,RREO,6,B,Governo do Estado do Piauí,22,PI,3270174,RREO-Anexo 03,E,Padrão,<MR>,ITCDLiquidoExcetoTransferenciasEFUNDEB,ITCD,3500354.71,PI,22,2025,6
2025,RREO,6,B,Governo do Estado do Piauí,22,PI,3270174,RREO-Anexo 03,E,Padrão,TOTAL (ÚLTIMOS 12 MESES),ITCDLiquidoExcetoTransferenciasEFUNDEB,ITCD,40099024.09,PI,22,2025,6
2025,RREO,6,B,Governo do Estado do Piauí,22,PI,3270174,RREO-Anexo 03,E,Padrão,PREVISÃO ATUALIZADA 2025,ITCDLiquidoExcetoTransferenciasEFUNDEB,ITCD,37591071.0,PI,22,2025,6
2025,RREO,6,B,Governo do Estado do Ceará,23,CE,8936431,RREO-Anexo 03,E,Padrão,<MR-11>,ICMSLiquidoExcetoTransferenciasEFUNDEB,ICMS,1833908671.79,CE,23,2025,6
2025,RREO,6,B,Governo do Estado do Ceará,23,CE,8936431,RREO-Anexo 03,E,Padrão,<MR-10>,ICMSLiquidoExcetoTransferenciasEFUNDEB,ICMS,1515051744.66,CE,23,2025,6
2025,RREO,6,B,Governo do Estado do Ceará,23,CE,8936431,RREO-Anexo 03,E,Padrão,<MR-9>,ICMSLiquidoExcetoTransferenciasEFUNDEB,ICMS,1591261952.06,CE,23,2025,6
2025,RREO,6,B,Governo do Estado do Ceará,23,CE,8936431,RREO-Anexo 03,E,Padrão,<MR-8>,ICMSLiquidoExcetoTransferenciasEFUNDEB,ICMS,1635795235.62,CE,23,2025,6
2025,RREO,6,B,Governo do Estado do Ceará,23,CE,8936431,RREO-Anexo 03,E,Padrão,<MR-7>,ICMSLiquidoExcetoTransferenciasEFUNDEB,ICMS,1691384734.76,CE,23,2025,6
2025,RREO,6,B,Governo do Estado do Ceará,23,CE,8936431,RREO-Anexo 03,E,Padrão,<MR-6>,ICMSLiquidoExcetoTransferenciasEFUNDEB,ICMS,1796337779.93,CE,23,2025,6
2025,RREO,6,B,Governo do Estado do Ceará,23,CE,8936431,RREO-Anexo 03,E,Padrão,<MR-5>,ICMSLiquidoExcetoTransferenciasEFUNDEB,ICMS,1850529356.43,CE,23,2025,6
2025,RREO,6,B,Governo do Estado do Ceará,23,CE,8936431,RREO-Anexo 03,E,Padrão,<MR-4>,ICMSLiquidoExcetoTransferenciasEFUNDEB,ICMS,1861893205.32,CE,23,2025,6
2025,RREO,6,B,Governo do Estado do Ceará,23,CE,8936431,RREO-Anexo 03,E,Padrão,<MR-3>,ICMSLiquidoExcetoTransferenciasEFUNDEB,ICMS,1836247510.56,CE,23,2025,6
2025,RREO,6,B,Governo do Estado do Ceará,23,CE,8936431,RREO-Anexo 03,E,Padrão,<MR-2>,ICMSLiquidoExcetoTransferenciasEFUNDEB,ICMS,1888560503.15,CE,23,2025,6
2025,RREO,6,B,Governo do Estado do Ceará,23,CE,8936431,RREO-Anexo 03,E,Padrão,<MR-1>,ICMSLiquidoExcetoTransferenciasEFUNDEB,ICMS,1956203441.29,CE,23,2025,6
2025,RREO,6,B,Governo do Estado do Ceará,23,CE,8936431,RREO-Anexo 03,E,Padrão,<MR>,ICMSLiquidoExcetoTransferenciasEFUNDEB,ICMS,1990411352.69,CE,23,2025,6
2025,RREO,6,B,Governo do Estado do Ceará,23,CE,8936431,RREO-Anexo 03,E,Padrão,TOTAL (ÚLTIMOS 12 MESES),ICMSLiquidoExcetoTransferenciasEFUNDEB,ICMS,21447585488.26,CE,23,2025,6
2025,RREO,6,B,Governo do Estado do Ceará,23,CE,8936431,RREO-Anexo 03,E,Padrão,PREVISÃO ATUALIZADA 2025,ICMSLiquidoExcetoTransferenciasEFUNDEB,ICMS,20973953380.34,CE,23,2025,6
2025,RREO,6,B,Governo do Estado do Ceará,23,CE,8936431,RREO-Anexo 03,E,Padrão,<MR-11>,IPVALiquidoExcetoTransferenciasEFUNDEB,IPVA,511818489.74,CE,23,2025,6
2025,RREO,6,B,Governo do Estado do Ceará,23,CE,8936431,RREO-Anexo 03,E,Padrão,<MR-10>,IPVALiquidoExcetoTransferenciasEFUNDEB,IPVA,288661957.1,CE,23,2025,6
2025,RREO,6,B,Governo do Estado do Ceará,23,CE,8936431,RREO-Anexo 03,E,Padrão,<MR-9>,IPVALiquidoExcetoTransferenciasEFUNDEB,IPVA,265562491.57,CE,23,2025,6
2025,RREO,6,B,Governo do Estado do Ceará,23,CE,8936431,RREO-Anexo 03,E,Padrão,<MR-8>,IPVALiquidoExcetoTransferenciasEFUNDEB,IPVA,261274088.22,CE,23,2025,6
2025,RREO,6,B,Governo do Estado do Ceará,23,CE,8936431,RREO-Anexo 03,E,Padrão,<MR-7>,IPVALiquidoExcetoTransferenciasEFUNDEB,IPVA,250299653.09,CE,23,2025,6
2025,RREO,6,B,Governo do Estado do Ceará,23,CE,8936431,RREO-Anexo 03,E,Padrão,<MR-6>,IPVALiquidoExcetoTransferenciasEFUNDEB,IPVA,230158446.72,CE,23,2025,6
2025,RREO,6,B,Governo do Estado do Ceará,23,CE,8936431,RREO-Anexo 03,E,Padrão,<MR-5>,IPVALiquidoExcetoTransferenciasEFUNDEB,IPVA,85723796.22,CE,23,2025,6
2025,RREO,6,B,Governo do Estado do Ceará,23,CE,8936431,RREO-Anexo 03,E,Padrão,<MR-4>,IPVALiquidoExcetoTransferenciasEFUNDEB,IPVA,58565685.54,CE,23,2025,6
2025,RREO,6,B,Governo do Estado do Ceará,23,CE,8936431,RREO-Anexo 03,E,Padrão,<MR-3>,IPVALiquidoExcetoTransferenciasEFUNDEB,IPVA,54839944.85,CE,23,2025,6
2025,RREO,6,B,Governo do Estado do Ceará,23,CE,8936431,RREO-Anexo 03,E,Padrão,<MR-2>,IPVALiquidoExcetoTransferenciasEFUNDEB,IPVA,52128878.51,CE,23,2025,6
2025,RREO,6,B,Governo do Estado do Ceará,23,CE,8936431,RREO-Anexo 03,E,Padrão,<MR-1>,IPVALiquidoExcetoTransferenciasEFUNDEB,IPVA,42621261.41,CE,23,2025,6
2025,RREO,6,B,Governo do Estado do Ceará,23,CE,8936431,RREO-Anexo 03,E,Padrão,<MR>,IPVALiquidoExcetoTransferenciasEFUNDEB,IPVA,57127298.86,CE,23,2025,6
2025,RREO,6,B,Governo do Estado do Ceará,23,CE,8936431,RREO-Anexo 03,E,Padrão,TOTAL (ÚLTIMOS 12 MESES),IPVALiquidoExcetoTransferenciasEFUNDEB,IPVA,2158781991.83,CE,23,2025,6
2025,RREO,6,B,Governo do Estado do Ceará,23,CE,8936431,RREO-Anexo 03,E,Padrão,PREVISÃO ATUALIZADA 2025,IPVALiquidoExcetoTransferenciasEFUNDEB,IPVA,2158893449.0,CE,23,2025,6
2025,RREO,6,B,Governo do Estado do Ceará,23,CE,8936431,RREO-Anexo 03,E,Padrão,<MR-11>,ITCDLiquidoExcetoTransferenciasEFUNDEB,ITCD,48354849.72,CE,23,2025,6
2025,RREO,6,B,Governo do Estado do Ceará,23,CE,8936431,RREO-Anexo 03,E,Padrão,<MR-10>,ITCDLiquidoExcetoTransferenciasEFUNDEB,ITCD,12398796.34,CE,23,2025,6
2025,RREO,6,B,Governo do Estado do Ceará,23,CE,8936431,RREO-Anexo 03,E,Padrão,<MR-9>,ITCDLiquidoExcetoTransferenciasEFUNDEB,ITCD,9813160.45,CE,23,2025,6
2025,RREO,6,B,Governo do Estado do Ceará,23,CE,8936431,RREO-Anexo 03,E,Padrão,<MR-8>,ITCDLiquidoExcetoTransferenciasEFUNDEB,ITCD,13791370.45,CE,23,2025,6
2025,RREO,6,B,Governo do Estado do Ceará,23,CE,8936431,RREO-Anexo 03,E,Padrão,<MR-7>,ITCDLiquidoExcetoTransferenciasEFUNDEB,ITCD,27582986.71,CE,23,2025,6
2025,RREO,6,B,Governo do Estado do Ceará,23,CE,8936431,RREO-Anexo 03,E,Padrão,<MR-6>,ITCDLiquidoExcetoTransferenciasEFUNDEB,ITCD,10199391.58,CE,23,2025,6
2025,RREO,6,B,Governo do Estado do Ceará,23,CE,8936431,RREO-Anexo 03,E,Padrão,<MR-5>,ITCDLiquidoExcetoTransferenciasEFUNDEB,ITCD,32393045.57,CE,23,2025,6
2025,RREO,6,B,Governo do Estado do Ceará,23,CE,8936431,RREO-Anexo 03,E,Padrão,<MR-4>,ITCDLiquidoExcetoTransferenciasEFUNDEB,ITCD,18276677.33,CE,23,2025,6
2025,RREO,6,B,Governo do Estado do Ceará,23,CE,8936431,RREO-Anexo 03,E,Padrão,<MR-3>,ITCDLiquidoExcetoTransferenciasEFUNDEB,ITCD,15816637.28,CE,23,2025,6
2025,RREO,6,B,Governo do Estado do Ceará,23,CE,8936431,RREO-Anexo 03,E,Padrão,<MR-2>,ITCDLiquidoExcetoTransferenciasEFUNDEB,ITCD,18707332.52,CE,23,2025,6
2025,RREO,6,B,Governo do Estado do Ceará,23,CE,8936431,RREO-Anexo 03,E,Padrão,<MR-1>,ITCDLiquidoExcetoTransferenciasEFUNDEB,ITCD,13578166.18,CE,23,2025,6
2025,RREO,6,B,Governo do Estado do Ceará,23,CE,8936431,RREO-Anexo 03,E,Padrão,<MR>,ITCDLiquidoExcetoTransferenciasEFUNDEB,ITCD,26399622.46,CE,23,2025,6
2025,RREO,6,B,Governo do Estado do Ceará,23,CE,8936431,RREO-Anexo 03,E,Padrão,TOTAL (ÚLTIMOS 12 MESES),ITCDLiquidoExcetoTransferenciasEFUNDEB,ITCD,247312036.59,CE,23,2025,6
2025,RREO,6,B,Governo do Estado do Ceará,23,CE,8936431,RREO-Anexo 03,E,Padrão,PREVISÃO ATUALIZADA 2025,ITCDLiquidoExcetoTransferenciasEFUNDEB,ITCD,208420956.0,CE,23,2025,6
2025,RREO,6,B,Governo do Estado do Rio Grande do Norte,24,RN,3303953,RREO-Anexo 03,E,Padrão,<MR-11>,ICMSLiquidoExcetoTransferenciasEFUNDEB,ICMS,764864188.2,RN,24,2025,6
2025,RREO,6,B,Governo do Estado do Rio Grande do Norte,24,RN,3303953,RREO-Anexo 03,E,Padrão,<MR-10>,ICMSLiquidoExcetoTransferenciasEFUNDEB,ICMS,758665091.8,RN,24,2025,6
2025,RREO,6,B,Governo do Estado do Rio Grande do Norte,24,RN,3303953,RREO-Anexo 03,E,Padrão,<MR-9>,ICMSLiquidoExcetoTransferenciasEFUNDEB,ICMS,645600030.45,RN,24,2025,6
2025,RREO,6,B,Governo do Estado do Rio Grande do Norte,24,RN,3303953,RREO-Anexo 03,E,Padrão,<MR-8>,ICMSLiquidoExcetoTransferenciasEFUNDEB,ICMS,792800870.57,RN,24,2025,6
2025,RREO,6,B,Governo do Estado do Rio Grande do Norte,24,RN,3303953,RREO-Anexo 03,E,Padrão,<MR-7>,ICMSLiquidoExcetoTransferenciasEFUNDEB,ICMS,752472594.42,RN,24,2025,6
2025,RREO,6,B,Governo do Estado do Rio Grande do Norte,24,RN,3303953,RREO-Anexo 03,E,Padrão,<MR-6>,ICMSLiquidoExcetoTransferenciasEFUNDEB,ICMS,732904520.4,RN,24,2025,6
2025,RREO,6,B,Governo do Estado do Rio Grande do Norte,24,RN,3303953,RREO-Anexo 03,E,Padrão,<MR-5>,ICMSLiquidoExcetoTransferenciasEFUNDEB,ICMS,816244958.71,RN,24,2025,6
2025,RREO,6,B,Governo do Estado do Rio Grande do Norte,24,RN,3303953,RREO-Anexo 03,E,Padrão,<MR-4>,ICMSLiquidoExcetoTransferenciasEFUNDEB,ICMS,854045222.6,RN,24,2025,6
2025,RREO,6,B,Governo do Estado do Rio Grande do Norte,24,RN,3303953,RREO-Anexo 03,E,Padrão,<MR-3>,ICMSLiquidoExcetoTransferenciasEFUNDEB,ICMS,764589870.05,RN,24,2025,6
2025,RREO,6,B,Governo do Estado do Rio Grande do Norte,24,RN,3303953,RREO-Anexo 03,E,Padrão,<MR-2>,ICMSLiquidoExcetoTransferenciasEFUNDEB,ICMS,936514597.35,RN,24,2025,6
2025,RREO,6,B,Governo do Estado do Rio Grande do Norte,24,RN,3303953,RREO-Anexo 03,E,Padrão,<MR-1>,ICMSLiquidoExcetoTransferenciasEFUNDEB,ICMS,823324898.86,RN,24,2025,6
2025,RREO,6,B,Governo do Estado do Rio Grande do Norte,24,RN,3303953,RREO-Anexo 03,E,Padrão,<MR>,ICMSLiquidoExcetoTransferenciasEFUNDEB,ICMS,806332027.16,RN,24,2025,6
2025,RREO,6,B,Governo do Estado do Rio Grande do Norte,24,RN,3303953,RREO-Anexo 03,E,Padrão,TOTAL (ÚLTIMOS 12 MESES),ICMSLiquidoExcetoTransferenciasEFUNDEB,ICMS,9448358870.57,RN,24,2025,6
2025,RREO,6,B,Governo do Estado do Rio Grande do Norte,24,RN,3303953,RREO-Anexo 03,E,Padrão,PREVISÃO ATUALIZADA 2025,ICMSLiquidoExcetoTransferenciasEFUNDEB,ICMS,10103142236.6,RN,24,2025,6
2025,RREO,6,B,Governo do Estado do Rio Grande do Norte,24,RN,3303953,RREO-Anexo 03,E,Padrão,<MR-11>,IPVALiquidoExcetoTransferenciasEFUNDEB,IPVA,34962198.65,RN,24,2025,6
2025,RREO,6,B,Governo do Estado do Rio Grande do Norte,24,RN,3303953,RREO-Anexo 03,E,Padrão,<MR-10>,IPVALiquidoExcetoTransferenciasEFUNDEB,IPVA,29111068.81,RN,24,2025,6
2025,RREO,6,B,Governo do Estado do Rio Grande do Norte,24,RN,3303953,RREO-Anexo 03,E,Padrão,<MR-9>,IPVALiquidoExcetoTransferenciasEFUNDEB,IPVA,48892214.02,RN,24,2025,6
2025,RREO,6,B,Governo do Estado do Rio Grande do Norte,24,RN,3303953,RREO-Anexo 03,E,Padrão,<MR-8>,IPVALiquidoExcetoTransferenciasEFUNDEB,IPVA,69831934.83,RN,24,2025,6
2025,RREO,6,B,Governo do Estado do Rio Grande do Norte,24,RN,3303953,RREO-Anexo 03,E,Padrão,<MR-7>,IPVALiquidoExcetoTransferenciasEFUNDEB,IPVA,83103159.32,RN,24,2025,6
2025,RREO,6,B,Governo do Estado do Rio Grande do Norte,24,RN,3303953,RREO-Anexo 03,E,Padrão,<MR-6>,IPVALiquidoExcetoTransferenciasEFUNDEB,IPVA,80639191.45,RN,24,2025,6
2025,RREO,6,B,Governo do Estado do Rio Grande do Norte,24,RN,3303953,RREO-Anexo 03,E,Padrão,<MR-5>,IPVALiquidoExcetoTransferenciasEFUNDEB,IPVA,69081402.75,RN,24,2025,6
2025,RREO,6,B,Governo do Estado do Rio Grande do Norte,24,RN,3303953,RREO-Anexo 03,E,Padrão,<MR-4>,IPVALiquidoExcetoTransferenciasEFUNDEB,IPVA,61737852.81,RN,24,2025,6
2025,RREO,6,B,Governo do Estado do Rio Grande do Norte,24,RN,3303953,RREO-Anexo 03,E,Padrão,<MR-3>,IPVALiquidoExcetoTransferenciasEFUNDEB,IPVA,61678225.28,RN,24,2025,6
2025,RREO,6,B,Governo do Estado do Rio Grande do Norte,24,RN,3303953,RREO-Anexo 03,E,Padrão,<MR-2>,IPVALiquidoExcetoTransferenciasEFUNDEB,IPVA,54022095.0,RN,24,2025,6
2025,RREO,6,B,Governo do Estado do Rio Grande do Norte,24,RN,3303953,RREO-Anexo 03,E,Padrão,<MR-1>,IPVALiquidoExcetoTransferenciasEFUNDEB,IPVA,37903049.06,RN,24,2025,6
2025,RREO,6,B,Governo do Estado do Rio Grande do Norte,24,RN,3303953,RREO-Anexo 03,E,Padrão,<MR>,IPVALiquidoExcetoTransferenciasEFUNDEB,IPVA,33986403.21,RN,24,2025,6
2025,RREO,6,B,Governo do Estado do Rio Grande do Norte,24,RN,3303953,RREO-Anexo 03,E,Padrão,TOTAL (ÚLTIMOS 12 MESES),IPVALiquidoExcetoTransferenciasEFUNDEB,IPVA,664948795.19,RN,24,2025,6
2025,RREO,6,B,Governo do Estado do Rio Grande do Norte,24,RN,3303953,RREO-Anexo 03,E,Padrão,PREVISÃO ATUALIZADA 2025,IPVALiquidoExcetoTransferenciasEFUNDEB,IPVA,713845000.0,RN,24,2025,6
2025,RREO,6,B,Governo do Estado do Rio Grande do Norte,24,RN,3303953,RREO-Anexo 03,E,Padrão,<MR-11>,ITCDLiquidoExcetoTransferenciasEFUNDEB,ITCD,2641887.93,RN,24,2025,6
2025,RREO,6,B,Governo do Estado do Rio Grande do Norte,24,RN,3303953,RREO-Anexo 03,E,Padrão,<MR-10>,ITCDLiquidoExcetoTransferenciasEFUNDEB,ITCD,2402350.48,RN,24,2025,6
2025,RREO,6,B,Governo do Estado do Rio Grande do Norte,24,RN,3303953,RREO-Anexo 03,E,Padrão,<MR-9>,ITCDLiquidoExcetoTransferenciasEFUNDEB,ITCD,2103877.15,RN,24,2025,6
2025,RREO,6,B,Governo do Estado do Rio Grande do Norte,24,RN,3303953,RREO-Anexo 03,E,Padrão,<MR-8>,ITCDLiquidoExcetoTransferenciasEFUNDEB,ITCD,3138344.77,RN,24,2025,6
2025,RREO,6,B,Governo do Estado do Rio Grande do Norte,24,RN,3303953,RREO-Anexo 03,E,Padrão,<MR-7>,ITCDLiquidoExcetoTransferenciasEFUNDEB,ITCD,3231794.87,RN,24,2025,6
2025,RREO,6,B,Governo do Estado do Rio Grande do Norte,24,RN,3303953,RREO-Anexo 03,E,Padrão,<MR-6>,ITCDLiquidoExcetoTransferenciasEFUNDEB,ITCD,2305899.65,RN,24,2025,6
2025,RREO,6,B,Governo do Estado do Rio Grande do Norte,24,RN,3303953,RREO-Anexo 03,E,Padrão,<MR-5>,ITCDLiquidoExcetoTransferenciasEFUNDEB,ITCD,2936408.7,RN,24,2025,6
2025,RREO,6,B,Governo do Estado do Rio Grande do Norte,24,RN,3303953,RREO-Anexo 03,E,Padrão,<MR-4>,ITCDLiquidoExcetoTransferenciasEFUNDEB,ITCD,2620333.07,RN,24,2025,6
2025,RREO,6,B,Governo do Estado do Rio Grande do Norte,24,RN,3303953,RREO-Anexo 03,E,Padrão,<MR-3>,ITCDLiquidoExcetoTransferenciasEFUNDEB,ITCD,7020335.36,RN,24,2025,6
2025,RREO,6,B,Governo do Estado do Rio Grande do Norte,24,RN,3303953,RREO-Anexo 03,E,Padrão,<MR-2>,ITCDLiquidoExcetoTransferenciasEFUNDEB,ITCD,10669296.52,RN,24,2025,6
2025,RREO,6,B,Governo do Estado do Rio Grande do Norte,24,RN,3303953,RREO-Anexo 03,E,Padrão,<MR-1>,ITCDLiquidoExcetoTransferenciasEFUNDEB,ITCD,2455800.35,RN,24,2025,6
2025,RREO,6,B,Governo do Estado do Rio Grande do Norte,24,RN,3303953,RREO-Anexo 03,E,Padrão,<MR>,ITCDLiquidoExcetoTransferenciasEFUNDEB,ITCD,4559836.7,RN,24,2025,6
2025,RREO,6,B,Governo do Estado do Rio Grande do Norte,24,RN,3303953,RREO-Anexo 03,E,Padrão,TOTAL (ÚLTIMOS 12 MESES),ITCDLiquidoExcetoTransferenciasEFUNDEB,ITCD,46086165.55,RN,24,2025,6
2025,RREO,6,B,Governo do Estado do Rio Grande do Norte,24,RN,3303953,RREO-Anexo 03,E,Padrão,PREVISÃO ATUALIZADA 2025,ITCDLiquidoExcetoTransferenciasEFUNDEB,ITCD,32043000.0,RN,24,2025,6
2025,RREO,6,B,Governo do Estado da Paraíba,25,PB,4030961,RREO-Anexo 03,E,Padrão,<MR-11>,ICMSLiquidoExcetoTransferenciasEFUNDEB,ICMS,947289230.5,PB,25,2025,6
2025,RREO,6,B,Governo do Estado da Paraíba,25,PB,4030961,RREO-Anexo 03,E,Padrão,<MR-10>,ICMSLiquidoExcetoTransferenciasEFUNDEB,ICMS,774717477.86,PB,25,2025,6
2025,RREO,6,B,Governo do Estado da Paraíba,25,PB,4030961,RREO-Anexo 03,E,Padrão,<MR-9>,ICMSLiquidoExcetoTransferenciasEFUNDEB,ICMS,832939615.98,PB,25,2025,6
2025,RREO,6,B,Governo do Estado da Paraíba,25,PB,4030961,RREO-Anexo 03,E,Padrão,<MR-8>,ICMSLiquidoExcetoTransferenciasEFUNDEB,ICMS,818186783.59,PB,25,2025,6
2025,RREO,6,B,Governo do Estado da Paraíba,25,PB,4030961,RREO-Anexo 03,E,Padrão,<MR-7>,ICMSLiquidoExcetoTransferenciasEFUNDEB,ICMS,805464750.48,PB,25,2025,6
2025,RREO,6,B,Governo do Estado da Paraíba,25,PB,4030961,RREO-Anexo 03,E,Padrão,<MR-6>,ICMSLiquidoExcetoTransferenciasEFUNDEB,ICMS,874235976.2,PB,25,2025,6
2025,RREO,6,B,Governo do Estado da Paraíba,25,PB,4030961,RREO-Anexo 03,E,Padrão,<MR-5>,ICMSLiquidoExcetoTransferenciasEFUNDEB,ICMS,845365713.42,PB,25,2025,6
2025,RREO,6,B,Governo do Estado da Paraíba,25,PB,4030961,RREO-Anexo 03,E,Padrão,<MR-4>,ICMSLiquidoExcetoTransferenciasEFUNDEB,ICMS,1068318212.25,PB,25,2025,6
2025,RREO,6,B,Governo do Estado da Paraíba,25,PB,4030961,RREO-Anexo 03,E,Padrão,<MR-3>,ICMSLiquidoExcetoTransferenciasEFUNDEB,ICMS,848635925.97,PB,25,2025,6
2025,RREO,6,B,Governo do Estado da Paraíba,25,PB,4030961,RREO-Anexo 03,E,Padrão,<MR-2>,ICMSLiquidoExcetoTransferenciasEFUNDEB,ICMS,866932801.51,PB,25,2025,6
2025,RREO,6,B,Governo do Estado da Paraíba,25,PB,4030961,RREO-Anexo 03,E,Padrão,<MR-1>,ICMSLiquidoExcetoTransferenciasEFUNDEB,ICMS,883309678.71,PB,25,2025,6
2025,RREO,6,B,Governo do Estado da Paraíba,25,PB,4030961,RREO-Anexo 03,E,Padrão,<MR>,ICMSLiquidoExcetoTransferenciasEFUNDEB,ICMS,988701625.77,PB,25,2025,6
2025,RREO,6,B,Governo do Estado da Paraíba,25,PB,4030961,RREO-Anexo 03,E,Padrão,TOTAL (ÚLTIMOS 12 MESES),ICMSLiquidoExcetoTransferenciasEFUNDEB,ICMS,10554097792.24,PB,25,2025,6
2025,RREO,6,B,Governo do Estado da Paraíba,25,PB,4030961,RREO-Anexo 03,E,Padrão,PREVISÃO ATUALIZADA 2025,ICMSLiquidoExcetoTransferenciasEFUNDEB,ICMS,10388142158.99,PB,25,2025,6
2025,RREO,6,B,Governo do Estado da Paraíba,25,PB,4030961,RREO-Anexo 03,E,Padrão,<MR-11>,IPVALiquidoExcetoTransferenciasEFUNDEB,IPVA,80512989.73,PB,25,2025,6
2025,RREO,6,B,Governo do Estado da Paraíba,25,PB,4030961,RREO-Anexo 03,E,Padrão,<MR-10>,IPVALiquidoExcetoTransferenciasEFUNDEB,IPVA,75029196.03,PB,25,2025,6
2025,RREO,6,B,Governo do Estado da Paraíba,25,PB,4030961,RREO-Anexo 03,E,Padrão,<MR-9>,IPVALiquidoExcetoTransferenciasEFUNDEB,IPVA,76964031.02,PB,25,2025,6
2025,RREO,6,B,Governo do Estado da Paraíba,25,PB,4030961,RREO-Anexo 03,E,Padrão,<MR-8>,IPVALiquidoExcetoTransferenciasEFUNDEB,IPVA,76799032.67,PB,25,2025,6
2025,RREO,6,B,Governo do Estado da Paraíba,25,PB,4030961,RREO-Anexo 03,E,Padrão,<MR-7>,IPVALiquidoExcetoTransferenciasEFUNDEB,IPVA,74346694.75,PB,25,2025,6
2025,RREO,6,B,Governo do Estado da Paraíba,25,PB,4030961,RREO-Anexo 03,E,Padrão,<MR-6>,IPVALiquidoExcetoTransferenciasEFUNDEB,IPVA,72164509.4,PB,25,2025,6
2025,RREO,6,B,Governo do Estado da Paraíba,25,PB,4030961,RREO-Anexo 03,E,Padrão,<MR-5>,IPVALiquidoExcetoTransferenciasEFUNDEB,IPVA,72939657.76,PB,25,2025,6
2025,RREO,6,B,Governo do Estado da Paraíba,25,PB,4030961,RREO-Anexo 03,E,Padrão,<MR-4>,IPVALiquidoExcetoTransferenciasEFUNDEB,IPVA,53057555.24,PB,25,2025,6
2025,RREO,6,B,Governo do Estado da Paraíba,25,PB,4030961,RREO-Anexo 03,E,Padrão,<MR-3>,IPVALiquidoExcetoTransferenciasEFUNDEB,IPVA,64110191.66,PB,25,2025,6
2025,RREO,6,B,Governo do Estado da Paraíba,25,PB,4030961,RREO-Anexo 03,E,Padrão,<MR-2>,IPVALiquidoExcetoTransferenciasEFUNDEB,IPVA,60774560.72,PB,25,2025,6
2025,RREO,6,B,Governo do Estado da Paraíba,25,PB,4030961,RREO-Anexo 03,E,Padrão,<MR-1>,IPVALiquidoExcetoTransferenciasEFUNDEB,IPVA,33176686.11,PB,25,2025,6
2025,RREO,6,B,Governo do Estado da Paraíba,25,PB,4030961,RREO-Anexo 03,E,Padrão,<MR>,IPVALiquidoExcetoTransferenciasEFUNDEB,IPVA,49455391.28,PB,25,2025,6
2025,RREO,6,B,Governo do Estado da Paraíba,25,PB,4030961,RREO-Anexo 03,E,Padrão,TOTAL (ÚLTIMOS 12 MESES),IPVALiquidoExcetoTransferenciasEFUNDEB,IPVA,789330496.37,PB,25,2025,6
2025,RREO,6,B,Governo do Estado da Paraíba,25,PB,4030961,RREO-Anexo 03,E,Padrão,PREVISÃO ATUALIZADA 2025,IPVALiquidoExcetoTransferenciasEFUNDEB,IPVA,809899422.0,PB,25,2025,6
2025,RREO,6,B,Governo do Estado da Paraíba,25,PB,4030961,RREO-Anexo 03,E,Padrão,<MR-11>,ITCDLiquidoExcetoTransferenciasEFUNDEB,ITCD,3764899.12,PB,25,2025,6
2025,RREO,6,B,Governo do Estado da Paraíba,25,PB,4030961,RREO-Anexo 03,E,Padrão,<MR-10>,ITCDLiquidoExcetoTransferenciasEFUNDEB,ITCD,5135334.14,PB,25,2025,6
2025,RREO,6,B,Governo do Estado da Paraíba,25,PB,4030961,RREO-Anexo 03,E,Padrão,<MR-9>,ITCDLiquidoExcetoTransferenciasEFUNDEB,ITCD,5086973.85,PB,25,2025,6
2025,RREO,6,B,Governo do Estado da Paraíba,25,PB,4030961,RREO-Anexo 03,E,Padrão,<MR-8>,ITCDLiquidoExcetoTransferenciasEFUNDEB,ITCD,4864722.68,PB,25,2025,6
2025,RREO,6,B,Governo do Estado da Paraíba,25,PB,4030961,RREO-Anexo 03,E,Padrão,<MR-7>,ITCDLiquidoExcetoTransferenciasEFUNDEB,ITCD,6014520.13,PB,25,2025,6
2025,RREO,6,B,Governo do Estado da Paraíba,25,PB,4030961,RREO-Anexo 03,E,Padrão,<MR-6>,ITCDLiquidoExcetoTransferenciasEFUNDEB,ITCD,4889312.69,PB,25,2025,6
2025,RREO,6,B,Governo do Estado da Paraíba,25,PB,4030961,RREO-Anexo 03,E,Padrão,<MR-5>,ITCDLiquidoExcetoTransferenciasEFUNDEB,ITCD,6876446.01,PB,25,2025,6
2025,RREO,6,B,Governo do Estado da Paraíba,25,PB,4030961,RREO-Anexo 03,E,Padrão,<MR-4>,ITCDLiquidoExcetoTransferenciasEFUNDEB,ITCD,7041786.27,PB,25,2025,6
2025,RREO,6,B,Governo do Estado da Paraíba,25,PB,4030961,RREO-Anexo 03,E,Padrão,<MR-3>,ITCDLiquidoExcetoTransferenciasEFUNDEB,ITCD,6648684.36,PB,25,2025,6
2025,RREO,6,B,Governo do Estado da Paraíba,25,PB,4030961,RREO-Anexo 03,E,Padrão,<MR-2>,ITCDLiquidoExcetoTransferenciasEFUNDEB,ITCD,5254941.23,PB,25,2025,6
2025,RREO,6,B,Governo do Estado da Paraíba,25,PB,4030961,RREO-Anexo 03,E,Padrão,<MR-1>,ITCDLiquidoExcetoTransferenciasEFUNDEB,ITCD,5729837.69,PB,25,2025,6
2025,RREO,6,B,Governo do Estado da Paraíba,25,PB,4030961,RREO-Anexo 03,E,Padrão,<MR>,ITCDLiquidoExcetoTransferenciasEFUNDEB,ITCD,9269812.32,PB,25,2025,6
2025,RREO,6,B,Governo do Estado da Paraíba,25,PB,4030961,RREO-Anexo 03,E,Padrão,TOTAL (ÚLTIMOS 12 MESES),ITCDLiquidoExcetoTransferenciasEFUNDEB,ITCD,70577270.49,PB,25,2025,6
2025,RREO,6,B,Governo do Estado da Paraíba,25,PB,4030961,RREO-Anexo 03,E,Padrão,PREVISÃO ATUALIZADA 2025,ITCDLiquidoExcetoTransferenciasEFUNDEB,ITCD,63619860.43,PB,25,2025,6
2025,RREO,6,B,Governo do Estado de Pernambuco,26,PE,9051113,RREO-Anexo 03,E,Padrão,<MR-11>,ICMSLiquidoExcetoTransferenciasEFUNDEB,ICMS,2577206945.84,PE,26,2025,6
2025,RREO,6,B,Governo do Estado de Pernambuco,26,PE,9051113,RREO-Anexo 03,E,Padrão,<MR-10>,ICMSLiquidoExcetoTransferenciasEFUNDEB,ICMS,1999040830.52,PE,26,2025,6
2025,RREO,6,B,Governo do Estado de Pernambuco,26,PE,9051113,RREO-Anexo 03,E,Padrão,<MR-9>,ICMSLiquidoExcetoTransferenciasEFUNDEB,ICMS,2065837378.11,PE,26,2025,6
2025,RREO,6,B,Governo do Estado de Pernambuco,26,PE,9051113,RREO-Anexo 03,E,Padrão,<MR-8>,ICMSLiquidoExcetoTransferenciasEFUNDEB,ICMS,2230912823.44,PE,26,2025,6
2025,RREO,6,B,Governo do Estado de Pernambuco,26,PE,9051113,RREO-Anexo 03,E,Padrão,<MR-7>,ICMSLiquidoExcetoTransferenciasEFUNDEB,ICMS,2130531197.28,PE,26,2025,6
2025,RREO,6,B,Governo do Estado de Pernambuco,26,PE,9051113,RREO-Anexo 03,E,Padrão,<MR-6>,ICMSLiquidoExcetoTransferenciasEFUNDEB,ICMS,2283172492.45,PE,26,2025,6
2025,RREO,6,B,Governo do Estado de Pernambuco,26,PE,9051113,RREO-Anexo 03,E,Padrão,<MR-5>,ICMSLiquidoExcetoTransferenciasEFUNDEB,ICMS,2168861158.22,PE,26,2025,6
2025,RREO,6,B,Governo do Estado de Pernambuco,26,PE,9051113,RREO-Anexo 03,E,Padrão,<MR-4>,ICMSLiquidoExcetoTransferenciasEFUNDEB,ICMS,2205671825.98,PE,26,2025,6
2025,RREO,6,B,Governo do Estado de Pernambuco,26,PE,9051113,RREO-Anexo 03,E,Padrão,<MR-3>,ICMSLiquidoExcetoTransferenciasEFUNDEB,ICMS,2338497322.48,PE,26,2025,6
2025,RREO,6,B,Governo do Estado de Pernambuco,26,PE,9051113,RREO-Anexo 03,E,Padrão,<MR-2>,ICMSLiquidoExcetoTransferenciasEFUNDEB,ICMS,2326581687.16,PE,26,2025,6
2025,RREO,6,B,Governo do Estado de Pernambuco,26,PE,9051113,RREO-Anexo 03,E,Padrão,<MR-1>,ICMSLiquidoExcetoTransferenciasEFUNDEB,ICMS,2607553844.88,PE,26,2025,6
2025,RREO,6,B,Governo do Estado de Pernambuco,26,PE,9051113,RREO-Anexo 03,E,Padrão,<MR>,ICMSLiquidoExcetoTransferenciasEFUNDEB,ICMS,2701095421.55,PE,26,2025,6
2025,RREO,6,B,Governo do Estado de Pernambuco,26,PE,9051113,RREO-Anexo 03,E,Padrão,TOTAL (ÚLTIMOS 12 MESES),ICMSLiquidoExcetoTransferenciasEFUNDEB,ICMS,27634962927.91,PE,26,2025,6
2025,RREO,6,B,Governo do Estado de Pernambuco,26,PE,9051113,RREO-Anexo 03,E,Padrão,PREVISÃO ATUALIZADA 2025,ICMSLiquidoExcetoTransferenciasEFUNDEB,ICMS,27933635540.0,PE,26,2025,6
2025,RREO,6,B,Governo do Estado de Pernambuco,26,PE,9051113,RREO-Anexo 03,E,Padrão,<MR-11>,IPVALiquidoExcetoTransferenciasEFUNDEB,IPVA,227428319.44,PE,26,2025,6
2025,RREO,6,B,Governo do Estado de Pernambuco,26,PE,9051113,RREO-Anexo 03,E,Padrão,<MR-10>,IPVALiquidoExcetoTransferenciasEFUNDEB,IPVA,552113663.3,PE,26,2025,6
2025,RREO,6,B,Governo do Estado de Pernambuco,26,PE,9051113,RREO-Anexo 03,E,Padrão,<MR-9>,IPVALiquidoExcetoTransferenciasEFUNDEB,IPVA,187306605.26,PE,26,2025,6
2025,RREO,6,B,Governo do Estado de Pernambuco,26,PE,9051113,RREO-Anexo 03,E,Padrão,<MR-8>,IPVALiquidoExcetoTransferenciasEFUNDEB,IPVA,159568711.1,PE,26,2025,6
2025,RREO,6,B,Governo do Estado de Pernambuco,26,PE,9051113,RREO-Anexo 03,E,Padrão,<MR-7>,IPVALiquidoExcetoTransferenciasEFUNDEB,IPVA,144097652.58,PE,26,2025,6
2025,RREO,6,B,Governo do Estado de Pernambuco,26,PE,9051113,RREO-Anexo 03,E,Padrão,<MR-6>,IPVALiquidoExcetoTransferenciasEFUNDEB,IPVA,127886356.78,PE,26,2025,6
2025,RREO,6,B,Governo do Estado de Pernambuco,26,PE,9051113,RREO-Anexo 03,E,Padrão,<MR-5>,IPVALiquidoExcetoTransferenciasEFUNDEB,IPVA,127024491.71,PE,26,2025,6
2025,RREO,6,B,Governo do Estado de Pernambuco,26,PE,9051113,RREO-Anexo 03,E,Padrão,<MR-4>,IPVALiquidoExcetoTransferenciasEFUNDEB,IPVA,109712696.32,PE,26,2025,6
2025,RREO,6,B,Governo do Estado de Pernambuco,26,PE,9051113,RREO-Anexo 03,E,Padrão,<MR-3>,IPVALiquidoExcetoTransferenciasEFUNDEB,IPVA,109495301.4,PE,26,2025,6
2025,RREO,6,B,Governo do Estado de Pernambuco,26,PE,9051113,RREO-Anexo 03,E,Padrão,<MR-2>,IPVALiquidoExcetoTransferenciasEFUNDEB,IPVA,110035056.98,PE,26,2025,6
2025,RREO,6,B,Governo do Estado de Pernambuco,26,PE,9051113,RREO-Anexo 03,E,Padrão,<MR-1>,IPVALiquidoExcetoTransferenciasEFUNDEB,IPVA,95374625.31,PE,26,2025,6
2025,RREO,6,B,Governo do Estado de Pernambuco,26,PE,9051113,RREO-Anexo 03,E,Padrão,<MR>,IPVALiquidoExcetoTransferenciasEFUNDEB,IPVA,63794659.73,PE,26,2025,6
2025,RREO,6,B,Governo do Estado de Pernambuco,26,PE,9051113,RREO-Anexo 03,E,Padrão,TOTAL (ÚLTIMOS 12 MESES),IPVALiquidoExcetoTransferenciasEFUNDEB,IPVA,2013838139.91,PE,26,2025,6
2025,RREO,6,B,Governo do Estado de Pernambuco,26,PE,9051113,RREO-Anexo 03,E,Padrão,PREVISÃO ATUALIZADA 2025,IPVALiquidoExcetoTransferenciasEFUNDEB,IPVA,1952862700.0,PE,26,2025,6
2025,RREO,6,B,Governo do Estado de Pernambuco,26,PE,9051113,RREO-Anexo 03,E,Padrão,<MR-11>,ITCDLiquidoExcetoTransferenciasEFUNDEB,ITCD,11854641.12,PE,26,2025,6
2025,RREO,6,B,Governo do Estado de Pernambuco,26,PE,9051113,RREO-Anexo 03,E,Padrão,<MR-10>,ITCDLiquidoExcetoTransferenciasEFUNDEB,ITCD,11883548.54,PE,26,2025,6
2025,RREO,6,B,Governo do Estado de Pernambuco,26,PE,9051113,RREO-Anexo 03,E,Padrão,<MR-9>,ITCDLiquidoExcetoTransferenciasEFUNDEB,ITCD,12964175.14,PE,26,2025,6
2025,RREO,6,B,Governo do Estado de Pernambuco,26,PE,9051113,RREO-Anexo 03,E,Padrão,<MR-8>,ITCDLiquidoExcetoTransferenciasEFUNDEB,ITCD,17157658.4,PE,26,2025,6
2025,RREO,6,B,Governo do Estado de Pernambuco,26,PE,9051113,RREO-Anexo 03,E,Padrão,<MR-7>,ITCDLiquidoExcetoTransferenciasEFUNDEB,ITCD,10650021.69,PE,26,2025,6
2025,RREO,6,B,Governo do Estado de Pernambuco,26,PE,9051113,RREO-Anexo 03,E,Padrão,<MR-6>,ITCDLiquidoExcetoTransferenciasEFUNDEB,ITCD,11354720.74,PE,26,2025,6
2025,RREO,6,B,Governo do Estado de Pernambuco,26,PE,9051113,RREO-Anexo 03,E,Padrão,<MR-5>,ITCDLiquidoExcetoTransferenciasEFUNDEB,ITCD,15383781.81,PE,26,2025,6
2025,RREO,6,B,Governo do Estado de Pernambuco,26,PE,9051113,RREO-Anexo 03,E,Padrão,<MR-4>,ITCDLiquidoExcetoTransferenciasEFUNDEB,ITCD,17900277.95,PE,26,2025,6
2025,RREO,6,B,Governo do Estado de Pernambuco,26,PE,9051113,RREO-Anexo 03,E,Padrão,<MR-3>,ITCDLiquidoExcetoTransferenciasEFUNDEB,ITCD,13953056.02,PE,26,2025,6
2025,RREO,6,B,Governo do Estado de Pernambuco,26,PE,9051113,RREO-Anexo 03,E,Padrão,<MR-2>,ITCDLiquidoExcetoTransferenciasEFUNDEB,ITCD,21309656.96,PE,26,2025,6
2025,RREO,6,B,Governo do Estado de Pernambuco,26,PE,9051113,RREO-Anexo 03,E,Padrão,<MR-1>,ITCDLiquidoExcetoTransferenciasEFUNDEB,ITCD,25475210.08,PE,26,2025,6
2025,RREO,6,B,Governo do Estado de Pernambuco,26,PE,9051113,RREO-Anexo 03,E,Padrão,<MR>,ITCDLiquidoExcetoTransferenciasEFUNDEB,ITCD,37613805.32,PE,26,2025,6
2025,RREO,6,B,Governo do Estado de Pernambuco,26,PE,9051113,RREO-Anexo 03,E,Padrão,TOTAL (ÚLTIMOS 12 MESES),ITCDLiquidoExcetoTransferenciasEFUNDEB,ITCD,207500553.77,PE,26,2025,6
2025,RREO,6,B,Governo do Estado de Pernambuco,26,PE,9051113,RREO-Anexo 03,E,Padrão,PREVISÃO ATUALIZADA 2025,ITCDLiquidoExcetoTransferenciasEFUNDEB,ITCD,286557100.0,PE,26,2025,6
2025,RREO,6,B,Governo do Estado de Alagoas,27,AL,3125254,RREO-Anexo 03,E,Padrão,<MR-11>,ICMSLiquidoExcetoTransferenciasEFUNDEB,ICMS,784862601.45,AL,27,2025,6
2025,RREO,6,B,Governo do Estado de Alagoas,27,AL,3125254,RREO-Anexo 03,E,Padrão,<MR-10>,ICMSLiquidoExcetoTransferenciasEFUNDEB,ICMS,876154267.35,AL,27,2025,6
2025,RREO,6,B,Governo do Estado de Alagoas,27,AL,3125254,RREO-Anexo 03,E,Padrão,<MR-9>,ICMSLiquidoExcetoTransferenciasEFUNDEB,ICMS,700258269.51,AL,27,2025,6
2025,RREO,6,B,Governo do Estado de Alagoas,27,AL,3125254,RREO-Anexo 03,E,Padrão,<MR-8>,ICMSLiquidoExcetoTransferenciasEFUNDEB,ICMS,712955352.59,AL,27,2025,6
2025,RREO,6,B,Governo do Estado de Alagoas,27,AL,3125254,RREO-Anexo 03,E,Padrão,<MR-7>,ICMSLiquidoExcetoTransferenciasEFUNDEB,ICMS,711973695.99,AL,27,2025,6
2025,RREO,6,B,Governo do Estado de Alagoas,27,AL,3125254,RREO-Anexo 03,E,Padrão,<MR-6>,ICMSLiquidoExcetoTransferenciasEFUNDEB,ICMS,696265761.36,AL,27,2025,6
2025,RREO,6,B,Governo do Estado de Alagoas,27,AL,3125254,RREO-Anexo 03,E,Padrão,<MR-5>,ICMSLiquidoExcetoTransferenciasEFUNDEB,ICMS,713267174.76,AL,27,2025,6
2025,RREO,6,B,Governo do Estado de Alagoas,27,AL,3125254,RREO-Anexo 03,E,Padrão,<MR-4>,ICMSLiquidoExcetoTransferenciasEFUNDEB,ICMS,696458045.56,AL,27,2025,6
2025,RREO,6,B,Governo do Estado de Alagoas,27,AL,3125254,RREO-Anexo 03,E,Padrão,<MR-3>,ICMSLiquidoExcetoTransferenciasEFUNDEB,ICMS,714941736.15,AL,27,2025,6
2025,RREO,6,B,Governo do Estado de Alagoas,27,AL,3125254,RREO-Anexo 03,E,Padrão,<MR-2>,ICMSLiquidoExcetoTransferenciasEFUNDEB,ICMS,764631159.25,AL,27,2025,6
2025,RREO,6,B,Governo do Estado de Alagoas,27,AL,3125254,RREO-Anexo 03,E,Padrão,<MR-1>,ICMSLiquidoExcetoTransferenciasEFUNDEB,ICMS,799404068.35,AL,27,2025,6
2025,RREO,6,B,Governo do Estado de Alagoas,27,AL,3125254,RREO-Anexo 03,E,Padrão,<MR>,ICMSLiquidoExcetoTransferenciasEFUNDEB,ICMS,836932838.54,AL,27,2025,6
2025,RREO,6,B,Governo do Estado de Alagoas,27,AL,3125254,RREO-Anexo 03,E,Padrão,TOTAL (ÚLTIMOS 12 MESES),ICMSLiquidoExcetoTransferenciasEFUNDEB,ICMS,9008104970.86,AL,27,2025,6
2025,RREO,6,B,Governo do Estado de Alagoas,27,AL,3125254,RREO-Anexo 03,E,Padrão,PREVISÃO ATUALIZADA 2025,ICMSLiquidoExcetoTransferenciasEFUNDEB,ICMS,9011609981.39,AL,27,2025,6
2025,RREO,6,B,Governo do Estado de Alagoas,27,AL,3125254,RREO-Anexo 03,E,Padrão,<MR-11>,IPVALiquidoExcetoTransferenciasEFUNDEB,IPVA,107185281.43,AL,27,2025,6
2025,RREO,6,B,Governo do Estado de Alagoas,27,AL,3125254,RREO-Anexo 03,E,Padrão,<MR-10>,IPVALiquidoExcetoTransferenciasEFUNDEB,IPVA,50717741.69,AL,27,2025,6
2025,RREO,6,B,Governo do Estado de Alagoas,27,AL,3125254,RREO-Anexo 03,E,Padrão,<MR-9>,IPVALiquidoExcetoTransferenciasEFUNDEB,IPVA,62032155.09,AL,27,2025,6
2025,RREO,6,B,Governo do Estado de Alagoas,27,AL,3125254,RREO-Anexo 03,E,Padrão,<MR-8>,IPVALiquidoExcetoTransferenciasEFUNDEB,IPVA,69983107.45,AL,27,2025,6
2025,RREO,6,B,Governo do Estado de Alagoas,27,AL,3125254,RREO-Anexo 03,E,Padrão,<MR-7>,IPVALiquidoExcetoTransferenciasEFUNDEB,IPVA,81911757.32,AL,27,2025,6
2025,RREO,6,B,Governo do Estado de Alagoas,27,AL,3125254,RREO-Anexo 03,E,Padrão,<MR-6>,IPVALiquidoExcetoTransferenciasEFUNDEB,IPVA,89954686.42,AL,27,2025,6
2025,RREO,6,B,Governo do Estado de Alagoas,27,AL,3125254,RREO-Anexo 03,E,Padrão,<MR-5>,IPVALiquidoExcetoTransferenciasEFUNDEB,IPVA,84967257.25,AL,27,2025,6
2025,RREO,6,B,Governo do Estado de Alagoas,27,AL,3125254,RREO-Anexo 03,E,Padrão,<MR-4>,IPVALiquidoExcetoTransferenciasEFUNDEB,IPVA,60618511.62,AL,27,2025,6
2025,RREO,6,B,Governo do Estado de Alagoas,27,AL,3125254,RREO-Anexo 03,E,Padrão,<MR-3>,IPVALiquidoExcetoTransferenciasEFUNDEB,IPVA,60669858.72,AL,27,2025,6
2025,RREO,6,B,Governo do Estado de Alagoas,27,AL,3125254,RREO-Anexo 03,E,Padrão,<MR-2>,IPVALiquidoExcetoTransferenciasEFUNDEB,IPVA,48169688.01,AL,27,2025,6
2025,RREO,6,B,Governo do Estado de Alagoas,27,AL,3125254,RREO-Anexo 03,E,Padrão,<MR-1>,IPVALiquidoExcetoTransferenciasEFUNDEB,IPVA,30064617.26,AL,27,2025,6
2025,RREO,6,B,Governo do Estado de Alagoas,27,AL,3125254,RREO-Anexo 03,E,Padrão,<MR>,IPVALiquidoExcetoTransferenciasEFUNDEB,IPVA,27619428.32,AL,27,2025,6
2025,RREO,6,B,Governo do Estado de Alagoas,27,AL,3125254,RREO-Anexo 03,E,Padrão,TOTAL (ÚLTIMOS 12 MESES),IPVALiquidoExcetoTransferenciasEFUNDEB,IPVA,773894090.58,AL,27,2025,6
2025,RREO,6,B,Governo do Estado de Alagoas,27,AL,3125254,RREO-Anexo 03,E,Padrão,PREVISÃO ATUALIZADA 2025,IPVALiquidoExcetoTransferenciasEFUNDEB,IPVA,770958583.0,AL,27,2025,6
2025,RREO,6,B,Governo do Estado de Alagoas,27,AL,3125254,RREO-Anexo 03,E,Padrão,<MR-11>,ITCDLiquidoExcetoTransferenciasEFUNDEB,ITCD,9781098.42,AL,27,2025,6
2025,RREO,6,B,Governo do Estado de Alagoas,27,AL,3125254,RREO-Anexo 03,E,Padrão,<MR-10>,ITCDLiquidoExcetoTransferenciasEFUNDEB,ITCD,7267840.98,AL,27,2025,6
2025,RREO,6,B,Governo do Estado de Alagoas,27,AL,3125254,RREO-Anexo 03,E,Padrão,<MR-9>,ITCDLiquidoExcetoTransferenciasEFUNDEB,ITCD,4832706.45,AL,27,2025,6
2025,RREO,6,B,Governo do Estado de Alagoas,27,AL,3125254,RREO-Anexo 03,E,Padrão,<MR-8>,ITCDLiquidoExcetoTransferenciasEFUNDEB,ITCD,4803475.55,AL,27,2025,6
2025,RREO,6,B,Governo do Estado de Alagoas,27,AL,3125254,RREO-Anexo 03,E,Padrão,<MR-7>,ITCDLiquidoExcetoTransferenciasEFUNDEB,ITCD,4777379.05,AL,27,2025,6
2025,RREO,6,B,Governo do Estado de Alagoas,27,AL,3125254,RREO-Anexo 03,E,Padrão,<MR-6>,ITCDLiquidoExcetoTransferenciasEFUNDEB,ITCD,6561282.84,AL,27,2025,6
2025,RREO,6,B,Governo do Estado de Alagoas,27,AL,3125254,RREO-Anexo 03,E,Padrão,<MR-5>,ITCDLiquidoExcetoTransferenciasEFUNDEB,ITCD,10070364.66,AL,27,2025,6
2025,RREO,6,B,Governo do Estado de Alagoas,27,AL,3125254,RREO-Anexo 03,E,Padrão,<MR-4>,ITCDLiquidoExcetoTransferenciasEFUNDEB,ITCD,4880255.78,AL,27,2025,6
2025,RREO,6,B,Governo do Estado de Alagoas,27,AL,3125254,RREO-Anexo 03,E,Padrão,<MR-3>,ITCDLiquidoExcetoTransferenciasEFUNDEB,ITCD,4722711.49,AL,27,2025,6
2025,RREO,6,B,Governo do Estado de Alagoas,27,AL,3125254,RREO-Anexo 03,E,Padrão,<MR-2>,ITCDLiquidoExcetoTransferenciasEFUNDEB,ITCD,4198679.12,AL,27,2025,6
2025,RREO,6,B,Governo do Estado de Alagoas,27,AL,3125254,RREO-Anexo 03,E,Padrão,<MR-1>,ITCDLiquidoExcetoTransferenciasEFUNDEB,ITCD,4589996.0,AL,27,2025,6
2025,RREO,6,B,Governo do Estado de Alagoas,27,AL,3125254,RREO-Anexo 03,E,Padrão,<MR>,ITCDLiquidoExcetoTransferenciasEFUNDEB,ITCD,6060101.22,AL,27,2025,6
2025,RREO,6,B,Governo do Estado de Alagoas,27,AL,3125254,RREO-Anexo 03,E,Padrão,TOTAL (ÚLTIMOS 12 MESES),ITCDLiquidoExcetoTransferenciasEFUNDEB,ITCD,72545891.56,AL,27,2025,6
2025,RREO,6,B,Governo do Estado de Alagoas,27,AL,3125254,RREO-Anexo 03,E,Padrão,PREVISÃO ATUALIZADA 2025,ITCDLiquidoExcetoTransferenciasEFUNDEB,ITCD,72139007.0,AL,27,2025,6
2025,RREO,6,B,Governo do Estado de Sergipe,28,SE,2211868,RREO-Anexo 03,E,Padrão,<MR-11>,ICMSLiquidoExcetoTransferenciasEFUNDEB,ICMS,542870914.43,SE,28,2025,6
2025,RREO,6,B,Governo do Estado de Sergipe,28,SE,2211868,RREO-Anexo 03,E,Padrão,<MR-10>,ICMSLiquidoExcetoTransferenciasEFUNDEB,ICMS,487495771.14,SE,28,2025,6
2025,RREO,6,B,Governo do Estado de Sergipe,28,SE,2211868,RREO-Anexo 03,E,Padrão,<MR-9>,ICMSLiquidoExcetoTransferenciasEFUNDEB,ICMS,481562136.64,SE,28,2025,6
2025,RREO,6,B,Governo do Estado de Sergipe,28,SE,2211868,RREO-Anexo 03,E,Padrão,<MR-8>,ICMSLiquidoExcetoTransferenciasEFUNDEB,ICMS,502173918.84,SE,28,2025,6
2025,RREO,6,B,Governo do Estado de Sergipe,28,SE,2211868,RREO-Anexo 03,E,Padrão,<MR-7>,ICMSLiquidoExcetoTransferenciasEFUNDEB,ICMS,485590995.22,SE,28,2025,6
2025,RREO,6,B,Governo do Estado de Sergipe,28,SE,2211868,RREO-Anexo 03,E,Padrão,<MR-6>,ICMSLiquidoExcetoTransferenciasEFUNDEB,ICMS,501384900.01,SE,28,2025,6
2025,RREO,6,B,Governo do Estado de Sergipe,28,SE,2211868,RREO-Anexo 03,E,Padrão,<MR-5>,ICMSLiquidoExcetoTransferenciasEFUNDEB,ICMS,486080262.4,SE,28,2025,6
2025,RREO,6,B,Governo do Estado de Sergipe,28,SE,2211868,RREO-Anexo 03,E,Padrão,<MR-4>,ICMSLiquidoExcetoTransferenciasEFUNDEB,ICMS,492450359.61,SE,28,2025,6
2025,RREO,6,B,Governo do Estado de Sergipe,28,SE,2211868,RREO-Anexo 03,E,Padrão,<MR-3>,ICMSLiquidoExcetoTransferenciasEFUNDEB,ICMS,496617159.5,SE,28,2025,6
2025,RREO,6,B,Governo do Estado de Sergipe,28,SE,2211868,RREO-Anexo 03,E,Padrão,<MR-2>,ICMSLiquidoExcetoTransferenciasEFUNDEB,ICMS,500426069.04,SE,28,2025,6
2025,RREO,6,B,Governo do Estado de Sergipe,28,SE,2211868,RREO-Anexo 03,E,Padrão,<MR-1>,ICMSLiquidoExcetoTransferenciasEFUNDEB,ICMS,550317522.89,SE,28,2025,6
2025,RREO,6,B,Governo do Estado de Sergipe,28,SE,2211868,RREO-Anexo 03,E,Padrão,<MR>,ICMSLiquidoExcetoTransferenciasEFUNDEB,ICMS,568818946.97,SE,28,2025,6
2025,RREO,6,B,Governo do Estado de Sergipe,28,SE,2211868,RREO-Anexo 03,E,Padrão,TOTAL (ÚLTIMOS 12 MESES),ICMSLiquidoExcetoTransferenciasEFUNDEB,ICMS,6095788956.69,SE,28,2025,6
2025,RREO,6,B,Governo do Estado de Sergipe,28,SE,2211868,RREO-Anexo 03,E,Padrão,PREVISÃO ATUALIZADA 2025,ICMSLiquidoExcetoTransferenciasEFUNDEB,ICMS,6019929397.92,SE,28,2025,6
2025,RREO,6,B,Governo do Estado de Sergipe,28,SE,2211868,RREO-Anexo 03,E,Padrão,<MR-11>,IPVALiquidoExcetoTransferenciasEFUNDEB,IPVA,33289154.75,SE,28,2025,6
2025,RREO,6,B,Governo do Estado de Sergipe,28,SE,2211868,RREO-Anexo 03,E,Padrão,<MR-10>,IPVALiquidoExcetoTransferenciasEFUNDEB,IPVA,33134236.6,SE,28,2025,6
2025,RREO,6,B,Governo do Estado de Sergipe,28,SE,2211868,RREO-Anexo 03,E,Padrão,<MR-9>,IPVALiquidoExcetoTransferenciasEFUNDEB,IPVA,118060164.74,SE,28,2025,6
2025,RREO,6,B,Governo do Estado de Sergipe,28,SE,2211868,RREO-Anexo 03,E,Padrão,<MR-8>,IPVALiquidoExcetoTransferenciasEFUNDEB,IPVA,49062784.32,SE,28,2025,6
2025,RREO,6,B,Governo do Estado de Sergipe,28,SE,2211868,RREO-Anexo 03,E,Padrão,<MR-7>,IPVALiquidoExcetoTransferenciasEFUNDEB,IPVA,32438001.38,SE,28,2025,6
2025,RREO,6,B,Governo do Estado de Sergipe,28,SE,2211868,RREO-Anexo 03,E,Padrão,<MR-6>,IPVALiquidoExcetoTransferenciasEFUNDEB,IPVA,32286375.29,SE,28,2025,6
2025,RREO,6,B,Governo do Estado de Sergipe,28,SE,2211868,RREO-Anexo 03,E,Padrão,<MR-5>,IPVALiquidoExcetoTransferenciasEFUNDEB,IPVA,38239243.57,SE,28,2025,6
2025,RREO,6,B,Governo do Estado de Sergipe,28,SE,2211868,RREO-Anexo 03,E,Padrão,<MR-4>,IPVALiquidoExcetoTransferenciasEFUNDEB,IPVA,35806875.51,SE,28,2025,6
2025,RREO,6,B,Governo do Estado de Sergipe,28,SE,2211868,RREO-Anexo 03,E,Padrão,<MR-3>,IPVALiquidoExcetoTransferenciasEFUNDEB,IPVA,41113391.27,SE,28,2025,6
2025,RREO,6,B,Governo do Estado de Sergipe,28,SE,2211868,RREO-Anexo 03,E,Padrão,<MR-2>,IPVALiquidoExcetoTransferenciasEFUNDEB,IPVA,41893067.82,SE,28,2025,6
2025,RREO,6,B,Governo do Estado de Sergipe,28,SE,2211868,RREO-Anexo 03,E,Padrão,<MR-1>,IPVALiquidoExcetoTransferenciasEFUNDEB,IPVA,40923679.09,SE,28,2025,6
2025,RREO,6,B,Governo do Estado de Sergipe,28,SE,2211868,RREO-Anexo 03,E,Padrão,<MR>,IPVALiquidoExcetoTransferenciasEFUNDEB,IPVA,34643471.76,SE,28,2025,6
2025,RREO,6,B,Governo do Estado de Sergipe,28,SE,2211868,RREO-Anexo 03,E,Padrão,TOTAL (ÚLTIMOS 12 MESES),IPVALiquidoExcetoTransferenciasEFUNDEB,IPVA,530890446.1,SE,28,2025,6
2025,RREO,6,B,Governo do Estado de Sergipe,28,SE,2211868,RREO-Anexo 03,E,Padrão,PREVISÃO ATUALIZADA 2025,IPVALiquidoExcetoTransferenciasEFUNDEB,IPVA,539326400.0,SE,28,2025,6
2025,RREO,6,B,Governo do Estado de Sergipe,28,SE,2211868,RREO-Anexo 03,E,Padrão,<MR-11>,ITCDLiquidoExcetoTransferenciasEFUNDEB,ITCD,3236047.89,SE,28,2025,6
2025,RREO,6,B,Governo do Estado de Sergipe,28,SE,2211868,RREO-Anexo 03,E,Padrão,<MR-10>,ITCDLiquidoExcetoTransferenciasEFUNDEB,ITCD,2894656.02,SE,28,2025,6
2025,RREO,6,B,Governo do Estado de Sergipe,28,SE,2211868,RREO-Anexo 03,E,Padrão,<MR-9>,ITCDLiquidoExcetoTransferenciasEFUNDEB,ITCD,2725681.11,SE,28,2025,6
2025,RREO,6,B,Governo do Estado de Sergipe,28,SE,2211868,RREO-Anexo 03,E,Padrão,<MR-8>,ITCDLiquidoExcetoTransferenciasEFUNDEB,ITCD,3002516.59,SE,28,2025,6
2025,RREO,6,B,Governo do Estado de Sergipe,28,SE,2211868,RREO-Anexo 03,E,Padrão,<MR-7>,ITCDLiquidoExcetoTransferenciasEFUNDEB,ITCD,3494519.69,SE,28,2025,6
2025,RREO,6,B,Governo do Estado de Sergipe,28,SE,2211868,RREO-Anexo 03,E,Padrão,<MR-6>,ITCDLiquidoExcetoTransferenciasEFUNDEB,ITCD,4030590.72,SE,28,2025,6
2025,RREO,6,B,Governo do Estado de Sergipe,28,SE,2211868,RREO-Anexo 03,E,Padrão,<MR-5>,ITCDLiquidoExcetoTransferenciasEFUNDEB,ITCD,2743201.48,SE,28,2025,6
2025,RREO,6,B,Governo do Estado de Sergipe,28,SE,2211868,RREO-Anexo 03,E,Padrão,<MR-4>,ITCDLiquidoExcetoTransferenciasEFUNDEB,ITCD,3584875.19,SE,28,2025,6
2025,RREO,6,B,Governo do Estado de Sergipe,28,SE,2211868,RREO-Anexo 03,E,Padrão,<MR-3>,ITCDLiquidoExcetoTransferenciasEFUNDEB,ITCD,3561108.22,SE,28,2025,6
2025,RREO,6,B,Governo do Estado de Sergipe,28,SE,2211868,RREO-Anexo 03,E,Padrão,<MR-2>,ITCDLiquidoExcetoTransferenciasEFUNDEB,ITCD,2819360.34,SE,28,2025,6
2025,RREO,6,B,Governo do Estado de Sergipe,28,SE,2211868,RREO-Anexo 03,E,Padrão,<MR-1>,ITCDLiquidoExcetoTransferenciasEFUNDEB,ITCD,4065022.9,SE,28,2025,6
2025,RREO,6,B,Governo do Estado de Sergipe,28,SE,2211868,RREO-Anexo 03,E,Padrão,<MR>,ITCDLiquidoExcetoTransferenciasEFUNDEB,ITCD,34267630.39,SE,28,2025,6
2025,RREO,6,B,Governo do Estado de Sergipe,28,SE,2211868,RREO-Anexo 03,E,Padrão,TOTAL (ÚLTIMOS 12 MESES),ITCDLiquidoExcetoTransferenciasEFUNDEB,ITCD,70425210.54,SE,28,2025,6
2025,RREO,6,B,Governo do Estado de Sergipe,28,SE,2211868,RREO-Anexo 03,E,Padrão,PREVISÃO ATUALIZADA 2025,ITCDLiquidoExcetoTransferenciasEFUNDEB,ITCD,55001240.0,SE,28,2025,6
2025,RREO,6,B,Governo do Estado da Bahia,29,BA,14659023,RREO-Anexo 03,E,Padrão,<MR-11>,ICMSLiquidoExcetoTransferenciasEFUNDEB,ICMS,3814902460.18,BA,29,2025,6
2025,RREO,6,B,Governo do Estado da Bahia,29,BA,14659023,RREO-Anexo 03,E,Padrão,<MR-10>,ICMSLiquidoExcetoTransferenciasEFUNDEB,ICMS,3290857042.18,BA,29,2025,6
2025,RREO,6,B,Governo do Estado da Bahia,29,BA,14659023,RREO-Anexo 03,E,Padrão,<MR-9>,ICMSLiquidoExcetoTransferenciasEFUNDEB,ICMS,3174325738.18,BA,29,2025,6
2025,RREO,6,B,Governo do Estado da Bahia,29,BA,14659023,RREO-Anexo 03,E,Padrão,<MR-8>,ICMSLiquidoExcetoTransferenciasEFUNDEB,ICMS,3381230441.17,BA,29,2025,6
2025,RREO,6,B,Governo do Estado da Bahia,29,BA,14659023,RREO-Anexo 03,E,Padrão,<MR-7>,ICMSLiquidoExcetoTransferenciasEFUNDEB,ICMS,3309892182.57,BA,29,2025,6
2025,RREO,6,B,Governo do Estado da Bahia,29,BA,14659023,RREO-Anexo 03,E,Padrão,<MR-6>,ICMSLiquidoExcetoTransferenciasEFUNDEB,ICMS,3385534517.99,BA,29,2025,6
2025,RREO,6,B,Governo do Estado da Bahia,29,BA,14659023,RREO-Anexo 03,E,Padrão,<MR-5>,ICMSLiquidoExcetoTransferenciasEFUNDEB,ICMS,3322620054.83,BA,29,2025,6
2025,RREO,6,B,Governo do Estado da Bahia,29,BA,14659023,RREO-Anexo 03,E,Padrão,<MR-4>,ICMSLiquidoExcetoTransferenciasEFUNDEB,ICMS,3490099339.13,BA,29,2025,6
2025,RREO,6,B,Governo do Estado da Bahia,29,BA,14659023,RREO-Anexo 03,E,Padrão,<MR-3>,ICMSLiquidoExcetoTransferenciasEFUNDEB,ICMS,3437038446.52,BA,29,2025,6
2025,RREO,6,B,Governo do Estado da Bahia,29,BA,14659023,RREO-Anexo 03,E,Padrão,<MR-2>,ICMSLiquidoExcetoTransferenciasEFUNDEB,ICMS,3478587090.67,BA,29,2025,6
2025,RREO,6,B,Governo do Estado da Bahia,29,BA,14659023,RREO-Anexo 03,E,Padrão,<MR-1>,ICMSLiquidoExcetoTransferenciasEFUNDEB,ICMS,4413829708.2,BA,29,2025,6
2025,RREO,6,B,Governo do Estado da Bahia,29,BA,14659023,RREO-Anexo 03,E,Padrão,<MR>,ICMSLiquidoExcetoTransferenciasEFUNDEB,ICMS,3500051625.06,BA,29,2025,6
2025,RREO,6,B,Governo do Estado da Bahia,29,BA,14659023,RREO-Anexo 03,E,Padrão,TOTAL (ÚLTIMOS 12 MESES),ICMSLiquidoExcetoTransferenciasEFUNDEB,ICMS,41998968646.68,BA,29,2025,6
2025,RREO,6,B,Governo do Estado da Bahia,29,BA,14659023,RREO-Anexo 03,E,Padrão,PREVISÃO ATUALIZADA 2025,ICMSLiquidoExcetoTransferenciasEFUNDEB,ICMS,40395795447.0,BA,29,2025,6
2025,RREO,6,B,Governo do Estado da Bahia,29,BA,14659023,RREO-Anexo 03,E,Padrão,<MR-11>,IPVALiquidoExcetoTransferenciasEFUNDEB,IPVA,336286900.39,BA,29,2025,6
2025,RREO,6,B,Governo do Estado da Bahia,29,BA,14659023,RREO-Anexo 03,E,Padrão,<MR-10>,IPVALiquidoExcetoTransferenciasEFUNDEB,IPVA,484948999.16,BA,29,2025,6
2025,RREO,6,B,Governo do Estado da Bahia,29,BA,14659023,RREO-Anexo 03,E,Padrão,<MR-9>,IPVALiquidoExcetoTransferenciasEFUNDEB,IPVA,146691949.64,BA,29,2025,6
2025,RREO,6,B,Governo do Estado da Bahia,29,BA,14659023,RREO-Anexo 03,E,Padrão,<MR-8>,IPVALiquidoExcetoTransferenciasEFUNDEB,IPVA,153111060.65,BA,29,2025,6
2025,RREO,6,B,Governo do Estado da Bahia,29,BA,14659023,RREO-Anexo 03,E,Padrão,<MR-7>,IPVALiquidoExcetoTransferenciasEFUNDEB,IPVA,166031194.68,BA,29,2025,6
2025,RREO,6,B,Governo do Estado da Bahia,29,BA,14659023,RREO-Anexo 03,E,Padrão,<MR-6>,IPVALiquidoExcetoTransferenciasEFUNDEB,IPVA,168737826.28,BA,29,2025,6
2025,RREO,6,B,Governo do Estado da Bahia,29,BA,14659023,RREO-Anexo 03,E,Padrão,<MR-5>,IPVALiquidoExcetoTransferenciasEFUNDEB,IPVA,244985149.58,BA,29,2025,6
2025,RREO,6,B,Governo do Estado da Bahia,29,BA,14659023,RREO-Anexo 03,E,Padrão,<MR-4>,IPVALiquidoExcetoTransferenciasEFUNDEB,IPVA,225728599.68,BA,29,2025,6
2025,RREO,6,B,Governo do Estado da Bahia,29,BA,14659023,RREO-Anexo 03,E,Padrão,<MR-3>,IPVALiquidoExcetoTransferenciasEFUNDEB,IPVA,237717363.04,BA,29,2025,6
2025,RREO,6,B,Governo do Estado da Bahia,29,BA,14659023,RREO-Anexo 03,E,Padrão,<MR-2>,IPVALiquidoExcetoTransferenciasEFUNDEB,IPVA,235285796.88,BA,29,2025,6
2025,RREO,6,B,Governo do Estado da Bahia,29,BA,14659023,RREO-Anexo 03,E,Padrão,<MR-1>,IPVALiquidoExcetoTransferenciasEFUNDEB,IPVA,206462547.79,BA,29,2025,6
2025,RREO,6,B,Governo do Estado da Bahia,29,BA,14659023,RREO-Anexo 03,E,Padrão,<MR>,IPVALiquidoExcetoTransferenciasEFUNDEB,IPVA,151011926.65,BA,29,2025,6
2025,RREO,6,B,Governo do Estado da Bahia,29,BA,14659023,RREO-Anexo 03,E,Padrão,TOTAL (ÚLTIMOS 12 MESES),IPVALiquidoExcetoTransferenciasEFUNDEB,IPVA,2756999314.42,BA,29,2025,6
2025,RREO,6,B,Governo do Estado da Bahia,29,BA,14659023,RREO-Anexo 03,E,Padrão,PREVISÃO ATUALIZADA 2025,IPVALiquidoExcetoTransferenciasEFUNDEB,IPVA,2516626000.0,BA,29,2025,6
2025,RREO,6,B,Governo do Estado da Bahia,29,BA,14659023,RREO-Anexo 03,E,Padrão,<MR-11>,ITCDLiquidoExcetoTransferenciasEFUNDEB,ITCD,29698208.49,BA,29,2025,6
2025,RREO,6,B,Governo do Estado da Bahia,29,BA,14659023,RREO-Anexo 03,E,Padrão,<MR-10>,ITCDLiquidoExcetoTransferenciasEFUNDEB,ITCD,30633989.88,BA,29,2025,6
2025,RREO,6,B,Governo do Estado da Bahia,29,BA,14659023,RREO-Anexo 03,E,Padrão,<MR-9>,ITCDLiquidoExcetoTransferenciasEFUNDEB,ITCD,27415858.61,BA,29,2025,6
2025,RREO,6,B,Governo do Estado da Bahia,29,BA,14659023,RREO-Anexo 03,E,Padrão,<MR-8>,ITCDLiquidoExcetoTransferenciasEFUNDEB,ITCD,27608634.79,BA,29,2025,6
2025,RREO,6,B,Governo do Estado da Bahia,29,BA,14659023,RREO-Anexo 03,E,Padrão,<MR-7>,ITCDLiquidoExcetoTransferenciasEFUNDEB,ITCD,34370611.44,BA,29,2025,6
2025,RREO,6,B,Governo do Estado da Bahia,29,BA,14659023,RREO-Anexo 03,E,Padrão,<MR-6>,ITCDLiquidoExcetoTransferenciasEFUNDEB,ITCD,33490952.33,BA,29,2025,6
2025,RREO,6,B,Governo do Estado da Bahia,29,BA,14659023,RREO-Anexo 03,E,Padrão,<MR-5>,ITCDLiquidoExcetoTransferenciasEFUNDEB,ITCD,26315427.28,BA,29,2025,6
2025,RREO,6,B,Governo do Estado da Bahia,29,BA,14659023,RREO-Anexo 03,E,Padrão,<MR-4>,ITCDLiquidoExcetoTransferenciasEFUNDEB,ITCD,23323683.42,BA,29,2025,6
2025,RREO,6,B,Governo do Estado da Bahia,29,BA,14659023,RREO-Anexo 03,E,Padrão,<MR-3>,ITCDLiquidoExcetoTransferenciasEFUNDEB,ITCD,47966098.58,BA,29,2025,6
2025,RREO,6,B,Governo do Estado da Bahia,29,BA,14659023,RREO-Anexo 03,E,Padrão,<MR-2>,ITCDLiquidoExcetoTransferenciasEFUNDEB,ITCD,37435075.46,BA,29,2025,6
2025,RREO,6,B,Governo do Estado da Bahia,29,BA,14659023,RREO-Anexo 03,E,Padrão,<MR-1>,ITCDLiquidoExcetoTransferenciasEFUNDEB,ITCD,27834745.12,BA,29,2025,6
2025,RREO,6,B,Governo do Estado da Bahia,29,BA,14659023,RREO-Anexo 03,E,Padrão,<MR>,ITCDLiquidoExcetoTransferenciasEFUNDEB,ITCD,40979167.62,BA,29,2025,6
2025,RREO,6,B,Governo do Estado da Bahia,29,BA,14659023,RREO-Anexo 03,E,Padrão,TOTAL (ÚLTIMOS 12 MESES),ITCDLiquidoExcetoTransferenciasEFUNDEB,ITCD,387072453.02,BA,29,2025,6
2025,RREO,6,B,Governo do Estado da Bahia,29,BA,14659023,RREO-Anexo 03,E,Padrão,PREVISÃO ATUALIZADA 2025,ITCDLiquidoExcetoTransferenciasEFUNDEB,ITCD,321024000.0,BA,29,2025,6
2025,RREO,6,B,Governo do Estado de Minas Gerais,31,MG,20732660,RREO-Anexo 03,E,Padrão,<MR-11>,ICMSLiquidoExcetoTransferenciasEFUNDEB,ICMS,7094343937.28,MG,31,2025,6
2025,RREO,6,B,Governo do Estado de Minas Gerais,31,MG,20732660,RREO-Anexo 03,E,Padrão,<MR-10>,ICMSLiquidoExcetoTransferenciasEFUNDEB,ICMS,6563857417.49,MG,31,2025,6
2025,RREO,6,B,Governo do Estado de Minas Gerais,31,MG,20732660,RREO-Anexo 03,E,Padrão,<MR-9>,ICMSLiquidoExcetoTransferenciasEFUNDEB,ICMS,7049914282.11,MG,31,2025,6
2025,RREO,6,B,Governo do Estado de Minas Gerais,31,MG,20732660,RREO-Anexo 03,E,Padrão,<MR-8>,ICMSLiquidoExcetoTransferenciasEFUNDEB,ICMS,7046679743.55,MG,31,2025,6
2025,RREO,6,B,Governo do Estado de Minas Gerais,31,MG,20732660,RREO-Anexo 03,E,Padrão,<MR-7>,ICMSLiquidoExcetoTransferenciasEFUNDEB,ICMS,6790856325.32,MG,31,2025,6
2025,RREO,6,B,Governo do Estado de Minas Gerais,31,MG,20732660,RREO-Anexo 03,E,Padrão,<MR-6>,ICMSLiquidoExcetoTransferenciasEFUNDEB,ICMS,7706330375.72,MG,31,2025,6
2025,RREO,6,B,Governo do Estado de Minas Gerais,31,MG,20732660,RREO-Anexo 03,E,Padrão,<MR-5>,ICMSLiquidoExcetoTransferenciasEFUNDEB,ICMS,7076443479.55,MG,31,2025,6
2025,RREO,6,B,Governo do Estado de Minas Gerais,31,MG,20732660,RREO-Anexo 03,E,Padrão,<MR-4>,ICMSLiquidoExcetoTransferenciasEFUNDEB,ICMS,7478742302.23,MG,31,2025,6
2025,RREO,6,B,Governo do Estado de Minas Gerais,31,MG,20732660,RREO-Anexo 03,E,Padrão,<MR-3>,ICMSLiquidoExcetoTransferenciasEFUNDEB,ICMS,7649992210.09,MG,31,2025,6
2025,RREO,6,B,Governo do Estado de Minas Gerais,31,MG,20732660,RREO-Anexo 03,E,Padrão,<MR-2>,ICMSLiquidoExcetoTransferenciasEFUNDEB,ICMS,7476757362.21,MG,31,2025,6
2025,RREO,6,B,Governo do Estado de Minas Gerais,31,MG,20732660,RREO-Anexo 03,E,Padrão,<MR-1>,ICMSLiquidoExcetoTransferenciasEFUNDEB,ICMS,7656333848.85,MG,31,2025,6
2025,RREO,6,B,Governo do Estado de Minas Gerais,31,MG,20732660,RREO-Anexo 03,E,Padrão,<MR>,ICMSLiquidoExcetoTransferenciasEFUNDEB,ICMS,8121824760.05,MG,31,2025,6
2025,RREO,6,B,Governo do Estado de Minas Gerais,31,MG,20732660,RREO-Anexo 03,E,Padrão,TOTAL (ÚLTIMOS 12 MESES),ICMSLiquidoExcetoTransferenciasEFUNDEB,ICMS,87712076044.45,MG,31,2025,6
2025,RREO,6,B,Governo do Estado de Minas Gerais,31,MG,20732660,RREO-Anexo 03,E,Padrão,PREVISÃO ATUALIZADA 2025,ICMSLiquidoExcetoTransferenciasEFUNDEB,ICMS,84679059955.0,MG,31,2025,6
2025,RREO,6,B,Governo do Estado de Minas Gerais,31,MG,20732660,RREO-Anexo 03,E,Padrão,<MR-11>,IPVALiquidoExcetoTransferenciasEFUNDEB,IPVA,2223656163.54,MG,31,2025,6
2025,RREO,6,B,Governo do Estado de Minas Gerais,31,MG,20732660,RREO-Anexo 03,E,Padrão,<MR-10>,IPVALiquidoExcetoTransferenciasEFUNDEB,IPVA,3889136500.32,MG,31,2025,6
2025,RREO,6,B,Governo do Estado de Minas Gerais,31,MG,20732660,RREO-Anexo 03,E,Padrão,<MR-9>,IPVALiquidoExcetoTransferenciasEFUNDEB,IPVA,1933785981.31,MG,31,2025,6
2025,RREO,6,B,Governo do Estado de Minas Gerais,31,MG,20732660,RREO-Anexo 03,E,Padrão,<MR-8>,IPVALiquidoExcetoTransferenciasEFUNDEB,IPVA,1744022404.95,MG,31,2025,6
2025,RREO,6,B,Governo do Estado de Minas Gerais,31,MG,20732660,RREO-Anexo 03,E,Padrão,<MR-7>,IPVALiquidoExcetoTransferenciasEFUNDEB,IPVA,586753605.27,MG,31,2025,6
2025,RREO,6,B,Governo do Estado de Minas Gerais,31,MG,20732660,RREO-Anexo 03,E,Padrão,<MR-6>,IPVALiquidoExcetoTransferenciasEFUNDEB,IPVA,506580925.71,MG,31,2025,6
2025,RREO,6,B,Governo do Estado de Minas Gerais,31,MG,20732660,RREO-Anexo 03,E,Padrão,<MR-5>,IPVALiquidoExcetoTransferenciasEFUNDEB,IPVA,490537684.54,MG,31,2025,6
2025,RREO,6,B,Governo do Estado de Minas Gerais,31,MG,20732660,RREO-Anexo 03,E,Padrão,<MR-4>,IPVALiquidoExcetoTransferenciasEFUNDEB,IPVA,375784228.52,MG,31,2025,6
2025,RREO,6,B,Governo do Estado de Minas Gerais,31,MG,20732660,RREO-Anexo 03,E,Padrão,<MR-3>,IPVALiquidoExcetoTransferenciasEFUNDEB,IPVA,419336417.41,MG,31,2025,6
2025,RREO,6,B,Governo do Estado de Minas Gerais,31,MG,20732660,RREO-Anexo 03,E,Padrão,<MR-2>,IPVALiquidoExcetoTransferenciasEFUNDEB,IPVA,290460052.33,MG,31,2025,6
2025,RREO,6,B,Governo do Estado de Minas Gerais,31,MG,20732660,RREO-Anexo 03,E,Padrão,<MR-1>,IPVALiquidoExcetoTransferenciasEFUNDEB,IPVA,242765273.08,MG,31,2025,6
2025,RREO,6,B,Governo do Estado de Minas Gerais,31,MG,20732660,RREO-Anexo 03,E,Padrão,<MR>,IPVALiquidoExcetoTransferenciasEFUNDEB,IPVA,249483976.55,MG,31,2025,6
2025,RREO,6,B,Governo do Estado de Minas Gerais,31,MG,20732660,RREO-Anexo 03,E,Padrão,TOTAL (ÚLTIMOS 12 MESES),IPVALiquidoExcetoTransferenciasEFUNDEB,IPVA,12952303213.53,MG,31,2025,6
2025,RREO,6,B,Governo do Estado de Minas Gerais,31,MG,20732660,RREO-Anexo 03,E,Padrão,PREVISÃO ATUALIZADA 2025,IPVALiquidoExcetoTransferenciasEFUNDEB,IPVA,12315852681.0,MG,31,2025,6
2025,RREO,6,B,Governo do Estado de Minas Gerais,31,MG,20732660,RREO-Anexo 03,E,Padrão,<MR-11>,ITCDLiquidoExcetoTransferenciasEFUNDEB,ITCD,131511502.37,MG,31,2025,6
2025,RREO,6,B,Governo do Estado de Minas Gerais,31,MG,20732660,RREO-Anexo 03,E,Padrão,<MR-10>,ITCDLiquidoExcetoTransferenciasEFUNDEB,ITCD,131729160.62,MG,31,2025,6
2025,RREO,6,B,Governo do Estado de Minas Gerais,31,MG,20732660,RREO-Anexo 03,E,Padrão,<MR-9>,ITCDLiquidoExcetoTransferenciasEFUNDEB,ITCD,172557079.42,MG,31,2025,6
2025,RREO,6,B,Governo do Estado de Minas Gerais,31,MG,20732660,RREO-Anexo 03,E,Padrão,<MR-8>,ITCDLiquidoExcetoTransferenciasEFUNDEB,ITCD,174315922.76,MG,31,2025,6
2025,RREO,6,B,Governo do Estado de Minas Gerais,31,MG,20732660,RREO-Anexo 03,E,Padrão,<MR-7>,ITCDLiquidoExcetoTransferenciasEFUNDEB,ITCD,161065592.61,MG,31,2025,6
2025,RREO,6,B,Governo do Estado de Minas Gerais,31,MG,20732660,RREO-Anexo 03,E,Padrão,<MR-6>,ITCDLiquidoExcetoTransferenciasEFUNDEB,ITCD,197368074.49,MG,31,2025,6
2025,RREO,6,B,Governo do Estado de Minas Gerais,31,MG,20732660,RREO-Anexo 03,E,Padrão,<MR-5>,ITCDLiquidoExcetoTransferenciasEFUNDEB,ITCD,174418371.1,MG,31,2025,6
2025,RREO,6,B,Governo do Estado de Minas Gerais,31,MG,20732660,RREO-Anexo 03,E,Padrão,<MR-4>,ITCDLiquidoExcetoTransferenciasEFUNDEB,ITCD,158276134.79,MG,31,2025,6
2025,RREO,6,B,Governo do Estado de Minas Gerais,31,MG,20732660,RREO-Anexo 03,E,Padrão,<MR-3>,ITCDLiquidoExcetoTransferenciasEFUNDEB,ITCD,201065289.45,MG,31,2025,6
2025,RREO,6,B,Governo do Estado de Minas Gerais,31,MG,20732660,RREO-Anexo 03,E,Padrão,<MR-2>,ITCDLiquidoExcetoTransferenciasEFUNDEB,ITCD,194735996.35,MG,31,2025,6
2025,RREO,6,B,Governo do Estado de Minas Gerais,31,MG,20732660,RREO-Anexo 03,E,Padrão,<MR-1>,ITCDLiquidoExcetoTransferenciasEFUNDEB,ITCD,179894068.73,MG,31,2025,6
2025,RREO,6,B,Governo do Estado de Minas Gerais,31,MG,20732660,RREO-Anexo 03,E,Padrão,<MR>,ITCDLiquidoExcetoTransferenciasEFUNDEB,ITCD,381979749.96,MG,31,2025,6
2025,RREO,6,B,Governo do Estado de Minas Gerais,31,MG,20732660,RREO-Anexo 03,E,Padrão,TOTAL (ÚLTIMOS 12 MESES),ITCDLiquidoExcetoTransferenciasEFUNDEB,ITCD,2258916942.65,MG,31,2025,6
2025,RREO,6,B,Governo do Estado de Minas Gerais,31,MG,20732660,RREO-Anexo 03,E,Padrão,PREVISÃO ATUALIZADA 2025,ITCDLiquidoExcetoTransferenciasEFUNDEB,ITCD,2112872748.0,MG,31,2025,6
2025,RREO,6,B,Governo do Estado do Espírito Santo,32,ES,3975100,RREO-Anexo 03,E,Padrão,<MR-11>,ICMSLiquidoExcetoTransferenciasEFUNDEB,ICMS,1795965851.7,ES,32,2025,6
2025,RREO,6,B,Governo do Estado do Espírito Santo,32,ES,3975100,RREO-Anexo 03,E,Padrão,<MR-10>,ICMSLiquidoExcetoTransferenciasEFUNDEB,ICMS,1736385415.61,ES,32,2025,6
2025,RREO,6,B,Governo do Estado do Espírito Santo,32,ES,3975100,RREO-Anexo 03,E,Padrão,<MR-9>,ICMSLiquidoExcetoTransferenciasEFUNDEB,ICMS,1691814474.78,ES,32,2025,6
2025,RREO,6,B,Governo do Estado do Espírito Santo,32,ES,3975100,RREO-Anexo 03,E,Padrão,<MR-8>,ICMSLiquidoExcetoTransferenciasEFUNDEB,ICMS,1816296787.78,ES,32,2025,6
2025,RREO,6,B,Governo do Estado do Espírito Santo,32,ES,3975100,RREO-Anexo 03,E,Padrão,<MR-7>,ICMSLiquidoExcetoTransferenciasEFUNDEB,ICMS,1863062656.47,ES,32,2025,6
2025,RREO,6,B,Governo do Estado do Espírito Santo,32,ES,3975100,RREO-Anexo 03,E,Padrão,<MR-6>,ICMSLiquidoExcetoTransferenciasEFUNDEB,ICMS,1968261775.98,ES,32,2025,6
2025,RREO,6,B,Governo do Estado do Espírito Santo,32,ES,3975100,RREO-Anexo 03,E,Padrão,<MR-5>,ICMSLiquidoExcetoTransferenciasEFUNDEB,ICMS,1993441698.61,ES,32,2025,6
2025,RREO,6,B,Governo do Estado do Espírito Santo,32,ES,3975100,RREO-Anexo 03,E,Padrão,<MR-4>,ICMSLiquidoExcetoTransferenciasEFUNDEB,ICMS,1893042737.61,ES,32,2025,6
2025,RREO,6,B,Governo do Estado do Espírito Santo,32,ES,3975100,RREO-Anexo 03,E,Padrão,<MR-3>,ICMSLiquidoExcetoTransferenciasEFUNDEB,ICMS,1823688762.55,ES,32,2025,6
2025,RREO,6,B,Governo do Estado do Espírito Santo,32,ES,3975100,RREO-Anexo 03,E,Padrão,<MR-2>,ICMSLiquidoExcetoTransferenciasEFUNDEB,ICMS,1916827584.14,ES,32,2025,6
2025,RREO,6,B,Governo do Estado do Espírito Santo,32,ES,3975100,RREO-Anexo 03,E,Padrão,<MR-1>,ICMSLiquidoExcetoTransferenciasEFUNDEB,ICMS,1998384940.97,ES,32,2025,6
2025,RREO,6,B,Governo do Estado do Espírito Santo,32,ES,3975100,RREO-Anexo 03,E,Padrão,<MR>,ICMSLiquidoExcetoTransferenciasEFUNDEB,ICMS,2118674030.62,ES,32,2025,6
2025,RREO,6,B,Governo do Estado do Espírito Santo,32,ES,3975100,RREO-Anexo 03,E,Padrão,TOTAL (ÚLTIMOS 12 MESES),ICMSLiquidoExcetoTransferenciasEFUNDEB,ICMS,22615846716.82,ES,32,2025,6
2025,RREO,6,B,Governo do Estado do Espírito Santo,32,ES,3975100,RREO-Anexo 03,E,Padrão,PREVISÃO ATUALIZADA 2025,ICMSLiquidoExcetoTransferenciasEFUNDEB,ICMS,22439799937.0,ES,32,2025,6
2025,RREO,6,B,Governo do Estado do Espírito Santo,32,ES,3975100,RREO-Anexo 03,E,Padrão,<MR-11>,IPVALiquidoExcetoTransferenciasEFUNDEB,IPVA,67893963.58,ES,32,2025,6
2025,RREO,6,B,Governo do Estado do Espírito Santo,32,ES,3975100,RREO-Anexo 03,E,Padrão,<MR-10>,IPVALiquidoExcetoTransferenciasEFUNDEB,IPVA,63920187.69,ES,32,2025,6
2025,RREO,6,B,Governo do Estado do Espírito Santo,32,ES,3975100,RREO-Anexo 03,E,Padrão,<MR-9>,IPVALiquidoExcetoTransferenciasEFUNDEB,IPVA,117411146.8,ES,32,2025,6
2025,RREO,6,B,Governo do Estado do Espírito Santo,32,ES,3975100,RREO-Anexo 03,E,Padrão,<MR-8>,IPVALiquidoExcetoTransferenciasEFUNDEB,IPVA,421225768.58,ES,32,2025,6
2025,RREO,6,B,Governo do Estado do Espírito Santo,32,ES,3975100,RREO-Anexo 03,E,Padrão,<MR-7>,IPVALiquidoExcetoTransferenciasEFUNDEB,IPVA,122565321.82,ES,32,2025,6
2025,RREO,6,B,Governo do Estado do Espírito Santo,32,ES,3975100,RREO-Anexo 03,E,Padrão,<MR-6>,IPVALiquidoExcetoTransferenciasEFUNDEB,IPVA,108588185.21,ES,32,2025,6
2025,RREO,6,B,Governo do Estado do Espírito Santo,32,ES,3975100,RREO-Anexo 03,E,Padrão,<MR-5>,IPVALiquidoExcetoTransferenciasEFUNDEB,IPVA,109749720.72,ES,32,2025,6
2025,RREO,6,B,Governo do Estado do Espírito Santo,32,ES,3975100,RREO-Anexo 03,E,Padrão,<MR-4>,IPVALiquidoExcetoTransferenciasEFUNDEB,IPVA,98388157.99,ES,32,2025,6
2025,RREO,6,B,Governo do Estado do Espírito Santo,32,ES,3975100,RREO-Anexo 03,E,Padrão,<MR-3>,IPVALiquidoExcetoTransferenciasEFUNDEB,IPVA,114860277.52,ES,32,2025,6
2025,RREO,6,B,Governo do Estado do Espírito Santo,32,ES,3975100,RREO-Anexo 03,E,Padrão,<MR-2>,IPVALiquidoExcetoTransferenciasEFUNDEB,IPVA,58460975.91,ES,32,2025,6
2025,RREO,6,B,Governo do Estado do Espírito Santo,32,ES,3975100,RREO-Anexo 03,E,Padrão,<MR-1>,IPVALiquidoExcetoTransferenciasEFUNDEB,IPVA,34885706.7,ES,32,2025,6
2025,RREO,6,B,Governo do Estado do Espírito Santo,32,ES,3975100,RREO-Anexo 03,E,Padrão,<MR>,IPVALiquidoExcetoTransferenciasEFUNDEB,IPVA,36799371.33,ES,32,2025,6
2025,RREO,6,B,Governo do Estado do Espírito Santo,32,ES,3975100,RREO-Anexo 03,E,Padrão,TOTAL (ÚLTIMOS 12 MESES),IPVALiquidoExcetoTransferenciasEFUNDEB,IPVA,1354748783.85,ES,32,2025,6
2025,RREO,6,B,Governo do Estado do Espírito Santo,32,ES,3975100,RREO-Anexo 03,E,Padrão,PREVISÃO ATUALIZADA 2025,IPVALiquidoExcetoTransferenciasEFUNDEB,IPVA,1255572567.9,ES,32,2025,6
2025,RREO,6,B,Governo do Estado do Espírito Santo,32,ES,3975100,RREO-Anexo 03,E,Padrão,<MR-11>,ITCDLiquidoExcetoTransferenciasEFUNDEB,ITCD,21974567.53,ES,32,2025,6
2025,RREO,6,B,Governo do Estado do Espírito Santo,32,ES,3975100,RREO-Anexo 03,E,Padrão,<MR-10>,ITCDLiquidoExcetoTransferenciasEFUNDEB,ITCD,17491030.65,ES,32,2025,6
2025,RREO,6,B,Governo do Estado do Espírito Santo,32,ES,3975100,RREO-Anexo 03,E,Padrão,<MR-9>,ITCDLiquidoExcetoTransferenciasEFUNDEB,ITCD,18135390.45,ES,32,2025,6
2025,RREO,6,B,Governo do Estado do Espírito Santo,32,ES,3975100,RREO-Anexo 03,E,Padrão,<MR-8>,ITCDLiquidoExcetoTransferenciasEFUNDEB,ITCD,10219022.17,ES,32,2025,6
2025,RREO,6,B,Governo do Estado do Espírito Santo,32,ES,3975100,RREO-Anexo 03,E,Padrão,<MR-7>,ITCDLiquidoExcetoTransferenciasEFUNDEB,ITCD,10493857.32,ES,32,2025,6
2025,RREO,6,B,Governo do Estado do Espírito Santo,32,ES,3975100,RREO-Anexo 03,E,Padrão,<MR-6>,ITCDLiquidoExcetoTransferenciasEFUNDEB,ITCD,16793606.97,ES,32,2025,6
2025,RREO,6,B,Governo do Estado do Espírito Santo,32,ES,3975100,RREO-Anexo 03,E,Padrão,<MR-5>,ITCDLiquidoExcetoTransferenciasEFUNDEB,ITCD,15446532.1,ES,32,2025,6
2025,RREO,6,B,Governo do Estado do Espírito Santo,32,ES,3975100,RREO-Anexo 03,E,Padrão,<MR-4>,ITCDLiquidoExcetoTransferenciasEFUNDEB,ITCD,18595031.93,ES,32,2025,6
2025,RREO,6,B,Governo do Estado do Espírito Santo,32,ES,3975100,RREO-Anexo 03,E,Padrão,<MR-3>,ITCDLiquidoExcetoTransferenciasEFUNDEB,ITCD,21437439.62,ES,32,2025,6
2025,RREO,6,B,Governo do Estado do Espírito Santo,32,ES,3975100,RREO-Anexo 03,E,Padrão,<MR-2>,ITCDLiquidoExcetoTransferenciasEFUNDEB,ITCD,25777624.62,ES,32,2025,6
2025,RREO,6,B,Governo do Estado do Espírito Santo,32,ES,3975100,RREO-Anexo 03,E,Padrão,<MR-1>,ITCDLiquidoExcetoTransferenciasEFUNDEB,ITCD,26159820.68,ES,32,2025,6
2025,RREO,6,B,Governo do Estado do Espírito Santo,32,ES,3975100,RREO-Anexo 03,E,Padrão,<MR>,ITCDLiquidoExcetoTransferenciasEFUNDEB,ITCD,36996091.9,ES,32,2025,6
2025,RREO,6,B,Governo do Estado do Espírito Santo,32,ES,3975100,RREO-Anexo 03,E,Padrão,TOTAL (ÚLTIMOS 12 MESES),ITCDLiquidoExcetoTransferenciasEFUNDEB,ITCD,239520015.94,ES,32,2025,6
2025,RREO,6,B,Governo do Estado do Espírito Santo,32,ES,3975100,RREO-Anexo 03,E,Padrão,PREVISÃO ATUALIZADA 2025,ITCDLiquidoExcetoTransferenciasEFUNDEB,ITCD,197631387.0,ES,32,2025,6
2025,RREO,6,B,Governo do Estado do Rio de Janeiro,33,RJ,16615526,RREO-Anexo 03,E,Padrão,<MR-11>,ICMSLiquidoExcetoTransferenciasEFUNDEB,ICMS,5509956845.22,RJ,33,2025,6
2025,RREO,6,B,Governo do Estado do Rio de Janeiro,33,RJ,16615526,RREO-Anexo 03,E,Padrão,<MR-10>,ICMSLiquidoExcetoTransferenciasEFUNDEB,ICMS,4774573226.16,RJ,33,2025,6
2025,RREO,6,B,Governo do Estado do Rio de Janeiro,33,RJ,16615526,RREO-Anexo 03,E,Padrão,<MR-9>,ICMSLiquidoExcetoTransferenciasEFUNDEB,ICMS,4956687412.53,RJ,33,2025,6
2025,RREO,6,B,Governo do Estado do Rio de Janeiro,33,RJ,16615526,RREO-Anexo 03,E,Padrão,<MR-8>,ICMSLiquidoExcetoTransferenciasEFUNDEB,ICMS,5767810651.95,RJ,33,2025,6
2025,RREO,6,B,Governo do Estado do Rio de Janeiro,33,RJ,16615526,RREO-Anexo 03,E,Padrão,<MR-7>,ICMSLiquidoExcetoTransferenciasEFUNDEB,ICMS,5012354341.97,RJ,33,2025,6
2025,RREO,6,B,Governo do Estado do Rio de Janeiro,33,RJ,16615526,RREO-Anexo 03,E,Padrão,<MR-6>,ICMSLiquidoExcetoTransferenciasEFUNDEB,ICMS,5173860958.07,RJ,33,2025,6
2025,RREO,6,B,Governo do Estado do Rio de Janeiro,33,RJ,16615526,RREO-Anexo 03,E,Padrão,<MR-5>,ICMSLiquidoExcetoTransferenciasEFUNDEB,ICMS,4983940327.61,RJ,33,2025,6
2025,RREO,6,B,Governo do Estado do Rio de Janeiro,33,RJ,16615526,RREO-Anexo 03,E,Padrão,<MR-4>,ICMSLiquidoExcetoTransferenciasEFUNDEB,ICMS,4839785733.5,RJ,33,2025,6
2025,RREO,6,B,Governo do Estado do Rio de Janeiro,33,RJ,16615526,RREO-Anexo 03,E,Padrão,<MR-3>,ICMSLiquidoExcetoTransferenciasEFUNDEB,ICMS,5572902477.12,RJ,33,2025,6
2025,RREO,6,B,Governo do Estado do Rio de Janeiro,33,RJ,16615526,RREO-Anexo 03,E,Padrão,<MR-2>,ICMSLiquidoExcetoTransferenciasEFUNDEB,ICMS,5050495198.37,RJ,33,2025,6
2025,RREO,6,B,Governo do Estado do Rio de Janeiro,33,RJ,16615526,RREO-Anexo 03,E,Padrão,<MR-1>,ICMSLiquidoExcetoTransferenciasEFUNDEB,ICMS,5148701434.08,RJ,33,2025,6
2025,RREO,6,B,Governo do Estado do Rio de Janeiro,33,RJ,16615526,RREO-Anexo 03,E,Padrão,<MR>,ICMSLiquidoExcetoTransferenciasEFUNDEB,ICMS,5595438666.25,RJ,33,2025,6
2025,RREO,6,B,Governo do Estado do Rio de Janeiro,33,RJ,16615526,RREO-Anexo 03,E,Padrão,TOTAL (ÚLTIMOS 12 MESES),ICMSLiquidoExcetoTransferenciasEFUNDEB,ICMS,62386507272.83,RJ,33,2025,6
2025,RREO,6,B,Governo do Estado do Rio de Janeiro,33,RJ,16615526,RREO-Anexo 03,E,Padrão,PREVISÃO ATUALIZADA 2025,ICMSLiquidoExcetoTransferenciasEFUNDEB,ICMS,62352305398.93,RJ,33,2025,6
2025,RREO,6,B,Governo do Estado do Rio de Janeiro,33,RJ,16615526,RREO-Anexo 03,E,Padrão,<MR-11>,IPVALiquidoExcetoTransferenciasEFUNDEB,IPVA,1655805068.86,RJ,33,2025,6
2025,RREO,6,B,Governo do Estado do Rio de Janeiro,33,RJ,16615526,RREO-Anexo 03,E,Padrão,<MR-10>,IPVALiquidoExcetoTransferenciasEFUNDEB,IPVA,920521284.27,RJ,33,2025,6
2025,RREO,6,B,Governo do Estado do Rio de Janeiro,33,RJ,16615526,RREO-Anexo 03,E,Padrão,<MR-9>,IPVALiquidoExcetoTransferenciasEFUNDEB,IPVA,736823669.01,RJ,33,2025,6
2025,RREO,6,B,Governo do Estado do Rio de Janeiro,33,RJ,16615526,RREO-Anexo 03,E,Padrão,<MR-8>,IPVALiquidoExcetoTransferenciasEFUNDEB,IPVA,564389967.78,RJ,33,2025,6
2025,RREO,6,B,Governo do Estado do Rio de Janeiro,33,RJ,16615526,RREO-Anexo 03,E,Padrão,<MR-7>,IPVALiquidoExcetoTransferenciasEFUNDEB,IPVA,289017501.51,RJ,33,2025,6
2025,RREO,6,B,Governo do Estado do Rio de Janeiro,33,RJ,16615526,RREO-Anexo 03,E,Padrão,<MR-6>,IPVALiquidoExcetoTransferenciasEFUNDEB,IPVA,229542325.97,RJ,33,2025,6
2025,RREO,6,B,Governo do Estado do Rio de Janeiro,33,RJ,16615526,RREO-Anexo 03,E,Padrão,<MR-5>,IPVALiquidoExcetoTransferenciasEFUNDEB,IPVA,243852552.23,RJ,33,2025,6
2025,RREO,6,B,Governo do Estado do Rio de Janeiro,33,RJ,16615526,RREO-Anexo 03,E,Padrão,<MR-4>,IPVALiquidoExcetoTransferenciasEFUNDEB,IPVA,193585269.55,RJ,33,2025,6
2025,RREO,6,B,Governo do Estado do Rio de Janeiro,33,RJ,16615526,RREO-Anexo 03,E,Padrão,<MR-3>,IPVALiquidoExcetoTransferenciasEFUNDEB,IPVA,190089764.34,RJ,33,2025,6
2025,RREO,6,B,Governo do Estado do Rio de Janeiro,33,RJ,16615526,RREO-Anexo 03,E,Padrão,<MR-2>,IPVALiquidoExcetoTransferenciasEFUNDEB,IPVA,173299652.22,RJ,33,2025,6
2025,RREO,6,B,Governo do Estado do Rio de Janeiro,33,RJ,16615526,RREO-Anexo 03,E,Padrão,<MR-1>,IPVALiquidoExcetoTransferenciasEFUNDEB,IPVA,144822363.26,RJ,33,2025,6
2025,RREO,6,B,Governo do Estado do Rio de Janeiro,33,RJ,16615526,RREO-Anexo 03,E,Padrão,<MR>,IPVALiquidoExcetoTransferenciasEFUNDEB,IPVA,176393461.67,RJ,33,2025,6
2025,RREO,6,B,Governo do Estado do Rio de Janeiro,33,RJ,16615526,RREO-Anexo 03,E,Padrão,TOTAL (ÚLTIMOS 12 MESES),IPVALiquidoExcetoTransferenciasEFUNDEB,IPVA,5518142880.67,RJ,33,2025,6
2025,RREO,6,B,Governo do Estado do Rio de Janeiro,33,RJ,16615526,RREO-Anexo 03,E,Padrão,PREVISÃO ATUALIZADA 2025,IPVALiquidoExcetoTransferenciasEFUNDEB,IPVA,5514259602.44,RJ,33,2025,6
2025,RREO,6,B,Governo do Estado do Rio de Janeiro,33,RJ,16615526,RREO-Anexo 03,E,Padrão,<MR-11>,ITCDLiquidoExcetoTransferenciasEFUNDEB,ITCD,101858441.31,RJ,33,2025,6
2025,RREO,6,B,Governo do Estado do Rio de Janeiro,33,RJ,16615526,RREO-Anexo 03,E,Padrão,<MR-10>,ITCDLiquidoExcetoTransferenciasEFUNDEB,ITCD,125339491.01,RJ,33,2025,6
2025,RREO,6,B,Governo do Estado do Rio de Janeiro,33,RJ,16615526,RREO-Anexo 03,E,Padrão,<MR-9>,ITCDLiquidoExcetoTransferenciasEFUNDEB,ITCD,111511784.14,RJ,33,2025,6
2025,RREO,6,B,Governo do Estado do Rio de Janeiro,33,RJ,16615526,RREO-Anexo 03,E,Padrão,<MR-8>,ITCDLiquidoExcetoTransferenciasEFUNDEB,ITCD,115190536.29,RJ,33,2025,6
2025,RREO,6,B,Governo do Estado do Rio de Janeiro,33,RJ,16615526,RREO-Anexo 03,E,Padrão,<MR-7>,ITCDLiquidoExcetoTransferenciasEFUNDEB,ITCD,160978470.95,RJ,33,2025,6
2025,RREO,6,B,Governo do Estado do Rio de Janeiro,33,RJ,16615526,RREO-Anexo 03,E,Padrão,<MR-6>,ITCDLiquidoExcetoTransferenciasEFUNDEB,ITCD,144851868.15,RJ,33,2025,6
2025,RREO,6,B,Governo do Estado do Rio de Janeiro,33,RJ,16615526,RREO-Anexo 03,E,Padrão,<MR-5>,ITCDLiquidoExcetoTransferenciasEFUNDEB,ITCD,143081309.65,RJ,33,2025,6
2025,RREO,6,B,Governo do Estado do Rio de Janeiro,33,RJ,16615526,RREO-Anexo 03,E,Padrão,<MR-4>,ITCDLiquidoExcetoTransferenciasEFUNDEB,ITCD,139307058.23,RJ,33,2025,6
2025,RREO,6,B,Governo do Estado do Rio de Janeiro,33,RJ,16615526,RREO-Anexo 03,E,Padrão,<MR-3>,ITCDLiquidoExcetoTransferenciasEFUNDEB,ITCD,176104161.73,RJ,33,2025,6
2025,RREO,6,B,Governo do Estado do Rio de Janeiro,33,RJ,16615526,RREO-Anexo 03,E,Padrão,<MR-2>,ITCDLiquidoExcetoTransferenciasEFUNDEB,ITCD,164355337.71,RJ,33,2025,6
2025,RREO,6,B,Governo do Estado do Rio de Janeiro,33,RJ,16615526,RREO-Anexo 03,E,Padrão,<MR-1>,ITCDLiquidoExcetoTransferenciasEFUNDEB,ITCD,160296445.7,RJ,33,2025,6
2025,RREO,6,B,Governo do Estado do Rio de Janeiro,33,RJ,16615526,RREO-Anexo 03,E,Padrão,<MR>,ITCDLiquidoExcetoTransferenciasEFUNDEB,ITCD,333539776.09,RJ,33,2025,6
2025,RREO,6,B,Governo do Estado do Rio de Janeiro,33,RJ,16615526,RREO-Anexo 03,E,Padrão,TOTAL (ÚLTIMOS 12 MESES),ITCDLiquidoExcetoTransferenciasEFUNDEB,ITCD,1876414680.96,RJ,33,2025,6
2025,RREO,6,B,Governo do Estado do Rio de Janeiro,33,RJ,16615526,RREO-Anexo 03,E,Padrão,PREVISÃO ATUALIZADA 2025,ITCDLiquidoExcetoTransferenciasEFUNDEB,ITCD,1789476190.17,RJ,33,2025,6
2025,RREO,6,B,Governo do Estado de São Paulo,35,SP,46024937,RREO-Anexo 03,E,Padrão,<MR-11>,ICMSLiquidoExcetoTransferenciasEFUNDEB,ICMS,19308190021.87,SP,35,2025,6
2025,RREO,6,B,Governo do Estado de São Paulo,35,SP,46024937,RREO-Anexo 03,E,Padrão,<MR-10>,ICMSLiquidoExcetoTransferenciasEFUNDEB,ICMS,19073822950.71,SP,35,2025,6
2025,RREO,6,B,Governo do Estado de São Paulo,35,SP,46024937,RREO-Anexo 03,E,Padrão,<MR-9>,ICMSLiquidoExcetoTransferenciasEFUNDEB,ICMS,17978760493.06,SP,35,2025,6
2025,RREO,6,B,Governo do Estado de São Paulo,35,SP,46024937,RREO-Anexo 03,E,Padrão,<MR-8>,ICMSLiquidoExcetoTransferenciasEFUNDEB,ICMS,19601075429.8,SP,35,2025,6
2025,RREO,6,B,Governo do Estado de São Paulo,35,SP,46024937,RREO-Anexo 03,E,Padrão,<MR-7>,ICMSLiquidoExcetoTransferenciasEFUNDEB,ICMS,18802432038.56,SP,35,2025,6
2025,RREO,6,B,Governo do Estado de São Paulo,35,SP,46024937,RREO-Anexo 03,E,Padrão,<MR-6>,ICMSLiquidoExcetoTransferenciasEFUNDEB,ICMS,19214396670.09,SP,35,2025,6
2025,RREO,6,B,Governo do Estado de São Paulo,35,SP,46024937,RREO-Anexo 03,E,Padrão,<MR-5>,ICMSLiquidoExcetoTransferenciasEFUNDEB,ICMS,19889757064.56,SP,35,2025,6
2025,RREO,6,B,Governo do Estado de São Paulo,35,SP,46024937,RREO-Anexo 03,E,Padrão,<MR-4>,ICMSLiquidoExcetoTransferenciasEFUNDEB,ICMS,19182470965.07,SP,35,2025,6
2025,RREO,6,B,Governo do Estado de São Paulo,35,SP,46024937,RREO-Anexo 03,E,Padrão,<MR-3>,ICMSLiquidoExcetoTransferenciasEFUNDEB,ICMS,20448986306.37,SP,35,2025,6
2025,RREO,6,B,Governo do Estado de São Paulo,35,SP,46024937,RREO-Anexo 03,E,Padrão,<MR-2>,ICMSLiquidoExcetoTransferenciasEFUNDEB,ICMS,21092539182.17,SP,35,2025,6
2025,RREO,6,B,Governo do Estado de São Paulo,35,SP,46024937,RREO-Anexo 03,E,Padrão,<MR-1>,ICMSLiquidoExcetoTransferenciasEFUNDEB,ICMS,21221721838.45,SP,35,2025,6
2025,RREO,6,B,Governo do Estado de São Paulo,35,SP,46024937,RREO-Anexo 03,E,Padrão,<MR>,ICMSLiquidoExcetoTransferenciasEFUNDEB,ICMS,22247072396.31,SP,35,2025,6
2025,RREO,6,B,Governo do Estado de São Paulo,35,SP,46024937,RREO-Anexo 03,E,Padrão,TOTAL (ÚLTIMOS 12 MESES),ICMSLiquidoExcetoTransferenciasEFUNDEB,ICMS,238061225357.02,SP,35,2025,6
2025,RREO,6,B,Governo do Estado de São Paulo,35,SP,46024937,RREO-Anexo 03,E,Padrão,PREVISÃO ATUALIZADA 2025,ICMSLiquidoExcetoTransferenciasEFUNDEB,ICMS,238101850733.24,SP,35,2025,6
2025,RREO,6,B,Governo do Estado de São Paulo,35,SP,46024937,RREO-Anexo 03,E,Padrão,<MR-11>,IPVALiquidoExcetoTransferenciasEFUNDEB,IPVA,11086006005.56,SP,35,2025,6
2025,RREO,6,B,Governo do Estado de São Paulo,35,SP,46024937,RREO-Anexo 03,E,Padrão,<MR-10>,IPVALiquidoExcetoTransferenciasEFUNDEB,IPVA,4530581249.58,SP,35,2025,6
2025,RREO,6,B,Governo do Estado de São Paulo,35,SP,46024937,RREO-Anexo 03,E,Padrão,<MR-9>,IPVALiquidoExcetoTransferenciasEFUNDEB,IPVA,3466366304.79,SP,35,2025,6
2025,RREO,6,B,Governo do Estado de São Paulo,35,SP,46024937,RREO-Anexo 03,E,Padrão,<MR-8>,IPVALiquidoExcetoTransferenciasEFUNDEB,IPVA,3035645805.5,SP,35,2025,6
2025,RREO,6,B,Governo do Estado de São Paulo,35,SP,46024937,RREO-Anexo 03,E,Padrão,<MR-7>,IPVALiquidoExcetoTransferenciasEFUNDEB,IPVA,2718091302.83,SP,35,2025,6
2025,RREO,6,B,Governo do Estado de São Paulo,35,SP,46024937,RREO-Anexo 03,E,Padrão,<MR-6>,IPVALiquidoExcetoTransferenciasEFUNDEB,IPVA,856579497.44,SP,35,2025,6
2025,RREO,6,B,Governo do Estado de São Paulo,35,SP,46024937,RREO-Anexo 03,E,Padrão,<MR-5>,IPVALiquidoExcetoTransferenciasEFUNDEB,IPVA,1087627569.64,SP,35,2025,6
2025,RREO,6,B,Governo do Estado de São Paulo,35,SP,46024937,RREO-Anexo 03,E,Padrão,<MR-4>,IPVALiquidoExcetoTransferenciasEFUNDEB,IPVA,1059562468.22,SP,35,2025,6
2025,RREO,6,B,Governo do Estado de São Paulo,35,SP,46024937,RREO-Anexo 03,E,Padrão,<MR-3>,IPVALiquidoExcetoTransferenciasEFUNDEB,IPVA,1090512270.95,SP,35,2025,6
2025,RREO,6,B,Governo do Estado de São Paulo,35,SP,46024937,RREO-Anexo 03,E,Padrão,<MR-2>,IPVALiquidoExcetoTransferenciasEFUNDEB,IPVA,980867106.63,SP,35,2025,6
2025,RREO,6,B,Governo do Estado de São Paulo,35,SP,46024937,RREO-Anexo 03,E,Padrão,<MR-1>,IPVALiquidoExcetoTransferenciasEFUNDEB,IPVA,727435835.02,SP,35,2025,6
2025,RREO,6,B,Governo do Estado de São Paulo,35,SP,46024937,RREO-Anexo 03,E,Padrão,<MR>,IPVALiquidoExcetoTransferenciasEFUNDEB,IPVA,1237672511.25,SP,35,2025,6
2025,RREO,6,B,Governo do Estado de São Paulo,35,SP,46024937,RREO-Anexo 03,E,Padrão,TOTAL (ÚLTIMOS 12 MESES),IPVALiquidoExcetoTransferenciasEFUNDEB,IPVA,31876947927.41,SP,35,2025,6
2025,RREO,6,B,Governo do Estado de São Paulo,35,SP,46024937,RREO-Anexo 03,E,Padrão,PREVISÃO ATUALIZADA 2025,IPVALiquidoExcetoTransferenciasEFUNDEB,IPVA,31625015170.0,SP,35,2025,6
2025,RREO,6,B,Governo do Estado de São Paulo,35,SP,46024937,RREO-Anexo 03,E,Padrão,<MR-11>,ITCDLiquidoExcetoTransferenciasEFUNDEB,ITCD,309024905.74,SP,35,2025,6
2025,RREO,6,B,Governo do Estado de São Paulo,35,SP,46024937,RREO-Anexo 03,E,Padrão,<MR-10>,ITCDLiquidoExcetoTransferenciasEFUNDEB,ITCD,457216522.31,SP,35,2025,6
2025,RREO,6,B,Governo do Estado de São Paulo,35,SP,46024937,RREO-Anexo 03,E,Padrão,<MR-9>,ITCDLiquidoExcetoTransferenciasEFUNDEB,ITCD,451041444.49,SP,35,2025,6
2025,RREO,6,B,Governo do Estado de São Paulo,35,SP,46024937,RREO-Anexo 03,E,Padrão,<MR-8>,ITCDLiquidoExcetoTransferenciasEFUNDEB,ITCD,410039750.04,SP,35,2025,6
2025,RREO,6,B,Governo do Estado de São Paulo,35,SP,46024937,RREO-Anexo 03,E,Padrão,<MR-7>,ITCDLiquidoExcetoTransferenciasEFUNDEB,ITCD,460911233.59,SP,35,2025,6
2025,RREO,6,B,Governo do Estado de São Paulo,35,SP,46024937,RREO-Anexo 03,E,Padrão,<MR-6>,ITCDLiquidoExcetoTransferenciasEFUNDEB,ITCD,443648179.58,SP,35,2025,6
2025,RREO,6,B,Governo do Estado de São Paulo,35,SP,46024937,RREO-Anexo 03,E,Padrão,<MR-5>,ITCDLiquidoExcetoTransferenciasEFUNDEB,ITCD,471935609.07,SP,35,2025,6
2025,RREO,6,B,Governo do Estado de São Paulo,35,SP,46024937,RREO-Anexo 03,E,Padrão,<MR-4>,ITCDLiquidoExcetoTransferenciasEFUNDEB,ITCD,434402372.05,SP,35,2025,6
2025,RREO,6,B,Governo do Estado de São Paulo,35,SP,46024937,RREO-Anexo 03,E,Padrão,<MR-3>,ITCDLiquidoExcetoTransferenciasEFUNDEB,ITCD,529795552.18,SP,35,2025,6
2025,RREO,6,B,Governo do Estado de São Paulo,35,SP,46024937,RREO-Anexo 03,E,Padrão,<MR-2>,ITCDLiquidoExcetoTransferenciasEFUNDEB,ITCD,643286293.2,SP,35,2025,6
2025,RREO,6,B,Governo do Estado de São Paulo,35,SP,46024937,RREO-Anexo 03,E,Padrão,<MR-1>,ITCDLiquidoExcetoTransferenciasEFUNDEB,ITCD,578899138.79,SP,35,2025,6
2025,RREO,6,B,Governo do Estado de São Paulo,35,SP,46024937,RREO-Anexo 03,E,Padrão,<MR>,ITCDLiquidoExcetoTransferenciasEFUNDEB,ITCD,2166122452.76,SP,35,2025,6
2025,RREO,6,B,Governo do Estado de São Paulo,35,SP,46024937,RREO-Anexo 03,E,Padrão,TOTAL (ÚLTIMOS 12 MESES),ITCDLiquidoExcetoTransferenciasEFUNDEB,ITCD,7356323453.8,SP,35,2025,6
2025,RREO,6,B,Governo do Estado de São Paulo,35,SP,46024937,RREO-Anexo 03,E,Padrão,PREVISÃO ATUALIZADA 2025,ITCDLiquidoExcetoTransferenciasEFUNDEB,ITCD,6720000021.0,SP,35,2025,6
2025,RREO,6,B,Governo do Estado do Paraná,41,PR,11835379,RREO-Anexo 03,E,Padrão,<MR-11>,ICMSLiquidoExcetoTransferenciasEFUNDEB,ICMS,5043297970.83,PR,41,2025,6
2025,RREO,6,B,Governo do Estado do Paraná,41,PR,11835379,RREO-Anexo 03,E,Padrão,<MR-10>,ICMSLiquidoExcetoTransferenciasEFUNDEB,ICMS,4130949874.77,PR,41,2025,6
2025,RREO,6,B,Governo do Estado do Paraná,41,PR,11835379,RREO-Anexo 03,E,Padrão,<MR-9>,ICMSLiquidoExcetoTransferenciasEFUNDEB,ICMS,4244757789.16,PR,41,2025,6
2025,RREO,6,B,Governo do Estado do Paraná,41,PR,11835379,RREO-Anexo 03,E,Padrão,<MR-8>,ICMSLiquidoExcetoTransferenciasEFUNDEB,ICMS,4357823305.84,PR,41,2025,6
2025,RREO,6,B,Governo do Estado do Paraná,41,PR,11835379,RREO-Anexo 03,E,Padrão,<MR-7>,ICMSLiquidoExcetoTransferenciasEFUNDEB,ICMS,3663182118.3,PR,41,2025,6
2025,RREO,6,B,Governo do Estado do Paraná,41,PR,11835379,RREO-Anexo 03,E,Padrão,<MR-6>,ICMSLiquidoExcetoTransferenciasEFUNDEB,ICMS,4587616608.91,PR,41,2025,6
2025,RREO,6,B,Governo do Estado do Paraná,41,PR,11835379,RREO-Anexo 03,E,Padrão,<MR-5>,ICMSLiquidoExcetoTransferenciasEFUNDEB,ICMS,4448056599.13,PR,41,2025,6
2025,RREO,6,B,Governo do Estado do Paraná,41,PR,11835379,RREO-Anexo 03,E,Padrão,<MR-4>,ICMSLiquidoExcetoTransferenciasEFUNDEB,ICMS,4533129981.84,PR,41,2025,6
2025,RREO,6,B,Governo do Estado do Paraná,41,PR,11835379,RREO-Anexo 03,E,Padrão,<MR-3>,ICMSLiquidoExcetoTransferenciasEFUNDEB,ICMS,4322017165.22,PR,41,2025,6
2025,RREO,6,B,Governo do Estado do Paraná,41,PR,11835379,RREO-Anexo 03,E,Padrão,<MR-2>,ICMSLiquidoExcetoTransferenciasEFUNDEB,ICMS,4565709970.75,PR,41,2025,6
2025,RREO,6,B,Governo do Estado do Paraná,41,PR,11835379,RREO-Anexo 03,E,Padrão,<MR-1>,ICMSLiquidoExcetoTransferenciasEFUNDEB,ICMS,4750302770.19,PR,41,2025,6
2025,RREO,6,B,Governo do Estado do Paraná,41,PR,11835379,RREO-Anexo 03,E,Padrão,<MR>,ICMSLiquidoExcetoTransferenciasEFUNDEB,ICMS,4735978439.25,PR,41,2025,6
2025,RREO,6,B,Governo do Estado do Paraná,41,PR,11835379,RREO-Anexo 03,E,Padrão,TOTAL (ÚLTIMOS 12 MESES),ICMSLiquidoExcetoTransferenciasEFUNDEB,ICMS,53382822594.19,PR,41,2025,6
2025,RREO,6,B,Governo do Estado do Paraná,41,PR,11835379,RREO-Anexo 03,E,Padrão,PREVISÃO ATUALIZADA 2025,ICMSLiquidoExcetoTransferenciasEFUNDEB,ICMS,51472352041.0,PR,41,2025,6
2025,RREO,6,B,Governo do Estado do Paraná,41,PR,11835379,RREO-Anexo 03,E,Padrão,<MR-11>,IPVALiquidoExcetoTransferenciasEFUNDEB,IPVA,2674174988.04,PR,41,2025,6
2025,RREO,6,B,Governo do Estado do Paraná,41,PR,11835379,RREO-Anexo 03,E,Padrão,<MR-10>,IPVALiquidoExcetoTransferenciasEFUNDEB,IPVA,846919386.97,PR,41,2025,6
2025,RREO,6,B,Governo do Estado do Paraná,41,PR,11835379,RREO-Anexo 03,E,Padrão,<MR-9>,IPVALiquidoExcetoTransferenciasEFUNDEB,IPVA,838805570.9,PR,41,2025,6
2025,RREO,6,B,Governo do Estado do Paraná,41,PR,11835379,RREO-Anexo 03,E,Padrão,<MR-8>,IPVALiquidoExcetoTransferenciasEFUNDEB,IPVA,760600867.54,PR,41,2025,6
2025,RREO,6,B,Governo do Estado do Paraná,41,PR,11835379,RREO-Anexo 03,E,Padrão,<MR-7>,IPVALiquidoExcetoTransferenciasEFUNDEB,IPVA,717742392.67,PR,41,2025,6
2025,RREO,6,B,Governo do Estado do Paraná,41,PR,11835379,RREO-Anexo 03,E,Padrão,<MR-6>,IPVALiquidoExcetoTransferenciasEFUNDEB,IPVA,299183003.09,PR,41,2025,6
2025,RREO,6,B,Governo do Estado do Paraná,41,PR,11835379,RREO-Anexo 03,E,Padrão,<MR-5>,IPVALiquidoExcetoTransferenciasEFUNDEB,IPVA,249150590.38,PR,41,2025,6
2025,RREO,6,B,Governo do Estado do Paraná,41,PR,11835379,RREO-Anexo 03,E,Padrão,<MR-4>,IPVALiquidoExcetoTransferenciasEFUNDEB,IPVA,219933155.62,PR,41,2025,6
2025,RREO,6,B,Governo do Estado do Paraná,41,PR,11835379,RREO-Anexo 03,E,Padrão,<MR-3>,IPVALiquidoExcetoTransferenciasEFUNDEB,IPVA,211572578.99,PR,41,2025,6
2025,RREO,6,B,Governo do Estado do Paraná,41,PR,11835379,RREO-Anexo 03,E,Padrão,<MR-2>,IPVALiquidoExcetoTransferenciasEFUNDEB,IPVA,196291158.67,PR,41,2025,6
2025,RREO,6,B,Governo do Estado do Paraná,41,PR,11835379,RREO-Anexo 03,E,Padrão,<MR-1>,IPVALiquidoExcetoTransferenciasEFUNDEB,IPVA,155862185.56,PR,41,2025,6
2025,RREO,6,B,Governo do Estado do Paraná,41,PR,11835379,RREO-Anexo 03,E,Padrão,<MR>,IPVALiquidoExcetoTransferenciasEFUNDEB,IPVA,192404734.08,PR,41,2025,6
2025,RREO,6,B,Governo do Estado do Paraná,41,PR,11835379,RREO-Anexo 03,E,Padrão,TOTAL (ÚLTIMOS 12 MESES),IPVALiquidoExcetoTransferenciasEFUNDEB,IPVA,7362640612.51,PR,41,2025,6
2025,RREO,6,B,Governo do Estado do Paraná,41,PR,11835379,RREO-Anexo 03,E,Padrão,PREVISÃO ATUALIZADA 2025,IPVALiquidoExcetoTransferenciasEFUNDEB,IPVA,7152532000.0,PR,41,2025,6
2025,RREO,6,B,Governo do Estado do Paraná,41,PR,11835379,RREO-Anexo 03,E,Padrão,<MR-11>,ITCDLiquidoExcetoTransferenciasEFUNDEB,ITCD,121427003.76,PR,41,2025,6
2025,RREO,6,B,Governo do Estado do Paraná,41,PR,11835379,RREO-Anexo 03,E,Padrão,<MR-10>,ITCDLiquidoExcetoTransferenciasEFUNDEB,ITCD,112072999.36,PR,41,2025,6
2025,RREO,6,B,Governo do Estado do Paraná,41,PR,11835379,RREO-Anexo 03,E,Padrão,<MR-9>,ITCDLiquidoExcetoTransferenciasEFUNDEB,ITCD,108754959.23,PR,41,2025,6
2025,RREO,6,B,Governo do Estado do Paraná,41,PR,11835379,RREO-Anexo 03,E,Padrão,<MR-8>,ITCDLiquidoExcetoTransferenciasEFUNDEB,ITCD,120801622.28,PR,41,2025,6
2025,RREO,6,B,Governo do Estado do Paraná,41,PR,11835379,RREO-Anexo 03,E,Padrão,<MR-7>,ITCDLiquidoExcetoTransferenciasEFUNDEB,ITCD,114129248.07,PR,41,2025,6
2025,RREO,6,B,Governo do Estado do Paraná,41,PR,11835379,RREO-Anexo 03,E,Padrão,<MR-6>,ITCDLiquidoExcetoTransferenciasEFUNDEB,ITCD,118949651.84,PR,41,2025,6
2025,RREO,6,B,Governo do Estado do Paraná,41,PR,11835379,RREO-Anexo 03,E,Padrão,<MR-5>,ITCDLiquidoExcetoTransferenciasEFUNDEB,ITCD,112896321.49,PR,41,2025,6
2025,RREO,6,B,Governo do Estado do Paraná,41,PR,11835379,RREO-Anexo 03,E,Padrão,<MR-4>,ITCDLiquidoExcetoTransferenciasEFUNDEB,ITCD,115295653.87,PR,41,2025,6
2025,RREO,6,B,Governo do Estado do Paraná,41,PR,11835379,RREO-Anexo 03,E,Padrão,<MR-3>,ITCDLiquidoExcetoTransferenciasEFUNDEB,ITCD,125054607.33,PR,41,2025,6
2025,RREO,6,B,Governo do Estado do Paraná,41,PR,11835379,RREO-Anexo 03,E,Padrão,<MR-2>,ITCDLiquidoExcetoTransferenciasEFUNDEB,ITCD,142538920.35,PR,41,2025,6
2025,RREO,6,B,Governo do Estado do Paraná,41,PR,11835379,RREO-Anexo 03,E,Padrão,<MR-1>,ITCDLiquidoExcetoTransferenciasEFUNDEB,ITCD,181124576.59,PR,41,2025,6
2025,RREO,6,B,Governo do Estado do Paraná,41,PR,11835379,RREO-Anexo 03,E,Padrão,<MR>,ITCDLiquidoExcetoTransferenciasEFUNDEB,ITCD,248149254.41,PR,41,2025,6
2025,RREO,6,B,Governo do Estado do Paraná,41,PR,11835379,RREO-Anexo 03,E,Padrão,TOTAL (ÚLTIMOS 12 MESES),ITCDLiquidoExcetoTransferenciasEFUNDEB,ITCD,1621194818.58,PR,41,2025,6
2025,RREO,6,B,Governo do Estado do Paraná,41,PR,11835379,RREO-Anexo 03,E,Padrão,PREVISÃO ATUALIZADA 2025,ITCDLiquidoExcetoTransferenciasEFUNDEB,ITCD,1599201667.0,PR,41,2025,6
2025,RREO,6,B,Governo do Estado de Santa Catarina,42,SC,7762154,RREO-Anexo 03,E,Padrão,<MR-11>,ICMSLiquidoExcetoTransferenciasEFUNDEB,ICMS,3812426234.68,SC,42,2025,6
2025,RREO,6,B,Governo do Estado de Santa Catarina,42,SC,7762154,RREO-Anexo 03,E,Padrão,<MR-10>,ICMSLiquidoExcetoTransferenciasEFUNDEB,ICMS,3757813935.81,SC,42,2025,6
2025,RREO,6,B,Governo do Estado de Santa Catarina,42,SC,7762154,RREO-Anexo 03,E,Padrão,<MR-9>,ICMSLiquidoExcetoTransferenciasEFUNDEB,ICMS,3667278455.14,SC,42,2025,6
2025,RREO,6,B,Governo do Estado de Santa Catarina,42,SC,7762154,RREO-Anexo 03,E,Padrão,<MR-8>,ICMSLiquidoExcetoTransferenciasEFUNDEB,ICMS,3842426959.99,SC,42,2025,6
2025,RREO,6,B,Governo do Estado de Santa Catarina,42,SC,7762154,RREO-Anexo 03,E,Padrão,<MR-7>,ICMSLiquidoExcetoTransferenciasEFUNDEB,ICMS,3698170447.79,SC,42,2025,6
2025,RREO,6,B,Governo do Estado de Santa Catarina,42,SC,7762154,RREO-Anexo 03,E,Padrão,<MR-6>,ICMSLiquidoExcetoTransferenciasEFUNDEB,ICMS,3701356231.07,SC,42,2025,6
2025,RREO,6,B,Governo do Estado de Santa Catarina,42,SC,7762154,RREO-Anexo 03,E,Padrão,<MR-5>,ICMSLiquidoExcetoTransferenciasEFUNDEB,ICMS,3543597374.08,SC,42,2025,6
2025,RREO,6,B,Governo do Estado de Santa Catarina,42,SC,7762154,RREO-Anexo 03,E,Padrão,<MR-4>,ICMSLiquidoExcetoTransferenciasEFUNDEB,ICMS,3718931713.36,SC,42,2025,6
2025,RREO,6,B,Governo do Estado de Santa Catarina,42,SC,7762154,RREO-Anexo 03,E,Padrão,<MR-3>,ICMSLiquidoExcetoTransferenciasEFUNDEB,ICMS,3709014195.61,SC,42,2025,6
2025,RREO,6,B,Governo do Estado de Santa Catarina,42,SC,7762154,RREO-Anexo 03,E,Padrão,<MR-2>,ICMSLiquidoExcetoTransferenciasEFUNDEB,ICMS,3716489123.56,SC,42,2025,6
2025,RREO,6,B,Governo do Estado de Santa Catarina,42,SC,7762154,RREO-Anexo 03,E,Padrão,<MR-1>,ICMSLiquidoExcetoTransferenciasEFUNDEB,ICMS,3982466439.66,SC,42,2025,6
2025,RREO,6,B,Governo do Estado de Santa Catarina,42,SC,7762154,RREO-Anexo 03,E,Padrão,<MR>,ICMSLiquidoExcetoTransferenciasEFUNDEB,ICMS,4011097135.56,SC,42,2025,6
2025,RREO,6,B,Governo do Estado de Santa Catarina,42,SC,7762154,RREO-Anexo 03,E,Padrão,TOTAL (ÚLTIMOS 12 MESES),ICMSLiquidoExcetoTransferenciasEFUNDEB,ICMS,45161068246.31,SC,42,2025,6
2025,RREO,6,B,Governo do Estado de Santa Catarina,42,SC,7762154,RREO-Anexo 03,E,Padrão,PREVISÃO ATUALIZADA 2025,ICMSLiquidoExcetoTransferenciasEFUNDEB,ICMS,43822976786.0,SC,42,2025,6
2025,RREO,6,B,Governo do Estado de Santa Catarina,42,SC,7762154,RREO-Anexo 03,E,Padrão,<MR-11>,IPVALiquidoExcetoTransferenciasEFUNDEB,IPVA,367939064.98,SC,42,2025,6
2025,RREO,6,B,Governo do Estado de Santa Catarina,42,SC,7762154,RREO-Anexo 03,E,Padrão,<MR-10>,IPVALiquidoExcetoTransferenciasEFUNDEB,IPVA,385683274.86,SC,42,2025,6
2025,RREO,6,B,Governo do Estado de Santa Catarina,42,SC,7762154,RREO-Anexo 03,E,Padrão,<MR-9>,IPVALiquidoExcetoTransferenciasEFUNDEB,IPVA,440580704.67,SC,42,2025,6
2025,RREO,6,B,Governo do Estado de Santa Catarina,42,SC,7762154,RREO-Anexo 03,E,Padrão,<MR-8>,IPVALiquidoExcetoTransferenciasEFUNDEB,IPVA,441575325.41,SC,42,2025,6
2025,RREO,6,B,Governo do Estado de Santa Catarina,42,SC,7762154,RREO-Anexo 03,E,Padrão,<MR-7>,IPVALiquidoExcetoTransferenciasEFUNDEB,IPVA,408306469.65,SC,42,2025,6
2025,RREO,6,B,Governo do Estado de Santa Catarina,42,SC,7762154,RREO-Anexo 03,E,Padrão,<MR-6>,IPVALiquidoExcetoTransferenciasEFUNDEB,IPVA,460993754.32,SC,42,2025,6
2025,RREO,6,B,Governo do Estado de Santa Catarina,42,SC,7762154,RREO-Anexo 03,E,Padrão,<MR-5>,IPVALiquidoExcetoTransferenciasEFUNDEB,IPVA,450274200.27,SC,42,2025,6
2025,RREO,6,B,Governo do Estado de Santa Catarina,42,SC,7762154,RREO-Anexo 03,E,Padrão,<MR-4>,IPVALiquidoExcetoTransferenciasEFUNDEB,IPVA,378645833.81,SC,42,2025,6
2025,RREO,6,B,Governo do Estado de Santa Catarina,42,SC,7762154,RREO-Anexo 03,E,Padrão,<MR-3>,IPVALiquidoExcetoTransferenciasEFUNDEB,IPVA,432213539.92,SC,42,2025,6
2025,RREO,6,B,Governo do Estado de Santa Catarina,42,SC,7762154,RREO-Anexo 03,E,Padrão,<MR-2>,IPVALiquidoExcetoTransferenciasEFUNDEB,IPVA,399880087.7,SC,42,2025,6
2025,RREO,6,B,Governo do Estado de Santa Catarina,42,SC,7762154,RREO-Anexo 03,E,Padrão,<MR-1>,IPVALiquidoExcetoTransferenciasEFUNDEB,IPVA,203303794.85,SC,42,2025,6
2025,RREO,6,B,Governo do Estado de Santa Catarina,42,SC,7762154,RREO-Anexo 03,E,Padrão,<MR>,IPVALiquidoExcetoTransferenciasEFUNDEB,IPVA,162836309.95,SC,42,2025,6
2025,RREO,6,B,Governo do Estado de Santa Catarina,42,SC,7762154,RREO-Anexo 03,E,Padrão,TOTAL (ÚLTIMOS 12 MESES),IPVALiquidoExcetoTransferenciasEFUNDEB,IPVA,4532232360.39,SC,42,2025,6
2025,RREO,6,B,Governo do Estado de Santa Catarina,42,SC,7762154,RREO-Anexo 03,E,Padrão,PREVISÃO ATUALIZADA 2025,IPVALiquidoExcetoTransferenciasEFUNDEB,IPVA,4456902242.0,SC,42,2025,6
2025,RREO,6,B,Governo do Estado de Santa Catarina,42,SC,7762154,RREO-Anexo 03,E,Padrão,<MR-11>,ITCDLiquidoExcetoTransferenciasEFUNDEB,ITCD,66146332.62,SC,42,2025,6
2025,RREO,6,B,Governo do Estado de Santa Catarina,42,SC,7762154,RREO-Anexo 03,E,Padrão,<MR-10>,ITCDLiquidoExcetoTransferenciasEFUNDEB,ITCD,65985729.51,SC,42,2025,6
2025,RREO,6,B,Governo do Estado de Santa Catarina,42,SC,7762154,RREO-Anexo 03,E,Padrão,<MR-9>,ITCDLiquidoExcetoTransferenciasEFUNDEB,ITCD,74479224.47,SC,42,2025,6
2025,RREO,6,B,Governo do Estado de Santa Catarina,42,SC,7762154,RREO-Anexo 03,E,Padrão,<MR-8>,ITCDLiquidoExcetoTransferenciasEFUNDEB,ITCD,103759360.49,SC,42,2025,6
2025,RREO,6,B,Governo do Estado de Santa Catarina,42,SC,7762154,RREO-Anexo 03,E,Padrão,<MR-7>,ITCDLiquidoExcetoTransferenciasEFUNDEB,ITCD,77022814.59,SC,42,2025,6
2025,RREO,6,B,Governo do Estado de Santa Catarina,42,SC,7762154,RREO-Anexo 03,E,Padrão,<MR-6>,ITCDLiquidoExcetoTransferenciasEFUNDEB,ITCD,69191487.47,SC,42,2025,6
2025,RREO,6,B,Governo do Estado de Santa Catarina,42,SC,7762154,RREO-Anexo 03,E,Padrão,<MR-5>,ITCDLiquidoExcetoTransferenciasEFUNDEB,ITCD,74917673.71,SC,42,2025,6
2025,RREO,6,B,Governo do Estado de Santa Catarina,42,SC,7762154,RREO-Anexo 03,E,Padrão,<MR-4>,ITCDLiquidoExcetoTransferenciasEFUNDEB,ITCD,85269056.74,SC,42,2025,6
2025,RREO,6,B,Governo do Estado de Santa Catarina,42,SC,7762154,RREO-Anexo 03,E,Padrão,<MR-3>,ITCDLiquidoExcetoTransferenciasEFUNDEB,ITCD,114444000.32,SC,42,2025,6
2025,RREO,6,B,Governo do Estado de Santa Catarina,42,SC,7762154,RREO-Anexo 03,E,Padrão,<MR-2>,ITCDLiquidoExcetoTransferenciasEFUNDEB,ITCD,89117687.79,SC,42,2025,6
2025,RREO,6,B,Governo do Estado de Santa Catarina,42,SC,7762154,RREO-Anexo 03,E,Padrão,<MR-1>,ITCDLiquidoExcetoTransferenciasEFUNDEB,ITCD,105844702.98,SC,42,2025,6
2025,RREO,6,B,Governo do Estado de Santa Catarina,42,SC,7762154,RREO-Anexo 03,E,Padrão,<MR>,ITCDLiquidoExcetoTransferenciasEFUNDEB,ITCD,157862898.12,SC,42,2025,6
2025,RREO,6,B,Governo do Estado de Santa Catarina,42,SC,7762154,RREO-Anexo 03,E,Padrão,TOTAL (ÚLTIMOS 12 MESES),ITCDLiquidoExcetoTransferenciasEFUNDEB,ITCD,1084040968.81,SC,42,2025,6
2025,RREO,6,B,Governo do Estado de Santa Catarina,42,SC,7762154,RREO-Anexo 03,E,Padrão,PREVISÃO ATUALIZADA 2025,ITCDLiquidoExcetoTransferenciasEFUNDEB,ITCD,1107699176.0,SC,42,2025,6
2025,RREO,6,B,Governo do Estado do Rio Grande do Sul,43,RS,11088065,RREO-Anexo 03,E,Padrão,<MR-11>,ICMSLiquidoExcetoTransferenciasEFUNDEB,ICMS,4501573379.8,RS,43,2025,6
2025,RREO,6,B,Governo do Estado do Rio Grande do Sul,43,RS,11088065,RREO-Anexo 03,E,Padrão,<MR-10>,ICMSLiquidoExcetoTransferenciasEFUNDEB,ICMS,4115928982.22,RS,43,2025,6
2025,RREO,6,B,Governo do Estado do Rio Grande do Sul,43,RS,11088065,RREO-Anexo 03,E,Padrão,<MR-9>,ICMSLiquidoExcetoTransferenciasEFUNDEB,ICMS,4196012409.94,RS,43,2025,6
2025,RREO,6,B,Governo do Estado do Rio Grande do Sul,43,RS,11088065,RREO-Anexo 03,E,Padrão,<MR-8>,ICMSLiquidoExcetoTransferenciasEFUNDEB,ICMS,5490997687.69,RS,43,2025,6
2025,RREO,6,B,Governo do Estado do Rio Grande do Sul,43,RS,11088065,RREO-Anexo 03,E,Padrão,<MR-7>,ICMSLiquidoExcetoTransferenciasEFUNDEB,ICMS,4285053469.47,RS,43,2025,6
2025,RREO,6,B,Governo do Estado do Rio Grande do Sul,43,RS,11088065,RREO-Anexo 03,E,Padrão,<MR-6>,ICMSLiquidoExcetoTransferenciasEFUNDEB,ICMS,4313569605.52,RS,43,2025,6
2025,RREO,6,B,Governo do Estado do Rio Grande do Sul,43,RS,11088065,RREO-Anexo 03,E,Padrão,<MR-5>,ICMSLiquidoExcetoTransferenciasEFUNDEB,ICMS,4059317582.3,RS,43,2025,6
2025,RREO,6,B,Governo do Estado do Rio Grande do Sul,43,RS,11088065,RREO-Anexo 03,E,Padrão,<MR-4>,ICMSLiquidoExcetoTransferenciasEFUNDEB,ICMS,4427903734.16,RS,43,2025,6
2025,RREO,6,B,Governo do Estado do Rio Grande do Sul,43,RS,11088065,RREO-Anexo 03,E,Padrão,<MR-3>,ICMSLiquidoExcetoTransferenciasEFUNDEB,ICMS,4329898539.86,RS,43,2025,6
2025,RREO,6,B,Governo do Estado do Rio Grande do Sul,43,RS,11088065,RREO-Anexo 03,E,Padrão,<MR-2>,ICMSLiquidoExcetoTransferenciasEFUNDEB,ICMS,4321961572.07,RS,43,2025,6
2025,RREO,6,B,Governo do Estado do Rio Grande do Sul,43,RS,11088065,RREO-Anexo 03,E,Padrão,<MR-1>,ICMSLiquidoExcetoTransferenciasEFUNDEB,ICMS,4701582902.21,RS,43,2025,6
2025,RREO,6,B,Governo do Estado do Rio Grande do Sul,43,RS,11088065,RREO-Anexo 03,E,Padrão,<MR>,ICMSLiquidoExcetoTransferenciasEFUNDEB,ICMS,4952598989.78,RS,43,2025,6
2025,RREO,6,B,Governo do Estado do Rio Grande do Sul,43,RS,11088065,RREO-Anexo 03,E,Padrão,TOTAL (ÚLTIMOS 12 MESES),ICMSLiquidoExcetoTransferenciasEFUNDEB,ICMS,53696398855.02,RS,43,2025,6
2025,RREO,6,B,Governo do Estado do Rio Grande do Sul,43,RS,11088065,RREO-Anexo 03,E,Padrão,PREVISÃO ATUALIZADA 2025,ICMSLiquidoExcetoTransferenciasEFUNDEB,ICMS,53179999971.38,RS,43,2025,6
2025,RREO,6,B,Governo do Estado do Rio Grande do Sul,43,RS,11088065,RREO-Anexo 03,E,Padrão,<MR-11>,IPVALiquidoExcetoTransferenciasEFUNDEB,IPVA,629737058.61,RS,43,2025,6
2025,RREO,6,B,Governo do Estado do Rio Grande do Sul,43,RS,11088065,RREO-Anexo 03,E,Padrão,<MR-10>,IPVALiquidoExcetoTransferenciasEFUNDEB,IPVA,388436460.33,RS,43,2025,6
2025,RREO,6,B,Governo do Estado do Rio Grande do Sul,43,RS,11088065,RREO-Anexo 03,E,Padrão,<MR-9>,IPVALiquidoExcetoTransferenciasEFUNDEB,IPVA,487497611.24,RS,43,2025,6
2025,RREO,6,B,Governo do Estado do Rio Grande do Sul,43,RS,11088065,RREO-Anexo 03,E,Padrão,<MR-8>,IPVALiquidoExcetoTransferenciasEFUNDEB,IPVA,1005902550.67,RS,43,2025,6
2025,RREO,6,B,Governo do Estado do Rio Grande do Sul,43,RS,11088065,RREO-Anexo 03,E,Padrão,<MR-7>,IPVALiquidoExcetoTransferenciasEFUNDEB,IPVA,539323183.26,RS,43,2025,6
2025,RREO,6,B,Governo do Estado do Rio Grande do Sul,43,RS,11088065,RREO-Anexo 03,E,Padrão,<MR-6>,IPVALiquidoExcetoTransferenciasEFUNDEB,IPVA,285828188.87,RS,43,2025,6
2025,RREO,6,B,Governo do Estado do Rio Grande do Sul,43,RS,11088065,RREO-Anexo 03,E,Padrão,<MR-5>,IPVALiquidoExcetoTransferenciasEFUNDEB,IPVA,234747514.6,RS,43,2025,6
2025,RREO,6,B,Governo do Estado do Rio Grande do Sul,43,RS,11088065,RREO-Anexo 03,E,Padrão,<MR-4>,IPVALiquidoExcetoTransferenciasEFUNDEB,IPVA,159581615.13,RS,43,2025,6
2025,RREO,6,B,Governo do Estado do Rio Grande do Sul,43,RS,11088065,RREO-Anexo 03,E,Padrão,<MR-3>,IPVALiquidoExcetoTransferenciasEFUNDEB,IPVA,101566203.5,RS,43,2025,6
2025,RREO,6,B,Governo do Estado do Rio Grande do Sul,43,RS,11088065,RREO-Anexo 03,E,Padrão,<MR-2>,IPVALiquidoExcetoTransferenciasEFUNDEB,IPVA,64201796.4,RS,43,2025,6
2025,RREO,6,B,Governo do Estado do Rio Grande do Sul,43,RS,11088065,RREO-Anexo 03,E,Padrão,<MR-1>,IPVALiquidoExcetoTransferenciasEFUNDEB,IPVA,40606359.11,RS,43,2025,6
2025,RREO,6,B,Governo do Estado do Rio Grande do Sul,43,RS,11088065,RREO-Anexo 03,E,Padrão,<MR>,IPVALiquidoExcetoTransferenciasEFUNDEB,IPVA,1968143614.41,RS,43,2025,6
2025,RREO,6,B,Governo do Estado do Rio Grande do Sul,43,RS,11088065,RREO-Anexo 03,E,Padrão,TOTAL (ÚLTIMOS 12 MESES),IPVALiquidoExcetoTransferenciasEFUNDEB,IPVA,5905572156.13,RS,43,2025,6
2025,RREO,6,B,Governo do Estado do Rio Grande do Sul,43,RS,11088065,RREO-Anexo 03,E,Padrão,PREVISÃO ATUALIZADA 2025,IPVALiquidoExcetoTransferenciasEFUNDEB,IPVA,5417461738.0,RS,43,2025,6
2025,RREO,6,B,Governo do Estado do Rio Grande do Sul,43,RS,11088065,RREO-Anexo 03,E,Padrão,<MR-11>,ITCDLiquidoExcetoTransferenciasEFUNDEB,ITCD,110776195.35,RS,43,2025,6
2025,RREO,6,B,Governo do Estado do Rio Grande do Sul,43,RS,11088065,RREO-Anexo 03,E,Padrão,<MR-10>,ITCDLiquidoExcetoTransferenciasEFUNDEB,ITCD,81980872.08,RS,43,2025,6
2025,RREO,6,B,Governo do Estado do Rio Grande do Sul,43,RS,11088065,RREO-Anexo 03,E,Padrão,<MR-9>,ITCDLiquidoExcetoTransferenciasEFUNDEB,ITCD,100424505.13,RS,43,2025,6
2025,RREO,6,B,Governo do Estado do Rio Grande do Sul,43,RS,11088065,RREO-Anexo 03,E,Padrão,<MR-8>,ITCDLiquidoExcetoTransferenciasEFUNDEB,ITCD,103087974.43,RS,43,2025,6
2025,RREO,6,B,Governo do Estado do Rio Grande do Sul,43,RS,11088065,RREO-Anexo 03,E,Padrão,<MR-7>,ITCDLiquidoExcetoTransferenciasEFUNDEB,ITCD,105969053.54,RS,43,2025,6
2025,RREO,6,B,Governo do Estado do Rio Grande do Sul,43,RS,11088065,RREO-Anexo 03,E,Padrão,<MR-6>,ITCDLiquidoExcetoTransferenciasEFUNDEB,ITCD,106035573.09,RS,43,2025,6
2025,RREO,6,B,Governo do Estado do Rio Grande do Sul,43,RS,11088065,RREO-Anexo 03,E,Padrão,<MR-5>,ITCDLiquidoExcetoTransferenciasEFUNDEB,ITCD,170665307.98,RS,43,2025,6
2025,RREO,6,B,Governo do Estado do Rio Grande do Sul,43,RS,11088065,RREO-Anexo 03,E,Padrão,<MR-4>,ITCDLiquidoExcetoTransferenciasEFUNDEB,ITCD,131394213.5,RS,43,2025,6
2025,RREO,6,B,Governo do Estado do Rio Grande do Sul,43,RS,11088065,RREO-Anexo 03,E,Padrão,<MR-3>,ITCDLiquidoExcetoTransferenciasEFUNDEB,ITCD,131341841.29,RS,43,2025,6
2025,RREO,6,B,Governo do Estado do Rio Grande do Sul,43,RS,11088065,RREO-Anexo 03,E,Padrão,<MR-2>,ITCDLiquidoExcetoTransferenciasEFUNDEB,ITCD,144145668.18,RS,43,2025,6
2025,RREO,6,B,Governo do Estado do Rio Grande do Sul,43,RS,11088065,RREO-Anexo 03,E,Padrão,<MR-1>,ITCDLiquidoExcetoTransferenciasEFUNDEB,ITCD,160292719.99,RS,43,2025,6
2025,RREO,6,B,Governo do Estado do Rio Grande do Sul,43,RS,11088065,RREO-Anexo 03,E,Padrão,<MR>,ITCDLiquidoExcetoTransferenciasEFUNDEB,ITCD,430461122.06,RS,43,2025,6
2025,RREO,6,B,Governo do Estado do Rio Grande do Sul,43,RS,11088065,RREO-Anexo 03,E,Padrão,TOTAL (ÚLTIMOS 12 MESES),ITCDLiquidoExcetoTransferenciasEFUNDEB,ITCD,1776575046.62,RS,43,2025,6
2025,RREO,6,B,Governo do Estado do Rio Grande do Sul,43,RS,11088065,RREO-Anexo 03,E,Padrão,PREVISÃO ATUALIZADA 2025,ITCDLiquidoExcetoTransferenciasEFUNDEB,ITCD,1162219407.0,RS,43,2025,6
2025,RREO,6,B,Governo do Estado do Mato Grosso do Sul,50,MS,2833742,RREO-Anexo 03,E,Padrão,<MR-11>,ICMSLiquidoExcetoTransferenciasEFUNDEB,ICMS,1446189579.87,MS,50,2025,6
2025,RREO,6,B,Governo do Estado do Mato Grosso do Sul,50,MS,2833742,RREO-Anexo 03,E,Padrão,<MR-10>,ICMSLiquidoExcetoTransferenciasEFUNDEB,ICMS,1392095358.92,MS,50,2025,6
2025,RREO,6,B,Governo do Estado do Mato Grosso do Sul,50,MS,2833742,RREO-Anexo 03,E,Padrão,<MR-9>,ICMSLiquidoExcetoTransferenciasEFUNDEB,ICMS,1421636776.69,MS,50,2025,6
2025,RREO,6,B,Governo do Estado do Mato Grosso do Sul,50,MS,2833742,RREO-Anexo 03,E,Padrão,<MR-8>,ICMSLiquidoExcetoTransferenciasEFUNDEB,ICMS,1500500634.12,MS,50,2025,6
2025,RREO,6,B,Governo do Estado do Mato Grosso do Sul,50,MS,2833742,RREO-Anexo 03,E,Padrão,<MR-7>,ICMSLiquidoExcetoTransferenciasEFUNDEB,ICMS,1351586894.76,MS,50,2025,6
2025,RREO,6,B,Governo do Estado do Mato Grosso do Sul,50,MS,2833742,RREO-Anexo 03,E,Padrão,<MR-6>,ICMSLiquidoExcetoTransferenciasEFUNDEB,ICMS,1431901221.58,MS,50,2025,6
2025,RREO,6,B,Governo do Estado do Mato Grosso do Sul,50,MS,2833742,RREO-Anexo 03,E,Padrão,<MR-5>,ICMSLiquidoExcetoTransferenciasEFUNDEB,ICMS,1439809444.85,MS,50,2025,6
2025,RREO,6,B,Governo do Estado do Mato Grosso do Sul,50,MS,2833742,RREO-Anexo 03,E,Padrão,<MR-4>,ICMSLiquidoExcetoTransferenciasEFUNDEB,ICMS,1562046197.17,MS,50,2025,6
2025,RREO,6,B,Governo do Estado do Mato Grosso do Sul,50,MS,2833742,RREO-Anexo 03,E,Padrão,<MR-3>,ICMSLiquidoExcetoTransferenciasEFUNDEB,ICMS,1514670005.39,MS,50,2025,6
2025,RREO,6,B,Governo do Estado do Mato Grosso do Sul,50,MS,2833742,RREO-Anexo 03,E,Padrão,<MR-2>,ICMSLiquidoExcetoTransferenciasEFUNDEB,ICMS,1466601268.56,MS,50,2025,6
2025,RREO,6,B,Governo do Estado do Mato Grosso do Sul,50,MS,2833742,RREO-Anexo 03,E,Padrão,<MR-1>,ICMSLiquidoExcetoTransferenciasEFUNDEB,ICMS,1546347903.95,MS,50,2025,6
2025,RREO,6,B,Governo do Estado do Mato Grosso do Sul,50,MS,2833742,RREO-Anexo 03,E,Padrão,<MR>,ICMSLiquidoExcetoTransferenciasEFUNDEB,ICMS,1548249324.99,MS,50,2025,6
2025,RREO,6,B,Governo do Estado do Mato Grosso do Sul,50,MS,2833742,RREO-Anexo 03,E,Padrão,TOTAL (ÚLTIMOS 12 MESES),ICMSLiquidoExcetoTransferenciasEFUNDEB,ICMS,17621634610.85,MS,50,2025,6
2025,RREO,6,B,Governo do Estado do Mato Grosso do Sul,50,MS,2833742,RREO-Anexo 03,E,Padrão,PREVISÃO ATUALIZADA 2025,ICMSLiquidoExcetoTransferenciasEFUNDEB,ICMS,19209899551.54,MS,50,2025,6
2025,RREO,6,B,Governo do Estado do Mato Grosso do Sul,50,MS,2833742,RREO-Anexo 03,E,Padrão,<MR-11>,IPVALiquidoExcetoTransferenciasEFUNDEB,IPVA,584445560.79,MS,50,2025,6
2025,RREO,6,B,Governo do Estado do Mato Grosso do Sul,50,MS,2833742,RREO-Anexo 03,E,Padrão,<MR-10>,IPVALiquidoExcetoTransferenciasEFUNDEB,IPVA,87622206.86,MS,50,2025,6
2025,RREO,6,B,Governo do Estado do Mato Grosso do Sul,50,MS,2833742,RREO-Anexo 03,E,Padrão,<MR-9>,IPVALiquidoExcetoTransferenciasEFUNDEB,IPVA,85897201.43,MS,50,2025,6
2025,RREO,6,B,Governo do Estado do Mato Grosso do Sul,50,MS,2833742,RREO-Anexo 03,E,Padrão,<MR-8>,IPVALiquidoExcetoTransferenciasEFUNDEB,IPVA,79112370.97,MS,50,2025,6
2025,RREO,6,B,Governo do Estado do Mato Grosso do Sul,50,MS,2833742,RREO-Anexo 03,E,Padrão,<MR-7>,IPVALiquidoExcetoTransferenciasEFUNDEB,IPVA,79300500.22,MS,50,2025,6
2025,RREO,6,B,Governo do Estado do Mato Grosso do Sul,50,MS,2833742,RREO-Anexo 03,E,Padrão,<MR-6>,IPVALiquidoExcetoTransferenciasEFUNDEB,IPVA,44567854.22,MS,50,2025,6
2025,RREO,6,B,Governo do Estado do Mato Grosso do Sul,50,MS,2833742,RREO-Anexo 03,E,Padrão,<MR-5>,IPVALiquidoExcetoTransferenciasEFUNDEB,IPVA,44581594.17,MS,50,2025,6
2025,RREO,6,B,Governo do Estado do Mato Grosso do Sul,50,MS,2833742,RREO-Anexo 03,E,Padrão,<MR-4>,IPVALiquidoExcetoTransferenciasEFUNDEB,IPVA,33391248.18,MS,50,2025,6
2025,RREO,6,B,Governo do Estado do Mato Grosso do Sul,50,MS,2833742,RREO-Anexo 03,E,Padrão,<MR-3>,IPVALiquidoExcetoTransferenciasEFUNDEB,IPVA,33023469.86,MS,50,2025,6
2025,RREO,6,B,Governo do Estado do Mato Grosso do Sul,50,MS,2833742,RREO-Anexo 03,E,Padrão,<MR-2>,IPVALiquidoExcetoTransferenciasEFUNDEB,IPVA,28660142.56,MS,50,2025,6
2025,RREO,6,B,Governo do Estado do Mato Grosso do Sul,50,MS,2833742,RREO-Anexo 03,E,Padrão,<MR-1>,IPVALiquidoExcetoTransferenciasEFUNDEB,IPVA,21242829.8,MS,50,2025,6
2025,RREO,6,B,Governo do Estado do Mato Grosso do Sul,50,MS,2833742,RREO-Anexo 03,E,Padrão,<MR>,IPVALiquidoExcetoTransferenciasEFUNDEB,IPVA,157639769.87,MS,50,2025,6
2025,RREO,6,B,Governo do Estado do Mato Grosso do Sul,50,MS,2833742,RREO-Anexo 03,E,Padrão,TOTAL (ÚLTIMOS 12 MESES),IPVALiquidoExcetoTransferenciasEFUNDEB,IPVA,1279484748.93,MS,50,2025,6
2025,RREO,6,B,Governo do Estado do Mato Grosso do Sul,50,MS,2833742,RREO-Anexo 03,E,Padrão,PREVISÃO ATUALIZADA 2025,IPVALiquidoExcetoTransferenciasEFUNDEB,IPVA,1197872600.0,MS,50,2025,6
2025,RREO,6,B,Governo do Estado do Mato Grosso do Sul,50,MS,2833742,RREO-Anexo 03,E,Padrão,<MR-11>,ITCDLiquidoExcetoTransferenciasEFUNDEB,ITCD,36609653.8,MS,50,2025,6
2025,RREO,6,B,Governo do Estado do Mato Grosso do Sul,50,MS,2833742,RREO-Anexo 03,E,Padrão,<MR-10>,ITCDLiquidoExcetoTransferenciasEFUNDEB,ITCD,40644144.0,MS,50,2025,6
2025,RREO,6,B,Governo do Estado do Mato Grosso do Sul,50,MS,2833742,RREO-Anexo 03,E,Padrão,<MR-9>,ITCDLiquidoExcetoTransferenciasEFUNDEB,ITCD,41719554.23,MS,50,2025,6
2025,RREO,6,B,Governo do Estado do Mato Grosso do Sul,50,MS,2833742,RREO-Anexo 03,E,Padrão,<MR-8>,ITCDLiquidoExcetoTransferenciasEFUNDEB,ITCD,33976008.51,MS,50,2025,6
2025,RREO,6,B,Governo do Estado do Mato Grosso do Sul,50,MS,2833742,RREO-Anexo 03,E,Padrão,<MR-7>,ITCDLiquidoExcetoTransferenciasEFUNDEB,ITCD,34213684.81,MS,50,2025,6
2025,RREO,6,B,Governo do Estado do Mato Grosso do Sul,50,MS,2833742,RREO-Anexo 03,E,Padrão,<MR-6>,ITCDLiquidoExcetoTransferenciasEFUNDEB,ITCD,38721906.77,MS,50,2025,6
2025,RREO,6,B,Governo do Estado do Mato Grosso do Sul,50,MS,2833742,RREO-Anexo 03,E,Padrão,<MR-5>,ITCDLiquidoExcetoTransferenciasEFUNDEB,ITCD,36582464.77,MS,50,2025,6
2025,RREO,6,B,Governo do Estado do Mato Grosso do Sul,50,MS,2833742,RREO-Anexo 03,E,Padrão,<MR-4>,ITCDLiquidoExcetoTransferenciasEFUNDEB,ITCD,38000985.66,MS,50,2025,6
2025,RREO,6,B,Governo do Estado do Mato Grosso do Sul,50,MS,2833742,RREO-Anexo 03,E,Padrão,<MR-3>,ITCDLiquidoExcetoTransferenciasEFUNDEB,ITCD,46343166.13,MS,50,2025,6
2025,RREO,6,B,Governo do Estado do Mato Grosso do Sul,50,MS,2833742,RREO-Anexo 03,E,Padrão,<MR-2>,ITCDLiquidoExcetoTransferenciasEFUNDEB,ITCD,52130132.83,MS,50,2025,6
2025,RREO,6,B,Governo do Estado do Mato Grosso do Sul,50,MS,2833742,RREO-Anexo 03,E,Padrão,<MR-1>,ITCDLiquidoExcetoTransferenciasEFUNDEB,ITCD,92417946.23,MS,50,2025,6
2025,RREO,6,B,Governo do Estado do Mato Grosso do Sul,50,MS,2833742,RREO-Anexo 03,E,Padrão,<MR>,ITCDLiquidoExcetoTransferenciasEFUNDEB,ITCD,271027084.51,MS,50,2025,6
2025,RREO,6,B,Governo do Estado do Mato Grosso do Sul,50,MS,2833742,RREO-Anexo 03,E,Padrão,TOTAL (ÚLTIMOS 12 MESES),ITCDLiquidoExcetoTransferenciasEFUNDEB,ITCD,762386732.25,MS,50,2025,6
2025,RREO,6,B,Governo do Estado do Mato Grosso do Sul,50,MS,2833742,RREO-Anexo 03,E,Padrão,PREVISÃO ATUALIZADA 2025,ITCDLiquidoExcetoTransferenciasEFUNDEB,ITCD,479392100.0,MS,50,2025,6
2025,RREO,6,B,Governo do Estado do Mato Grosso,51,MT,3784239,RREO-Anexo 03,E,Padrão,<MR-11>,ICMSLiquidoExcetoTransferenciasEFUNDEB,ICMS,2025682956.74,MT,51,2025,6
2025,RREO,6,B,Governo do Estado do Mato Grosso,51,MT,3784239,RREO-Anexo 03,E,Padrão,<MR-10>,ICMSLiquidoExcetoTransferenciasEFUNDEB,ICMS,1938628020.82,MT,51,2025,6
2025,RREO,6,B,Governo do Estado do Mato Grosso,51,MT,3784239,RREO-Anexo 03,E,Padrão,<MR-9>,ICMSLiquidoExcetoTransferenciasEFUNDEB,ICMS,2039059923.46,MT,51,2025,6
2025,RREO,6,B,Governo do Estado do Mato Grosso,51,MT,3784239,RREO-Anexo 03,E,Padrão,<MR-8>,ICMSLiquidoExcetoTransferenciasEFUNDEB,ICMS,2039204468.88,MT,51,2025,6
2025,RREO,6,B,Governo do Estado do Mato Grosso,51,MT,3784239,RREO-Anexo 03,E,Padrão,<MR-7>,ICMSLiquidoExcetoTransferenciasEFUNDEB,ICMS,1977663737.04,MT,51,2025,6
2025,RREO,6,B,Governo do Estado do Mato Grosso,51,MT,3784239,RREO-Anexo 03,E,Padrão,<MR-6>,ICMSLiquidoExcetoTransferenciasEFUNDEB,ICMS,2094023948.2,MT,51,2025,6
2025,RREO,6,B,Governo do Estado do Mato Grosso,51,MT,3784239,RREO-Anexo 03,E,Padrão,<MR-5>,ICMSLiquidoExcetoTransferenciasEFUNDEB,ICMS,2205792680.91,MT,51,2025,6
2025,RREO,6,B,Governo do Estado do Mato Grosso,51,MT,3784239,RREO-Anexo 03,E,Padrão,<MR-4>,ICMSLiquidoExcetoTransferenciasEFUNDEB,ICMS,2216600467.54,MT,51,2025,6
2025,RREO,6,B,Governo do Estado do Mato Grosso,51,MT,3784239,RREO-Anexo 03,E,Padrão,<MR-3>,ICMSLiquidoExcetoTransferenciasEFUNDEB,ICMS,2332296594.38,MT,51,2025,6
2025,RREO,6,B,Governo do Estado do Mato Grosso,51,MT,3784239,RREO-Anexo 03,E,Padrão,<MR-2>,ICMSLiquidoExcetoTransferenciasEFUNDEB,ICMS,2425728436.68,MT,51,2025,6
2025,RREO,6,B,Governo do Estado do Mato Grosso,51,MT,3784239,RREO-Anexo 03,E,Padrão,<MR-1>,ICMSLiquidoExcetoTransferenciasEFUNDEB,ICMS,2347702999.22,MT,51,2025,6
2025,RREO,6,B,Governo do Estado do Mato Grosso,51,MT,3784239,RREO-Anexo 03,E,Padrão,<MR>,ICMSLiquidoExcetoTransferenciasEFUNDEB,ICMS,2388044788.4,MT,51,2025,6
2025,RREO,6,B,Governo do Estado do Mato Grosso,51,MT,3784239,RREO-Anexo 03,E,Padrão,TOTAL (ÚLTIMOS 12 MESES),ICMSLiquidoExcetoTransferenciasEFUNDEB,ICMS,26030429022.27,MT,51,2025,6
2025,RREO,6,B,Governo do Estado do Mato Grosso,51,MT,3784239,RREO-Anexo 03,E,Padrão,PREVISÃO ATUALIZADA 2025,ICMSLiquidoExcetoTransferenciasEFUNDEB,ICMS,23499600980.06,MT,51,2025,6
2025,RREO,6,B,Governo do Estado do Mato Grosso,51,MT,3784239,RREO-Anexo 03,E,Padrão,<MR-11>,IPVALiquidoExcetoTransferenciasEFUNDEB,IPVA,93513289.45,MT,51,2025,6
2025,RREO,6,B,Governo do Estado do Mato Grosso,51,MT,3784239,RREO-Anexo 03,E,Padrão,<MR-10>,IPVALiquidoExcetoTransferenciasEFUNDEB,IPVA,123318320.33,MT,51,2025,6
2025,RREO,6,B,Governo do Estado do Mato Grosso,51,MT,3784239,RREO-Anexo 03,E,Padrão,<MR-9>,IPVALiquidoExcetoTransferenciasEFUNDEB,IPVA,351551568.64,MT,51,2025,6
2025,RREO,6,B,Governo do Estado do Mato Grosso,51,MT,3784239,RREO-Anexo 03,E,Padrão,<MR-8>,IPVALiquidoExcetoTransferenciasEFUNDEB,IPVA,304421500.41,MT,51,2025,6
2025,RREO,6,B,Governo do Estado do Mato Grosso,51,MT,3784239,RREO-Anexo 03,E,Padrão,<MR-7>,IPVALiquidoExcetoTransferenciasEFUNDEB,IPVA,329147065.18,MT,51,2025,6
2025,RREO,6,B,Governo do Estado do Mato Grosso,51,MT,3784239,RREO-Anexo 03,E,Padrão,<MR-6>,IPVALiquidoExcetoTransferenciasEFUNDEB,IPVA,188257043.76,MT,51,2025,6
2025,RREO,6,B,Governo do Estado do Mato Grosso,51,MT,3784239,RREO-Anexo 03,E,Padrão,<MR-5>,IPVALiquidoExcetoTransferenciasEFUNDEB,IPVA,162751766.27,MT,51,2025,6
2025,RREO,6,B,Governo do Estado do Mato Grosso,51,MT,3784239,RREO-Anexo 03,E,Padrão,<MR-4>,IPVALiquidoExcetoTransferenciasEFUNDEB,IPVA,125601132.86,MT,51,2025,6
2025,RREO,6,B,Governo do Estado do Mato Grosso,51,MT,3784239,RREO-Anexo 03,E,Padrão,<MR-3>,IPVALiquidoExcetoTransferenciasEFUNDEB,IPVA,114944248.18,MT,51,2025,6
2025,RREO,6,B,Governo do Estado do Mato Grosso,51,MT,3784239,RREO-Anexo 03,E,Padrão,<MR-2>,IPVALiquidoExcetoTransferenciasEFUNDEB,IPVA,92537490.81,MT,51,2025,6
2025,RREO,6,B,Governo do Estado do Mato Grosso,51,MT,3784239,RREO-Anexo 03,E,Padrão,<MR-1>,IPVALiquidoExcetoTransferenciasEFUNDEB,IPVA,63024581.58,MT,51,2025,6
2025,RREO,6,B,Governo do Estado do Mato Grosso,51,MT,3784239,RREO-Anexo 03,E,Padrão,<MR>,IPVALiquidoExcetoTransferenciasEFUNDEB,IPVA,64587301.54,MT,51,2025,6
2025,RREO,6,B,Governo do Estado do Mato Grosso,51,MT,3784239,RREO-Anexo 03,E,Padrão,TOTAL (ÚLTIMOS 12 MESES),IPVALiquidoExcetoTransferenciasEFUNDEB,IPVA,2013655309.01,MT,51,2025,6
2025,RREO,6,B,Governo do Estado do Mato Grosso,51,MT,3784239,RREO-Anexo 03,E,Padrão,PREVISÃO ATUALIZADA 2025,IPVALiquidoExcetoTransferenciasEFUNDEB,IPVA,1714687454.0,MT,51,2025,6
2025,RREO,6,B,Governo do Estado do Mato Grosso,51,MT,3784239,RREO-Anexo 03,E,Padrão,<MR-11>,ITCDLiquidoExcetoTransferenciasEFUNDEB,ITCD,23203219.14,MT,51,2025,6
2025,RREO,6,B,Governo do Estado do Mato Grosso,51,MT,3784239,RREO-Anexo 03,E,Padrão,<MR-10>,ITCDLiquidoExcetoTransferenciasEFUNDEB,ITCD,20985208.14,MT,51,2025,6
2025,RREO,6,B,Governo do Estado do Mato Grosso,51,MT,3784239,RREO-Anexo 03,E,Padrão,<MR-9>,ITCDLiquidoExcetoTransferenciasEFUNDEB,ITCD,21292780.7,MT,51,2025,6
2025,RREO,6,B,Governo do Estado do Mato Grosso,51,MT,3784239,RREO-Anexo 03,E,Padrão,<MR-8>,ITCDLiquidoExcetoTransferenciasEFUNDEB,ITCD,18703977.57,MT,51,2025,6
2025,RREO,6,B,Governo do Estado do Mato Grosso,51,MT,3784239,RREO-Anexo 03,E,Padrão,<MR-7>,ITCDLiquidoExcetoTransferenciasEFUNDEB,ITCD,21832070.3,MT,51,2025,6
2025,RREO,6,B,Governo do Estado do Mato Grosso,51,MT,3784239,RREO-Anexo 03,E,Padrão,<MR-6>,ITCDLiquidoExcetoTransferenciasEFUNDEB,ITCD,30289284.28,MT,51,2025,6
2025,RREO,6,B,Governo do Estado do Mato Grosso,51,MT,3784239,RREO-Anexo 03,E,Padrão,<MR-5>,ITCDLiquidoExcetoTransferenciasEFUNDEB,ITCD,17067898.52,MT,51,2025,6
2025,RREO,6,B,Governo do Estado do Mato Grosso,51,MT,3784239,RREO-Anexo 03,E,Padrão,<MR-4>,ITCDLiquidoExcetoTransferenciasEFUNDEB,ITCD,12520703.52,MT,51,2025,6
2025,RREO,6,B,Governo do Estado do Mato Grosso,51,MT,3784239,RREO-Anexo 03,E,Padrão,<MR-3>,ITCDLiquidoExcetoTransferenciasEFUNDEB,ITCD,24793414.49,MT,51,2025,6
2025,RREO,6,B,Governo do Estado do Mato Grosso,51,MT,3784239,RREO-Anexo 03,E,Padrão,<MR-2>,ITCDLiquidoExcetoTransferenciasEFUNDEB,ITCD,20651529.66,MT,51,2025,6
2025,RREO,6,B,Governo do Estado do Mato Grosso,51,MT,3784239,RREO-Anexo 03,E,Padrão,<MR-1>,ITCDLiquidoExcetoTransferenciasEFUNDEB,ITCD,30344728.9,MT,51,2025,6
2025,RREO,6,B,Governo do Estado do Mato Grosso,51,MT,3784239,RREO-Anexo 03,E,Padrão,<MR>,ITCDLiquidoExcetoTransferenciasEFUNDEB,ITCD,90106100.25,MT,51,2025,6
2025,RREO,6,B,Governo do Estado do Mato Grosso,51,MT,3784239,RREO-Anexo 03,E,Padrão,TOTAL (ÚLTIMOS 12 MESES),ITCDLiquidoExcetoTransferenciasEFUNDEB,ITCD,331790915.47,MT,51,2025,6
2025,RREO,6,B,Governo do Estado do Mato Grosso,51,MT,3784239,RREO-Anexo 03,E,Padrão,PREVISÃO ATUALIZADA 2025,ITCDLiquidoExcetoTransferenciasEFUNDEB,ITCD,212371220.0,MT,51,2025,6
2025,RREO,6,B,Governo do Estado de Goiás,52,GO,6950976,RREO-Anexo 03,E,Padrão,<MR-11>,ICMSLiquidoExcetoTransferenciasEFUNDEB,ICMS,2155774624.09,GO,52,2025,6
2025,RREO,6,B,Governo do Estado de Goiás,52,GO,6950976,RREO-Anexo 03,E,Padrão,<MR-10>,ICMSLiquidoExcetoTransferenciasEFUNDEB,ICMS,2312213107.27,GO,52,2025,6
2025,RREO,6,B,Governo do Estado de Goiás,52,GO,6950976,RREO-Anexo 03,E,Padrão,<MR-9>,ICMSLiquidoExcetoTransferenciasEFUNDEB,ICMS,2407705067.81,GO,52,2025,6
2025,RREO,6,B,Governo do Estado de Goiás,52,GO,6950976,RREO-Anexo 03,E,Padrão,<MR-8>,ICMSLiquidoExcetoTransferenciasEFUNDEB,ICMS,2533180440.43,GO,52,2025,6
2025,RREO,6,B,Governo do Estado de Goiás,52,GO,6950976,RREO-Anexo 03,E,Padrão,<MR-7>,ICMSLiquidoExcetoTransferenciasEFUNDEB,ICMS,2459727773.81,GO,52,2025,6
2025,RREO,6,B,Governo do Estado de Goiás,52,GO,6950976,RREO-Anexo 03,E,Padrão,<MR-6>,ICMSLiquidoExcetoTransferenciasEFUNDEB,ICMS,2599399674.19,GO,52,2025,6
2025,RREO,6,B,Governo do Estado de Goiás,52,GO,6950976,RREO-Anexo 03,E,Padrão,<MR-5>,ICMSLiquidoExcetoTransferenciasEFUNDEB,ICMS,2549874862.84,GO,52,2025,6
2025,RREO,6,B,Governo do Estado de Goiás,52,GO,6950976,RREO-Anexo 03,E,Padrão,<MR-4>,ICMSLiquidoExcetoTransferenciasEFUNDEB,ICMS,2696090552.58,GO,52,2025,6
2025,RREO,6,B,Governo do Estado de Goiás,52,GO,6950976,RREO-Anexo 03,E,Padrão,<MR-3>,ICMSLiquidoExcetoTransferenciasEFUNDEB,ICMS,2621755611.11,GO,52,2025,6
2025,RREO,6,B,Governo do Estado de Goiás,52,GO,6950976,RREO-Anexo 03,E,Padrão,<MR-2>,ICMSLiquidoExcetoTransferenciasEFUNDEB,ICMS,2724046500.03,GO,52,2025,6
2025,RREO,6,B,Governo do Estado de Goiás,52,GO,6950976,RREO-Anexo 03,E,Padrão,<MR-1>,ICMSLiquidoExcetoTransferenciasEFUNDEB,ICMS,2806290810.6,GO,52,2025,6
2025,RREO,6,B,Governo do Estado de Goiás,52,GO,6950976,RREO-Anexo 03,E,Padrão,<MR>,ICMSLiquidoExcetoTransferenciasEFUNDEB,ICMS,2666804797.87,GO,52,2025,6
2025,RREO,6,B,Governo do Estado de Goiás,52,GO,6950976,RREO-Anexo 03,E,Padrão,TOTAL (ÚLTIMOS 12 MESES),ICMSLiquidoExcetoTransferenciasEFUNDEB,ICMS,30532863822.63,GO,52,2025,6
2025,RREO,6,B,Governo do Estado de Goiás,52,GO,6950976,RREO-Anexo 03,E,Padrão,PREVISÃO ATUALIZADA 2025,ICMSLiquidoExcetoTransferenciasEFUNDEB,ICMS,29953877000.0,GO,52,2025,6
2025,RREO,6,B,Governo do Estado de Goiás,52,GO,6950976,RREO-Anexo 03,E,Padrão,<MR-11>,IPVALiquidoExcetoTransferenciasEFUNDEB,IPVA,433534162.29,GO,52,2025,6
2025,RREO,6,B,Governo do Estado de Goiás,52,GO,6950976,RREO-Anexo 03,E,Padrão,<MR-10>,IPVALiquidoExcetoTransferenciasEFUNDEB,IPVA,182513094.01,GO,52,2025,6
2025,RREO,6,B,Governo do Estado de Goiás,52,GO,6950976,RREO-Anexo 03,E,Padrão,<MR-9>,IPVALiquidoExcetoTransferenciasEFUNDEB,IPVA,180361447.48,GO,52,2025,6
2025,RREO,6,B,Governo do Estado de Goiás,52,GO,6950976,RREO-Anexo 03,E,Padrão,<MR-8>,IPVALiquidoExcetoTransferenciasEFUNDEB,IPVA,175812574.63,GO,52,2025,6
2025,RREO,6,B,Governo do Estado de Goiás,52,GO,6950976,RREO-Anexo 03,E,Padrão,<MR-7>,IPVALiquidoExcetoTransferenciasEFUNDEB,IPVA,173323529.35,GO,52,2025,6
2025,RREO,6,B,Governo do Estado de Goiás,52,GO,6950976,RREO-Anexo 03,E,Padrão,<MR-6>,IPVALiquidoExcetoTransferenciasEFUNDEB,IPVA,176842448.52,GO,52,2025,6
2025,RREO,6,B,Governo do Estado de Goiás,52,GO,6950976,RREO-Anexo 03,E,Padrão,<MR-5>,IPVALiquidoExcetoTransferenciasEFUNDEB,IPVA,201753228.64,GO,52,2025,6
2025,RREO,6,B,Governo do Estado de Goiás,52,GO,6950976,RREO-Anexo 03,E,Padrão,<MR-4>,IPVALiquidoExcetoTransferenciasEFUNDEB,IPVA,219009525.81,GO,52,2025,6
2025,RREO,6,B,Governo do Estado de Goiás,52,GO,6950976,RREO-Anexo 03,E,Padrão,<MR-3>,IPVALiquidoExcetoTransferenciasEFUNDEB,IPVA,430356053.05,GO,52,2025,6
2025,RREO,6,B,Governo do Estado de Goiás,52,GO,6950976,RREO-Anexo 03,E,Padrão,<MR-2>,IPVALiquidoExcetoTransferenciasEFUNDEB,IPVA,1056961769.57,GO,52,2025,6
2025,RREO,6,B,Governo do Estado de Goiás,52,GO,6950976,RREO-Anexo 03,E,Padrão,<MR-1>,IPVALiquidoExcetoTransferenciasEFUNDEB,IPVA,183884556.7,GO,52,2025,6
2025,RREO,6,B,Governo do Estado de Goiás,52,GO,6950976,RREO-Anexo 03,E,Padrão,<MR>,IPVALiquidoExcetoTransferenciasEFUNDEB,IPVA,132533072.6,GO,52,2025,6
2025,RREO,6,B,Governo do Estado de Goiás,52,GO,6950976,RREO-Anexo 03,E,Padrão,TOTAL (ÚLTIMOS 12 MESES),IPVALiquidoExcetoTransferenciasEFUNDEB,IPVA,3546885462.65,GO,52,2025,6
2025,RREO,6,B,Governo do Estado de Goiás,52,GO,6950976,RREO-Anexo 03,E,Padrão,PREVISÃO ATUALIZADA 2025,IPVALiquidoExcetoTransferenciasEFUNDEB,IPVA,3328145000.0,GO,52,2025,6
2025,RREO,6,B,Governo do Estado de Goiás,52,GO,6950976,RREO-Anexo 03,E,Padrão,<MR-11>,ITCDLiquidoExcetoTransferenciasEFUNDEB,ITCD,73234223.36,GO,52,2025,6
2025,RREO,6,B,Governo do Estado de Goiás,52,GO,6950976,RREO-Anexo 03,E,Padrão,<MR-10>,ITCDLiquidoExcetoTransferenciasEFUNDEB,ITCD,81534917.13,GO,52,2025,6
2025,RREO,6,B,Governo do Estado de Goiás,52,GO,6950976,RREO-Anexo 03,E,Padrão,<MR-9>,ITCDLiquidoExcetoTransferenciasEFUNDEB,ITCD,73194837.53,GO,52,2025,6
2025,RREO,6,B,Governo do Estado de Goiás,52,GO,6950976,RREO-Anexo 03,E,Padrão,<MR-8>,ITCDLiquidoExcetoTransferenciasEFUNDEB,ITCD,68819853.04,GO,52,2025,6
2025,RREO,6,B,Governo do Estado de Goiás,52,GO,6950976,RREO-Anexo 03,E,Padrão,<MR-7>,ITCDLiquidoExcetoTransferenciasEFUNDEB,ITCD,62486731.53,GO,52,2025,6
2025,RREO,6,B,Governo do Estado de Goiás,52,GO,6950976,RREO-Anexo 03,E,Padrão,<MR-6>,ITCDLiquidoExcetoTransferenciasEFUNDEB,ITCD,78011725.1,GO,52,2025,6
2025,RREO,6,B,Governo do Estado de Goiás,52,GO,6950976,RREO-Anexo 03,E,Padrão,<MR-5>,ITCDLiquidoExcetoTransferenciasEFUNDEB,ITCD,69025922.8,GO,52,2025,6
2025,RREO,6,B,Governo do Estado de Goiás,52,GO,6950976,RREO-Anexo 03,E,Padrão,<MR-4>,ITCDLiquidoExcetoTransferenciasEFUNDEB,ITCD,83215297.08,GO,52,2025,6
2025,RREO,6,B,Governo do Estado de Goiás,52,GO,6950976,RREO-Anexo 03,E,Padrão,<MR-3>,ITCDLiquidoExcetoTransferenciasEFUNDEB,ITCD,71157822.05,GO,52,2025,6
2025,RREO,6,B,Governo do Estado de Goiás,52,GO,6950976,RREO-Anexo 03,E,Padrão,<MR-2>,ITCDLiquidoExcetoTransferenciasEFUNDEB,ITCD,68830801.93,GO,52,2025,6
2025,RREO,6,B,Governo do Estado de Goiás,52,GO,6950976,RREO-Anexo 03,E,Padrão,<MR-1>,ITCDLiquidoExcetoTransferenciasEFUNDEB,ITCD,60420892.54,GO,52,2025,6
2025,RREO,6,B,Governo do Estado de Goiás,52,GO,6950976,RREO-Anexo 03,E,Padrão,<MR>,ITCDLiquidoExcetoTransferenciasEFUNDEB,ITCD,118993375.27,GO,52,2025,6
2025,RREO,6,B,Governo do Estado de Goiás,52,GO,6950976,RREO-Anexo 03,E,Padrão,TOTAL (ÚLTIMOS 12 MESES),ITCDLiquidoExcetoTransferenciasEFUNDEB,ITCD,908926399.36,GO,52,2025,6
2025,RREO,6,B,Governo do Estado de Goiás,52,GO,6950976,RREO-Anexo 03,E,Padrão,PREVISÃO ATUALIZADA 2025,ITCDLiquidoExcetoTransferenciasEFUNDEB,ITCD,973595000.0,GO,52,2025,6
2025,RREO,6,B,Governo do Distrito Federal,53,DF,2923369,RREO-Anexo 03,E,Padrão,<MR-11>,ICMSLiquidoExcetoTransferenciasEFUNDEB,ICMS,1097035817.36,DF,53,2025,6
2025,RREO,6,B,Governo do Distrito Federal,53,DF,2923369,RREO-Anexo 03,E,Padrão,<MR-10>,ICMSLiquidoExcetoTransferenciasEFUNDEB,ICMS,916049095.86,DF,53,2025,6
2025,RREO,6,B,Governo do Distrito Federal,53,DF,2923369,RREO-Anexo 03,E,Padrão,<MR-9>,ICMSLiquidoExcetoTransferenciasEFUNDEB,ICMS,973749062.04,DF,53,2025,6
2025,RREO,6,B,Governo do Distrito Federal,53,DF,2923369,RREO-Anexo 03,E,Padrão,<MR-8>,ICMSLiquidoExcetoTransferenciasEFUNDEB,ICMS,1023778187.48,DF,53,2025,6
2025,RREO,6,B,Governo do Distrito Federal,53,DF,2923369,RREO-Anexo 03,E,Padrão,<MR-7>,ICMSLiquidoExcetoTransferenciasEFUNDEB,ICMS,985033294.88,DF,53,2025,6
2025,RREO,6,B,Governo do Distrito Federal,53,DF,2923369,RREO-Anexo 03,E,Padrão,<MR-6>,ICMSLiquidoExcetoTransferenciasEFUNDEB,ICMS,1033722913.27,DF,53,2025,6
2025,RREO,6,B,Governo do Distrito Federal,53,DF,2923369,RREO-Anexo 03,E,Padrão,<MR-5>,ICMSLiquidoExcetoTransferenciasEFUNDEB,ICMS,1074398081.47,DF,53,2025,6
2025,RREO,6,B,Governo do Distrito Federal,53,DF,2923369,RREO-Anexo 03,E,Padrão,<MR-4>,ICMSLiquidoExcetoTransferenciasEFUNDEB,ICMS,1054376987.29,DF,53,2025,6
2025,RREO,6,B,Governo do Distrito Federal,53,DF,2923369,RREO-Anexo 03,E,Padrão,<MR-3>,ICMSLiquidoExcetoTransferenciasEFUNDEB,ICMS,1011840085.09,DF,53,2025,6
2025,RREO,6,B,Governo do Distrito Federal,53,DF,2923369,RREO-Anexo 03,E,Padrão,<MR-2>,ICMSLiquidoExcetoTransferenciasEFUNDEB,ICMS,1138406395.03,DF,53,2025,6
2025,RREO,6,B,Governo do Distrito Federal,53,DF,2923369,RREO-Anexo 03,E,Padrão,<MR-1>,ICMSLiquidoExcetoTransferenciasEFUNDEB,ICMS,1125927122.79,DF,53,2025,6
2025,RREO,6,B,Governo do Distrito Federal,53,DF,2923369,RREO-Anexo 03,E,Padrão,<MR>,ICMSLiquidoExcetoTransferenciasEFUNDEB,ICMS,1163775637.39,DF,53,2025,6
2025,RREO,6,B,Governo do Distrito Federal,53,DF,2923369,RREO-Anexo 03,E,Padrão,TOTAL (ÚLTIMOS 12 MESES),ICMSLiquidoExcetoTransferenciasEFUNDEB,ICMS,12598092679.95,DF,53,2025,6
2025,RREO,6,B,Governo do Distrito Federal,53,DF,2923369,RREO-Anexo 03,E,Padrão,PREVISÃO ATUALIZADA 2025,ICMSLiquidoExcetoTransferenciasEFUNDEB,ICMS,13213893829.0,DF,53,2025,6
2025,RREO,6,B,Governo do Distrito Federal,53,DF,2923369,RREO-Anexo 03,E,Padrão,<MR-11>,IPVALiquidoExcetoTransferenciasEFUNDEB,IPVA,179697211.62,DF,53,2025,6
2025,RREO,6,B,Governo do Distrito Federal,53,DF,2923369,RREO-Anexo 03,E,Padrão,<MR-10>,IPVALiquidoExcetoTransferenciasEFUNDEB,IPVA,612522243.58,DF,53,2025,6
2025,RREO,6,B,Governo do Distrito Federal,53,DF,2923369,RREO-Anexo 03,E,Padrão,<MR-9>,IPVALiquidoExcetoTransferenciasEFUNDEB,IPVA,171166030.93,DF,53,2025,6
2025,RREO,6,B,Governo do Distrito Federal,53,DF,2923369,RREO-Anexo 03,E,Padrão,<MR-8>,IPVALiquidoExcetoTransferenciasEFUNDEB,IPVA,169959255.16,DF,53,2025,6
2025,RREO,6,B,Governo do Distrito Federal,53,DF,2923369,RREO-Anexo 03,E,Padrão,<MR-7>,IPVALiquidoExcetoTransferenciasEFUNDEB,IPVA,164956036.01,DF,53,2025,6
2025,RREO,6,B,Governo do Distrito Federal,53,DF,2923369,RREO-Anexo 03,E,Padrão,<MR-6>,IPVALiquidoExcetoTransferenciasEFUNDEB,IPVA,160208983.94,DF,53,2025,6
2025,RREO,6,B,Governo do Distrito Federal,53,DF,2923369,RREO-Anexo 03,E,Padrão,<MR-5>,IPVALiquidoExcetoTransferenciasEFUNDEB,IPVA,165153706.03,DF,53,2025,6
2025,RREO,6,B,Governo do Distrito Federal,53,DF,2923369,RREO-Anexo 03,E,Padrão,<MR-4>,IPVALiquidoExcetoTransferenciasEFUNDEB,IPVA,80041849.19,DF,53,2025,6
2025,RREO,6,B,Governo do Distrito Federal,53,DF,2923369,RREO-Anexo 03,E,Padrão,<MR-3>,IPVALiquidoExcetoTransferenciasEFUNDEB,IPVA,76269789.51,DF,53,2025,6
2025,RREO,6,B,Governo do Distrito Federal,53,DF,2923369,RREO-Anexo 03,E,Padrão,<MR-2>,IPVALiquidoExcetoTransferenciasEFUNDEB,IPVA,71216480.64,DF,53,2025,6
2025,RREO,6,B,Governo do Distrito Federal,53,DF,2923369,RREO-Anexo 03,E,Padrão,<MR-1>,IPVALiquidoExcetoTransferenciasEFUNDEB,IPVA,59878867.22,DF,53,2025,6
2025,RREO,6,B,Governo do Distrito Federal,53,DF,2923369,RREO-Anexo 03,E,Padrão,<MR>,IPVALiquidoExcetoTransferenciasEFUNDEB,IPVA,67409052.46,DF,53,2025,6
2025,RREO,6,B,Governo do Distrito Federal,53,DF,2923369,RREO-Anexo 03,E,Padrão,TOTAL (ÚLTIMOS 12 MESES),IPVALiquidoExcetoTransferenciasEFUNDEB,IPVA,1978479506.29,DF,53,2025,6
2025,RREO,6,B,Governo do Distrito Federal,53,DF,2923369,RREO-Anexo 03,E,Padrão,PREVISÃO ATUALIZADA 2025,IPVALiquidoExcetoTransferenciasEFUNDEB,IPVA,1977173258.0,DF,53,2025,6
2025,RREO,6,B,Governo do Distrito Federal,53,DF,2923369,RREO-Anexo 03,E,Padrão,<MR-11>,ITCDLiquidoExcetoTransferenciasEFUNDEB,ITCD,21218048.04,DF,53,2025,6
2025,RREO,6,B,Governo do Distrito Federal,53,DF,2923369,RREO-Anexo 03,E,Padrão,<MR-10>,ITCDLiquidoExcetoTransferenciasEFUNDEB,ITCD,24576722.44,DF,53,2025,6
2025,RREO,6,B,Governo do Distrito Federal,53,DF,2923369,RREO-Anexo 03,E,Padrão,<MR-9>,ITCDLiquidoExcetoTransferenciasEFUNDEB,ITCD,24976372.46,DF,53,2025,6
2025,RREO,6,B,Governo do Distrito Federal,53,DF,2923369,RREO-Anexo 03,E,Padrão,<MR-8>,ITCDLiquidoExcetoTransferenciasEFUNDEB,ITCD,25517203.04,DF,53,2025,6
2025,RREO,6,B,Governo do Distrito Federal,53,DF,2923369,RREO-Anexo 03,E,Padrão,<MR-7>,ITCDLiquidoExcetoTransferenciasEFUNDEB,ITCD,25160087.41,DF,53,2025,6
2025,RREO,6,B,Governo do Distrito Federal,53,DF,2923369,RREO-Anexo 03,E,Padrão,<MR-6>,ITCDLiquidoExcetoTransferenciasEFUNDEB,ITCD,27215333.22,DF,53,2025,6
2025,RREO,6,B,Governo do Distrito Federal,53,DF,2923369,RREO-Anexo 03,E,Padrão,<MR-5>,ITCDLiquidoExcetoTransferenciasEFUNDEB,ITCD,28251663.1,DF,53,2025,6
2025,RREO,6,B,Governo do Distrito Federal,53,DF,2923369,RREO-Anexo 03,E,Padrão,<MR-4>,ITCDLiquidoExcetoTransferenciasEFUNDEB,ITCD,27880702.01,DF,53,2025,6
2025,RREO,6,B,Governo do Distrito Federal,53,DF,2923369,RREO-Anexo 03,E,Padrão,<MR-3>,ITCDLiquidoExcetoTransferenciasEFUNDEB,ITCD,24970359.18,DF,53,2025,6
2025,RREO,6,B,Governo do Distrito Federal,53,DF,2923369,RREO-Anexo 03,E,Padrão,<MR-2>,ITCDLiquidoExcetoTransferenciasEFUNDEB,ITCD,28304899.2,DF,53,2025,6
2025,RREO,6,B,Governo do Distrito Federal,53,DF,2923369,RREO-Anexo 03,E,Padrão,<MR-1>,ITCDLiquidoExcetoTransferenciasEFUNDEB,ITCD,97079116.54,DF,53,2025,6
2025,RREO,6,B,Governo do Distrito Federal,53,DF,2923369,RREO-Anexo 03,E,Padrão,<MR>,ITCDLiquidoExcetoTransferenciasEFUNDEB,ITCD,41788492.33,DF,53,2025,6
2025,RREO,6,B,Governo do Distrito Federal,53,DF,2923369,RREO-Anexo 03,E,Padrão,TOTAL (ÚLTIMOS 12 MESES),ITCDLiquidoExcetoTransferenciasEFUNDEB,ITCD,396938998.97,DF,53,2025,6
2025,RREO,6,B,Governo do Distrito Federal,53,DF,2923369,RREO-Anexo 03,E,Padrão,PREVISÃO ATUALIZADA 2025,ITCDLiquidoExcetoTransferenciasEFUNDEB,ITCD,230576032.0,DF,53,2025,6
