exercicio,demonstrativo,periodo,periodicidade,instituicao,cod_ibge,uf,populacao,anexo,esfera,rotulo,coluna,cod_conta,conta,valor,uf_consulta,id_ente_consulta,ano_consulta,periodo_consulta
2025,RREO,6,B,Governo do Estado de Rondônia,11,RO,1616379,RREO-Anexo 03,E,Padrão,<MR-11>,ICMSLiquidoExcetoTransferenciasEFUNDEB,ICMS,626433546.28,RO,11,2025,6
2025,RREO,6,B,Governo do Estado de Rondônia,11,RO,1616379,RREO-Anexo 03,E,Padrão,<MR-10>,ICMSLiquidoExcetoTransferenciasEFUNDEB,ICMS,572981556.79,RO,11,2025,6
2025,RREO,6,B,Governo do Estado de Rondônia,11,RO,1616379,RREO-Anexo 03,E,Padrão,<MR-9>,ICMSLiquidoExcetoTransferenciasEFUNDEB,ICMS,586335536.06,RO,11,2025,6
2025,RREO,6,B,Governo do Estado de Rondônia,11,RO,1616379,RREO-Anexo 03,E,Padrão,<MR-8>,ICMSLiquidoExcetoTransferenciasEFUNDEB,ICMS,599809204.68,RO,11,2025,6
2025,RREO,6,B,Governo do Estado de Rondônia,11,RO,1616379,RREO-Anexo 03,E,Padrão,<MR-7>,ICMSLiquidoExcetoTransferenciasEFUNDEB,ICMS,719613136.0,RO,11,2025,6
2025,RREO,6,B,Governo do Estado de Rondônia,11,RO,1616379,RREO-Anexo 03,E,Padrão,<MR-6>,ICMSLiquidoExcetoTransferenciasEFUNDEB,ICMS,692735315.54,RO,11,2025,6
2025,RREO,6,B,Governo do Estado de Rondônia,11,RO,1616379,RREO-Anexo 03,E,Padrão,<MR-5>,ICMSLiquidoExcetoTransferenciasEFUNDEB,ICMS,784376492.44,RO,11,2025,6
2025,RREO,6,B,Governo do Estado de Rondônia,11,RO,1616379,RREO-Anexo 03,E,Padrão,<MR-4>,ICMSLiquidoExcetoTransferenciasEFUNDEB,ICMS,711856812.27,RO,11,2025,6
2025,RREO,6,B,Governo do Estado de Rondônia,11,RO,1616379,RREO-Anexo 03,E,Padrão,<MR-3>,ICMSLiquidoExcetoTransferenciasEFUNDEB,ICMS,736711988.45,RO,11,2025,6
2025,RREO,6,B,Governo do Estado de Rondônia,11,RO,1616379,RREO-Anexo 03,E,Padrão,<MR-2>,ICMSLiquidoExcetoTransferenciasEFUNDEB,ICMS,676666092.24,RO,11,2025,6
2025,RREO,6,B,Governo do Estado de Rondônia,11,RO,1616379,RREO-Anexo 03,E,Padrão,<MR-1>,ICMSLiquidoExcetoTransferenciasEFUNDEB,ICMS,643008205.68,RO,11,2025,6
2025,RREO,6,B,Governo do Estado de Rondônia,11,RO,1616379,RREO-Anexo 03,E,Padrão,<MR>,ICMSLiquidoExcetoTransferenciasEFUNDEB,ICMS,775456896.67,RO,11,2025,6
2025,RREO,6,B,Governo do Estado de Rondônia,11,RO,1616379,RREO-Anexo 03,E,Padrão,TOTAL (ÚLTIMOS 12 MESES),ICMSLiquidoExcetoTransferenciasEFUNDEB,ICMS,8125984783.1,RO,11,2025,6
2025,RREO,6,B,Governo do Estado de Rondônia,11,RO,1616379,RREO-Anexo 03,E,Padrão,PREVISÃO ATUALIZADA 2025,ICMSLiquidoExcetoTransferenciasEFUNDEB,ICMS,8010096718.0,RO,11,2025,6
2025,RREO,6,B,Governo do Estado de Rondônia,11,RO,1616379,RREO-Anexo 03,E,Padrão,<MR-11>,IPVALiquidoExcetoTransferenciasEFUNDEB,IPVA,68470277.25,RO,11,2025,6
2025,RREO,6,B,Governo do Estado de Rondônia,11,RO,1616379,RREO-Anexo 03,E,Padrão,<MR-10>,IPVALiquidoExcetoTransferenciasEFUNDEB,IPVA,56404803.99,RO,11,2025,6
2025,RREO,6,B,Governo do Estado de Rondônia,11,RO,1616379,RREO-Anexo 03,E,Padrão,<MR-9>,IPVALiquidoExcetoTransferenciasEFUNDEB,IPVA,62260946.11,RO,11,2025,6
2025,RREO,6,B,Governo do Estado de Rondônia,11,RO,1616379,RREO-Anexo 03,E,Padrão,<MR-8>,IPVALiquidoExcetoTransferenciasEFUNDEB,IPVA,69849674.97,RO,11,2025,6
2025,RREO,6,B,Governo do Estado de Rondônia,11,RO,1616379,RREO-Anexo 03,E,Padrão,<MR-7>,IPVALiquidoExcetoTransferenciasEFUNDEB,IPVA,64621697.47,RO,11,2025,6
2025,RREO,6,B,Governo do Estado de Rondônia,11,RO,1616379,RREO-Anexo 03,E,Padrão,<MR-6>,IPVALiquidoExcetoTransferenciasEFUNDEB,IPVA,59883852.25,RO,11,2025,6
2025,RREO,6,B,Governo do Estado de Rondônia,11,RO,1616379,RREO-Anexo 03,E,Padrão,<MR-5>,IPVALiquidoExcetoTransferenciasEFUNDEB,IPVA,74399551.49,RO,11,2025,6
2025,RREO,6,B,Governo do Estado de Rondônia,11,RO,1616379,RREO-Anexo 03,E,Padrão,<MR-4>,IPVALiquidoExcetoTransferenciasEFUNDEB,IPVA,57707827.06,RO,11,2025,6
2025,RREO,6,B,Governo do Estado de Rondônia,11,RO,1616379,RREO-Anexo 03,E,Padrão,<MR-3>,IPVALiquidoExcetoTransferenciasEFUNDEB,IPVA,47966909.9,RO,11,2025,6
2025,RREO,6,B,Governo do Estado de Rondônia,11,RO,1616379,RREO-Anexo 03,E,Padrão,<MR-2>,IPVALiquidoExcetoTransferenciasEFUNDEB,IPVA,40351098.6,RO,11,2025,6
2025,RREO,6,B,Governo do Estado de Rondônia,11,RO,1616379,RREO-Anexo 03,E,Padrão,<MR-1>,IPVALiquidoExcetoTransferenciasEFUNDEB,IPVA,23302148.85,RO,11,2025,6
2025,RREO,6,B,Governo do Estado de Rondônia,11,RO,1616379,RREO-Anexo 03,E,Padrão,<MR>,IPVALiquidoExcetoTransferenciasEFUNDEB,IPVA,23201135.74,RO,11,2025,6
2025,RREO,6,B,Governo do Estado de Rondônia,11,RO,1616379,RREO-Anexo 03,E,Padrão,TOTAL (ÚLTIMOS 12 MESES),IPVALiquidoExcetoTransferenciasEFUNDEB,IPVA,648419923.68,RO,11,2025,6
2025,RREO,6,B,Governo do Estado de Rondônia,11,RO,1616379,RREO-Anexo 03,E,Padrão,PREVISÃO ATUALIZADA 2025,IPVALiquidoExcetoTransferenciasEFUNDEB,IPVA,626775212.0,RO,11,2025,6
2025,RREO,6,B,Governo do Estado de Rondônia,11,RO,1616379,RREO-Anexo 03,E,Padrão,<MR-11>,ITCDLiquidoExcetoTransferenciasEFUNDEB,ITCD,4377246.36,RO,11,2025,6
2025,RREO,6,B,Governo do Estado de Rondônia,11,RO,1616379,RREO-Anexo 03,E,Padrão,<MR-10>,ITCDLiquidoExcetoTransferenciasEFUNDEB,ITCD,3349913.01,RO,11,2025,6
2025,RREO,6,B,Governo do Estado de Rondônia,11,RO,1616379,RREO-Anexo 03,E,Padrão,<MR-9>,ITCDLiquidoExcetoTransferenciasEFUNDEB,ITCD,2831267.56,RO,11,2025,6
2025,RREO,6,B,Governo do Estado de Rondônia,11,RO,1616379,RREO-Anexo 03,E,Padrão,<MR-8>,ITCDLiquidoExcetoTransferenciasEFUNDEB,ITCD,2717261.58,RO,11,2025,6
2025,RREO,6,B,Governo do Estado de Rondônia,11,RO,1616379,RREO-Anexo 03,E,Padrão,<MR-7>,ITCDLiquidoExcetoTransferenciasEFUNDEB,ITCD,2456239.23,RO,11,2025,6
2025,RREO,6,B,Governo do Estado de Rondônia,11,RO,1616379,RREO-Anexo 03,E,Padrão,<MR-6>,ITCDLiquidoExcetoTransferenciasEFUNDEB,ITCD,3307587.84,RO,11,2025,6
2025,RREO,6,B,Governo do Estado de Rondônia,11,RO,1616379,RREO-Anexo 03,E,Padrão,<MR-5>,ITCDLiquidoExcetoTransferenciasEFUNDEB,ITCD,2996630.21,RO,11,2025,6
2025,RREO,6,B,Governo do Estado de Rondônia,11,RO,1616379,RREO-Anexo 03,E,Padrão,<MR-4>,ITCDLiquidoExcetoTransferenciasEFUNDEB,ITCD,3143230.82,RO,11,2025,6
2025,RREO,6,B,Governo do Estado de Rondônia,11,RO,1616379,RREO-Anexo 03,E,Padrão,<MR-3>,ITCDLiquidoExcetoTransferenciasEFUNDEB,ITCD,3360326.1,RO,11,2025,6
2025,RREO,6,B,Governo do Estado de Rondônia,11,RO,1616379,RREO-Anexo 03,E,Padrão,<MR-2>,ITCDLiquidoExcetoTransferenciasEFUNDEB,ITCD,6442242.8,RO,11,2025,6
2025,RREO,6,B,Governo do Estado de Rondônia,11,RO,1616379,RREO-Anexo 03,E,Padrão,<MR-1>,ITCDLiquidoExcetoTransferenciasEFUNDEB,ITCD,2391241.75,RO,11,2025,6
2025,RREO,6,B,Governo do Estado de Rondônia,11,RO,1616379,RREO-Anexo 03,E,Padrão,<MR>,ITCDLiquidoExcetoTransferenciasEFUNDEB,ITCD,8329569.85,RO,11,2025,6
2025,RREO,6,B,Governo do Estado de Rondônia,11,RO,1616379,RREO-Anexo 03,E,Padrão,TOTAL (ÚLTIMOS 12 MESES),ITCDLiquidoExcetoTransferenciasEFUNDEB,ITCD,45702757.11,RO,11,2025,6
2025,RREO,6,B,Governo do Estado de Rondônia,11,RO,1616379,RREO-Anexo 03,E,Padrão,PREVISÃO ATUALIZADA 2025,ITCDLiquidoExcetoTransferenciasEFUNDEB,ITCD,33480257.0,RO,11,2025,6
2025,RREO,6,B,Governo do Estado do Acre,12,AC,829780,RREO-Anexo 03,E,Padrão,<MR-11>,ICMSLiquidoExcetoTransferenciasEFUNDEB,ICMS,179980869.13,AC,12,2025,6
2025,RREO,6,B,Governo do Estado do Acre,12,AC,829780,RREO-Anexo 03,E,Padrão,<MR-10>,ICMSLiquidoExcetoTransferenciasEFUNDEB,ICMS,162154798.91,AC,12,2025,6
2025,RREO,6,B,Governo do Estado do Acre,12,AC,829780,RREO-Anexo 03,E,Padrão,<MR-9>,ICMSLiquidoExcetoTransferenciasEFUNDEB,ICMS,167305127.79,AC,12,2025,6
2025,RREO,6,B,Governo do Estado do Acre,12,AC,829780,RREO-Anexo 03,E,Padrão,<MR-8>,ICMSLiquidoExcetoTransferenciasEFUNDEB,ICMS,171486373.09,AC,12,2025,6
2025,RREO,6,B,Governo do Estado do Acre,12,AC,829780,RREO-Anexo 03,E,Padrão,<MR-7>,ICMSLiquidoExcetoTransferenciasEFUNDEB,ICMS,178153575.76,AC,12,2025,6
2025,RREO,6,B,Governo do Estado do Acre,12,AC,829780,RREO-Anexo 03,E,Padrão,<MR-6>,ICMSLiquidoExcetoTransferenciasEFUNDEB,ICMS,185853159.91,AC,12,2025,6
2025,RREO,6,B,Governo do Estado do Acre,12,AC,829780,RREO-Anexo 03,E,Padrão,<MR-5>,ICMSLiquidoExcetoTransferenciasEFUNDEB,ICMS,198244950.09,AC,12,2025,6
2025,RREO,6,B,Governo do Estado do Acre,12,AC,829780,RREO-Anexo 03,E,Padrão,<MR-4>,ICMSLiquidoExcetoTransferenciasEFUNDEB,ICMS,192364077.78,AC,12,2025,6
2025,RREO,6,B,Governo do Estado do Acre,12,AC,829780,RREO-Anexo 03,E,Padrão,<MR-3>,ICMSLiquidoExcetoTransferenciasEFUNDEB,ICMS,187061335.16,AC,12,2025,6
2025,RREO,6,B,Governo do Estado do Acre,12,AC,829780,RREO-Anexo 03,E,Padrão,<MR-2>,ICMSLiquidoExcetoTransferenciasEFUNDEB,ICMS,191131897.26,AC,12,2025,6
2025,RREO,6,B,Governo do Estado do Acre,12,AC,829780,RREO-Anexo 03,E,Padrão,<MR-1>,ICMSLiquidoExcetoTransferenciasEFUNDEB,ICMS,195693953.45,AC,12,2025,6
2025,RREO,6,B,Governo do Estado do Acre,12,AC,829780,RREO-Anexo 03,E,Padrão,<MR>,ICMSLiquidoExcetoTransferenciasEFUNDEB,ICMS,210876879.85,AC,12,2025,6
2025,RREO,6,B,Governo do Estado do Acre,12,AC,829780,RREO-Anexo 03,E,Padrão,TOTAL (ÚLTIMOS 12 MESES),ICMSLiquidoExcetoTransferenciasEFUNDEB,ICMS,2220306998.18,AC,12,2025,6
2025,RREO,6,B,Governo do Estado do Acre,12,AC,829780,RREO-Anexo 03,E,Padrão,PREVISÃO ATUALIZADA 2025,ICMSLiquidoExcetoTransferenciasEFUNDEB,ICMS,2200865694.84,AC,12,2025,6
2025,RREO,6,B,Governo do Estado do Acre,12,AC,829780,RREO-Anexo 03,E,Padrão,<MR-11>,IPVALiquidoExcetoTransferenciasEFUNDEB,IPVA,13406473.22,AC,12,2025,6
2025,RREO,6,B,Governo do Estado do Acre,12,AC,829780,RREO-Anexo 03,E,Padrão,<MR-10>,IPVALiquidoExcetoTransferenciasEFUNDEB,IPVA,15061431.07,AC,12,2025,6
2025,RREO,6,B,Governo do Estado do Acre,12,AC,829780,RREO-Anexo 03,E,Padrão,<MR-9>,IPVALiquidoExcetoTransferenciasEFUNDEB,IPVA,15927363.32,AC,12,2025,6
2025,RREO,6,B,Governo do Estado do Acre,12,AC,829780,RREO-Anexo 03,E,Padrão,<MR-8>,IPVALiquidoExcetoTransferenciasEFUNDEB,IPVA,17097526.78,AC,12,2025,6
2025,RREO,6,B,Governo do Estado do Acre,12,AC,829780,RREO-Anexo 03,E,Padrão,<MR-7>,IPVALiquidoExcetoTransferenciasEFUNDEB,IPVA,15444552.15,AC,12,2025,6
2025,RREO,6,B,Governo do Estado do Acre,12,AC,829780,RREO-Anexo 03,E,Padrão,<MR-6>,IPVALiquidoExcetoTransferenciasEFUNDEB,IPVA,13309059.93,AC,12,2025,6
2025,RREO,6,B,Governo do Estado do Acre,12,AC,829780,RREO-Anexo 03,E,Padrão,<MR-5>,IPVALiquidoExcetoTransferenciasEFUNDEB,IPVA,17933448.42,AC,12,2025,6
2025,RREO,6,B,Governo do Estado do Acre,12,AC,829780,RREO-Anexo 03,E,Padrão,<MR-4>,IPVALiquidoExcetoTransferenciasEFUNDEB,IPVA,14467818.23,AC,12,2025,6
2025,RREO,6,B,Governo do Estado do Acre,12,AC,829780,RREO-Anexo 03,E,Padrão,<MR-3>,IPVALiquidoExcetoTransferenciasEFUNDEB,IPVA,12558603.12,AC,12,2025,6
2025,RREO,6,B,Governo do Estado do Acre,12,AC,829780,RREO-Anexo 03,E,Padrão,<MR-2>,IPVALiquidoExcetoTransferenciasEFUNDEB,IPVA,10292348.42,AC,12,2025,6
2025,RREO,6,B,Governo do Estado do Acre,12,AC,829780,RREO-Anexo 03,E,Padrão,<MR-1>,IPVALiquidoExcetoTransferenciasEFUNDEB,IPVA,6172932.35,AC,12,2025,6
2025,RREO,6,B,Governo do Estado do Acre,12,AC,829780,RREO-Anexo 03,E,Padrão,<MR>,IPVALiquidoExcetoTransferenciasEFUNDEB,IPVA,5641311.38,AC,12,2025,6
2025,RREO,6,B,Governo do Estado do Acre,12,AC,829780,RREO-Anexo 03,E,Padrão,TOTAL (ÚLTIMOS 12 MESES),IPVALiquidoExcetoTransferenciasEFUNDEB,IPVA,157312868.39,AC,12,2025,6
2025,RREO,6,B,Governo do Estado do Acre,12,AC,829780,RREO-Anexo 03,E,Padrão,PREVISÃO ATUALIZADA 2025,IPVALiquidoExcetoTransferenciasEFUNDEB,IPVA,154836286.06,AC,12,2025,6
2025,RREO,6,B,Governo do Estado do Acre,12,AC,829780,RREO-Anexo 03,E,Padrão,<MR-11>,ITCDLiquidoExcetoTransferenciasEFUNDEB,ITCD,660847.1,AC,12,2025,6
2025,RREO,6,B,Governo do Estado do Acre,12,AC,829780,RREO-Anexo 03,E,Padrão,<MR-10>,ITCDLiquidoExcetoTransferenciasEFUNDEB,ITCD,781928.79,AC,12,2025,6
2025,RREO,6,B,Governo do Estado do Acre,12,AC,829780,RREO-Anexo 03,E,Padrão,<MR-9>,ITCDLiquidoExcetoTransferenciasEFUNDEB,ITCD,724812.81,AC,12,2025,6
2025,RREO,6,B,Governo do Estado do Acre,12,AC,829780,RREO-Anexo 03,E,Padrão,<MR-8>,ITCDLiquidoExcetoTransferenciasEFUNDEB,ITCD,622557.38,AC,12,2025,6
2025,RREO,6,B,Governo do Estado do Acre,12,AC,829780,RREO-Anexo 03,E,Padrão,<MR-7>,ITCDLiquidoExcetoTransferenciasEFUNDEB,ITCD,715639.04,AC,12,2025,6
2025,RREO,6,B,Governo do Estado do Acre,12,AC,829780,RREO-Anexo 03,E,Padrão,<MR-6>,ITCDLiquidoExcetoTransferenciasEFUNDEB,ITCD,1079785.93,AC,12,2025,6
2025,RREO,6,B,Governo do Estado do Acre,12,AC,829780,RREO-Anexo 03,E,Padrão,<MR-5>,ITCDLiquidoExcetoTransferenciasEFUNDEB,ITCD,639429.7,AC,12,2025,6
2025,RREO,6,B,Governo do Estado do Acre,12,AC,829780,RREO-Anexo 03,E,Padrão,<MR-4>,ITCDLiquidoExcetoTransferenciasEFUNDEB,ITCD,510263.99,AC,12,2025,6
2025,RREO,6,B,Governo do Estado do Acre,12,AC,829780,RREO-Anexo 03,E,Padrão,<MR-3>,ITCDLiquidoExcetoTransferenciasEFUNDEB,ITCD,670445.08,AC,12,2025,6
2025,RREO,6,B,Governo do Estado do Acre,12,AC,829780,RREO-Anexo 03,E,Padrão,<MR-2>,ITCDLiquidoExcetoTransferenciasEFUNDEB,ITCD,1222790.44,AC,12,2025,6
2025,RREO,6,B,Governo do Estado do Acre,12,AC,829780,RREO-Anexo 03,E,Padrão,<MR-1>,ITCDLiquidoExcetoTransferenciasEFUNDEB,ITCD,616911.6,AC,12,2025,6
2025,RREO,6,B,Governo do Estado do Acre,12,AC,829780,RREO-Anexo 03,E,Padrão,<MR>,ITCDLiquidoExcetoTransferenciasEFUNDEB,ITCD,1305453.75,AC,12,2025,6
2025,RREO,6,B,Governo do Estado do Acre,12,AC,829780,RREO-Anexo 03,E,Padrão,TOTAL (ÚLTIMOS 12 MESES),ITCDLiquidoExcetoTransferenciasEFUNDEB,ITCD,9550865.61,AC,12,2025,6
2025,RREO,6,B,Governo do Estado do Acre,12,AC,829780,RREO-Anexo 03,E,Padrão,PREVISÃO ATUALIZADA 2025,ITCDLiquidoExcetoTransferenciasEFUNDEB,ITCD,13700000.0,AC,12,2025,6
2025,RREO,6,B,Governo do Estado do Amazonas,13,AM,3952262,RREO-Anexo 03,E,Padrão,<MR-11>,ICMSLiquidoExcetoTransferenciasEFUNDEB,ICMS,1459109928.67,AM,13,2025,6
2025,RREO,6,B,Governo do Estado do Amazonas,13,AM,3952262,RREO-Anexo 03,E,Padrão,<MR-10>,ICMSLiquidoExcetoTransferenciasEFUNDEB,ICMS,1401361045.79,AM,13,2025,6
2025,RREO,6,B,Governo do Estado do Amazonas,13,AM,3952262,RREO-Anexo 03,E,Padrão,<MR-9>,ICMSLiquidoExcetoTransferenciasEFUNDEB,ICMS,1371759191.67,AM,13,2025,6
2025,RREO,6,B,Governo do Estado do Amazonas,13,AM,3952262,RREO-Anexo 03,E,Padrão,<MR-8>,ICMSLiquidoExcetoTransferenciasEFUNDEB,ICMS,1300520098.66,AM,13,2025,6
2025,RREO,6,B,Governo do Estado do Amazonas,13,AM,3952262,RREO-Anexo 03,E,Padrão,<MR-7>,ICMSLiquidoExcetoTransferenciasEFUNDEB,ICMS,1462304661.73,AM,13,2025,6
2025,RREO,6,B,Governo do Estado do Amazonas,13,AM,3952262,RREO-Anexo 03,E,Padrão,<MR-6>,ICMSLiquidoExcetoTransferenciasEFUNDEB,ICMS,1329251134.49,AM,13,2025,6
2025,RREO,6,B,Governo do Estado do Amazonas,13,AM,3952262,RREO-Anexo 03,E,Padrão,<MR-5>,ICMSLiquidoExcetoTransferenciasEFUNDEB,ICMS,1277483340.65,AM,13,2025,6
2025,RREO,6,B,Governo do Estado do Amazonas,13,AM,3952262,RREO-Anexo 03,E,Padrão,<MR-4>,ICMSLiquidoExcetoTransferenciasEFUNDEB,ICMS,1500930936.0,AM,13,2025,6
2025,RREO,6,B,Governo do Estado do Amazonas,13,AM,3952262,RREO-Anexo 03,E,Padrão,<MR-3>,ICMSLiquidoExcetoTransferenciasEFUNDEB,ICMS,1492391980.96,AM,13,2025,6
2025,RREO,6,B,Governo do Estado do Amazonas,13,AM,3952262,RREO-Anexo 03,E,Padrão,<MR-2>,ICMSLiquidoExcetoTransferenciasEFUNDEB,ICMS,1430839881.4,AM,13,2025,6
2025,RREO,6,B,Governo do Estado do Amazonas,13,AM,3952262,RREO-Anexo 03,E,Padrão,<MR-1>,ICMSLiquidoExcetoTransferenciasEFUNDEB,ICMS,1350867576.69,AM,13,2025,6
2025,RREO,6,B,Governo do Estado do Amazonas,13,AM,3952262,RREO-Anexo 03,E,Padrão,<MR>,ICMSLiquidoExcetoTransferenciasEFUNDEB,ICMS,1547281275.57,AM,13,2025,6
2025,RREO,6,B,Governo do Estado do Amazonas,13,AM,3952262,RREO-Anexo 03,E,Padrão,TOTAL (ÚLTIMOS 12 MESES),ICMSLiquidoExcetoTransferenciasEFUNDEB,ICMS,16924101052.28,AM,13,2025,6
2025,RREO,6,B,Governo do Estado do Amazonas,13,AM,3952262,RREO-Anexo 03,E,Padrão,PREVISÃO ATUALIZADA 2025,ICMSLiquidoExcetoTransferenciasEFUNDEB,ICMS,14283262240.48,AM,13,2025,6
2025,RREO,6,B,Governo do Estado do Amazonas,13,AM,3952262,RREO-Anexo 03,E,Padrão,<MR-11>,IPVALiquidoExcetoTransferenciasEFUNDEB,IPVA,97684007.82,AM,13,2025,6
2025,RREO,6,B,Governo do Estado do Amazonas,13,AM,3952262,RREO-Anexo 03,E,Padrão,<MR-10>,IPVALiquidoExcetoTransferenciasEFUNDEB,IPVA,83253948.66,AM,13,2025,6
2025,RREO,6,B,Governo do Estado do Amazonas,13,AM,3952262,RREO-Anexo 03,E,Padrão,<MR-9>,IPVALiquidoExcetoTransferenciasEFUNDEB,IPVA,102853014.37,AM,13,2025,6
2025,RREO,6,B,Governo do Estado do Amazonas,13,AM,3952262,RREO-Anexo 03,E,Padrão,<MR-8>,IPVALiquidoExcetoTransferenciasEFUNDEB,IPVA,96206571.74,AM,13,2025,6
2025,RREO,6,B,Governo do Estado do Amazonas,13,AM,3952262,RREO-Anexo 03,E,Padrão,<MR-7>,IPVALiquidoExcetoTransferenciasEFUNDEB,IPVA,98980682.62,AM,13,2025,6
2025,RREO,6,B,Governo do Estado do Amazonas,13,AM,3952262,RREO-Anexo 03,E,Padrão,<MR-6>,IPVALiquidoExcetoTransferenciasEFUNDEB,IPVA,104936711.03,AM,13,2025,6
2025,RREO,6,B,Governo do Estado do Amazonas,13,AM,3952262,RREO-Anexo 03,E,Padrão,<MR-5>,IPVALiquidoExcetoTransferenciasEFUNDEB,IPVA,105268898.27,AM,13,2025,6
2025,RREO,6,B,Governo do Estado do Amazonas,13,AM,3952262,RREO-Anexo 03,E,Padrão,<MR-4>,IPVALiquidoExcetoTransferenciasEFUNDEB,IPVA,89793215.29,AM,13,2025,6
2025,RREO,6,B,Governo do Estado do Amazonas,13,AM,3952262,RREO-Anexo 03,E,Padrão,<MR-3>,IPVALiquidoExcetoTransferenciasEFUNDEB,IPVA,91215362.65,AM,13,2025,6
2025,RREO,6,B,Governo do Estado do Amazonas,13,AM,3952262,RREO-Anexo 03,E,Padrão,<MR-2>,IPVALiquidoExcetoTransferenciasEFUNDEB,IPVA,85432778.17,AM,13,2025,6
2025,RREO,6,B,Governo do Estado do Amazonas,13,AM,3952262,RREO-Anexo 03,E,Padrão,<MR-1>,IPVALiquidoExcetoTransferenciasEFUNDEB,IPVA,55396579.83,AM,13,2025,6
2025,RREO,6,B,Governo do Estado do Amazonas,13,AM,3952262,RREO-Anexo 03,E,Padrão,<MR>,IPVALiquidoExcetoTransferenciasEFUNDEB,IPVA,61151804.36,AM,13,2025,6
2025,RREO,6,B,Governo do Estado do Amazonas,13,AM,3952262,RREO-Anexo 03,E,Padrão,TOTAL (ÚLTIMOS 12 MESES),IPVALiquidoExcetoTransferenciasEFUNDEB,IPVA,1072173574.81,AM,13,2025,6
2025,RREO,6,B,Governo do Estado do Amazonas,13,AM,3952262,RREO-Anexo 03,E,Padrão,PREVISÃO ATUALIZADA 2025,IPVALiquidoExcetoTransferenciasEFUNDEB,IPVA,943111367.86,AM,13,2025,6
2025,RREO,6,B,Governo do Estado do Amazonas,13,AM,3952262,RREO-Anexo 03,E,Padrão,<MR-11>,ITCDLiquidoExcetoTransferenciasEFUNDEB,ITCD,3018493.45,AM,13,2025,6
2025,RREO,6,B,Governo do Estado do Amazonas,13,AM,3952262,RREO-Anexo 03,E,Padrão,<MR-10>,ITCDLiquidoExcetoTransferenciasEFUNDEB,ITCD,2710152.6,AM,13,2025,6
2025,RREO,6,B,Governo do Estado do Amazonas,13,AM,3952262,RREO-Anexo 03,E,Padrão,<MR-9>,ITCDLiquidoExcetoTransferenciasEFUNDEB,ITCD,13186143.15,AM,13,2025,6
2025,RREO,6,B,Governo do Estado do Amazonas,13,AM,3952262,RREO-Anexo 03,E,Padrão,<MR-8>,ITCDLiquidoExcetoTransferenciasEFUNDEB,ITCD,5761357.11,AM,13,2025,6
2025,RREO,6,B,Governo do Estado do Amazonas,13,AM,3952262,RREO-Anexo 03,E,Padrão,<MR-7>,ITCDLiquidoExcetoTransferenciasEFUNDEB,ITCD,2236872.26,AM,13,2025,6
2025,RREO,6,B,Governo do Estado do Amazonas,13,AM,3952262,RREO-Anexo 03,E,Padrão,<MR-6>,ITCDLiquidoExcetoTransferenciasEFUNDEB,ITCD,11055684.16,AM,13,2025,6
2025,RREO,6,B,Governo do Estado do Amazonas,13,AM,3952262,RREO-Anexo 03,E,Padrão,<MR-5>,ITCDLiquidoExcetoTransferenciasEFUNDEB,ITCD,4496369.25,AM,13,2025,6
2025,RREO,6,B,Governo do Estado do Amazonas,13,AM,3952262,RREO-Anexo 03,E,Padrão,<MR-4>,ITCDLiquidoExcetoTransferenciasEFUNDEB,ITCD,3260814.86,AM,13,2025,6
2025,RREO,6,B,Governo do Estado do Amazonas,13,AM,3952262,RREO-Anexo 03,E,Padrão,<MR-3>,ITCDLiquidoExcetoTransferenciasEFUNDEB,ITCD,2500966.52,AM,13,2025,6
2025,RREO,6,B,Governo do Estado do Amazonas,13,AM,3952262,RREO-Anexo 03,E,Padrão,<MR-2>,ITCDLiquidoExcetoTransferenciasEFUNDEB,ITCD,2653854.66,AM,13,2025,6
2025,RREO,6,B,Governo do Estado do Amazonas,13,AM,3952262,RREO-Anexo 03,E,Padrão,<MR-1>,ITCDLiquidoExcetoTransferenciasEFUNDEB,ITCD,2872570.75,AM,13,2025,6
2025,RREO,6,B,Governo do Estado do Amazonas,13,AM,3952262,RREO-Anexo 03,E,Padrão,<MR>,ITCDLiquidoExcetoTransferenciasEFUNDEB,ITCD,3206325.88,AM,13,2025,6
2025,RREO,6,B,Governo do Estado do Amazonas,13,AM,3952262,RREO-Anexo 03,E,Padrão,TOTAL (ÚLTIMOS 12 MESES),ITCDLiquidoExcetoTransferenciasEFUNDEB,ITCD,56959604.65,AM,13,2025,6
2025,RREO,6,B,Governo do Estado do Amazonas,13,AM,3952262,RREO-Anexo 03,E,Padrão,PREVISÃO ATUALIZADA 2025,ITCDLiquidoExcetoTransferenciasEFUNDEB,ITCD,42248000.0,AM,13,2025,6
2025,RREO,6,B,Governo do Estado de Roraima,14,RR,634805,RREO-Anexo 03,E,Padrão,<MR-11>,ICMSLiquidoExcetoTransferenciasEFUNDEB,ICMS,185748602.22,RR,14,2025,6
2025,RREO,6,B,Governo do Estado de Roraima,14,RR,634805,RREO-Anexo 03,E,Padrão,<MR-10>,ICMSLiquidoExcetoTransferenciasEFUNDEB,ICMS,167464682.68,RR,14,2025,6
2025,RREO,6,B,Governo do Estado de Roraima,14,RR,634805,RREO-Anexo 03,E,Padrão,<MR-9>,ICMSLiquidoExcetoTransferenciasEFUNDEB,ICMS,161671208.61,RR,14,2025,6
2025,RREO,6,B,Governo do Estado de Roraima,14,RR,634805,RREO-Anexo 03,E,Padrão,<MR-8>,ICMSLiquidoExcetoTransferenciasEFUNDEB,ICMS,177072952.37,RR,14,2025,6
2025,RREO,6,B,Governo do Estado de Roraima,14,RR,634805,RREO-Anexo 03,E,Padrão,<MR-7>,ICMSLiquidoExcetoTransferenciasEFUNDEB,ICMS,170572455.3,RR,14,2025,6
2025,RREO,6,B,Governo do Estado de Roraima,14,RR,634805,RREO-Anexo 03,E,Padrão,<MR-6>,ICMSLiquidoExcetoTransferenciasEFUNDEB,ICMS,186229988.46,RR,14,2025,6
2025,RREO,6,B,Governo do Estado de Roraima,14,RR,634805,RREO-Anexo 03,E,Padrão,<MR-5>,ICMSLiquidoExcetoTransferenciasEFUNDEB,ICMS,162811761.83,RR,14,2025,6
2025,RREO,6,B,Governo do Estado de Roraima,14,RR,634805,RREO-Anexo 03,E,Padrão,<MR-4>,ICMSLiquidoExcetoTransferenciasEFUNDEB,ICMS,163225011.96,RR,14,2025,6
2025,RREO,6,B,Governo do Estado de Roraima,14,RR,634805,RREO-Anexo 03,E,Padrão,<MR-3>,ICMSLiquidoExcetoTransferenciasEFUNDEB,ICMS,198627299.84,RR,14,2025,6
2025,RREO,6,B,Governo do Estado de Roraima,14,RR,634805,RREO-Anexo 03,E,Padrão,<MR-2>,ICMSLiquidoExcetoTransferenciasEFUNDEB,ICMS,188360902.46,RR,14,2025,6
2025,RREO,6,B,Governo do Estado de Roraima,14,RR,634805,RREO-Anexo 03,E,Padrão,<MR-1>,ICMSLiquidoExcetoTransferenciasEFUNDEB,ICMS,183517819.16,RR,14,2025,6
2025,RREO,6,B,Governo do Estado de Roraima,14,RR,634805,RREO-Anexo 03,E,Padrão,<MR>,ICMSLiquidoExcetoTransferenciasEFUNDEB,ICMS,197186588.37,RR,14,2025,6
2025,RREO,6,B,Governo do Estado de Roraima,14,RR,634805,RREO-Anexo 03,E,Padrão,TOTAL (ÚLTIMOS 12 MESES),ICMSLiquidoExcetoTransferenciasEFUNDEB,ICMS,2142489273.26,RR,14,2025,6
2025,RREO,6,B,Governo do Estado de Roraima,14,RR,634805,RREO-Anexo 03,E,Padrão,PREVISÃO ATUALIZADA 2025,ICMSLiquidoExcetoTransferenciasEFUNDEB,ICMS,2252206155.0,RR,14,2025,6
2025,RREO,6,B,Governo do Estado de Roraima,14,RR,634805,RREO-Anexo 03,E,Padrão,<MR-11>,IPVALiquidoExcetoTransferenciasEFUNDEB,IPVA,11472779.25,RR,14,2025,6
2025,RREO,6,B,Governo do Estado de Roraima,14,RR,634805,RREO-Anexo 03,E,Padrão,<MR-10>,IPVALiquidoExcetoTransferenciasEFUNDEB,IPVA,21827559.18,RR,14,2025,6
2025,RREO,6,B,Governo do Estado de Roraima,14,RR,634805,RREO-Anexo 03,E,Padrão,<MR-9>,IPVALiquidoExcetoTransferenciasEFUNDEB,IPVA,12867778.41,RR,14,2025,6
2025,RREO,6,B,Governo do Estado de Roraima,14,RR,634805,RREO-Anexo 03,E,Padrão,<MR-8>,IPVALiquidoExcetoTransferenciasEFUNDEB,IPVA,11275806.47,RR,14,2025,6
2025,RREO,6,B,Governo do Estado de Roraima,14,RR,634805,RREO-Anexo 03,E,Padrão,<MR-7>,IPVALiquidoExcetoTransferenciasEFUNDEB,IPVA,11016942.68,RR,14,2025,6
2025,RREO,6,B,Governo do Estado de Roraima,14,RR,634805,RREO-Anexo 03,E,Padrão,<MR-6>,IPVALiquidoExcetoTransferenciasEFUNDEB,IPVA,12641848.38,RR,14,2025,6
2025,RREO,6,B,Governo do Estado de Roraima,14,RR,634805,RREO-Anexo 03,E,Padrão,<MR-5>,IPVALiquidoExcetoTransferenciasEFUNDEB,IPVA,13199908.58,RR,14,2025,6
2025,RREO,6,B,Governo do Estado de Roraima,14,RR,634805,RREO-Anexo 03,E,Padrão,<MR-4>,IPVALiquidoExcetoTransferenciasEFUNDEB,IPVA,17489221.29,RR,14,2025,6
2025,RREO,6,B,Governo do Estado de Roraima,14,RR,634805,RREO-Anexo 03,E,Padrão,<MR-3>,IPVALiquidoExcetoTransferenciasEFUNDEB,IPVA,11692533.21,RR,14,2025,6
2025,RREO,6,B,Governo do Estado de Roraima,14,RR,634805,RREO-Anexo 03,E,Padrão,<MR-2>,IPVALiquidoExcetoTransferenciasEFUNDEB,IPVA,6759027.51,RR,14,2025,6
2025,RREO,6,B,Governo do Estado de Roraima,14,RR,634805,RREO-Anexo 03,E,Padrão,<MR-1>,IPVALiquidoExcetoTransferenciasEFUNDEB,IPVA,4357192.6,RR,14,2025,6
2025,RREO,6,B,Governo do Estado de Roraima,14,RR,634805,RREO-Anexo 03,E,Padrão,<MR>,IPVALiquidoExcetoTransferenciasEFUNDEB,IPVA,4584110.13,RR,14,2025,6
2025,RREO,6,B,Governo do Estado de Roraima,14,RR,634805,RREO-Anexo 03,E,Padrão,TOTAL (ÚLTIMOS 12 MESES),IPVALiquidoExcetoTransferenciasEFUNDEB,IPVA,139184707.69,RR,14,2025,6
2025,RREO,6,B,Governo do Estado de Roraima,14,RR,634805,RREO-Anexo 03,E,Padrão,PREVISÃO ATUALIZADA 2025,IPVALiquidoExcetoTransferenciasEFUNDEB,IPVA,129643355.0,RR,14,2025,6
2025,RREO,6,B,Governo do Estado de Roraima,14,RR,634805,RREO-Anexo 03,E,Padrão,<MR-11>,ITCDLiquidoExcetoTransferenciasEFUNDEB,ITCD,340051.4,RR,14,2025,6
2025,RREO,6,B,Governo do Estado de Roraima,14,RR,634805,RREO-Anexo 03,E,Padrão,<MR-10>,ITCDLiquidoExcetoTransferenciasEFUNDEB,ITCD,410613.25,RR,14,2025,6
2025,RREO,6,B,Governo do Estado de Roraima,14,RR,634805,RREO-Anexo 03,E,Padrão,<MR-9>,ITCDLiquidoExcetoTransferenciasEFUNDEB,ITCD,596486.45,RR,14,2025,6
2025,RREO,6,B,Governo do Estado de Roraima,14,RR,634805,RREO-Anexo 03,E,Padrão,<MR-8>,ITCDLiquidoExcetoTransferenciasEFUNDEB,ITCD,419100.41,RR,14,2025,6
2025,RREO,6,B,Governo do Estado de Roraima,14,RR,634805,RREO-Anexo 03,E,Padrão,<MR-7>,ITCDLiquidoExcetoTransferenciasEFUNDEB,ITCD,818429.18,RR,14,2025,6
2025,RREO,6,B,Governo do Estado de Roraima,14,RR,634805,RREO-Anexo 03,E,Padrão,<MR-6>,ITCDLiquidoExcetoTransferenciasEFUNDEB,ITCD,687297.59,RR,14,2025,6
2025,RREO,6,B,Governo do Estado de Roraima,14,RR,634805,RREO-Anexo 03,E,Padrão,<MR-5>,ITCDLiquidoExcetoTransferenciasEFUNDEB,ITCD,1200735.71,RR,14,2025,6
2025,RREO,6,B,Governo do Estado de Roraima,14,RR,634805,RREO-Anexo 03,E,Padrão,<MR-4>,ITCDLiquidoExcetoTransferenciasEFUNDEB,ITCD,472174.43,RR,14,2025,6
2025,RREO,6,B,Governo do Estado de Roraima,14,RR,634805,RREO-Anexo 03,E,Padrão,<MR-3>,ITCDLiquidoExcetoTransferenciasEFUNDEB,ITCD,629778.78,RR,14,2025,6
2025,RREO,6,B,Governo do Estado de Roraima,14,RR,634805,RREO-Anexo 03,E,Padrão,<MR-2>,ITCDLiquidoExcetoTransferenciasEFUNDEB,ITCD,643282.6,RR,14,2025,6
2025,RREO,6,B,Governo do Estado de Roraima,14,RR,634805,RREO-Anexo 03,E,Padrão,<MR-1>,ITCDLiquidoExcetoTransferenciasEFUNDEB,ITCD,468290.27,RR,14,2025,6
2025,RREO,6,B,Governo do Estado de Roraima,14,RR,634805,RREO-Anexo 03,E,Padrão,<MR>,ITCDLiquidoExcetoTransferenciasEFUNDEB,ITCD,517877.74,RR,14,2025,6
2025,RREO,6,B,Governo do Estado de Roraima,14,RR,634805,RREO-Anexo 03,E,Padrão,TOTAL (ÚLTIMOS 12 MESES),ITCDLiquidoExcetoTransferenciasEFUNDEB,ITCD,7204117.81,RR,14,2025,6
2025,RREO,6,B,Governo do Estado de Roraima,14,RR,634805,RREO-Anexo 03,E,Padrão,PREVISÃO ATUALIZADA 2025,ITCDLiquidoExcetoTransferenciasEFUNDEB,ITCD,7938603.0,RR,14,2025,6
2025,RREO,6,B,Governo do Estado do Pará,15,PA,8442962,RREO-Anexo 03,E,Padrão,<MR-11>,ICMSLiquidoExcetoTransferenciasEFUNDEB,ICMS,2160251736.09,PA,15,2025,6
2025,RREO,6,B,Governo do Estado do Pará,15,PA,8442962,RREO-Anexo 03,E,Padrão,<MR-10>,ICMSLiquidoExcetoTransferenciasEFUNDEB,ICMS,1830078090.72,PA,15,2025,6
2025,RREO,6,B,Governo do Estado do Pará,15,PA,8442962,RREO-Anexo 03,E,Padrão,<MR-9>,ICMSLiquidoExcetoTransferenciasEFUNDEB,ICMS,1747704101.55,PA,15,2025,6
2025,RREO,6,B,Governo do Estado do Pará,15,PA,8442962,RREO-Anexo 03,E,Padrão,<MR-8>,ICMSLiquidoExcetoTransferenciasEFUNDEB,ICMS,1984976846.84,PA,15,2025,6
2025,RREO,6,B,Governo do Estado do Pará,15,PA,8442962,RREO-Anexo 03,E,Padrão,<MR-7>,ICMSLiquidoExcetoTransferenciasEFUNDEB,ICMS,1881381189.56,PA,15,2025,6
2025,RREO,6,B,Governo do Estado do Pará,15,PA,8442962,RREO-Anexo 03,E,Padrão,<MR-6>,ICMSLiquidoExcetoTransferenciasEFUNDEB,ICMS,2127506819.2,PA,15,2025,6
2025,RREO,6,B,Governo do Estado do Pará,15,PA,8442962,RREO-Anexo 03,E,Padrão,<MR-5>,ICMSLiquidoExcetoTransferenciasEFUNDEB,ICMS,2221687786.04,PA,15,2025,6
2025,RREO,6,B,Governo do Estado do Pará,15,PA,8442962,RREO-Anexo 03,E,Padrão,<MR-4>,ICMSLiquidoExcetoTransferenciasEFUNDEB,ICMS,2107200132.76,PA,15,2025,6
2025,RREO,6,B,Governo do Estado do Pará,15,PA,8442962,RREO-Anexo 03,E,Padrão,<MR-3>,ICMSLiquidoExcetoTransferenciasEFUNDEB,ICMS,2234918235.67,PA,15,2025,6
2025,RREO,6,B,Governo do Estado do Pará,15,PA,8442962,RREO-Anexo 03,E,Padrão,<MR-2>,ICMSLiquidoExcetoTransferenciasEFUNDEB,ICMS,2229061112.42,PA,15,2025,6
2025,RREO,6,B,Governo do Estado do Pará,15,PA,8442962,RREO-Anexo 03,E,Padrão,<MR-1>,ICMSLiquidoExcetoTransferenciasEFUNDEB,ICMS,2216660946.08,PA,15,2025,6
2025,RREO,6,B,Governo do Estado do Pará,15,PA,8442962,RREO-Anexo 03,E,Padrão,<MR>,ICMSLiquidoExcetoTransferenciasEFUNDEB,ICMS,2337718960.91,PA,15,2025,6
2025,RREO,6,B,Governo do Estado do Pará,15,PA,8442962,RREO-Anexo 03,E,Padrão,TOTAL (ÚLTIMOS 12 MESES),ICMSLiquidoExcetoTransferenciasEFUNDEB,ICMS,25079145957.84,PA,15,2025,6
2025,RREO,6,B,Governo do Estado do Pará,15,PA,8442962,RREO-Anexo 03,E,Padrão,PREVISÃO ATUALIZADA 2025,ICMSLiquidoExcetoTransferenciasEFUNDEB,ICMS,25692646067.43,PA,15,2025,6
2025,RREO,6,B,Governo do Estado do Pará,15,PA,8442962,RREO-Anexo 03,E,Padrão,<MR-11>,IPVALiquidoExcetoTransferenciasEFUNDEB,IPVA,103891988.8,PA,15,2025,6
2025,RREO,6,B,Governo do Estado do Pará,15,PA,8442962,RREO-Anexo 03,E,Padrão,<MR-10>,IPVALiquidoExcetoTransferenciasEFUNDEB,IPVA,100488282.32,PA,15,2025,6
2025,RREO,6,B,Governo do Estado do Pará,15,PA,8442962,RREO-Anexo 03,E,Padrão,<MR-9>,IPVALiquidoExcetoTransferenciasEFUNDEB,IPVA,149378536.12,PA,15,2025,6
2025,RREO,6,B,Governo do Estado do Pará,15,PA,8442962,RREO-Anexo 03,E,Padrão,<MR-8>,IPVALiquidoExcetoTransferenciasEFUNDEB,IPVA,136151117.22,PA,15,2025,6
2025,RREO,6,B,Governo do Estado do Pará,15,PA,8442962,RREO-Anexo 03,E,Padrão,<MR-7>,IPVALiquidoExcetoTransferenciasEFUNDEB,IPVA,146171002.55,PA,15,2025,6
2025,RREO,6,B,Governo do Estado do Pará,15,PA,8442962,RREO-Anexo 03,E,Padrão,<MR-6>,IPVALiquidoExcetoTransferenciasEFUNDEB,IPVA,148591800.22,PA,15,2025,6
2025,RREO,6,B,Governo do Estado do Pará,15,PA,8442962,RREO-Anexo 03,E,Padrão,<MR-5>,IPVALiquidoExcetoTransferenciasEFUNDEB,IPVA,165109124.73,PA,15,2025,6
2025,RREO,6,B,Governo do Estado do Pará,15,PA,8442962,RREO-Anexo 03,E,Padrão,<MR-4>,IPVALiquidoExcetoTransferenciasEFUNDEB,IPVA,137447647.11,PA,15,2025,6
2025,RREO,6,B,Governo do Estado do Pará,15,PA,8442962,RREO-Anexo 03,E,Padrão,<MR-3>,IPVALiquidoExcetoTransferenciasEFUNDEB,IPVA,144140493.09,PA,15,2025,6
2025,RREO,6,B,Governo do Estado do Pará,15,PA,8442962,RREO-Anexo 03,E,Padrão,<MR-2>,IPVALiquidoExcetoTransferenciasEFUNDEB,IPVA,117135293.06,PA,15,2025,6
2025,RREO,6,B,Governo do Estado do Pará,15,PA,8442962,RREO-Anexo 03,E,Padrão,<MR-1>,IPVALiquidoExcetoTransferenciasEFUNDEB,IPVA,73237284.17,PA,15,2025,6
2025,RREO,6,B,Governo do Estado do Pará,15,PA,8442962,RREO-Anexo 03,E,Padrão,<MR>,IPVALiquidoExcetoTransferenciasEFUNDEB,IPVA,61325098.41,PA,15,2025,6
2025,RREO,6,B,Governo do Estado do Pará,15,PA,8442962,RREO-Anexo 03,E,Padrão,TOTAL (ÚLTIMOS 12 MESES),IPVALiquidoExcetoTransferenciasEFUNDEB,IPVA,1483067667.8,PA,15,2025,6
2025,RREO,6,B,Governo do Estado do Pará,15,PA,8442962,RREO-Anexo 03,E,Padrão,PREVISÃO ATUALIZADA 2025,IPVALiquidoExcetoTransferenciasEFUNDEB,IPVA,1413269185.0,PA,15,2025,6
2025,RREO,6,B,Governo do Estado do Pará,15,PA,8442962,RREO-Anexo 03,E,Padrão,<MR-11>,ITCDLiquidoExcetoTransferenciasEFUNDEB,ITCD,6001339.06,PA,15,2025,6
2025,RREO,6,B,Governo do Estado do Pará,15,PA,8442962,RREO-Anexo 03,E,Padrão,<MR-10>,ITCDLiquidoExcetoTransferenciasEFUNDEB,ITCD,5696774.06,PA,15,2025,6
2025,RREO,6,B,Governo do Estado do Pará,15,PA,8442962,RREO-Anexo 03,E,Padrão,<MR-9>,ITCDLiquidoExcetoTransferenciasEFUNDEB,ITCD,5848454.31,PA,15,2025,6
2025,RREO,6,B,Governo do Estado do Pará,15,PA,8442962,RREO-Anexo 03,E,Padrão,<MR-8>,ITCDLiquidoExcetoTransferenciasEFUNDEB,ITCD,6005241.54,PA,15,2025,6
2025,RREO,6,B,Governo do Estado do Pará,15,PA,8442962,RREO-Anexo 03,E,Padrão,<MR-7>,ITCDLiquidoExcetoTransferenciasEFUNDEB,ITCD,4537527.66,PA,15,2025,6
2025,RREO,6,B,Governo do Estado do Pará,15,PA,8442962,RREO-Anexo 03,E,Padrão,<MR-6>,ITCDLiquidoExcetoTransferenciasEFUNDEB,ITCD,6769703.76,PA,15,2025,6
2025,RREO,6,B,Governo do Estado do Pará,15,PA,8442962,RREO-Anexo 03,E,Padrão,<MR-5>,ITCDLiquidoExcetoTransferenciasEFUNDEB,ITCD,7688517.56,PA,15,2025,6
2025,RREO,6,B,Governo do Estado do Pará,15,PA,8442962,RREO-Anexo 03,E,Padrão,<MR-4>,ITCDLiquidoExcetoTransferenciasEFUNDEB,ITCD,5464099.61,PA,15,2025,6
2025,RREO,6,B,Governo do Estado do Pará,15,PA,8442962,RREO-Anexo 03,E,Padrão,<MR-3>,ITCDLiquidoExcetoTransferenciasEFUNDEB,ITCD,8147662.33,PA,15,2025,6
2025,RREO,6,B,Governo do Estado do Pará,15,PA,8442962,RREO-Anexo 03,E,Padrão,<MR-2>,ITCDLiquidoExcetoTransferenciasEFUNDEB,ITCD,6483492.99,PA,15,2025,6
2025,RREO,6,B,Governo do Estado do Pará,15,PA,8442962,RREO-Anexo 03,E,Padrão,<MR-1>,ITCDLiquidoExcetoTransferenciasEFUNDEB,ITCD,4290887.57,PA,15,2025,6
2025,RREO,6,B,Governo do Estado do Pará,15,PA,8442962,RREO-Anexo 03,E,Padrão,<MR>,ITCDLiquidoExcetoTransferenciasEFUNDEB,ITCD,18292617.16,PA,15,2025,6
2025,RREO,6,B,Governo do Estado do Pará,15,PA,8442962,RREO-Anexo 03,E,Padrão,TOTAL (ÚLTIMOS 12 MESES),ITCDLiquidoExcetoTransferenciasEFUNDEB,ITCD,85226317.61,PA,15,2025,6
2025,RREO,6,B,Governo do Estado do Pará,15,PA,8442962,RREO-Anexo 03,E,Padrão,PREVISÃO ATUALIZADA 2025,ITCDLiquidoExcetoTransferenciasEFUNDEB,ITCD,68786655.0,PA,15,2025,6
2025,RREO,6,B,Governo do Estado do Amapá,16,AP,774268,RREO-Anexo 03,E,Padrão,<MR-11>,ICMSLiquidoExcetoTransferenciasEFUNDEB,ICMS,142692417.61,AP,16,2025,6
2025,RREO,6,B,Governo do Estado do Amapá,16,AP,774268,RREO-Anexo 03,E,Padrão,<MR-10>,ICMSLiquidoExcetoTransferenciasEFUNDEB,ICMS,112999923.32,AP,16,2025,6
2025,RREO,6,B,Governo do Estado do Amapá,16,AP,774268,RREO-Anexo 03,E,Padrão,<MR-9>,ICMSLiquidoExcetoTransferenciasEFUNDEB,ICMS,123750719.24,AP,16,2025,6
2025,RREO,6,B,Governo do Estado do Amapá,16,AP,774268,RREO-Anexo 03,E,Padrão,<MR-8>,ICMSLiquidoExcetoTransferenciasEFUNDEB,ICMS,132220472.54,AP,16,2025,6
2025,RREO,6,B,Governo do Estado do Amapá,16,AP,774268,RREO-Anexo 03,E,Padrão,<MR-7>,ICMSLiquidoExcetoTransferenciasEFUNDEB,ICMS,150119301.53,AP,16,2025,6
2025,RREO,6,B,Governo do Estado do Amapá,16,AP,774268,RREO-Anexo 03,E,Padrão,<MR-6>,ICMSLiquidoExcetoTransferenciasEFUNDEB,ICMS,149506371.83,AP,16,2025,6
2025,RREO,6,B,Governo do Estado do Amapá,16,AP,774268,RREO-Anexo 03,E,Padrão,<MR-5>,ICMSLiquidoExcetoTransferenciasEFUNDEB,ICMS,149045073.64,AP,16,2025,6
2025,RREO,6,B,Governo do Estado do Amapá,16,AP,774268,RREO-Anexo 03,E,Padrão,<MR-4>,ICMSLiquidoExcetoTransferenciasEFUNDEB,ICMS,138839570.39,AP,16,2025,6
2025,RREO,6,B,Governo do Estado do Amapá,16,AP,774268,RREO-Anexo 03,E,Padrão,<MR-3>,ICMSLiquidoExcetoTransferenciasEFUNDEB,ICMS,161740867.86,AP,16,2025,6
2025,RREO,6,B,Governo do Estado do Amapá,16,AP,774268,RREO-Anexo 03,E,Padrão,<MR-2>,ICMSLiquidoExcetoTransferenciasEFUNDEB,ICMS,152818197.28,AP,16,2025,6
2025,RREO,6,B,Governo do Estado do Amapá,16,AP,774268,RREO-Anexo 03,E,Padrão,<MR-1>,ICMSLiquidoExcetoTransferenciasEFUNDEB,ICMS,140415499.13,AP,16,2025,6
2025,RREO,6,B,Governo do Estado do Amapá,16,AP,774268,RREO-Anexo 03,E,Padrão,<MR>,ICMSLiquidoExcetoTransferenciasEFUNDEB,ICMS,148779269.01,AP,16,2025,6
2025,RREO,6,B,Governo do Estado do Amapá,16,AP,774268,RREO-Anexo 03,E,Padrão,TOTAL (ÚLTIMOS 12 MESES),ICMSLiquidoExcetoTransferenciasEFUNDEB,ICMS,1702927683.38,AP,16,2025,6
2025,RREO,6,B,Governo do Estado do Amapá,16,AP,774268,RREO-Anexo 03,E,Padrão,PREVISÃO ATUALIZADA 2025,ICMSLiquidoExcetoTransferenciasEFUNDEB,ICMS,1647327967.0,AP,16,2025,6
2025,RREO,6,B,Governo do Estado do Amapá,16,AP,774268,RREO-Anexo 03,E,Padrão,<MR-11>,IPVALiquidoExcetoTransferenciasEFUNDEB,IPVA,9165635.79,AP,16,2025,6
2025,RREO,6,B,Governo do Estado do Amapá,16,AP,774268,RREO-Anexo 03,E,Padrão,<MR-10>,IPVALiquidoExcetoTransferenciasEFUNDEB,IPVA,10055213.61,AP,16,2025,6
2025,RREO,6,B,Governo do Estado do Amapá,16,AP,774268,RREO-Anexo 03,E,Padrão,<MR-9>,IPVALiquidoExcetoTransferenciasEFUNDEB,IPVA,36819354.69,AP,16,2025,6
2025,RREO,6,B,Governo do Estado do Amapá,16,AP,774268,RREO-Anexo 03,E,Padrão,<MR-8>,IPVALiquidoExcetoTransferenciasEFUNDEB,IPVA,15059694.99,AP,16,2025,6
2025,RREO,6,B,Governo do Estado do Amapá,16,AP,774268,RREO-Anexo 03,E,Padrão,<MR-7>,IPVALiquidoExcetoTransferenciasEFUNDEB,IPVA,9734265.01,AP,16,2025,6
2025,RREO,6,B,Governo do Estado do Amapá,16,AP,774268,RREO-Anexo 03,E,Padrão,<MR-6>,IPVALiquidoExcetoTransferenciasEFUNDEB,IPVA,10529732.67,AP,16,2025,6
2025,RREO,6,B,Governo do Estado do Amapá,16,AP,774268,RREO-Anexo 03,E,Padrão,<MR-5>,IPVALiquidoExcetoTransferenciasEFUNDEB,IPVA,11761894.47,AP,16,2025,6
2025,RREO,6,B,Governo do Estado do Amapá,16,AP,774268,RREO-Anexo 03,E,Padrão,<MR-4>,IPVALiquidoExcetoTransferenciasEFUNDEB,IPVA,10406593.14,AP,16,2025,6
2025,RREO,6,B,Governo do Estado do Amapá,16,AP,774268,RREO-Anexo 03,E,Padrão,<MR-3>,IPVALiquidoExcetoTransferenciasEFUNDEB,IPVA,12788323.55,AP,16,2025,6
2025,RREO,6,B,Governo do Estado do Amapá,16,AP,774268,RREO-Anexo 03,E,Padrão,<MR-2>,IPVALiquidoExcetoTransferenciasEFUNDEB,IPVA,9839476.37,AP,16,2025,6
2025,RREO,6,B,Governo do Estado do Amapá,16,AP,774268,RREO-Anexo 03,E,Padrão,<MR-1>,IPVALiquidoExcetoTransferenciasEFUNDEB,IPVA,6344154.34,AP,16,2025,6
2025,RREO,6,B,Governo do Estado do Amapá,16,AP,774268,RREO-Anexo 03,E,Padrão,<MR>,IPVALiquidoExcetoTransferenciasEFUNDEB,IPVA,6222938.74,AP,16,2025,6
2025,RREO,6,B,Governo do Estado do Amapá,16,AP,774268,RREO-Anexo 03,E,Padrão,TOTAL (ÚLTIMOS 12 MESES),IPVALiquidoExcetoTransferenciasEFUNDEB,IPVA,148727277.37,AP,16,2025,6
2025,RREO,6,B,Governo do Estado do Amapá,16,AP,774268,RREO-Anexo 03,E,Padrão,PREVISÃO ATUALIZADA 2025,IPVALiquidoExcetoTransferenciasEFUNDEB,IPVA,148026686.0,AP,16,2025,6
2025,RREO,6,B,Governo do Estado do Amapá,16,AP,774268,RREO-Anexo 03,E,Padrão,<MR-11>,ITCDLiquidoExcetoTransferenciasEFUNDEB,ITCD,599172.78,AP,16,2025,6
2025,RREO,6,B,Governo do Estado do Amapá,16,AP,774268,RREO-Anexo 03,E,Padrão,<MR-10>,ITCDLiquidoExcetoTransferenciasEFUNDEB,ITCD,82277.43,AP,16,2025,6
2025,RREO,6,B,Governo do Estado do Amapá,16,AP,774268,RREO-Anexo 03,E,Padrão,<MR-9>,ITCDLiquidoExcetoTransferenciasEFUNDEB,ITCD,327084.45,AP,16,2025,6
2025,RREO,6,B,Governo do Estado do Amapá,16,AP,774268,RREO-Anexo 03,E,Padrão,<MR-8>,ITCDLiquidoExcetoTransferenciasEFUNDEB,ITCD,173814.03,AP,16,2025,6
2025,RREO,6,B,Governo do Estado do Amapá,16,AP,774268,RREO-Anexo 03,E,Padrão,<MR-7>,ITCDLiquidoExcetoTransferenciasEFUNDEB,ITCD,255179.99,AP,16,2025,6
2025,RREO,6,B,Governo do Estado do Amapá,16,AP,774268,RREO-Anexo 03,E,Padrão,<MR-6>,ITCDLiquidoExcetoTransferenciasEFUNDEB,ITCD,146435.27,AP,16,2025,6
2025,RREO,6,B,Governo do Estado do Amapá,16,AP,774268,RREO-Anexo 03,E,Padrão,<MR-5>,ITCDLiquidoExcetoTransferenciasEFUNDEB,ITCD,295249.64,AP,16,2025,6
2025,RREO,6,B,Governo do Estado do Amapá,16,AP,774268,RREO-Anexo 03,E,Padrão,<MR-4>,ITCDLiquidoExcetoTransferenciasEFUNDEB,ITCD,250418.14,AP,16,2025,6
2025,RREO,6,B,Governo do Estado do Amapá,16,AP,774268,RREO-Anexo 03,E,Padrão,<MR-3>,ITCDLiquidoExcetoTransferenciasEFUNDEB,ITCD,395573.16,AP,16,2025,6
2025,RREO,6,B,Governo do Estado do Amapá,16,AP,774268,RREO-Anexo 03,E,Padrão,<MR-2>,ITCDLiquidoExcetoTransferenciasEFUNDEB,ITCD,540835.37,AP,16,2025,6
2025,RREO,6,B,Governo do Estado do Amapá,16,AP,774268,RREO-Anexo 03,E,Padrão,<MR-1>,ITCDLiquidoExcetoTransferenciasEFUNDEB,ITCD,284189.02,AP,16,2025,6
2025,RREO,6,B,Governo do Estado do Amapá,16,AP,774268,RREO-Anexo 03,E,Padrão,<MR>,ITCDLiquidoExcetoTransferenciasEFUNDEB,ITCD,324963.87,AP,16,2025,6
2025,RREO,6,B,Governo do Estado do Amapá,16,AP,774268,RREO-Anexo 03,E,Padrão,TOTAL (ÚLTIMOS 12 MESES),ITCDLiquidoExcetoTransferenciasEFUNDEB,ITCD,3675193.15,AP,16,2025,6
2025,RREO,6,B,Governo do Estado do Amapá,16,AP,774268,RREO-Anexo 03,E,Padrão,PREVISÃO ATUALIZADA 2025,ITCDLiquidoExcetoTransferenciasEFUNDEB,ITCD,3638956.0,AP,16,2025,6
2025,RREO,6,B,Governo do Estado do Tocantins,17,TO,1584306,RREO-Anexo 03,E,Padrão,<MR-11>,ICMSLiquidoExcetoTransferenciasEFUNDEB,ICMS,505835706.0,TO,17,2025,6
2025,RREO,6,B,Governo do Estado do Tocantins,17,TO,1584306,RREO-Anexo 03,E,Padrão,<MR-10>,ICMSLiquidoExcetoTransferenciasEFUNDEB,ICMS,461704781.59,TO,17,2025,6
2025,RREO,6,B,Governo do Estado do Tocantins,17,TO,1584306,RREO-Anexo 03,E,Padrão,<MR-9>,ICMSLiquidoExcetoTransferenciasEFUNDEB,ICMS,470927614.69,TO,17,2025,6
2025,RREO,6,B,Governo do Estado do Tocantins,17,TO,1584306,RREO-Anexo 03,E,Padrão,<MR-8>,ICMSLiquidoExcetoTransferenciasEFUNDEB,ICMS,515191166.06,TO,17,2025,6
2025,RREO,6,B,Governo do Estado do Tocantins,17,TO,1584306,RREO-Anexo 03,E,Padrão,<MR-7>,ICMSLiquidoExcetoTransferenciasEFUNDEB,ICMS,508897979.8,TO,17,2025,6
2025,RREO,6,B,Governo do Estado do Tocantins,17,TO,1584306,RREO-Anexo 03,E,Padrão,<MR-6>,ICMSLiquidoExcetoTransferenciasEFUNDEB,ICMS,542824793.54,TO,17,2025,6
2025,RREO,6,B,Governo do Estado do Tocantins,17,TO,1584306,RREO-Anexo 03,E,Padrão,<MR-5>,ICMSLiquidoExcetoTransferenciasEFUNDEB,ICMS,561892094.88,TO,17,2025,6
2025,RREO,6,B,Governo do Estado do Tocantins,17,TO,1584306,RREO-Anexo 03,E,Padrão,<MR-4>,ICMSLiquidoExcetoTransferenciasEFUNDEB,ICMS,560656243.7,TO,17,2025,6
2025,RREO,6,B,Governo do Estado do Tocantins,17,TO,1584306,RREO-Anexo 03,E,Padrão,<MR-3>,ICMSLiquidoExcetoTransferenciasEFUNDEB,ICMS,558643669.11,TO,17,2025,6
2025,RREO,6,B,Governo do Estado do Tocantins,17,TO,1584306,RREO-Anexo 03,E,Padrão,<MR-2>,ICMSLiquidoExcetoTransferenciasEFUNDEB,ICMS,595064357.04,TO,17,2025,6
2025,RREO,6,B,Governo do Estado do Tocantins,17,TO,1584306,RREO-Anexo 03,E,Padrão,<MR-1>,ICMSLiquidoExcetoTransferenciasEFUNDEB,ICMS,572210453.09,TO,17,2025,6
2025,RREO,6,B,Governo do Estado do Tocantins,17,TO,1584306,RREO-Anexo 03,E,Padrão,<MR>,ICMSLiquidoExcetoTransferenciasEFUNDEB,ICMS,547060287.21,TO,17,2025,6
2025,RREO,6,B,Governo do Estado do Tocantins,17,TO,1584306,RREO-Anexo 03,E,Padrão,TOTAL (ÚLTIMOS 12 MESES),ICMSLiquidoExcetoTransferenciasEFUNDEB,ICMS,6400909146.71,TO,17,2025,6
2025,RREO,6,B,Governo do Estado do Tocantins,17,TO,1584306,RREO-Anexo 03,E,Padrão,PREVISÃO ATUALIZADA 2025,ICMSLiquidoExcetoTransferenciasEFUNDEB,ICMS,6522142825.38,TO,17,2025,6
2025,RREO,6,B,Governo do Estado do Tocantins,17,TO,1584306,RREO-Anexo 03,E,Padrão,<MR-11>,IPVALiquidoExcetoTransferenciasEFUNDEB,IPVA,76456119.74,TO,17,2025,6
2025,RREO,6,B,Governo do Estado do Tocantins,17,TO,1584306,RREO-Anexo 03,E,Padrão,<MR-10>,IPVALiquidoExcetoTransferenciasEFUNDEB,IPVA,48872258.48,TO,17,2025,6
2025,RREO,6,B,Governo do Estado do Tocantins,17,TO,1584306,RREO-Anexo 03,E,Padrão,<MR-9>,IPVALiquidoExcetoTransferenciasEFUNDEB,IPVA,24808327.54,TO,17,2025,6
2025,RREO,6,B,Governo do Estado do Tocantins,17,TO,1584306,RREO-Anexo 03,E,Padrão,<MR-8>,IPVALiquidoExcetoTransferenciasEFUNDEB,IPVA,24438227.55,TO,17,2025,6
2025,RREO,6,B,Governo do Estado do Tocantins,17,TO,1584306,RREO-Anexo 03,E,Padrão,<MR-7>,IPVALiquidoExcetoTransferenciasEFUNDEB,IPVA,24550936.8,TO,17,2025,6
2025,RREO,6,B,Governo do Estado do Tocantins,17,TO,1584306,RREO-Anexo 03,E,Padrão,<MR-6>,IPVALiquidoExcetoTransferenciasEFUNDEB,IPVA,23999952.08,TO,17,2025,6
2025,RREO,6,B,Governo do Estado do Tocantins,17,TO,1584306,RREO-Anexo 03,E,Padrão,<MR-5>,IPVALiquidoExcetoTransferenciasEFUNDEB,IPVA,28432672.35,TO,17,2025,6
2025,RREO,6,B,Governo do Estado do Tocantins,17,TO,1584306,RREO-Anexo 03,E,Padrão,<MR-4>,IPVALiquidoExcetoTransferenciasEFUNDEB,IPVA,28541832.5,TO,17,2025,6
2025,RREO,6,B,Governo do Estado do Tocantins,17,TO,1584306,RREO-Anexo 03,E,Padrão,<MR-3>,IPVALiquidoExcetoTransferenciasEFUNDEB,IPVA,49660667.93,TO,17,2025,6
2025,RREO,6,B,Governo do Estado do Tocantins,17,TO,1584306,RREO-Anexo 03,E,Padrão,<MR-2>,IPVALiquidoExcetoTransferenciasEFUNDEB,IPVA,190813441.89,TO,17,2025,6
2025,RREO,6,B,Governo do Estado do Tocantins,17,TO,1584306,RREO-Anexo 03,E,Padrão,<MR-1>,IPVALiquidoExcetoTransferenciasEFUNDEB,IPVA,23302381.68,TO,17,2025,6
2025,RREO,6,B,Governo do Estado do Tocantins,17,TO,1584306,RREO-Anexo 03,E,Padrão,<MR>,IPVALiquidoExcetoTransferenciasEFUNDEB,IPVA,63674165.75,TO,17,2025,6
2025,RREO,6,B,Governo do Estado do Tocantins,17,TO,1584306,RREO-Anexo 03,E,Padrão,TOTAL (ÚLTIMOS 12 MESES),IPVALiquidoExcetoTransferenciasEFUNDEB,IPVA,607550984.29,TO,17,2025,6
2025,RREO,6,B,Governo do Estado do Tocantins,17,TO,1584306,RREO-Anexo 03,E,Padrão,PREVISÃO ATUALIZADA 2025,IPVALiquidoExcetoTransferenciasEFUNDEB,IPVA,534469341.0,TO,17,2025,6
2025,RREO,6,B,Governo do Estado do Tocantins,17,TO,1584306,RREO-Anexo 03,E,Padrão,<MR-11>,ITCDLiquidoExcetoTransferenciasEFUNDEB,ITCD,7599913.71,TO,17,2025,6
2025,RREO,6,B,Governo do Estado do Tocantins,17,TO,1584306,RREO-Anexo 03,E,Padrão,<MR-10>,ITCDLiquidoExcetoTransferenciasEFUNDEB,ITCD,6780702.54,TO,17,2025,6
2025,RREO,6,B,Governo do Estado do Tocantins,17,TO,1584306,RREO-Anexo 03,E,Padrão,<MR-9>,ITCDLiquidoExcetoTransferenciasEFUNDEB,ITCD,12455980.02,TO,17,2025,6
2025,RREO,6,B,Governo do Estado do Tocantins,17,TO,1584306,RREO-Anexo 03,E,Padrão,<MR-8>,ITCDLiquidoExcetoTransferenciasEFUNDEB,ITCD,8807004.03,TO,17,2025,6
2025,RREO,6,B,Governo do Estado do Tocantins,17,TO,1584306,RREO-Anexo 03,E,Padrão,<MR-7>,ITCDLiquidoExcetoTransferenciasEFUNDEB,ITCD,8228076.1,TO,17,2025,6
2025,RREO,6,B,Governo do Estado do Tocantins,17,TO,1584306,RREO-Anexo 03,E,Padrão,<MR-6>,ITCDLiquidoExcetoTransferenciasEFUNDEB,ITCD,9935218.37,TO,17,2025,6
2025,RREO,6,B,Governo do Estado do Tocantins,17,TO,1584306,RREO-Anexo 03,E,Padrão,<MR-5>,ITCDLiquidoExcetoTransferenciasEFUNDEB,ITCD,8509673.28,TO,17,2025,6
2025,RREO,6,B,Governo do Estado do Tocantins,17,TO,1584306,RREO-Anexo 03,E,Padrão,<MR-4>,ITCDLiquidoExcetoTransferenciasEFUNDEB,ITCD,6530753.26,TO,17,2025,6
2025,RREO,6,B,Governo do Estado do Tocantins,17,TO,1584306,RREO-Anexo 03,E,Padrão,<MR-3>,ITCDLiquidoExcetoTransferenciasEFUNDEB,ITCD,10249633.6,TO,17,2025,6
2025,RREO,6,B,Governo do Estado do Tocantins,17,TO,1584306,RREO-Anexo 03,E,Padrão,<MR-2>,ITCDLiquidoExcetoTransferenciasEFUNDEB,ITCD,7279319.22,TO,17,2025,6
2025,RREO,6,B,Governo do Estado do Tocantins,17,TO,1584306,RREO-Anexo 03,E,Padrão,<MR-1>,ITCDLiquidoExcetoTransferenciasEFUNDEB,ITCD,7985335.02,TO,17,2025,6
2025,RREO,6,B,Governo do Estado do Tocantins,17,TO,1584306,RREO-Anexo 03,E,Padrão,<MR>,ITCDLiquidoExcetoTransferenciasEFUNDEB,ITCD,11183573.16,TO,17,2025,6
2025,RREO,6,B,Governo do Estado do Tocantins,17,TO,1584306,RREO-Anexo 03,E,Padrão,TOTAL (ÚLTIMOS 12 MESES),ITCDLiquidoExcetoTransferenciasEFUNDEB,ITCD,105545182.31,TO,17,2025,6
2025,RREO,6,B,Governo do Estado do Tocantins,17,TO,1584306,RREO-Anexo 03,E,Padrão,PREVISÃO ATUALIZADA 2025,ITCDLiquidoExcetoTransferenciasEFUNDEB,ITCD,92832565.0,TO,17,2025,6
2025,RREO,6,B,Governo do Estado do Maranhão,21,MA,6800605,RREO-Anexo 03,E,Padrão,<MR-11>,ICMSLiquidoExcetoTransferenciasEFUNDEB,ICMS,1284014019.78,MA,21,2025,6
2025,RREO,6,B,Governo do Estado do Maranhão,21,MA,6800605,RREO-Anexo 03,E,Padrão,<MR-10>,ICMSLiquidoExcetoTransferenciasEFUNDEB,ICMS,1174200927.12,MA,21,2025,6
2025,RREO,6,B,Governo do Estado do Maranhão,21,MA,6800605,RREO-Anexo 03,E,Padrão,<MR-9>,ICMSLiquidoExcetoTransferenciasEFUNDEB,ICMS,1047895831.33,MA,21,2025,6
2025,RREO,6,B,Governo do Estado do Maranhão,21,MA,6800605,RREO-Anexo 03,E,Padrão,<MR-8>,ICMSLiquidoExcetoTransferenciasEFUNDEB,ICMS,1210102116.34,MA,21,2025,6
2025,RREO,6,B,Governo do Estado do Maranhão,21,MA,6800605,RREO-Anexo 03,E,Padrão,<MR-7>,ICMSLiquidoExcetoTransferenciasEFUNDEB,ICMS,1167219600.45,MA,21,2025,6
2025,RREO,6,B,Governo do Estado do Maranhão,21,MA,6800605,RREO-Anexo 03,E,Padrão,<MR-6>,ICMSLiquidoExcetoTransferenciasEFUNDEB,ICMS,1307495056.82,MA,21,2025,6
2025,RREO,6,B,Governo do Estado do Maranhão,21,MA,6800605,RREO-Anexo 03,E,Padrão,<MR-5>,ICMSLiquidoExcetoTransferenciasEFUNDEB,ICMS,1395414210.02,MA,21,2025,6
2025,RREO,6,B,Governo do Estado do Maranhão,21,MA,6800605,RREO-Anexo 03,E,Padrão,<MR-4>,ICMSLiquidoExcetoTransferenciasEFUNDEB,ICMS,1356464127.45,MA,21,2025,6
2025,RREO,6,B,Governo do Estado do Maranhão,21,MA,6800605,RREO-Anexo 03,E,Padrão,<MR-3>,ICMSLiquidoExcetoTransferenciasEFUNDEB,ICMS,1519621314.39,MA,21,2025,6
2025,RREO,6,B,Governo do Estado do Maranhão,21,MA,6800605,RREO-Anexo 03,E,Padrão,<MR-2>,ICMSLiquidoExcetoTransferenciasEFUNDEB,ICMS,1438716225.9,MA,21,2025,6
2025,RREO,6,B,Governo do Estado do Maranhão,21,MA,6800605,RREO-Anexo 03,E,Padrão,<MR-1>,ICMSLiquidoExcetoTransferenciasEFUNDEB,ICMS,1458902558.7,MA,21,2025,6
2025,RREO,6,B,Governo do Estado do Maranhão,21,MA,6800605,RREO-Anexo 03,E,Padrão,<MR>,ICMSLiquidoExcetoTransferenciasEFUNDEB,ICMS,1453198169.28,MA,21,2025,6
2025,RREO,6,B,Governo do Estado do Maranhão,21,MA,6800605,RREO-Anexo 03,E,Padrão,TOTAL (ÚLTIMOS 12 MESES),ICMSLiquidoExcetoTransferenciasEFUNDEB,ICMS,15813244157.58,MA,21,2025,6
2025,RREO,6,B,Governo do Estado do Maranhão,21,MA,6800605,RREO-Anexo 03,E,Padrão,PREVISÃO ATUALIZADA 2025,ICMSLiquidoExcetoTransferenciasEFUNDEB,ICMS,14783562628.0,MA,21,2025,6
2025,RREO,6,B,Governo do Estado do Maranhão,21,MA,6800605,RREO-Anexo 03,E,Padrão,<MR-11>,IPVALiquidoExcetoTransferenciasEFUNDEB,IPVA,94242999.91,MA,21,2025,6
2025,RREO,6,B,Governo do Estado do Maranhão,21,MA,6800605,RREO-Anexo 03,E,Padrão,<MR-10>,IPVALiquidoExcetoTransferenciasEFUNDEB,IPVA,253704503.79,MA,21,2025,6
2025,RREO,6,B,Governo do Estado do Maranhão,21,MA,6800605,RREO-Anexo 03,E,Padrão,<MR-9>,IPVALiquidoExcetoTransferenciasEFUNDEB,IPVA,125049925.49,MA,21,2025,6
2025,RREO,6,B,Governo do Estado do Maranhão,21,MA,6800605,RREO-Anexo 03,E,Padrão,<MR-8>,IPVALiquidoExcetoTransferenciasEFUNDEB,IPVA,119517389.8,MA,21,2025,6
2025,RREO,6,B,Governo do Estado do Maranhão,21,MA,6800605,RREO-Anexo 03,E,Padrão,<MR-7>,IPVALiquidoExcetoTransferenciasEFUNDEB,IPVA,122743853.09,MA,21,2025,6
2025,RREO,6,B,Governo do Estado do Maranhão,21,MA,6800605,RREO-Anexo 03,E,Padrão,<MR-6>,IPVALiquidoExcetoTransferenciasEFUNDEB,IPVA,89857563.66,MA,21,2025,6
2025,RREO,6,B,Governo do Estado do Maranhão,21,MA,6800605,RREO-Anexo 03,E,Padrão,<MR-5>,IPVALiquidoExcetoTransferenciasEFUNDEB,IPVA,75047592.41,MA,21,2025,6
2025,RREO,6,B,Governo do Estado do Maranhão,21,MA,6800605,RREO-Anexo 03,E,Padrão,<MR-4>,IPVALiquidoExcetoTransferenciasEFUNDEB,IPVA,55096145.68,MA,21,2025,6
2025,RREO,6,B,Governo do Estado do Maranhão,21,MA,6800605,RREO-Anexo 03,E,Padrão,<MR-3>,IPVALiquidoExcetoTransferenciasEFUNDEB,IPVA,50287533.13,MA,21,2025,6
2025,RREO,6,B,Governo do Estado do Maranhão,21,MA,6800605,RREO-Anexo 03,E,Padrão,<MR-2>,IPVALiquidoExcetoTransferenciasEFUNDEB,IPVA,47327162.25,MA,21,2025,6
2025,RREO,6,B,Governo do Estado do Maranhão,21,MA,6800605,RREO-Anexo 03,E,Padrão,<MR-1>,IPVALiquidoExcetoTransferenciasEFUNDEB,IPVA,29686168.55,MA,21,2025,6
2025,RREO,6,B,Governo do Estado do Maranhão,21,MA,6800605,RREO-Anexo 03,E,Padrão,<MR>,IPVALiquidoExcetoTransferenciasEFUNDEB,IPVA,40938329.23,MA,21,2025,6
2025,RREO,6,B,Governo do Estado do Maranhão,21,MA,6800605,RREO-Anexo 03,E,Padrão,TOTAL (ÚLTIMOS 12 MESES),IPVALiquidoExcetoTransferenciasEFUNDEB,IPVA,1103499166.99,MA,21,2025,6
2025,RREO,6,B,Governo do Estado do Maranhão,21,MA,6800605,RREO-Anexo 03,E,Padrão,PREVISÃO ATUALIZADA 2025,IPVALiquidoExcetoTransferenciasEFUNDEB,IPVA,1211702000.0,MA,21,2025,6
2025,RREO,6,B,Governo do Estado do Maranhão,21,MA,6800605,RREO-Anexo 03,E,Padrão,<MR-11>,ITCDLiquidoExcetoTransferenciasEFUNDEB,ITCD,4839871.84,MA,21,2025,6
2025,RREO,6,B,Governo do Estado do Maranhão,21,MA,6800605,RREO-Anexo 03,E,Padrão,<MR-10>,ITCDLiquidoExcetoTransferenciasEFUNDEB,ITCD,7116362.11,MA,21,2025,6
2025,RREO,6,B,Governo do Estado do Maranhão,21,MA,6800605,RREO-Anexo 03,E,Padrão,<MR-9>,ITCDLiquidoExcetoTransferenciasEFUNDEB,ITCD,5995247.4,MA,21,2025,6
2025,RREO,6,B,Governo do Estado do Maranhão,21,MA,6800605,RREO-Anexo 03,E,Padrão,<MR-8>,ITCDLiquidoExcetoTransferenciasEFUNDEB,ITCD,5422064.46,MA,21,2025,6
2025,RREO,6,B,Governo do Estado do Maranhão,21,MA,6800605,RREO-Anexo 03,E,Padrão,<MR-7>,ITCDLiquidoExcetoTransferenciasEFUNDEB,ITCD,7434552.36,MA,21,2025,6
2025,RREO,6,B,Governo do Estado do Maranhão,21,MA,6800605,RREO-Anexo 03,E,Padrão,<MR-6>,ITCDLiquidoExcetoTransferenciasEFUNDEB,ITCD,5492264.12,MA,21,2025,6
2025,RREO,6,B,Governo do Estado do Maranhão,21,MA,6800605,RREO-Anexo 03,E,Padrão,<MR-5>,ITCDLiquidoExcetoTransferenciasEFUNDEB,ITCD,9749265.07,MA,21,2025,6
2025,RREO,6,B,Governo do Estado do Maranhão,21,MA,6800605,RREO-Anexo 03,E,Padrão,<MR-4>,ITCDLiquidoExcetoTransferenciasEFUNDEB,ITCD,5660492.42,MA,21,2025,6
2025,RREO,6,B,Governo do Estado do Maranhão,21,MA,6800605,RREO-Anexo 03,E,Padrão,<MR-3>,ITCDLiquidoExcetoTransferenciasEFUNDEB,ITCD,3875966.77,MA,21,2025,6
2025,RREO,6,B,Governo do Estado do Maranhão,21,MA,6800605,RREO-Anexo 03,E,Padrão,<MR-2>,ITCDLiquidoExcetoTransferenciasEFUNDEB,ITCD,20473732.97,MA,21,2025,6
2025,RREO,6,B,Governo do Estado do Maranhão,21,MA,6800605,RREO-Anexo 03,E,Padrão,<MR-1>,ITCDLiquidoExcetoTransferenciasEFUNDEB,ITCD,5652007.7,MA,21,2025,6
2025,RREO,6,B,Governo do Estado do Maranhão,21,MA,6800605,RREO-Anexo 03,E,Padrão,<MR>,ITCDLiquidoExcetoTransferenciasEFUNDEB,ITCD,17545065.79,MA,21,2025,6
2025,RREO,6,B,Governo do Estado do Maranhão,21,MA,6800605,RREO-Anexo 03,E,Padrão,TOTAL (ÚLTIMOS 12 MESES),ITCDLiquidoExcetoTransferenciasEFUNDEB,ITCD,99256893.01,MA,21,2025,6
2025,RREO,6,B,Governo do Estado do Maranhão,21,MA,6800605,RREO-Anexo 03,E,Padrão,PREVISÃO ATUALIZADA 2025,ITCDLiquidoExcetoTransferenciasEFUNDEB,ITCD,85274000.0,MA,21,2025,6
2025,RREO,6,B,Governo do Estado do Piauí,22,PI,3270174,RREO-Anexo 03,E,Padrão,<MR-11>,ICMSLiquidoExcetoTransferenciasEFUNDEB,ICMS,670599996.58,PI,22,2025,6
2025,RREO,6,B,Governo do Estado do Piauí,22,PI,3270174,RREO-Anexo 03,E,Padrão,<MR-10>,ICMSLiquidoExcetoTransferenciasEFUNDEB,ICMS,619884640.99,PI,22,2025,6
2025,RREO,6,B,Governo do Estado do Piauí,22,PI,3270174,RREO-Anexo 03,E,Padrão,<MR-9>,ICMSLiquidoExcetoTransferenciasEFUNDEB,ICMS,591049874.73,PI,22,2025,6
2025,RREO,6,B,Governo do Estado do Piauí,22,PI,3270174,RREO-Anexo 03,E,Padrão,<MR-8>,ICMSLiquidoExcetoTransferenciasEFUNDEB,ICMS,660874189.78,PI,22,2025,6
2025,RREO,6,B,Governo do Estado do Piauí,22,PI,3270174,RREO-Anexo 03,E,Padrão,<MR-7>,ICMSLiquidoExcetoTransferenciasEFUNDEB,ICMS,662677926.72,PI,22,2025,6
2025,RREO,6,B,Governo do Estado do Piauí,22,PI,3270174,RREO-Anexo 03,E,Padrão,<MR-6>,ICMSLiquidoExcetoTransferenciasEFUNDEB,ICMS,734897772.89,PI,22,2025,6
2025,RREO,6,B,Governo do Estado do Piauí,22,PI,3270174,RREO-Anexo 03,E,Padrão,<MR-5>,ICMSLiquidoExcetoTransferenciasEFUNDEB,ICMS,725046345.29,PI,22,2025,6
2025,RREO,6,B,Governo do Estado do Piauí,22,PI,3270174,RREO-Anexo 03,E,Padrão,<MR-4>,ICMSLiquidoExcetoTransferenciasEFUNDEB,ICMS,773297361.32,PI,22,2025,6
2025,RREO,6,B,Governo do Estado do Piauí,22,PI,3270174,RREO-Anexo 03,E,Padrão,<MR-3>,ICMSLiquidoExcetoTransferenciasEFUNDEB,ICMS,747978074.8,PI,22,2025,6
2025,RREO,6,B,Governo do Estado do Piauí,22,PI,3270174,RREO-Anexo 03,E,Padrão,<MR-2>,ICMSLiquidoExcetoTransferenciasEFUNDEB,ICMS,751243471.44,PI,22,2025,6
2025,RREO,6,B,Governo do Estado do Piauí,22,PI,3270174,RREO-Anexo 03,E,Padrão,<MR-1>,ICMSLiquidoExcetoTransferenciasEFUNDEB,ICMS,771989639.97,PI,22,2025,6
2025,RREO,6,B,Governo do Estado do Piauí,22,PI,3270174,RREO-Anexo 03,E,Padrão,<MR>,ICMSLiquidoExcetoTransferenciasEFUNDEB,ICMS,767244468.11,PI,22,2025,6
2025,RREO,6,B,Governo do Estado do Piauí,22,PI,3270174,RREO-Anexo 03,E,Padrão,TOTAL (ÚLTIMOS 12 MESES),ICMSLiquidoExcetoTransferenciasEFUNDEB,ICMS,8476783762.62,PI,22,2025,6
2025,RREO,6,B,Governo do Estado do Piauí,22,PI,3270174,RREO-Anexo 03,E,Padrão,PREVISÃO ATUALIZADA 2025,ICMSLiquidoExcetoTransferenciasEFUNDEB,ICMS,8116340194.0,PI,22,2025,6
2025,RREO,6,B,Governo do Estado do Piauí,22,PI,3270174,RREO-Anexo 03,E,Padrão,<MR-11>,IPVALiquidoExcetoTransferenciasEFUNDEB,IPVA,304807103.46,PI,22,2025,6
2025,RREO,6,B,Governo do Estado do Piauí,22,PI,3270174,RREO-Anexo 03,E,Padrão,<MR-10>,IPVALiquidoExcetoTransferenciasEFUNDEB,IPVA,69365645.28,PI,22,2025,6
2025,RREO,6,B,Governo do Estado do Piauí,22,PI,3270174,RREO-Anexo 03,E,Padrão,<MR-9>,IPVALiquidoExcetoTransferenciasEFUNDEB,IPVA,73739784.86,PI,22,2025,6
2025,RREO,6,B,Governo do Estado do Piauí,22,PI,3270174,RREO-Anexo 03,E,Padrão,<MR-8>,IPVALiquidoExcetoTransferenciasEFUNDEB,IPVA,37727694.15,PI,22,2025,6
2025,RREO,6,B,Governo do Estado do Piauí,22,PI,3270174,RREO-Anexo 03,E,Padrão,<MR-7>,IPVALiquidoExcetoTransferenciasEFUNDEB,IPVA,20492288.7,PI,22,2025,6
2025,RREO,6,B,Governo do Estado do Piauí,22,PI,3270174,RREO-Anexo 03,E,Padrão,<MR-6>,IPVALiquidoExcetoTransferenciasEFUNDEB,IPVA,18347982.09,PI,22,2025,6
2025,RREO,6,B,Governo do Estado do Piauí,22,PI,3270174,RREO-Anexo 03,E,Padrão,<MR-5>,IPVALiquidoExcetoTransferenciasEFUNDEB,IPVA,18577819.3,PI,22,2025,6
2025,RREO,6,B,Governo do Estado do Piauí,22,PI,3270174,RREO-Anexo 03,E,Padrão,<MR-4>,IPVALiquidoExcetoTransferenciasEFUNDEB,IPVA,12614717.51,PI,22,2025,6
2025,RREO,6,B,Governo do Estado do Piauí,22,PI,3270174,RREO-Anexo 03,E,Padrão,<MR-3>,IPVALiquidoExcetoTransferenciasEFUNDEB,IPVA,11652334.81,PI,22,2025,6
2025,RREO,6,B,Governo do Estado do Piauí,22,PI,3270174,RREO-Anexo 03,E,Padrão,<MR-2>,IPVALiquidoExcetoTransferenciasEFUNDEB,IPVA,10451032.43,PI,22,2025,6
2025,RREO,6,B,Governo do Estado do Piauí,22,PI,3270174,RREO-Anexo 03,E,Padrão,<MR-1>,IPVALiquidoExcetoTransferenciasEFUNDEB,IPVA,9006794.91,PI,22,2025,6
2025,RREO,6,B,Governo do Estado do Piauí,22,PI,3270174,RREO-Anexo 03,E,Padrão,<MR>,IPVALiquidoExcetoTransferenciasEFUNDEB,IPVA,12106821.81,PI,22,2025,6
2025,RREO,6,B,Governo do Estado do Piauí,22,PI,3270174,RREO-Anexo 03,E,Padrão,TOTAL (ÚLTIMOS 12 MESES),IPVALiquidoExcetoTransferenciasEFUNDEB,IPVA,598890019.31,PI,22,2025,6
2025,RREO,6,B,Governo do Estado do Piauí,22,PI,3270174,RREO-Anexo 03,E,Padrão,PREVISÃO ATUALIZADA 2025,IPVALiquidoExcetoTransferenciasEFUNDEB,IPVA,604275582.0,PI,22,2025,6
2025,RREO,6,B,Governo do Estado do Piauí,22,PI,3270174,RREO-Anexo 03,E,Padrão,<MR-11>,ITCDLiquidoExcetoTransferenciasEFUNDEB,ITCD,2483676.2,PI,22,2025,6
2025,RREO,6,B,Governo do Estado do Piauí,22,PI,3270174,RREO-Anexo 03,E,Padrão,<MR-10>,ITCDLiquidoExcetoTransferenciasEFUNDEB,ITCD,2239282.74,PI,22,2025,6
2025,RREO,6,B,Governo do Estado do Piauí,22,PI,3270174,RREO-Anexo 03,E,Padrão,<MR-9>,ITCDLiquidoExcetoTransferenciasEFUNDEB,ITCD,2530492.01,PI,22,2025,6
2025,RREO,6,B,Governo do Estado do Piauí,22,PI,3270174,RREO-Anexo 03,E,Padrão,<MR-8>,ITCDLiquidoExcetoTransferenciasEFUNDEB,ITCD,2621454.2,PI,22,2025,6
2025,RREO,6,B,Governo do Estado do Piauí,22,PI,3270174,RREO-Anexo 03,E,Padrão,<MR-7>,ITCDLiquidoExcetoTransferenciasEFUNDEB,ITCD,6254351.08,PI,22,2025,6
2025,RREO,6,B,Governo do Estado do Piauí,22,PI,3270174,RREO-Anexo 03,E,Padrão,<MR-6>,ITCDLiquidoExcetoTransferenciasEFUNDEB,ITCD,2098423.21,PI,22,2025,6
2025,RREO,6,B,Governo do Estado do Piauí,22,PI,3270174,RREO-Anexo 03,E,Padrão,<MR-5>,ITCDLiquidoExcetoTransferenciasEFUNDEB,ITCD,2917819.22,PI,22,2025,6
2025,RREO,6,B,Governo do Estado do Piauí,22,PI,3270174,RREO-Anexo 03,E,Padrão,<MR-4>,ITCDLiquidoExcetoTransferenciasEFUNDEB,ITCD,6109003.91,PI,22,2025,6
2025,RREO,6,B,Governo do Estado do Piauí,22,PI,3270174,RREO-Anexo 03,E,Padrão,<MR-3>,ITCDLiquidoExcetoTransferenciasEFUNDEB,ITCD,4411844.77,PI,22,2025,6
2025,RREO,6,B,Governo do Estado do Piauí,22,PI,3270174,RREO-Anexo 03,E,Padrão,<MR-2>,ITCDLiquidoExcetoTransferenciasEFUNDEB,ITCD,2393179.17,PI,22,2025,6
2025,RREO,6,B,Governo do Estado do Piauí,22,PI,3270174,RREO-Anexo 03,E,Padrão,<MR-1>,ITCDLiquidoExcetoTransferenciasEFUNDEB,ITCD,2539142.87,PI,22,2025,6
2025,RREO,6,B,Governo do Estado do Piauí,22,PI,3270174,RREO-Anexo 03,E,Padrão,<MR>,ITCDLiquidoExcetoTransferenciasEFUNDEB,ITCD,3500354.71,PI,22,2025,6
2025,RREO,6,B,Governo do Estado do Piauí,22,PI,3270174,RREO-Anexo 03,E,Padrão,TOTAL (ÚLTIMOS 12 MESES),ITCDLiquidoExcetoTransferenciasEFUNDEB,ITCD,40099024.09,PI,22,2025,6
2025,RREO,6,B,Governo do Estado do Piauí,22,PI,3270174,RREO-Anexo 03,E,Padrão,PREVISÃO ATUALIZADA 2025,ITCDLiquidoExcetoTransferenciasEFUNDEB,ITCD,37591071.0,PI,22,2025,6
2025,RREO,6,B,Governo do Estado do Ceará,23,CE,8936431,RREO-Anexo 03,E,Padrão,<MR-11>,ICMSLiquidoExcetoTransferenciasEFUNDEB,ICMS,1833908671.79,CE,23,2025,6
2025,RREO,6,B,Governo do Estado do Ceará,23,CE,8936431,RREO-Anexo 03,E,Padrão,<MR-10>,ICMSLiquidoExcetoTransferenciasEFUNDEB,ICMS,1515051744.66,CE,23,2025,6
2025,RREO,6,B,Governo do Estado do Ceará,23,CE,8936431,RREO-Anexo 03,E,Padrão,<MR-9>,ICMSLiquidoExcetoTransferenciasEFUNDEB,ICMS,1591261952.06,CE,23,2025,6
2025,RREO,6,B,Governo do Estado do Ceará,23,CE,8936431,RREO-Anexo 03,E,Padrão,<MR-8>,ICMSLiquidoExcetoTransferenciasEFUNDEB,ICMS,1635795235.62,CE,23,2025,6
2025,RREO,6,B,Governo do Estado do Ceará,23,CE,8936431,RREO-Anexo 03,E,Padrão,<MR-7>,ICMSLiquidoExcetoTransferenciasEFUNDEB,ICMS,1691384734.76,CE,23,2025,6
2025,RREO,6,B,Governo do Estado do Ceará,23,CE,8936431,RREO-Anexo 03,E,Padrão,<MR-6>,ICMSLiquidoExcetoTransferenciasEFUNDEB,ICMS,1796337779.93,CE,23,2025,6
2025,RREO,6,B,Governo do Estado do Ceará,23,CE,8936431,RREO-Anexo 03,E,Padrão,<MR-5>,ICMSLiquidoExcetoTransferenciasEFUNDEB,ICMS,1850529356.43,CE,23,2025,6
2025,RREO,6,B,Governo do Estado do Ceará,23,CE,8936431,RREO-Anexo 03,E,Padrão,<MR-4>,ICMSLiquidoExcetoTransferenciasEFUNDEB,ICMS,1861893205.32,CE,23,2025,6
2025,RREO,6,B,Governo do Estado do Ceará,23,CE,8936431,RREO-Anexo 03,E,Padrão,<MR-3>,ICMSLiquidoExcetoTransferenciasEFUNDEB,ICMS,1836247510.56,CE,23,2025,6
2025,RREO,6,B,Governo do Estado do Ceará,23,CE,8936431,RREO-Anexo 03,E,Padrão,<MR-2>,ICMSLiquidoExcetoTransferenciasEFUNDEB,ICMS,1888560503.15,CE,23,2025,6
2025,RREO,6,B,Governo do Estado do Ceará,23,CE,8936431,RREO-Anexo 03,E,Padrão,<MR-1>,ICMSLiquidoExcetoTransferenciasEFUNDEB,ICMS,1956203441.29,CE,23,2025,6
2025,RREO,6,B,Governo do Estado do Ceará,23,CE,8936431,RREO-Anexo 03,E,Padrão,<MR>,ICMSLiquidoExcetoTransferenciasEFUNDEB,ICMS,1990411352.69,CE,23,2025,6
2025,RREO,6,B,Governo do Estado do Ceará,23,CE,8936431,RREO-Anexo 03,E,Padrão,TOTAL (ÚLTIMOS 12 MESES),ICMSLiquidoExcetoTransferenciasEFUNDEB,ICMS,21447585488.26,CE,23,2025,6
2025,RREO,6,B,Governo do Estado do Ceará,23,CE,8936431,RREO-Anexo 03,E,Padrão,PREVISÃO ATUALIZADA 2025,ICMSLiquidoExcetoTransferenciasEFUNDEB,ICMS,20973953380.34,CE,23,2025,6
2025,RREO,6,B,Governo do Estado do Ceará,23,CE,8936431,RREO-Anexo 03,E,Padrão,<MR-11>,IPVALiquidoExcetoTransferenciasEFUNDEB,IPVA,511818489.74,CE,23,2025,6
2025,RREO,6,B,Governo do Estado do Ceará,23,CE,8936431,RREO-Anexo 03,E,Padrão,<MR-10>,IPVALiquidoExcetoTransferenciasEFUNDEB,IPVA,288661957.1,CE,23,2025,6
2025,RREO,6,B,Governo do Estado do Ceará,23,CE,8936431,RREO-Anexo 03,E,Padrão,<MR-9>,IPVALiquidoExcetoTransferenciasEFUNDEB,IPVA,265562491.57,CE,23,2025,6
2025,RREO,6,B,Governo do Estado do Ceará,23,CE,8936431,RREO-Anexo 03,E,Padrão,<MR-8>,IPVALiquidoExcetoTransferenciasEFUNDEB,IPVA,261274088.22,CE,23,2025,6
2025,RREO,6,B,Governo do Estado do Ceará,23,CE,8936431,RREO-Anexo 03,E,Padrão,<MR-7>,IPVALiquidoExcetoTransferenciasEFUNDEB,IPVA,250299653.09,CE,23,2025,6
2025,RREO,6,B,Governo do Estado do Ceará,23,CE,8936431,RREO-Anexo 03,E,Padrão,<MR-6>,IPVALiquidoExcetoTransferenciasEFUNDEB,IPVA,230158446.72,CE,23,2025,6
2025,RREO,6,B,Governo do Estado do Ceará,23,CE,8936431,RREO-Anexo 03,E,Padrão,<MR-5>,IPVALiquidoExcetoTransferenciasEFUNDEB,IPVA,85723796.22,CE,23,2025,6
2025,RREO,6,B,Governo do Estado do Ceará,23,CE,8936431,RREO-Anexo 03,E,Padrão,<MR-4>,IPVALiquidoExcetoTransferenciasEFUNDEB,IPVA,58565685.54,CE,23,2025,6
2025,RREO,6,B,Governo do Estado do Ceará,23,CE,8936431,RREO-Anexo 03,E,Padrão,<MR-3>,IPVALiquidoExcetoTransferenciasEFUNDEB,IPVA,54839944.85,CE,23,2025,6
2025,RREO,6,B,Governo do Estado do Ceará,23,CE,8936431,RREO-Anexo 03,E,Padrão,<MR-2>,IPVALiquidoExcetoTransferenciasEFUNDEB,IPVA,52128878.51,CE,23,2025,6
2025,RREO,6,B,Governo do Estado do Ceará,23,CE,8936431,RREO-Anexo 03,E,Padrão,<MR-1>,IPVALiquidoExcetoTransferenciasEFUNDEB,IPVA,42621261.41,CE,23,2025,6
2025,RREO,6,B,Governo do Estado do Ceará,23,CE,8936431,RREO-Anexo 03,E,Padrão,<MR>,IPVALiquidoExcetoTransferenciasEFUNDEB,IPVA,57127298.86,CE,23,2025,6
2025,RREO,6,B,Governo do Estado do Ceará,23,CE,8936431,RREO-Anexo 03,E,Padrão,TOTAL (ÚLTIMOS 12 MESES),IPVALiquidoExcetoTransferenciasEFUNDEB,IPVA,2158781991.83,CE,23,2025,6
2025,RREO,6,B,Governo do Estado do Ceará,23,CE,8936431,RREO-Anexo 03,E,Padrão,PREVISÃO ATUALIZADA 2025,IPVALiquidoExcetoTransferenciasEFUNDEB,IPVA,2158893449.0,CE,23,2025,6
2025,RREO,6,B,Governo do Estado do Ceará,23,CE,8936431,RREO-Anexo 03,E,Padrão,<MR-11>,ITCDLiquidoExcetoTransferenciasEFUNDEB,ITCD,48354849.72,CE,23,2025,6
2025,RREO,6,B,Governo do Estado do Ceará,23,CE,8936431,RREO-Anexo 03,E,Padrão,<MR-10>,ITCDLiquidoExcetoTransferenciasEFUNDEB,ITCD,12398796.34,CE,23,2025,6
2025,RREO,6,B,Governo do Estado do Ceará,23,CE,8936431,RREO-Anexo 03,E,Padrão,<MR-9>,ITCDLiquidoExcetoTransferenciasEFUNDEB,ITCD,9813160.45,CE,23,2025,6
2025,RREO,6,B,Governo do Estado do Ceará,23,CE,8936431,RREO-Anexo 03,E,Padrão,<MR-8>,ITCDLiquidoExcetoTransferenciasEFUNDEB,ITCD,13791370.45,CE,23,2025,6
2025,RREO,6,B,Governo do Estado do Ceará,23,CE,8936431,RREO-Anexo 03,E,Padrão,<MR-7>,ITCDLiquidoExcetoTransferenciasEFUNDEB,ITCD,27582986.71,CE,23,2025,6
2025,RREO,6,B,Governo do Estado do Ceará,23,CE,8936431,RREO-Anexo 03,E,Padrão,<MR-6>,ITCDLiquidoExcetoTransferenciasEFUNDEB,ITCD,10199391.58,CE,23,2025,6
2025,RREO,6,B,Governo do Estado do Ceará,23,CE,8936431,RREO-Anexo 03,E,Padrão,<MR-5>,ITCDLiquidoExcetoTransferenciasEFUNDEB,ITCD,32393045.57,CE,23,2025,6
2025,RREO,6,B,Governo do Estado do Ceará,23,CE,8936431,RREO-Anexo 03,E,Padrão,<MR-4>,ITCDLiquidoExcetoTransferenciasEFUNDEB,ITCD,18276677.33,CE,23,2025,6
2025,RREO,6,B,Governo do Estado do Ceará,23,CE,8936431,RREO-Anexo 03,E,Padrão,<MR-3>,ITCDLiquidoExcetoTransferenciasEFUNDEB,ITCD,15816637.28,CE,23,2025,6
2025,RREO,6,B,Governo do Estado do Ceará,23,CE,8936431,RREO-Anexo 03,E,Padrão,<MR-2>,ITCDLiquidoExcetoTransferenciasEFUNDEB,ITCD,18707332.52,CE,23,2025,6
2025,RREO,6,B,Governo do Estado do Ceará,23,CE,8936431,RREO-Anexo 03,E,Padrão,<MR-1>,ITCDLiquidoExcetoTransferenciasEFUNDEB,ITCD,13578166.18,CE,23,2025,6
2025,RREO,6,B,Governo do Estado do Ceará,23,CE,8936431,RREO-Anexo 03,E,Padrão,<MR>,ITCDLiquidoExcetoTransferenciasEFUNDEB,ITCD,26399622.46,CE,23,2025,6
2025,RREO,6,B,Governo do Estado do Ceará,23,CE,8936431,RREO-Anexo 03,E,Padrão,TOTAL (ÚLTIMOS 12 MESES),ITCDLiquidoExcetoTransferenciasEFUNDEB,ITCD,247312036.59,CE,23,2025,6
2025,RREO,6,B,Governo do Estado do Ceará,23,CE,8936431,RREO-Anexo 03,E,Padrão,PREVISÃO ATUALIZADA 2025,ITCDLiquidoExcetoTransferenciasEFUNDEB,ITCD,208420956.0,CE,23,2025,6
2025,RREO,6,B,Governo do Estado do Rio Grande do Norte,24,RN,3303953,RREO-Anexo 03,E,Padrão,<MR-11>,ICMSLiquidoExcetoTransferenciasEFUNDEB,ICMS,764864188.2,RN,24,2025,6
2025,RREO,6,B,Governo do Estado do Rio Grande do Norte,24,RN,3303953,RREO-Anexo 03,E,Padrão,<MR-10>,ICMSLiquidoExcetoTransferenciasEFUNDEB,ICMS,758665091.8,RN,24,2025,6
2025,RREO,6,B,Governo do Estado do Rio Grande do Norte,24,RN,3303953,RREO-Anexo 03,E,Padrão,<MR-9>,ICMSLiquidoExcetoTransferenciasEFUNDEB,ICMS,645600030.45,RN,24,2025,6
2025,RREO,6,B,Governo do Estado do Rio Grande do Norte,24,RN,3303953,RREO-Anexo 03,E,Padrão,<MR-8>,ICMSLiquidoExcetoTransferenciasEFUNDEB,ICMS,792800870.57,RN,24,2025,6
2025,RREO,6,B,Governo do Estado do Rio Grande do Norte,24,RN,3303953,RREO-Anexo 03,E,Padrão,<MR-7>,ICMSLiquidoExcetoTransferenciasEFUNDEB,ICMS,752472594.42,RN,24,2025,6
2025,RREO,6,B,Governo do Estado do Rio Grande do Norte,24,RN,3303953,RREO-Anexo 03,E,Padrão,<MR-6>,ICMSLiquidoExcetoTransferenciasEFUNDEB,ICMS,732904520.4,RN,24,2025,6
2025,RREO,6,B,Governo do Estado do Rio Grande do Norte,24,RN,3303953,RREO-Anexo 03,E,Padrão,<MR-5>,ICMSLiquidoExcetoTransferenciasEFUNDEB,ICMS,816244958.71,RN,24,2025,6
2025,RREO,6,B,Governo do Estado do Rio Grande do Norte,24,RN,3303953,RREO-Anexo 03,E,Padrão,<MR-4>,ICMSLiquidoExcetoTransferenciasEFUNDEB,ICMS,854045222.6,RN,24,2025,6
2025,RREO,6,B,Governo do Estado do Rio Grande do Norte,24,RN,3303953,RREO-Anexo 03,E,Padrão,<MR-3>,ICMSLiquidoExcetoTransferenciasEFUNDEB,ICMS,764589870.05,RN,24,2025,6
2025,RREO,6,B,Governo do Estado do Rio Grande do Norte,24,RN,3303953,RREO-Anexo 03,E,Padrão,<MR-2>,ICMSLiquidoExcetoTransferenciasEFUNDEB,ICMS,936514597.35,RN,24,2025,6
2025,RREO,6,B,Governo do Estado do Rio Grande do Norte,24,RN,3303953,RREO-Anexo 03,E,Padrão,<MR-1>,ICMSLiquidoExcetoTransferenciasEFUNDEB,ICMS,823324898.86,RN,24,2025,6
2025,RREO,6,B,Governo do Estado do Rio Grande do Norte,24,RN,3303953,RREO-Anexo 03,E,Padrão,<MR>,ICMSLiquidoExcetoTransferenciasEFUNDEB,ICMS,806332027.16,RN,24,2025,6
2025,RREO,6,B,Governo do Estado do Rio Grande do Norte,24,RN,3303953,RREO-Anexo 03,E,Padrão,TOTAL (ÚLTIMOS 12 MESES),ICMSLiquidoExcetoTransferenciasEFUNDEB,ICMS,9448358870.57,RN,24,2025,6
2025,RREO,6,B,Governo do Estado do Rio Grande do Norte,24,RN,3303953,RREO-Anexo 03,E,Padrão,PREVISÃO ATUALIZADA 2025,ICMSLiquidoExcetoTransferenciasEFUNDEB,ICMS,10103142236.6,RN,24,2025,6
2025,RREO,6,B,Governo do Estado do Rio Grande do Norte,24,RN,3303953,RREO-Anexo 03,E,Padrão,<MR-11>,IPVALiquidoExcetoTransferenciasEFUNDEB,IPVA,34962198.65,RN,24,2025,6
2025,RREO,6,B,Governo do Estado do Rio Grande do Norte,24,RN,3303953,RREO-Anexo 03,E,Padrão,<MR-10>,IPVALiquidoExcetoTransferenciasEFUNDEB,IPVA,29111068.81,RN,24,2025,6
2025,RREO,6,B,Governo do Estado do Rio Grande do Norte,24,RN,3303953,RREO-Anexo 03,E,Padrão,<MR-9>,IPVALiquidoExcetoTransferenciasEFUNDEB,IPVA,48892214.02,RN,24,2025,6
2025,RREO,6,B,Governo do Estado do Rio Grande do Norte,24,RN,3303953,RREO-Anexo 03,E,Padrão,<MR-8>,IPVALiquidoExcetoTransferenciasEFUNDEB,IPVA,69831934.83,RN,24,2025,6
2025,RREO,6,B,Governo do Estado do Rio Grande do Norte,24,RN,3303953,RREO-Anexo 03,E,Padrão,<MR-7>,IPVALiquidoExcetoTransferenciasEFUNDEB,IPVA,83103159.32,RN,24,2025,6
2025,RREO,6,B,Governo do Estado do Rio Grande do Norte,24,RN,3303953,RREO-Anexo 03,E,Padrão,<MR-6>,IPVALiquidoExcetoTransferenciasEFUNDEB,IPVA,80639191.45,RN,24,2025,6
2025,RREO,6,B,Governo do Estado do Rio Grande do Norte,24,RN,3303953,RREO-Anexo 03,E,Padrão,<MR-5>,IPVALiquidoExcetoTransferenciasEFUNDEB,IPVA,69081402.75,RN,24,2025,6
2025,RREO,6,B,Governo do Estado do Rio Grande do Norte,24,RN,3303953,RREO-Anexo 03,E,Padrão,<MR-4>,IPVALiquidoExcetoTransferenciasEFUNDEB,IPVA,61737852.81,RN,24,2025,6
2025,RREO,6,B,Governo do Estado do Rio Grande do Norte,24,RN,3303953,RREO-Anexo 03,E,Padrão,<MR-3>,IPVALiquidoExcetoTransferenciasEFUNDEB,IPVA,61678225.28,RN,24,2025,6
2025,RREO,6,B,Governo do Estado do Rio Grande do Norte,24,RN,3303953,RREO-Anexo 03,E,Padrão,<MR-2>,IPVALiquidoExcetoTransferenciasEFUNDEB,IPVA,54022095.0,RN,24,2025,6
2025,RREO,6,B,Governo do Estado do Rio Grande do Norte,24,RN,3303953,RREO-Anexo 03,E,Padrão,<MR-1>,IPVALiquidoExcetoTransferenciasEFUNDEB,IPVA,37903049.06,RN,24,2025,6
2025,RREO,6,B,Governo do Estado do Rio Grande do Norte,24,RN,3303953,RREO-Anexo 03,E,Padrão,<MR>,IPVALiquidoExcetoTransferenciasEFUNDEB,IPVA,33986403.21,RN,24,2025,6
2025,RREO,6,B,Governo do Estado do Rio Grande do Norte,24,RN,3303953,RREO-Anexo 03,E,Padrão,TOTAL (ÚLTIMOS 12 MESES),IPVALiquidoExcetoTransferenciasEFUNDEB,IPVA,664948795.19,RN,24,2025,6
2025,RREO,6,B,Governo do Estado do Rio Grande do Norte,24,RN,3303953,RREO-Anexo 03,E,Padrão,PREVISÃO ATUALIZADA 2025,IPVALiquidoExcetoTransferenciasEFUNDEB,IPVA,713845000.0,RN,24,2025,6
2025,RREO,6,B,Governo do Estado do Rio Grande do Norte,24,RN,3303953,RREO-Anexo 03,E,Padrão,<MR-11>,ITCDLiquidoExcetoTransferenciasEFUNDEB,ITCD,2641887.93,RN,24,2025,6
2025,RREO,6,B,Governo do Estado do Rio Grande do Norte,24,RN,3303953,RREO-Anexo 03,E,Padrão,<MR-10>,ITCDLiquidoExcetoTransferenciasEFUNDEB,ITCD,2402350.48,RN,24,2025,6
2025,RREO,6,B,Governo do Estado do Rio Grande do Norte,24,RN,3303953,RREO-Anexo 03,E,Padrão,<MR-9>,ITCDLiquidoExcetoTransferenciasEFUNDEB,ITCD,2103877.15,RN,24,2025,6
2025,RREO,6,B,Governo do Estado do Rio Grande do Norte,24,RN,3303953,RREO-Anexo 03,E,Padrão,<MR-8>,ITCDLiquidoExcetoTransferenciasEFUNDEB,ITCD,3138344.77,RN,24,2025,6
2025,RREO,6,B,Governo do Estado do Rio Grande do Norte,24,RN,3303953,RREO-Anexo 03,E,Padrão,<MR-7>,ITCDLiquidoExcetoTransferenciasEFUNDEB,ITCD,3231794.87,RN,24,2025,6
2025,RREO,6,B,Governo do Estado do Rio Grande do Norte,24,RN,3303953,RREO-Anexo 03,E,Padrão,<MR-6>,ITCDLiquidoExcetoTransferenciasEFUNDEB,ITCD,2305899.65,RN,24,2025,6
2025,RREO,6,B,Governo do Estado do Rio Grande do Norte,24,RN,3303953,RREO-Anexo 03,E,Padrão,<MR-5>,ITCDLiquidoExcetoTransferenciasEFUNDEB,ITCD,2936408.7,RN,24,2025,6
2025,RREO,6,B,Governo do Estado do Rio Grande do Norte,24,RN,3303953,RREO-Anexo 03,E,Padrão,<MR-4>,ITCDLiquidoExcetoTransferenciasEFUNDEB,ITCD,2620333.07,RN,24,2025,6
2025,RREO,6,B,Governo do Estado do Rio Grande do Norte,24,RN,3303953,RREO-Anexo 03,E,Padrão,<MR-3>,ITCDLiquidoExcetoTransferenciasEFUNDEB,ITCD,7020335.36,RN,24,2025,6
2025,RREO,6,B,Governo do Estado do Rio Grande do Norte,24,RN,3303953,RREO-Anexo 03,E,Padrão,<MR-2>,ITCDLiquidoExcetoTransferenciasEFUNDEB,ITCD,10669296.52,RN,24,2025,6
2025,RREO,6,B,Governo do Estado do Rio Grande do Norte,24,RN,3303953,RREO-Anexo 03,E,Padrão,<MR-1>,ITCDLiquidoExcetoTransferenciasEFUNDEB,ITCD,2455800.35,RN,24,2025,6
2025,RREO,6,B,Governo do Estado do Rio Grande do Norte,24,RN,3303953,RREO-Anexo 03,E,Padrão,<MR>,ITCDLiquidoExcetoTransferenciasEFUNDEB,ITCD,4559836.7,RN,24,2025,6
2025,RREO,6,B,Governo do Estado do Rio Grande do Norte,24,RN,3303953,RREO-Anexo 03,E,Padrão,TOTAL (ÚLTIMOS 12 MESES),ITCDLiquidoExcetoTransferenciasEFUNDEB,ITCD,46086165.55,RN,24,2025,6
2025,RREO,6,B,Governo do Estado do Rio Grande do Norte,24,RN,3303953,RREO-Anexo 03,E,Padrão,PREVISÃO ATUALIZADA 2025,ITCDLiquidoExcetoTransferenciasEFUNDEB,ITCD,32043000.0,RN,24,2025,6
2025,RREO,6,B,Governo do Estado da Paraíba,25,PB,4030961,RREO-Anexo 03,E,Padrão,<MR-11>,ICMSLiquidoExcetoTransferenciasEFUNDEB,ICMS,947289230.5,PB,25,2025,6
2025,RREO,6,B,Governo do Estado da Paraíba,25,PB,4030961,RREO-Anexo 03,E,Padrão,<MR-10>,ICMSLiquidoExcetoTransferenciasEFUNDEB,ICMS,774717477.86,PB,25,2025,6
2025,RREO,6,B,Governo do Estado da Paraíba,25,PB,4030961,RREO-Anexo 03,E,Padrão,<MR-9>,ICMSLiquidoExcetoTransferenciasEFUNDEB,ICMS,832939615.98,PB,25,2025,6
2025,RREO,6,B,Governo do Estado da Paraíba,25,PB,4030961,RREO-Anexo 03,E,Padrão,<MR-8>,ICMSLiquidoExcetoTransferenciasEFUNDEB,ICMS,818186783.59,PB,25,2025,6
2025,RREO,6,B,Governo do Estado da Paraíba,25,PB,4030961,RREO-Anexo 03,E,Padrão,<MR-7>,ICMSLiquidoExcetoTransferenciasEFUNDEB,ICMS,805464750.48,PB,25,2025,6
2025,RREO,6,B,Governo do Estado da Paraíba,25,PB,4030961,RREO-Anexo 03,E,Padrão,<MR-6>,ICMSLiquidoExcetoTransferenciasEFUNDEB,ICMS,874235976.2,PB,25,2025,6
2025,RREO,6,B,Governo do Estado da Paraíba,25,PB,4030961,RREO-Anexo 03,E,Padrão,<MR-5>,ICMSLiquidoExcetoTransferenciasEFUNDEB,ICMS,845365713.42,PB,25,2025,6
2025,RREO,6,B,Governo do Estado da Paraíba,25,PB,4030961,RREO-Anexo 03,E,Padrão,<MR-4>,ICMSLiquidoExcetoTransferenciasEFUNDEB,ICMS,1068318212.25,PB,25,2025,6
2025,RREO,6,B,Governo do Estado da Paraíba,25,PB,4030961,RREO-Anexo 03,E,Padrão,<MR-3>,ICMSLiquidoExcetoTransferenciasEFUNDEB,ICMS,848635925.97,PB,25,2025,6
2025,RREO,6,B,Governo do Estado da Paraíba,25,PB,4030961,RREO-Anexo 03,E,Padrão,<MR-2>,ICMSLiquidoExcetoTransferenciasEFUNDEB,ICMS,866932801.51,PB,25,2025,6
2025,RREO,6,B,Governo do Estado da Paraíba,25,PB,4030961,RREO-Anexo 03,E,Padrão,<MR-1>,ICMSLiquidoExcetoTransferenciasEFUNDEB,ICMS,883309678.71,PB,25,2025,6
2025,RREO,6,B,Governo do Estado da Paraíba,25,PB,4030961,RREO-Anexo 03,E,Padrão,<MR>,ICMSLiquidoExcetoTransferenciasEFUNDEB,ICMS,988701625.77,PB,25,2025,6
2025,RREO,6,B,Governo do Estado da Paraíba,25,PB,4030961,RREO-Anexo 03,E,Padrão,TOTAL (ÚLTIMOS 12 MESES),ICMSLiquidoExcetoTransferenciasEFUNDEB,ICMS,10554097792.24,PB,25,2025,6
2025,RREO,6,B,Governo do Estado da Paraíba,25,PB,4030961,RREO-Anexo 03,E,Padrão,PREVISÃO ATUALIZADA 2025,ICMSLiquidoExcetoTransferenciasEFUNDEB,ICMS,10388142158.99,PB,25,2025,6
2025,RREO,6,B,Governo do Estado da Paraíba,25,PB,4030961,RREO-Anexo 03,E,Padrão,<MR-11>,IPVALiquidoExcetoTransferenciasEFUNDEB,IPVA,80512989.73,PB,25,2025,6
2025,RREO,6,B,Governo do Estado da Paraíba,25,PB,4030961,RREO-Anexo 03,E,Padrão,<MR-10>,IPVALiquidoExcetoTransferenciasEFUNDEB,IPVA,75029196.03,PB,25,2025,6
2025,RREO,6,B,Governo do Estado da Paraíba,25,PB,4030961,RREO-Anexo 03,E,Padrão,<MR-9>,IPVALiquidoExcetoTransferenciasEFUNDEB,IPVA,76964031.02,PB,25,2025,6
2025,RREO,6,B,Governo do Estado da Paraíba,25,PB,4030961,RREO-Anexo 03,E,Padrão,<MR-8>,IPVALiquidoExcetoTransferenciasEFUNDEB,IPVA,76799032.67,PB,25,2025,6
2025,RREO,6,B,Governo do Estado da Paraíba,25,PB,4030961,RREO-Anexo 03,E,Padrão,<MR-7>,IPVALiquidoExcetoTransferenciasEFUNDEB,IPVA,74346694.75,PB,25,2025,6
2025,RREO,6,B,Governo do Estado da Paraíba,25,PB,4030961,RREO-Anexo 03,E,Padrão,<MR-6>,IPVALiquidoExcetoTransferenciasEFUNDEB,IPVA,72164509.4,PB,25,2025,6
2025,RREO,6,B,Governo do Estado da Paraíba,25,PB,4030961,RREO-Anexo 03,E,Padrão,<MR-5>,IPVALiquidoExcetoTransferenciasEFUNDEB,IPVA,72939657.76,PB,25,2025,6
2025,RREO,6,B,Governo do Estado da Paraíba,25,PB,4030961,RREO-Anexo 03,E,Padrão,<MR-4>,IPVALiquidoExcetoTransferenciasEFUNDEB,IPVA,53057555.24,PB,25,2025,6
2025,RREO,6,B,Governo do Estado da Paraíba,25,PB,4030961,RREO-Anexo 03,E,Padrão,<MR-3>,IPVALiquidoExcetoTransferenciasEFUNDEB,IPVA,64110191.66,PB,25,2025,6
2025,RREO,6,B,Governo do Estado da Paraíba,25,PB,4030961,RREO-Anexo 03,E,Padrão,<MR-2>,IPVALiquidoExcetoTransferenciasEFUNDEB,IPVA,60774560.72,PB,25,2025,6
2025,RREO,6,B,Governo do Estado da Paraíba,25,PB,4030961,RREO-Anexo 03,E,Padrão,<MR-1>,IPVALiquidoExcetoTransferenciasEFUNDEB,IPVA,33176686.11,PB,25,2025,6
2025,RREO,6,B,Governo do Estado da Paraíba,25,PB,4030961,RREO-Anexo 03,E,Padrão,<MR>,IPVALiquidoExcetoTransferenciasEFUNDEB,IPVA,49455391.28,PB,25,2025,6
2025,RREO,6,B,Governo do Estado da Paraíba,25,PB,4030961,RREO-Anexo 03,E,Padrão,TOTAL (ÚLTIMOS 12 MESES),IPVALiquidoExcetoTransferenciasEFUNDEB,IPVA,789330496.37,PB,25,2025,6
2025,RREO,6,B,Governo do Estado da Paraíba,25,PB,4030961,RREO-Anexo 03,E,Padrão,PREVISÃO ATUALIZADA 2025,IPVALiquidoExcetoTransferenciasEFUNDEB,IPVA,809899422.0,PB,25,2025,6
2025,RREO,6,B,Governo do Estado da Paraíba,25,PB,4030961,RREO-Anexo 03,E,Padrão,<MR-11>,ITCDLiquidoExcetoTransferenciasEFUNDEB,ITCD,3764899.12,PB,25,2025,6
2025,RREO,6,B,Governo do Estado da Paraíba,25,PB,4030961,RREO-Anexo 03,E,Padrão,<MR-10>,ITCDLiquidoExcetoTransferenciasEFUNDEB,ITCD,5135334.14,PB,25,2025,6
2025,RREO,6,B,Governo do Estado da Paraíba,25,PB,4030961,RREO-Anexo 03,E,Padrão,<MR-9>,ITCDLiquidoExcetoTransferenciasEFUNDEB,ITCD,5086973.85,PB,25,2025,6
2025,RREO,6,B,Governo do Estado da Paraíba,25,PB,4030961,RREO-Anexo 03,E,Padrão,<MR-8>,ITCDLiquidoExcetoTransferenciasEFUNDEB,ITCD,4864722.68,PB,25,2025,6
2025,RREO,6,B,Governo do Estado da Paraíba,25,PB,4030961,RREO-Anexo 03,E,Padrão,<MR-7>,ITCDLiquidoExcetoTransferenciasEFUNDEB,ITCD,6014520.13,PB,25,2025,6
2025,RREO,6,B,Governo do Estado da Paraíba,25,PB,4030961,RREO-Anexo 03,E,Padrão,<MR-6>,ITCDLiquidoExcetoTransferenciasEFUNDEB,ITCD,4889312.69,PB,25,2025,6
2025,RREO,6,B,Governo do Estado da Paraíba,25,PB,4030961,RREO-Anexo 03,E,Padrão,<MR-5>,ITCDLiquidoExcetoTransferenciasEFUNDEB,ITCD,6876446.01,PB,25,2025,6
2025,RREO,6,B,Governo do Estado da Paraíba,25,PB,4030961,RREO-Anexo 03,E,Padrão,<MR-4>,ITCDLiquidoExcetoTransferenciasEFUNDEB,ITCD,7041786.27,PB,25,2025,6
2025,RREO,6,B,Governo do Estado da Paraíba,25,PB,4030961,RREO-Anexo 03,E,Padrão,<MR-3>,ITCDLiquidoExcetoTransferenciasEFUNDEB,ITCD,6648684.36,PB,25,2025,6
2025,RREO,6,B,Governo do Estado da Paraíba,25,PB,4030961,RREO-Anexo 03,E,Padrão,<MR-2>,ITCDLiquidoExcetoTransferenciasEFUNDEB,ITCD,5254941.23,PB,25,2025,6
2025,RREO,6,B,Governo do Estado da Paraíba,25,PB,4030961,RREO-Anexo 03,E,Padrão,<MR-1>,ITCDLiquidoExcetoTransferenciasEFUNDEB,ITCD,5729837.69,PB,25,2025,6
2025,RREO,6,B,Governo do Estado da Paraíba,25,PB,4030961,RREO-Anexo 03,E,Padrão,<MR>,ITCDLiquidoExcetoTransferenciasEFUNDEB,ITCD,9269812.32,PB,25,2025,6
2025,RREO,6,B,Governo do Estado da Paraíba,25,PB,4030961,RREO-Anexo 03,E,Padrão,TOTAL (ÚLTIMOS 12 MESES),ITCDLiquidoExcetoTransferenciasEFUNDEB,ITCD,70577270.49,PB,25,2025,6
2025,RREO,6,B,Governo do Estado da Paraíba,25,PB,4030961,RREO-Anexo 03,E,Padrão,PREVISÃO ATUALIZADA 2025,ITCDLiquidoExcetoTransferenciasEFUNDEB,ITCD,63619860.43,PB,25,2025,6
2025,RREO,6,B,Governo do Estado de Pernambuco,26,PE,9051113,RREO-Anexo 03,E,Padrão,<MR-11>,ICMSLiquidoExcetoTransferenciasEFUNDEB,ICMS,2577206945.84,PE,26,2025,6
2025,RREO,6,B,Governo do Estado de Pernambuco,26,PE,9051113,RREO-Anexo 03,E,Padrão,<MR-10>,ICMSLiquidoExcetoTransferenciasEFUNDEB,ICMS,1999040830.52,PE,26,2025,6
2025,RREO,6,B,Governo do Estado de Pernambuco,26,PE,9051113,RREO-Anexo 03,E,Padrão,<MR-9>,ICMSLiquidoExcetoTransferenciasEFUNDEB,ICMS,2065837378.11,PE,26,2025,6
2025,RREO,6,B,Governo do Estado de Pernambuco,26,PE,9051113,RREO-Anexo 03,E,Padrão,<MR-8>,ICMSLiquidoExcetoTransferenciasEFUNDEB,ICMS,2230912823.44,PE,26,2025,6
2025,RREO,6,B,Governo do Estado de Pernambuco,26,PE,9051113,RREO-Anexo 03,E,Padrão,<MR-7>,ICMSLiquidoExcetoTransferenciasEFUNDEB,ICMS,2130531197.28,PE,26,2025,6
2025,RREO,6,B,Governo do Estado de Pernambuco,26,PE,9051113,RREO-Anexo 03,E,Padrão,<MR-6>,ICMSLiquidoExcetoTransferenciasEFUNDEB,ICMS,2283172492.45,PE,26,2025,6
2025,RREO,6,B,Governo do Estado de Pernambuco,26,PE,9051113,RREO-Anexo 03,E,Padrão,<MR-5>,ICMSLiquidoExcetoTransferenciasEFUNDEB,ICMS,2168861158.22,PE,26,2025,6
2025,RREO,6,B,Governo do Estado de Pernambuco,26,PE,9051113,RREO-Anexo 03,E,Padrão,<MR-4>,ICMSLiquidoExcetoTransferenciasEFUNDEB,ICMS,2205671825.98,PE,26,2025,6
2025,RREO,6,B,Governo do Estado de Pernambuco,26,PE,9051113,RREO-Anexo 03,E,Padrão,<MR-3>,ICMSLiquidoExcetoTransferenciasEFUNDEB,ICMS,2338497322.48,PE,26,2025,6
2025,RREO,6,B,Governo do Estado de Pernambuco,26,PE,9051113,RREO-Anexo 03,E,Padrão,<MR-2>,ICMSLiquidoExcetoTransferenciasEFUNDEB,ICMS,2326581687.16,PE,26,2025,6
2025,RREO,6,B,Governo do Estado de Pernambuco,26,PE,9051113,RREO-Anexo 03,E,Padrão,<MR-1>,ICMSLiquidoExcetoTransferenciasEFUNDEB,ICMS,2607553844.88,PE,26,2025,6
2025,RREO,6,B,Governo do Estado de Pernambuco,26,PE,9051113,RREO-Anexo 03,E,Padrão,<MR>,ICMSLiquidoExcetoTransferenciasEFUNDEB,ICMS,2701095421.55,PE,26,2025,6
2025,RREO,6,B,Governo do Estado de Pernambuco,26,PE,9051113,RREO-Anexo 03,E,Padrão,TOTAL (ÚLTIMOS 12 MESES),ICMSLiquidoExcetoTransferenciasEFUNDEB,ICMS,27634962927.91,PE,26,2025,6
2025,RREO,6,B,Governo do Estado de Pernambuco,26,PE,9051113,RREO-Anexo 03,E,Padrão,PREVISÃO ATUALIZADA 2025,ICMSLiquidoExcetoTransferenciasEFUNDEB,ICMS,27933635540.0,PE,26,2025,6
2025,RREO,6,B,Governo do Estado de Pernambuco,26,PE,9051113,RREO-Anexo 03,E,Padrão,<MR-11>,IPVALiquidoExcetoTransferenciasEFUNDEB,IPVA,227428319.44,PE,26,2025,6
2025,RREO,6,B,Governo do Estado de Pernambuco,26,PE,9051113,RREO-Anexo 03,E,Padrão,<MR-10>,IPVALiquidoExcetoTransferenciasEFUNDEB,IPVA,552113663.3,PE,26,2025,6
2025,RREO,6,B,Governo do Estado de Pernambuco,26,PE,9051113,RREO-Anexo 03,E,Padrão,<MR-9>,IPVALiquidoExcetoTransferenciasEFUNDEB,IPVA,187306605.26,PE,26,2025,6
2025,RREO,6,B,Governo do Estado de Pernambuco,26,PE,9051113,RREO-Anexo 03,E,Padrão,<MR-8>,IPVALiquidoExcetoTransferenciasEFUNDEB,IPVA,159568711.1,PE,26,2025,6
2025,RREO,6,B,Governo do Estado de Pernambuco,26,PE,9051113,RREO-Anexo 03,E,Padrão,<MR-7>,IPVALiquidoExcetoTransferenciasEFUNDEB,IPVA,144097652.58,PE,26,2025,6
2025,RREO,6,B,Governo do Estado de Pernambuco,26,PE,9051113,RREO-Anexo 03,E,Padrão,<MR-6>,IPVALiquidoExcetoTransferenciasEFUNDEB,IPVA,127886356.78,PE,26,2025,6
2025,RREO,6,B,Governo do Estado de Pernambuco,26,PE,9051113,RREO-Anexo 03,E,Padrão,<MR-5>,IPVALiquidoExcetoTransferenciasEFUNDEB,IPVA,127024491.71,PE,26,2025,6
2025,RREO,6,B,Governo do Estado de Pernambuco,26,PE,9051113,RREO-Anexo 03,E,Padrão,<MR-4>,IPVALiquidoExcetoTransferenciasEFUNDEB,IPVA,109712696.32,PE,26,2025,6
2025,RREO,6,B,Governo do Estado de Pernambuco,26,PE,9051113,RREO-Anexo 03,E,Padrão,<MR-3>,IPVALiquidoExcetoTransferenciasEFUNDEB,IPVA,109495301.4,PE,26,2025,6
2025,RREO,6,B,Governo do Estado de Pernambuco,26,PE,9051113,RREO-Anexo 03,E,Padrão,<MR-2>,IPVALiquidoExcetoTransferenciasEFUNDEB,IPVA,110035056.98,PE,26,2025,6
2025,RREO,6,B,Governo do Estado de Pernambuco,26,PE,9051113,RREO-Anexo 03,E,Padrão,<MR-1>,IPVALiquidoExcetoTransferenciasEFUNDEB,IPVA,95374625.31,PE,26,2025,6
2025,RREO,6,B,Governo do Estado de Pernambuco,26,PE,9051113,RREO-Anexo 03,E,Padrão,<MR>,IPVALiquidoExcetoTransferenciasEFUNDEB,IPVA,63794659.73,PE,26,2025,6
2025,RREO,6,B,Governo do Estado de Pernambuco,26,PE,9051113,RREO-Anexo 03,E,Padrão,TOTAL (ÚLTIMOS 12 MESES),IPVALiquidoExcetoTransferenciasEFUNDEB,IPVA,2013838139.91,PE,26,2025,6
2025,RREO,6,B,Governo do Estado de Pernambuco,26,PE,9051113,RREO-Anexo 03,E,Padrão,PREVISÃO ATUALIZADA 2025,IPVALiquidoExcetoTransferenciasEFUNDEB,IPVA,1952862700.0,PE,26,2025,6
2025,RREO,6,B,Governo do Estado de Pernambuco,26,PE,9051113,RREO-Anexo 03,E,Padrão,<MR-11>,ITCDLiquidoExcetoTransferenciasEFUNDEB,ITCD,11854641.12,PE,26,2025,6
2025,RREO,6,B,Governo do Estado de Pernambuco,26,PE,9051113,RREO-Anexo 03,E,Padrão,<MR-10>,ITCDLiquidoExcetoTransferenciasEFUNDEB,ITCD,11883548.54,PE,26,2025,6
2025,RREO,6,B,Governo do Estado de Pernambuco,26,PE,9051113,RREO-Anexo 03,E,Padrão,<MR-9>,ITCDLiquidoExcetoTransferenciasEFUNDEB,ITCD,12964175.14,PE,26,2025,6
2025,RREO,6,B,Governo do Estado de Pernambuco,26,PE,9051113,RREO-Anexo 03,E,Padrão,<MR-8>,ITCDLiquidoExcetoTransferenciasEFUNDEB,ITCD,17157658.4,PE,26,2025,6
2025,RREO,6,B,Governo do Estado de Pernambuco,26,PE,9051113,RREO-Anexo 03,E,Padrão,<MR-7>,ITCDLiquidoExcetoTransferenciasEFUNDEB,ITCD,10650021.69,PE,26,2025,6
2025,RREO,6,B,Governo do Estado de Pernambuco,26,PE,9051113,RREO-Anexo 03,E,Padrão,<MR-6>,ITCDLiquidoExcetoTransferenciasEFUNDEB,ITCD,11354720.74,PE,26,2025,6
2025,RREO,6,B,Governo do Estado de Pernambuco,26,PE,9051113,RREO-Anexo 03,E,Padrão,<MR-5>,ITCDLiquidoExcetoTransferenciasEFUNDEB,ITCD,15383781.81,PE,26,2025,6
2025,RREO,6,B,Governo do Estado de Pernambuco,26,PE,9051113,RREO-Anexo 03,E,Padrão,<MR-4>,ITCDLiquidoExcetoTransferenciasEFUNDEB,ITCD,17900277.95,PE,26,2025,6
2025,RREO,6,B,Governo do Estado de Pernambuco,26,PE,9051113,RREO-Anexo 03,E,Padrão,<MR-3>,ITCDLiquidoExcetoTransferenciasEFUNDEB,ITCD,13953056.02,PE,26,2025,6
2025,RREO,6,B,Governo do Estado de Pernambuco,26,PE,9051113,RREO-Anexo 03,E,Padrão,<MR-2>,ITCDLiquidoExcetoTransferenciasEFUNDEB,ITCD,21309656.96,PE,26,2025,6
2025,RREO,6,B,Governo do Estado de Pernambuco,26,PE,9051113,RREO-Anexo 03,E,Padrão,<MR-1>,ITCDLiquidoExcetoTransferenciasEFUNDEB,ITCD,25475210.08,PE,26,2025,6
2025,RREO,6,B,Governo do Estado de Pernambuco,26,PE,9051113,RREO-Anexo 03,E,Padrão,<MR>,ITCDLiquidoExcetoTransferenciasEFUNDEB,ITCD,37613805.32,PE,26,2025,6
2025,RREO,6,B,Governo do Estado de Pernambuco,26,PE,9051113,RREO-Anexo 03,E,Padrão,TOTAL (ÚLTIMOS 12 MESES),ITCDLiquidoExcetoTransferenciasEFUNDEB,ITCD,207500553.77,PE,26,2025,6
2025,RREO,6,B,Governo do Estado de Pernambuco,26,PE,9051113,RREO-Anexo 03,E,Padrão,PREVISÃO ATUALIZADA 2025,ITCDLiquidoExcetoTransferenciasEFUNDEB,ITCD,286557100.0,PE,26,2025,6
2025,RREO,6,B,Governo do Estado de Alagoas,27,AL,3125254,RREO-Anexo 03,E,Padrão,<MR-11>,ICMSLiquidoExcetoTransferenciasEFUNDEB,ICMS,784862601.45,AL,27,2025,6
2025,RREO,6,B,Governo do Estado de Alagoas,27,AL,3125254,RREO-Anexo 03,E,Padrão,<MR-10>,ICMSLiquidoExcetoTransferenciasEFUNDEB,ICMS,876154267.35,AL,27,2025,6
2025,RREO,6,B,Governo do Estado de Alagoas,27,AL,3125254,RREO-Anexo 03,E,Padrão,<MR-9>,ICMSLiquidoExcetoTransferenciasEFUNDEB,ICMS,700258269.51,AL,27,2025,6
2025,RREO,6,B,Governo do Estado de Alagoas,27,AL,3125254,RREO-Anexo 03,E,Padrão,<MR-8>,ICMSLiquidoExcetoTransferenciasEFUNDEB,ICMS,712955352.59,AL,27,2025,6
2025,RREO,6,B,Governo do Estado de Alagoas,27,AL,3125254,RREO-Anexo 03,E,Padrão,<MR-7>,ICMSLiquidoExcetoTransferenciasEFUNDEB,ICMS,711973695.99,AL,27,2025,6
2025,RREO,6,B,Governo do Estado de Alagoas,27,AL,3125254,RREO-Anexo 03,E,Padrão,<MR-6>,ICMSLiquidoExcetoTransferenciasEFUNDEB,ICMS,696265761.36,AL,27,2025,6
2025,RREO,6,B,Governo do Estado de Alagoas,27,AL,3125254,RREO-Anexo 03,E,Padrão,<MR-5>,ICMSLiquidoExcetoTransferenciasEFUNDEB,ICMS,713267174.76,AL,27,2025,6
2025,RREO,6,B,Governo do Estado de Alagoas,27,AL,3125254,RREO-Anexo 03,E,Padrão,<MR-4>,ICMSLiquidoExcetoTransferenciasEFUNDEB,ICMS,696458045.56,AL,27,2025,6
2025,RREO,6,B,Governo do Estado de Alagoas,27,AL,3125254,RREO-Anexo 03,E,Padrão,<MR-3>,ICMSLiquidoExcetoTransferenciasEFUNDEB,ICMS,714941736.15,AL,27,2025,6
2025,RREO,6,B,Governo do Estado de Alagoas,27,AL,3125254,RREO-Anexo 03,E,Padrão,<MR-2>,ICMSLiquidoExcetoTransferenciasEFUNDEB,ICMS,764631159.25,AL,27,2025,6
2025,RREO,6,B,Governo do Estado de Alagoas,27,AL,3125254,RREO-Anexo 03,E,Padrão,<MR-1>,ICMSLiquidoExcetoTransferenciasEFUNDEB,ICMS,799404068.35,AL,27,2025,6
2025,RREO,6,B,Governo do Estado de Alagoas,27,AL,3125254,RREO-Anexo 03,E,Padrão,<MR>,ICMSLiquidoExcetoTransferenciasEFUNDEB,ICMS,836932838.54,AL,27,2025,6
2025,RREO,6,B,Governo do Estado de Alagoas,27,AL,3125254,RREO-Anexo 03,E,Padrão,TOTAL (ÚLTIMOS 12 MESES),ICMSLiquidoExcetoTransferenciasEFUNDEB,ICMS,9008104970.86,AL,27,2025,6
2025,RREO,6,B,Governo do Estado de Alagoas,27,AL,3125254,RREO-Anexo 03,E,Padrão,PREVISÃO ATUALIZADA 2025,ICMSLiquidoExcetoTransferenciasEFUNDEB,ICMS,9011609981.39,AL,27,2025,6
2025,RREO,6,B,Governo do Estado de Alagoas,27,AL,3125254,RREO-Anexo 03,E,Padrão,<MR-11>,IPVALiquidoExcetoTransferenciasEFUNDEB,IPVA,107185281.43,AL,27,2025,6
2025,RREO,6,B,Governo do Estado de Alagoas,27,AL,3125254,RREO-Anexo 03,E,Padrão,<MR-10>,IPVALiquidoExcetoTransferenciasEFUNDEB,IPVA,50717741.69,AL,27,2025,6
2025,RREO,6,B,Governo do Estado de Alagoas,27,AL,3125254,RREO-Anexo 03,E,Padrão,<MR-9>,IPVALiquidoExcetoTransferenciasEFUNDEB,IPVA,62032155.09,AL,27,2025,6
2025,RREO,6,B,Governo do Estado de Alagoas,27,AL,3125254,RREO-Anexo 03,E,Padrão,<MR-8>,IPVALiquidoExcetoTransferenciasEFUNDEB,IPVA,69983107.45,AL,27,2025,6
2025,RREO,6,B,Governo do Estado de Alagoas,27,AL,3125254,RREO-Anexo 03,E,Padrão,<MR-7>,IPVALiquidoExcetoTransferenciasEFUNDEB,IPVA,81911757.32,AL,27,2025,6
2025,RREO,6,B,Governo do Estado de Alagoas,27,AL,3125254,RREO-Anexo 03,E,Padrão,<MR-6>,IPVALiquidoExcetoTransferenciasEFUNDEB,IPVA,89954686.42,AL,27,2025,6
2025,RREO,6,B,Governo do Estado de Alagoas,27,AL,3125254,RREO-Anexo 03,E,Padrão,<MR-5>,IPVALiquidoExcetoTransferenciasEFUNDEB,IPVA,84967257.25,AL,27,2025,6
2025,RREO,6,B,Governo do Estado de Alagoas,27,AL,3125254,RREO-Anexo 03,E,Padrão,<MR-4>,IPVALiquidoExcetoTransferenciasEFUNDEB,IPVA,60618511.62,AL,27,2025,6
2025,RREO,6,B,Governo do Estado de Alagoas,27,AL,3125254,RREO-Anexo 03,E,Padrão,<MR-3>,IPVALiquidoExcetoTransferenciasEFUNDEB,IPVA,60669858.72,AL,27,2025,6
2025,RREO,6,B,Governo do Estado de Alagoas,27,AL,3125254,RREO-Anexo 03,E,Padrão,<MR-2>,IPVALiquidoExcetoTransferenciasEFUNDEB,IPVA,48169688.01,AL,27,2025,6
2025,RREO,6,B,Governo do Estado de Alagoas,27,AL,3125254,RREO-Anexo 03,E,Padrão,<MR-1>,IPVALiquidoExcetoTransferenciasEFUNDEB,IPVA,30064617.26,AL,27,2025,6
2025,RREO,6,B,Governo do Estado de Alagoas,27,AL,3125254,RREO-Anexo 03,E,Padrão,<MR>,IPVALiquidoExcetoTransferenciasEFUNDEB,IPVA,27619428.32,AL,27,2025,6
2025,RREO,6,B,Governo do Estado de Alagoas,27,AL,3125254,RREO-Anexo 03,E,Padrão,TOTAL (ÚLTIMOS 12 MESES),IPVALiquidoExcetoTransferenciasEFUNDEB,IPVA,773894090.58,AL,27,2025,6
2025,RREO,6,B,Governo do Estado de Alagoas,27,AL,3125254,RREO-Anexo 03,E,Padrão,PREVISÃO ATUALIZADA 2025,IPVALiquidoExcetoTransferenciasEFUNDEB,IPVA,770958583.0,AL,27,2025,6
2025,RREO,6,B,Governo do Estado de Alagoas,27,AL,3125254,RREO-Anexo 03,E,Padrão,<MR-11>,ITCDLiquidoExcetoTransferenciasEFUNDEB,ITCD,9781098.42,AL,27,2025,6
2025,RREO,6,B,Governo do Estado de Alagoas,27,AL,3125254,RREO-Anexo 03,E,Padrão,<MR-10>,ITCDLiquidoExcetoTransferenciasEFUNDEB,ITCD,7267840.98,AL,27,2025,6
2025,RREO,6,B,Governo do Estado de Alagoas,27,AL,3125254,RREO-Anexo 03,E,Padrão,<MR-9>,ITCDLiquidoExcetoTransferenciasEFUNDEB,ITCD,4832706.45,AL,27,2025,6
2025,RREO,6,B,Governo do Estado de Alagoas,27,AL,3125254,RREO-Anexo 03,E,Padrão,<MR-8>,ITCDLiquidoExcetoTransferenciasEFUNDEB,ITCD,4803475.55,AL,27,2025,6
2025,RREO,6,B,Governo do Estado de Alagoas,27,AL,3125254,RREO-Anexo 03,E,Padrão,<MR-7>,ITCDLiquidoExcetoTransferenciasEFUNDEB,ITCD,4777379.05,AL,27,2025,6
2025,RREO,6,B,Governo do Estado de Alagoas,27,AL,3125254,RREO-Anexo 03,E,Padrão,<MR-6>,ITCDLiquidoExcetoTransferenciasEFUNDEB,ITCD,6561282.84,AL,27,2025,6
2025,RREO,6,B,Governo do Estado de Alagoas,27,AL,3125254,RREO-Anexo 03,E,Padrão,<MR-5>,ITCDLiquidoExcetoTransferenciasEFUNDEB,ITCD,10070364.66,AL,27,2025,6
2025,RREO,6,B,Governo do Estado de Alagoas,27,AL,3125254,RREO-Anexo 03,E,Padrão,<MR-4>,ITCDLiquidoExcetoTransferenciasEFUNDEB,ITCD,4880255.78,AL,27,2025,6
2025,RREO,6,B,Governo do Estado de Alagoas,27,AL,3125254,RREO-Anexo 03,E,Padrão,<MR-3>,ITCDLiquidoExcetoTransferenciasEFUNDEB,ITCD,4722711.49,AL,27,2025,6
2025,RREO,6,B,Governo do Estado de Alagoas,27,AL,3125254,RREO-Anexo 03,E,Padrão,<MR-2>,ITCDLiquidoExcetoTransferenciasEFUNDEB,ITCD,4198679.12,AL,27,2025,6
2025,RREO,6,B,Governo do Estado de Alagoas,27,AL,3125254,RREO-Anexo 03,E,Padrão,<MR-1>,ITCDLiquidoExcetoTransferenciasEFUNDEB,ITCD,4589996.0,AL,27,2025,6
2025,RREO,6,B,Governo do Estado de Alagoas,27,AL,3125254,RREO-Anexo 03,E,Padrão,<MR>,ITCDLiquidoExcetoTransferenciasEFUNDEB,ITCD,6060101.22,AL,27,2025,6
2025,RREO,6,B,Governo do Estado de Alagoas,27,AL,3125254,RREO-Anexo 03,E,Padrão,TOTAL (ÚLTIMOS 12 MESES),ITCDLiquidoExcetoTransferenciasEFUNDEB,ITCD,72545891.56,AL,27,2025,6
2025,RREO,6,B,Governo do Estado de Alagoas,27,AL,3125254,RREO-Anexo 03,E,Padrão,PREVISÃO ATUALIZADA 2025,ITCDLiquidoExcetoTransferenciasEFUNDEB,ITCD,72139007.0,AL,27,2025,6
2025,RREO,6,B,Governo do Estado de Sergipe,28,SE,2211868,RREO-Anexo 03,E,Padrão,<MR-11>,ICMSLiquidoExcetoTransferenciasEFUNDEB,ICMS,542870914.43,SE,28,2025,6
2025,RREO,6,B,Governo do Estado de Sergipe,28,SE,2211868,RREO-Anexo 03,E,Padrão,<MR-10>,ICMSLiquidoExcetoTransferenciasEFUNDEB,ICMS,487495771.14,SE,28,2025,6
2025,RREO,6,B,Governo do Estado de Sergipe,28,SE,2211868,RREO-Anexo 03,E,Padrão,<MR-9>,ICMSLiquidoExcetoTransferenciasEFUNDEB,ICMS,481562136.64,SE,28,2025,6
2025,RREO,6,B,Governo do Estado de Sergipe,28,SE,2211868,RREO-Anexo 03,E,Padrão,<MR-8>,ICMSLiquidoExcetoTransferenciasEFUNDEB,ICMS,502173918.84,SE,28,2025,6
2025,RREO,6,B,Governo do Estado de Sergipe,28,SE,2211868,RREO-Anexo 03,E,Padrão,<MR-7>,ICMSLiquidoExcetoTransferenciasEFUNDEB,ICMS,485590995.22,SE,28,2025,6
2025,RREO,6,B,Governo do Estado de Sergipe,28,SE,2211868,RREO-Anexo 03,E,Padrão,<MR-6>,ICMSLiquidoExcetoTransferenciasEFUNDEB,ICMS,501384900.01,SE,28,2025,6
2025,RREO,6,B,Governo do Estado de Sergipe,28,SE,2211868,RREO-Anexo 03,E,Padrão,<MR-5>,ICMSLiquidoExcetoTransferenciasEFUNDEB,ICMS,486080262.4,SE,28,2025,6
2025,RREO,6,B,Governo do Estado de Sergipe,28,SE,2211868,RREO-Anexo 03,E,Padrão,<MR-4>,ICMSLiquidoExcetoTransferenciasEFUNDEB,ICMS,492450359.61,SE,28,2025,6
2025,RREO,6,B,Governo do Estado de Sergipe,28,SE,2211868,RREO-Anexo 03,E,Padrão,<MR-3>,ICMSLiquidoExcetoTransferenciasEFUNDEB,ICMS,496617159.5,SE,28,2025,6
2025,RREO,6,B,Governo do Estado de Sergipe,28,SE,2211868,RREO-Anexo 03,E,Padrão,<MR-2>,ICMSLiquidoExcetoTransferenciasEFUNDEB,ICMS,500426069.04,SE,28,2025,6
2025,RREO,6,B,Governo do Estado de Sergipe,28,SE,2211868,RREO-Anexo 03,E,Padrão,<MR-1>,ICMSLiquidoExcetoTransferenciasEFUNDEB,ICMS,550317522.89,SE,28,2025,6
2025,RREO,6,B,Governo do Estado de Sergipe,28,SE,2211868,RREO-Anexo 03,E,Padrão,<MR>,ICMSLiquidoExcetoTransferenciasEFUNDEB,ICMS,568818946.97,SE,28,2025,6
2025,RREO,6,B,Governo do Estado de Sergipe,28,SE,2211868,RREO-Anexo 03,E,Padrão,TOTAL (ÚLTIMOS 12 MESES),ICMSLiquidoExcetoTransferenciasEFUNDEB,ICMS,6095788956.69,SE,28,2025,6
2025,RREO,6,B,Governo do Estado de Sergipe,28,SE,2211868,RREO-Anexo 03,E,Padrão,PREVISÃO ATUALIZADA 2025,ICMSLiquidoExcetoTransferenciasEFUNDEB,ICMS,6019929397.92,SE,28,2025,6
2025,RREO,6,B,Governo do Estado de Sergipe,28,SE,2211868,RREO-Anexo 03,E,Padrão,<MR-11>,IPVALiquidoExcetoTransferenciasEFUNDEB,IPVA,33289154.75,SE,28,2025,6
2025,RREO,6,B,Governo do Estado de Sergipe,28,SE,2211868,RREO-Anexo 03,E,Padrão,<MR-10>,IPVALiquidoExcetoTransferenciasEFUNDEB,IPVA,33134236.6,SE,28,2025,6
2025,RREO,6,B,Governo do Estado de Sergipe,28,SE,2211868,RREO-Anexo 03,E,Padrão,<MR-9>,IPVALiquidoExcetoTransferenciasEFUNDEB,IPVA,118060164.74,SE,28,2025,6
2025,RREO,6,B,Governo do Estado de Sergipe,28,SE,2211868,RREO-Anexo 03,E,Padrão,<MR-8>,IPVALiquidoExcetoTransferenciasEFUNDEB,IPVA,49062784.32,SE,28,2025,6
2025,RREO,6,B,Governo do Estado de Sergipe,28,SE,2211868,RREO-Anexo 03,E,Padrão,<MR-7>,IPVALiquidoExcetoTransferenciasEFUNDEB,IPVA,32438001.38,SE,28,2025,6
2025,RREO,6,B,Governo do Estado de Sergipe,28,SE,2211868,RREO-Anexo 03,E,Padrão,<MR-6>,IPVALiquidoExcetoTransferenciasEFUNDEB,IPVA,32286375.29,SE,28,2025,6
2025,RREO,6,B,Governo do Estado de Sergipe,28,SE,2211868,RREO-Anexo 03,E,Padrão,<MR-5>,IPVALiquidoExcetoTransferenciasEFUNDEB,IPVA,38239243.57,SE,28,2025,6
2025,RREO,6,B,Governo do Estado de Sergipe,28,SE,2211868,RREO-Anexo 03,E,Padrão,<MR-4>,IPVALiquidoExcetoTransferenciasEFUNDEB,IPVA,35806875.51,SE,28,2025,6
2025,RREO,6,B,Governo do Estado de Sergipe,28,SE,2211868,RREO-Anexo 03,E,Padrão,<MR-3>,IPVALiquidoExcetoTransferenciasEFUNDEB,IPVA,41113391.27,SE,28,2025,6
2025,RREO,6,B,Governo do Estado de Sergipe,28,SE,2211868,RREO-Anexo 03,E,Padrão,<MR-2>,IPVALiquidoExcetoTransferenciasEFUNDEB,IPVA,41893067.82,SE,28,2025,6
2025,RREO,6,B,Governo do Estado de Sergipe,28,SE,2211868,RREO-Anexo 03,E,Padrão,<MR-1>,IPVALiquidoExcetoTransferenciasEFUNDEB,IPVA,40923679.09,SE,28,2025,6
2025,RREO,6,B,Governo do Estado de Sergipe,28,SE,2211868,RREO-Anexo 03,E,Padrão,<MR>,IPVALiquidoExcetoTransferenciasEFUNDEB,IPVA,34643471.76,SE,28,2025,6
2025,RREO,6,B,Governo do Estado de Sergipe,28,SE,2211868,RREO-Anexo 03,E,Padrão,TOTAL (ÚLTIMOS 12 MESES),IPVALiquidoExcetoTransferenciasEFUNDEB,IPVA,530890446.1,SE,28,2025,6
2025,RREO,6,B,Governo do Estado de Sergipe,28,SE,2211868,RREO-Anexo 03,E,Padrão,PREVISÃO ATUALIZADA 2025,IPVALiquidoExcetoTransferenciasEFUNDEB,IPVA,539326400.0,SE,28,2025,6
2025,RREO,6,B,Governo do Estado de Sergipe,28,SE,2211868,RREO-Anexo 03,E,Padrão,<MR-11>,ITCDLiquidoExcetoTransferenciasEFUNDEB,ITCD,3236047.89,SE,28,2025,6
2025,RREO,6,B,Governo do Estado de Sergipe,28,SE,2211868,RREO-Anexo 03,E,Padrão,<MR-10>,ITCDLiquidoExcetoTransferenciasEFUNDEB,ITCD,2894656.02,SE,28,2025,6
2025,RREO,6,B,Governo do Estado de Sergipe,28,SE,2211868,RREO-Anexo 03,E,Padrão,<MR-9>,ITCDLiquidoExcetoTransferenciasEFUNDEB,ITCD,2725681.11,SE,28,2025,6
2025,RREO,6,B,Governo do Estado de Sergipe,28,SE,2211868,RREO-Anexo 03,E,Padrão,<MR-8>,ITCDLiquidoExcetoTransferenciasEFUNDEB,ITCD,3002516.59,SE,28,2025,6
2025,RREO,6,B,Governo do Estado de Sergipe,28,SE,2211868,RREO-Anexo 03,E,Padrão,<MR-7>,ITCDLiquidoExcetoTransferenciasEFUNDEB,ITCD,3494519.69,SE,28,2025,6
2025,RREO,6,B,Governo do Estado de Sergipe,28,SE,2211868,RREO-Anexo 03,E,Padrão,<MR-6>,ITCDLiquidoExcetoTransferenciasEFUNDEB,ITCD,4030590.72,SE,28,2025,6
2025,RREO,6,B,Governo do Estado de Sergipe,28,SE,2211868,RREO-Anexo 03,E,Padrão,<MR-5>,ITCDLiquidoExcetoTransferenciasEFUNDEB,ITCD,2743201.48,SE,28,2025,6
2025,RREO,6,B,Governo do Estado de Sergipe,28,SE,2211868,RREO-Anexo 03,E,Padrão,<MR-4>,ITCDLiquidoExcetoTransferenciasEFUNDEB,ITCD,3584875.19,SE,28,2025,6
2025,RREO,6,B,Governo do Estado de Sergipe,28,SE,2211868,RREO-Anexo 03,E,Padrão,<MR-3>,ITCDLiquidoExcetoTransferenciasEFUNDEB,ITCD,3561108.22,SE,28,2025,6
2025,RREO,6,B,Governo do Estado de Sergipe,28,SE,2211868,RREO-Anexo 03,E,Padrão,<MR-2>,ITCDLiquidoExcetoTransferenciasEFUNDEB,ITCD,2819360.34,SE,28,2025,6
2025,RREO,6,B,Governo do Estado de Sergipe,28,SE,2211868,RREO-Anexo 03,E,Padrão,<MR-1>,ITCDLiquidoExcetoTransferenciasEFUNDEB,ITCD,4065022.9,SE,28,2025,6
2025,RREO,6,B,Governo do Estado de Sergipe,28,SE,2211868,RREO-Anexo 03,E,Padrão,<MR>,ITCDLiquidoExcetoTransferenciasEFUNDEB,ITCD,34267630.39,SE,28,2025,6
2025,RREO,6,B,Governo do Estado de Sergipe,28,SE,2211868,RREO-Anexo 03,E,Padrão,TOTAL (ÚLTIMOS 12 MESES),ITCDLiquidoExcetoTransferenciasEFUNDEB,ITCD,70425210.54,SE,28,2025,6
2025,RREO,6,B,Governo do Estado de Sergipe,28,SE,2211868,RREO-Anexo 03,E,Padrão,PREVISÃO ATUALIZADA 2025,ITCDLiquidoExcetoTransferenciasEFUNDEB,ITCD,55001240.0,SE,28,2025,6
2025,RREO,6,B,Governo do Estado da Bahia,29,BA,14659023,RREO-Anexo 03,E,Padrão,<MR-11>,ICMSLiquidoExcetoTransferenciasEFUNDEB,ICMS,3814902460.18,BA,29,2025,6
2025,RREO,6,B,Governo do Estado da Bahia,29,BA,14659023,RREO-Anexo 03,E,Padrão,<MR-10>,ICMSLiquidoExcetoTransferenciasEFUNDEB,ICMS,3290857042.18,BA,29,2025,6
2025,RREO,6,B,Governo do Estado da Bahia,29,BA,14659023,RREO-Anexo 03,E,Padrão,<MR-9>,ICMSLiquidoExcetoTransferenciasEFUNDEB,ICMS,3174325738.18,BA,29,2025,6
2025,RREO,6,B,Governo do Estado da Bahia,29,BA,14659023,RREO-Anexo 03,E,Padrão,<MR-8>,ICMSLiquidoExcetoTransferenciasEFUNDEB,ICMS,3381230441.17,BA,29,2025,6
2025,RREO,6,B,Governo do Estado da Bahia,29,BA,14659023,RREO-Anexo 03,E,Padrão,<MR-7>,ICMSLiquidoExcetoTransferenciasEFUNDEB,ICMS,3309892182.57,BA,29,2025,6
2025,RREO,6,B,Governo do Estado da Bahia,29,BA,14659023,RREO-Anexo 03,E,Padrão,<MR-6>,ICMSLiquidoExcetoTransferenciasEFUNDEB,ICMS,3385534517.99,BA,29,2025,6
2025,RREO,6,B,Governo do Estado da Bahia,29,BA,14659023,RREO-Anexo 03,E,Padrão,<MR-5>,ICMSLiquidoExcetoTransferenciasEFUNDEB,ICMS,3322620054.83,BA,29,2025,6
2025,RREO,6,B,Governo do Estado da Bahia,29,BA,14659023,RREO-Anexo 03,E,Padrão,<MR-4>,ICMSLiquidoExcetoTransferenciasEFUNDEB,ICMS,3490099339.13,BA,29,2025,6
2025,RREO,6,B,Governo do Estado da Bahia,29,BA,14659023,RREO-Anexo 03,E,Padrão,<MR-3>,ICMSLiquidoExcetoTransferenciasEFUNDEB,ICMS,3437038446.52,BA,29,2025,6
2025,RREO,6,B,Governo do Estado da Bahia,29,BA,14659023,RREO-Anexo 03,E,Padrão,<MR-2>,ICMSLiquidoExcetoTransferenciasEFUNDEB,ICMS,3478587090.67,BA,29,2025,6
2025,RREO,6,B,Governo do Estado da Bahia,29,BA,14659023,RREO-Anexo 03,E,Padrão,<MR-1>,ICMSLiquidoExcetoTransferenciasEFUNDEB,ICMS,4413829708.2,BA,29,2025,6
2025,RREO,6,B,Governo do Estado da Bahia,29,BA,14659023,RREO-Anexo 03,E,Padrão,<MR>,ICMSLiquidoExcetoTransferenciasEFUNDEB,ICMS,3500051625.06,BA,29,2025,6
2025,RREO,6,B,Governo do Estado da Bahia,29,BA,14659023,RREO-Anexo 03,E,Padrão,TOTAL (ÚLTIMOS 12 MESES),ICMSLiquidoExcetoTransferenciasEFUNDEB,ICMS,41998968646.68,BA,29,2025,6
2025,RREO,6,B,Governo do Estado da Bahia,29,BA,14659023,RREO-Anexo 03,E,Padrão,PREVISÃO ATUALIZADA 2025,ICMSLiquidoExcetoTransferenciasEFUNDEB,ICMS,40395795447.0,BA,29,2025,6
2025,RREO,6,B,Governo do Estado da Bahia,29,BA,14659023,RREO-Anexo 03,E,Padrão,<MR-11>,IPVALiquidoExcetoTransferenciasEFUNDEB,IPVA,336286900.39,BA,29,2025,6
2025,RREO,6,B,Governo do Estado da Bahia,29,BA,14659023,RREO-Anexo 03,E,Padrão,<MR-10>,IPVALiquidoExcetoTransferenciasEFUNDEB,IPVA,484948999.16,BA,29,2025,6
2025,RREO,6,B,Governo do Estado da Bahia,29,BA,14659023,RREO-Anexo 03,E,Padrão,<MR-9>,IPVALiquidoExcetoTransferenciasEFUNDEB,IPVA,146691949.64,BA,29,2025,6
2025,RREO,6,B,Governo do Estado da Bahia,29,BA,14659023,RREO-Anexo 03,E,Padrão,<MR-8>,IPVALiquidoExcetoTransferenciasEFUNDEB,IPVA,153111060.65,BA,29,2025,6
2025,RREO,6,B,Governo do Estado da Bahia,29,BA,14659023,RREO-Anexo 03,E,Padrão,<MR-7>,IPVALiquidoExcetoTransferenciasEFUNDEB,IPVA,166031194.68,BA,29,2025,6
2025,RREO,6,B,Governo do Estado da Bahia,29,BA,14659023,RREO-Anexo 03,E,Padrão,<MR-6>,IPVALiquidoExcetoTransferenciasEFUNDEB,IPVA,168737826.28,BA,29,2025,6
2025,RREO,6,B,Governo do Estado da Bahia,29,BA,14659023,RREO-Anexo 03,E,Padrão,<MR-5>,IPVALiquidoExcetoTransferenciasEFUNDEB,IPVA,244985149.58,BA,29,2025,6
2025,RREO,6,B,Governo do Estado da Bahia,29,BA,14659023,RREO-Anexo 03,E,Padrão,<MR-4>,IPVALiquidoExcetoTransferenciasEFUNDEB,IPVA,225728599.68,BA,29,2025,6
2025,RREO,6,B,Governo do Estado da Bahia,29,BA,14659023,RREO-Anexo 03,E,Padrão,<MR-3>,IPVALiquidoExcetoTransferenciasEFUNDEB,IPVA,237717363.04,BA,29,2025,6
2025,RREO,6,B,Governo do Estado da Bahia,29,BA,14659023,RREO-Anexo 03,E,Padrão,<MR-2>,IPVALiquidoExcetoTransferenciasEFUNDEB,IPVA,235285796.88,BA,29,2025,6
2025,RREO,6,B,Governo do Estado da Bahia,29,BA,14659023,RREO-Anexo 03,E,Padrão,<MR-1>,IPVALiquidoExcetoTransferenciasEFUNDEB,IPVA,206462547.79,BA,29,2025,6
2025,RREO,6,B,Governo do Estado da Bahia,29,BA,14659023,RREO-Anexo 03,E,Padrão,<MR>,IPVALiquidoExcetoTransferenciasEFUNDEB,IPVA,151011926.65,BA,29,2025,6
2025,RREO,6,B,Governo do Estado da Bahia,29,BA,14659023,RREO-Anexo 03,E,Padrão,TOTAL (ÚLTIMOS 12 MESES),IPVALiquidoExcetoTransferenciasEFUNDEB,IPVA,2756999314.42,BA,29,2025,6
2025,RREO,6,B,Governo do Estado da Bahia,29,BA,14659023,RREO-Anexo 03,E,Padrão,PREVISÃO ATUALIZADA 2025,IPVALiquidoExcetoTransferenciasEFUNDEB,IPVA,2516626000.0,BA,29,2025,6
2025,RREO,6,B,Governo do Estado da Bahia,29,BA,14659023,RREO-Anexo 03,E,Padrão,<MR-11>,ITCDLiquidoExcetoTransferenciasEFUNDEB,ITCD,29698208.49,BA,29,2025,6
2025,RREO,6,B,Governo do Estado da Bahia,29,BA,14659023,RREO-Anexo 03,E,Padrão,<MR-10>,ITCDLiquidoExcetoTransferenciasEFUNDEB,ITCD,30633989.88,BA,29,2025,6
2025,RREO,6,B,Governo do Estado da Bahia,29,BA,14659023,RREO-Anexo 03,E,Padrão,<MR-9>,ITCDLiquidoExcetoTransferenciasEFUNDEB,ITCD,27415858.61,BA,29,2025,6
2025,RREO,6,B,Governo do Estado da Bahia,29,BA,14659023,RREO-Anexo 03,E,Padrão,<MR-8>,ITCDLiquidoExcetoTransferenciasEFUNDEB,ITCD,27608634.79,BA,29,2025,6
2025,RREO,6,B,Governo do Estado da Bahia,29,BA,14659023,RREO-Anexo 03,E,Padrão,<MR-7>,ITCDLiquidoExcetoTransferenciasEFUNDEB,ITCD,34370611.44,BA,29,2025,6
2025,RREO,6,B,Governo do Estado da Bahia,29,BA,14659023,RREO-Anexo 03,E,Padrão,<MR-6>,ITCDLiquidoExcetoTransferenciasEFUNDEB,ITCD,33490952.33,BA,29,2025,6
2025,RREO,6,B,Governo do Estado da Bahia,29,BA,14659023,RREO-Anexo 03,E,Padrão,<MR-5>,ITCDLiquidoExcetoTransferenciasEFUNDEB,ITCD,26315427.28,BA,29,2025,6
2025,RREO,6,B,Governo do Estado da Bahia,29,BA,14659023,RREO-Anexo 03,E,Padrão,<MR-4>,ITCDLiquidoExcetoTransferenciasEFUNDEB,ITCD,23323683.42,BA,29,2025,6
2025,RREO,6,B,Governo do Estado da Bahia,29,BA,14659023,RREO-Anexo 03,E,Padrão,<MR-3>,ITCDLiquidoExcetoTransferenciasEFUNDEB,ITCD,47966098.58,BA,29,2025,6
2025,RREO,6,B,Governo do Estado da Bahia,29,BA,14659023,RREO-Anexo 03,E,Padrão,<MR-2>,ITCDLiquidoExcetoTransferenciasEFUNDEB,ITCD,37435075.46,BA,29,2025,6
2025,RREO,6,B,Governo do Estado da Bahia,29,BA,14659023,RREO-Anexo 03,E,Padrão,<MR-1>,ITCDLiquidoExcetoTransferenciasEFUNDEB,ITCD,27834745.12,BA,29,2025,6
2025,RREO,6,B,Governo do Estado da Bahia,29,BA,14659023,RREO-Anexo 03,E,Padrão,<MR>,ITCDLiquidoExcetoTransferenciasEFUNDEB,ITCD,40979167.62,BA,29,2025,6
2025,RREO,6,B,Governo do Estado da Bahia,29,BA,14659023,RREO-Anexo 03,E,Padrão,TOTAL (ÚLTIMOS 12 MESES),ITCDLiquidoExcetoTransferenciasEFUNDEB,ITCD,387072453.02,BA,29,2025,6
2025,RREO,6,B,Governo do Estado da Bahia,29,BA,14659023,RREO-Anexo 03,E,Padrão,PREVISÃO ATUALIZADA 2025,ITCDLiquidoExcetoTransferenciasEFUNDEB,ITCD,321024000.0,BA,29,2025,6
2025,RREO,6,B,Governo do Estado de Minas Gerais,31,MG,20732660,RREO-Anexo 03,E,Padrão,<MR-11>,ICMSLiquidoExcetoTransferenciasEFUNDEB,ICMS,7094343937.28,MG,31,2025,6
2025,RREO,6,B,Governo do Estado de Minas Gerais,31,MG,20732660,RREO-Anexo 03,E,Padrão,<MR-10>,ICMSLiquidoExcetoTransferenciasEFUNDEB,ICMS,6563857417.49,MG,31,2025,6
2025,RREO,6,B,Governo do Estado de Minas Gerais,31,MG,20732660,RREO-Anexo 03,E,Padrão,<MR-9>,ICMSLiquidoExcetoTransferenciasEFUNDEB,ICMS,7049914282.11,MG,31,2025,6
2025,RREO,6,B,Governo do Estado de Minas Gerais,31,MG,20732660,RREO-Anexo 03,E,Padrão,<MR-8>,ICMSLiquidoExcetoTransferenciasEFUNDEB,ICMS,7046679743.55,MG,31,2025,6
2025,RREO,6,B,Governo do Estado de Minas Gerais,31,MG,20732660,RREO-Anexo 03,E,Padrão,<MR-7>,ICMSLiquidoExcetoTransferenciasEFUNDEB,ICMS,6790856325.32,MG,31,2025,6
2025,RREO,6,B,Governo do Estado de Minas Gerais,31,MG,20732660,RREO-Anexo 03,E,Padrão,<MR-6>,ICMSLiquidoExcetoTransferenciasEFUNDEB,ICMS,7706330375.72,MG,31,2025,6
2025,RREO,6,B,Governo do Estado de Minas Gerais,31,MG,20732660,RREO-Anexo 03,E,Padrão,<MR-5>,ICMSLiquidoExcetoTransferenciasEFUNDEB,ICMS,7076443479.55,MG,31,2025,6
2025,RREO,6,B,Governo do Estado de Minas Gerais,31,MG,20732660,RREO-Anexo 03,E,Padrão,<MR-4>,ICMSLiquidoExcetoTransferenciasEFUNDEB,ICMS,7478742302.23,MG,31,2025,6
2025,RREO,6,B,Governo do Estado de Minas Gerais,31,MG,20732660,RREO-Anexo 03,E,Padrão,<MR-3>,ICMSLiquidoExcetoTransferenciasEFUNDEB,ICMS,7649992210.09,MG,31,2025,6
2025,RREO,6,B,Governo do Estado de Minas Gerais,31,MG,20732660,RREO-Anexo 03,E,Padrão,<MR-2>,ICMSLiquidoExcetoTransferenciasEFUNDEB,ICMS,7476757362.21,MG,31,2025,6
2025,RREO,6,B,Governo do Estado de Minas Gerais,31,MG,20732660,RREO-Anexo 03,E,Padrão,<MR-1>,ICMSLiquidoExcetoTransferenciasEFUNDEB,ICMS,7656333848.85,MG,31,2025,6
2025,RREO,6,B,Governo do Estado de Minas Gerais,31,MG,20732660,RREO-Anexo 03,E,Padrão,<MR>,ICMSLiquidoExcetoTransferenciasEFUNDEB,ICMS,8121824760.05,MG,31,2025,6
2025,RREO,6,B,Governo do Estado de Minas Gerais,31,MG,20732660,RREO-Anexo 03,E,Padrão,TOTAL (ÚLTIMOS 12 MESES),ICMSLiquidoExcetoTransferenciasEFUNDEB,ICMS,87712076044.45,MG,31,2025,6
2025,RREO,6,B,Governo do Estado de Minas Gerais,31,MG,20732660,RREO-Anexo 03,E,Padrão,PREVISÃO ATUALIZADA 2025,ICMSLiquidoExcetoTransferenciasEFUNDEB,ICMS,84679059955.0,MG,31,2025,6
2025,RREO,6,B,Governo do Estado de Minas Gerais,31,MG,20732660,RREO-Anexo 03,E,Padrão,<MR-11>,IPVALiquidoExcetoTransferenciasEFUNDEB,IPVA,2223656163.54,MG,31,2025,6
2025,RREO,6,B,Governo do Estado de Minas Gerais,31,MG,20732660,RREO-Anexo 03,E,Padrão,<MR-10>,IPVALiquidoExcetoTransferenciasEFUNDEB,IPVA,3889136500.32,MG,31,2025,6
2025,RREO,6,B,Governo do Estado de Minas Gerais,31,MG,20732660,RREO-Anexo 03,E,Padrão,<MR-9>,IPVALiquidoExcetoTransferenciasEFUNDEB,IPVA,1933785981.31,MG,31,2025,6
2025,RREO,6,B,Governo do Estado de Minas Gerais,31,MG,20732660,RREO-Anexo 03,E,Padrão,<MR-8>,IPVALiquidoExcetoTransferenciasEFUNDEB,IPVA,1744022404.95,MG,31,2025,6
2025,RREO,6,B,Governo do Estado de Minas Gerais,31,MG,20732660,RREO-Anexo 03,E,Padrão,<MR-7>,IPVALiquidoExcetoTransferenciasEFUNDEB,IPVA,586753605.27,MG,31,2025,6
2025,RREO,6,B,Governo do Estado de Minas Gerais,31,MG,20732660,RREO-Anexo 03,E,Padrão,<MR-6>,IPVALiquidoExcetoTransferenciasEFUNDEB,IPVA,506580925.71,MG,31,2025,6
2025,RREO,6,B,Governo do Estado de Minas Gerais,31,MG,20732660,RREO-Anexo 03,E,Padrão,<MR-5>,IPVALiquidoExcetoTransferenciasEFUNDEB,IPVA,490537684.54,MG,31,2025,6
2025,RREO,6,B,Governo do Estado de Minas Gerais,31,MG,20732660,RREO-Anexo 03,E,Padrão,<MR-4>,IPVALiquidoExcetoTransferenciasEFUNDEB,IPVA,375784228.52,MG,31,2025,6
2025,RREO,6,B,Governo do Estado de Minas Gerais,31,MG,20732660,RREO-Anexo 03,E,Padrão,<MR-3>,IPVALiquidoExcetoTransferenciasEFUNDEB,IPVA,419336417.41,MG,31,2025,6
2025,RREO,6,B,Governo do Estado de Minas Gerais,31,MG,20732660,RREO-Anexo 03,E,Padrão,<MR-2>,IPVALiquidoExcetoTransferenciasEFUNDEB,IPVA,290460052.33,MG,31,2025,6
2025,RREO,6,B,Governo do Estado de Minas Gerais,31,MG,20732660,RREO-Anexo 03,E,Padrão,<MR-1>,IPVALiquidoExcetoTransferenciasEFUNDEB,IPVA,242765273.08,MG,31,2025,6
2025,RREO,6,B,Governo do Estado de Minas Gerais,31,MG,20732660,RREO-Anexo 03,E,Padrão,<MR>,IPVALiquidoExcetoTransferenciasEFUNDEB,IPVA,249483976.55,MG,31,2025,6
2025,RREO,6,B,Governo do Estado de Minas Gerais,31,MG,20732660,RREO-Anexo 03,E,Padrão,TOTAL (ÚLTIMOS 12 MESES),IPVALiquidoExcetoTransferenciasEFUNDEB,IPVA,12952303213.53,MG,31,2025,6
2025,RREO,6,B,Governo do Estado de Minas Gerais,31,MG,20732660,RREO-Anexo 03,E,Padrão,PREVISÃO ATUALIZADA 2025,IPVALiquidoExcetoTransferenciasEFUNDEB,IPVA,12315852681.0,MG,31,2025,6
2025,RREO,6,B,Governo do Estado de Minas Gerais,31,MG,20732660,RREO-Anexo 03,E,Padrão,<MR-11>,ITCDLiquidoExcetoTransferenciasEFUNDEB,ITCD,131511502.37,MG,31,2025,6
2025,RREO,6,B,Governo do Estado de Minas Gerais,31,MG,20732660,RREO-Anexo 03,E,Padrão,<MR-10>,ITCDLiquidoExcetoTransferenciasEFUNDEB,ITCD,131729160.62,MG,31,2025,6
2025,RREO,6,B,Governo do Estado de Minas Gerais,31,MG,20732660,RREO-Anexo 03,E,Padrão,<MR-9>,ITCDLiquidoExcetoTransferenciasEFUNDEB,ITCD,172557079.42,MG,31,2025,6
2025,RREO,6,B,Governo do Estado de Minas Gerais,31,MG,20732660,RREO-Anexo 03,E,Padrão,<MR-8>,ITCDLiquidoExcetoTransferenciasEFUNDEB,ITCD,174315922.76,MG,31,2025,6
2025,RREO,6,B,Governo do Estado de Minas Gerais,31,MG,20732660,RREO-Anexo 03,E,Padrão,<MR-7>,ITCDLiquidoExcetoTransferenciasEFUNDEB,ITCD,161065592.61,MG,31,2025,6
2025,RREO,6,B,Governo do Estado de Minas Gerais,31,MG,20732660,RREO-Anexo 03,E,Padrão,<MR-6>,ITCDLiquidoExcetoTransferenciasEFUNDEB,ITCD,197368074.49,MG,31,2025,6
2025,RREO,6,B,Governo do Estado de Minas Gerais,31,MG,20732660,RREO-Anexo 03,E,Padrão,<MR-5>,ITCDLiquidoExcetoTransferenciasEFUNDEB,ITCD,174418371.1,MG,31,2025,6
2025,RREO,6,B,Governo do Estado de Minas Gerais,31,MG,20732660,RREO-Anexo 03,E,Padrão,<MR-4>,ITCDLiquidoExcetoTransferenciasEFUNDEB,ITCD,158276134.79,MG,31,2025,6
2025,RREO,6,B,Governo do Estado de Minas Gerais,31,MG,20732660,RREO-Anexo 03,E,Padrão,<MR-3>,ITCDLiquidoExcetoTransferenciasEFUNDEB,ITCD,201065289.45,MG,31,2025,6
2025,RREO,6,B,Governo do Estado de Minas Gerais,31,MG,20732660,RREO-Anexo 03,E,Padrão,<MR-2>,ITCDLiquidoExcetoTransferenciasEFUNDEB,ITCD,194735996.35,MG,31,2025,6
2025,RREO,6,B,Governo do Estado de Minas Gerais,31,MG,20732660,RREO-Anexo 03,E,Padrão,<MR-1>,ITCDLiquidoExcetoTransferenciasEFUNDEB,ITCD,179894068.73,MG,31,2025,6
2025,RREO,6,B,Governo do Estado de Minas Gerais,31,MG,20732660,RREO-Anexo 03,E,Padrão,<MR>,ITCDLiquidoExcetoTransferenciasEFUNDEB,ITCD,381979749.96,MG,31,2025,6
2025,RREO,6,B,Governo do Estado de Minas Gerais,31,MG,20732660,RREO-Anexo 03,E,Padrão,TOTAL (ÚLTIMOS 12 MESES),ITCDLiquidoExcetoTransferenciasEFUNDEB,ITCD,2258916942.65,MG,31,2025,6
2025,RREO,6,B,Governo do Estado de Minas Gerais,31,MG,20732660,RREO-Anexo 03,E,Padrão,PREVISÃO ATUALIZADA 2025,ITCDLiquidoExcetoTransferenciasEFUNDEB,ITCD,2112872748.0,MG,31,2025,6
2025,RREO,6,B,Governo do Estado do Espírito Santo,32,ES,3975100,RREO-Anexo 03,E,Padrão,<MR-11>,ICMSLiquidoExcetoTransferenciasEFUNDEB,ICMS,1795965851.7,ES,32,2025,6
2025,RREO,6,B,Governo do Estado do Espírito Santo,32,ES,3975100,RREO-Anexo 03,E,Padrão,<MR-10>,ICMSLiquidoExcetoTransferenciasEFUNDEB,ICMS,1736385415.61,ES,32,2025,6
2025,RREO,6,B,Governo do Estado do Espírito Santo,32,ES,3975100,RREO-Anexo 03,E,Padrão,<MR-9>,ICMSLiquidoExcetoTransferenciasEFUNDEB,ICMS,1691814474.78,ES,32,2025,6
2025,RREO,6,B,Governo do Estado do Espírito Santo,32,ES,3975100,RREO-Anexo 03,E,Padrão,<MR-8>,ICMSLiquidoExcetoTransferenciasEFUNDEB,ICMS,1816296787.78,ES,32,2025,6
2025,RREO,6,B,Governo do Estado do Espírito Santo,32,ES,3975100,RREO-Anexo 03,E,Padrão,<MR-7>,ICMSLiquidoExcetoTransferenciasEFUNDEB,ICMS,1863062656.47,ES,32,2025,6
2025,RREO,6,B,Governo do Estado do Espírito Santo,32,ES,3975100,RREO-Anexo 03,E,Padrão,<MR-6>,ICMSLiquidoExcetoTransferenciasEFUNDEB,ICMS,1968261775.98,ES,32,2025,6
2025,RREO,6,B,Governo do Estado do Espírito Santo,32,ES,3975100,RREO-Anexo 03,E,Padrão,<MR-5>,ICMSLiquidoExcetoTransferenciasEFUNDEB,ICMS,1993441698.61,ES,32,2025,6
2025,RREO,6,B,Governo do Estado do Espírito Santo,32,ES,3975100,RREO-Anexo 03,E,Padrão,<MR-4>,ICMSLiquidoExcetoTransferenciasEFUNDEB,ICMS,1893042737.61,ES,32,2025,6
2025,RREO,6,B,Governo do Estado do Espírito Santo,32,ES,3975100,RREO-Anexo 03,E,Padrão,<MR-3>,ICMSLiquidoExcetoTransferenciasEFUNDEB,ICMS,1823688762.55,ES,32,2025,6
2025,RREO,6,B,Governo do Estado do Espírito Santo,32,ES,3975100,RREO-Anexo 03,E,Padrão,<MR-2>,ICMSLiquidoExcetoTransferenciasEFUNDEB,ICMS,1916827584.14,ES,32,2025,6
2025,RREO,6,B,Governo do Estado do Espírito Santo,32,ES,3975100,RREO-Anexo 03,E,Padrão,<MR-1>,ICMSLiquidoExcetoTransferenciasEFUNDEB,ICMS,1998384940.97,ES,32,2025,6
2025,RREO,6,B,Governo do Estado do Espírito Santo,32,ES,3975100,RREO-Anexo 03,E,Padrão,<MR>,ICMSLiquidoExcetoTransferenciasEFUNDEB,ICMS,2118674030.62,ES,32,2025,6
2025,RREO,6,B,Governo do Estado do Espírito Santo,32,ES,3975100,RREO-Anexo 03,E,Padrão,TOTAL (ÚLTIMOS 12 MESES),ICMSLiquidoExcetoTransferenciasEFUNDEB,ICMS,22615846716.82,ES,32,2025,6
2025,RREO,6,B,Governo do Estado do Espírito Santo,32,ES,3975100,RREO-Anexo 03,E,Padrão,PREVISÃO ATUALIZADA 2025,ICMSLiquidoExcetoTransferenciasEFUNDEB,ICMS,22439799937.0,ES,32,2025,6
2025,RREO,6,B,Governo do Estado do Espírito Santo,32,ES,3975100,RREO-Anexo 03,E,Padrão,<MR-11>,IPVALiquidoExcetoTransferenciasEFUNDEB,IPVA,67893963.58,ES,32,2025,6
2025,RREO,6,B,Governo do Estado do Espírito Santo,32,ES,3975100,RREO-Anexo 03,E,Padrão,<MR-10>,IPVALiquidoExcetoTransferenciasEFUNDEB,IPVA,63920187.69,ES,32,2025,6
2025,RREO,6,B,Governo do Estado do Espírito Santo,32,ES,3975100,RREO-Anexo 03,E,Padrão,<MR-9>,IPVALiquidoExcetoTransferenciasEFUNDEB,IPVA,117411146.8,ES,32,2025,6
2025,RREO,6,B,Governo do Estado do Espírito Santo,32,ES,3975100,RREO-Anexo 03,E,Padrão,<MR-8>,IPVALiquidoExcetoTransferenciasEFUNDEB,IPVA,421225768.58,ES,32,2025,6
2025,RREO,6,B,Governo do Estado do Espírito Santo,32,ES,3975100,RREO-Anexo 03,E,Padrão,<MR-7>,IPVALiquidoExcetoTransferenciasEFUNDEB,IPVA,122565321.82,ES,32,2025,6
2025,RREO,6,B,Governo do Estado do Espírito Santo,32,ES,3975100,RREO-Anexo 03,E,Padrão,<MR-6>,IPVALiquidoExcetoTransferenciasEFUNDEB,IPVA,108588185.21,ES,32,2025,6
2025,RREO,6,B,Governo do Estado do Espírito Santo,32,ES,3975100,RREO-Anexo 03,E,Padrão,<MR-5>,IPVALiquidoExcetoTransferenciasEFUNDEB,IPVA,109749720.72,ES,32,2025,6
2025,RREO,6,B,Governo do Estado do Espírito Santo,32,ES,3975100,RREO-Anexo 03,E,Padrão,<MR-4>,IPVALiquidoExcetoTransferenciasEFUNDEB,IPVA,98388157.99,ES,32,2025,6
2025,RREO,6,B,Governo do Estado do Espírito Santo,32,ES,3975100,RREO-Anexo 03,E,Padrão,<MR-3>,IPVALiquidoExcetoTransferenciasEFUNDEB,IPVA,114860277.52,ES,32,2025,6
2025,RREO,6,B,Governo do Estado do Espírito Santo,32,ES,3975100,RREO-Anexo 03,E,Padrão,<MR-2>,IPVALiquidoExcetoTransferenciasEFUNDEB,IPVA,58460975.91,ES,32,2025,6
2025,RREO,6,B,Governo do Estado do Espírito Santo,32,ES,3975100,RREO-Anexo 03,E,Padrão,<MR-1>,IPVALiquidoExcetoTransferenciasEFUNDEB,IPVA,34885706.7,ES,32,2025,6
2025,RREO,6,B,Governo do Estado do Espírito Santo,32,ES,3975100,RREO-Anexo 03,E,Padrão,<MR>,IPVALiquidoExcetoTransferenciasEFUNDEB,IPVA,36799371.33,ES,32,2025,6
2025,RREO,6,B,Governo do Estado do Espírito Santo,32,ES,3975100,RREO-Anexo 03,E,Padrão,TOTAL (ÚLTIMOS 12 MESES),IPVALiquidoExcetoTransferenciasEFUNDEB,IPVA,1354748783.85,ES,32,2025,6
2025,RREO,6,B,Governo do Estado do Espírito Santo,32,ES,3975100,RREO-Anexo 03,E,Padrão,PREVISÃO ATUALIZADA 2025,IPVALiquidoExcetoTransferenciasEFUNDEB,IPVA,1255572567.9,ES,32,2025,6
2025,RREO,6,B,Governo do Estado do Espírito Santo,32,ES,3975100,RREO-Anexo 03,E,Padrão,<MR-11>,ITCDLiquidoExcetoTransferenciasEFUNDEB,ITCD,21974567.53,ES,32,2025,6
2025,RREO,6,B,Governo do Estado do Espírito Santo,32,ES,3975100,RREO-Anexo 03,E,Padrão,<MR-10>,ITCDLiquidoExcetoTransferenciasEFUNDEB,ITCD,17491030.65,ES,32,2025,6
2025,RREO,6,B,Governo do Estado do Espírito Santo,32,ES,3975100,RREO-Anexo 03,E,Padrão,<MR-9>,ITCDLiquidoExcetoTransferenciasEFUNDEB,ITCD,18135390.45,ES,32,2025,6
2025,RREO,6,B,Governo do Estado do Espírito Santo,32,ES,3975100,RREO-Anexo 03,E,Padrão,<MR-8>,ITCDLiquidoExcetoTransferenciasEFUNDEB,ITCD,10219022.17,ES,32,2025,6
2025,RREO,6,B,Governo do Estado do Espírito Santo,32,ES,3975100,RREO-Anexo 03,E,Padrão,<MR-7>,ITCDLiquidoExcetoTransferenciasEFUNDEB,ITCD,10493857.32,ES,32,2025,6
2025,RREO,6,B,Governo do Estado do Espírito Santo,32,ES,3975100,RREO-Anexo 03,E,Padrão,<MR-6>,ITCDLiquidoExcetoTransferenciasEFUNDEB,ITCD,16793606.97,ES,32,2025,6
2025,RREO,6,B,Governo do Estado do Espírito Santo,32,ES,3975100,RREO-Anexo 03,E,Padrão,<MR-5>,ITCDLiquidoExcetoTransferenciasEFUNDEB,ITCD,15446532.1,ES,32,2025,6
2025,RREO,6,B,Governo do Estado do Espírito Santo,32,ES,3975100,RREO-Anexo 03,E,Padrão,<MR-4>,ITCDLiquidoExcetoTransferenciasEFUNDEB,ITCD,18595031.93,ES,32,2025,6
2025,RREO,6,B,Governo do Estado do Espírito Santo,32,ES,3975100,RREO-Anexo 03,E,Padrão,<MR-3>,ITCDLiquidoExcetoTransferenciasEFUNDEB,ITCD,21437439.62,ES,32,2025,6
2025,RREO,6,B,Governo do Estado do Espírito Santo,32,ES,3975100,RREO-Anexo 03,E,Padrão,<MR-2>,ITCDLiquidoExcetoTransferenciasEFUNDEB,ITCD,25777624.62,ES,32,2025,6
2025,RREO,6,B,Governo do Estado do Espírito Santo,32,ES,3975100,RREO-Anexo 03,E,Padrão,<MR-1>,ITCDLiquidoExcetoTransferenciasEFUNDEB,ITCD,26159820.68,ES,32,2025,6
2025,RREO,6,B,Governo do Estado do Espírito Santo,32,ES,3975100,RREO-Anexo 03,E,Padrão,<MR>,ITCDLiquidoExcetoTransferenciasEFUNDEB,ITCD,36996091.9,ES,32,2025,6
2025,RREO,6,B,Governo do Estado do Espírito Santo,32,ES,3975100,RREO-Anexo 03,E,Padrão,TOTAL (ÚLTIMOS 12 MESES),ITCDLiquidoExcetoTransferenciasEFUNDEB,ITCD,239520015.94,ES,32,2025,6
2025,RREO,6,B,Governo do Estado do Espírito Santo,32,ES,3975100,RREO-Anexo 03,E,Padrão,PREVISÃO ATUALIZADA 2025,ITCDLiquidoExcetoTransferenciasEFUNDEB,ITCD,197631387.0,ES,32,2025,6
2025,RREO,6,B,Governo do Estado do Rio de Janeiro,33,RJ,16615526,RREO-Anexo 03,E,Padrão,<MR-11>,ICMSLiquidoExcetoTransferenciasEFUNDEB,ICMS,5509956845.22,RJ,33,2025,6
2025,RREO,6,B,Governo do Estado do Rio de Janeiro,33,RJ,16615526,RREO-Anexo 03,E,Padrão,<MR-10>,ICMSLiquidoExcetoTransferenciasEFUNDEB,ICMS,4774573226.16,RJ,33,2025,6
2025,RREO,6,B,Governo do Estado do Rio de Janeiro,33,RJ,16615526,RREO-Anexo 03,E,Padrão,<MR-9>,ICMSLiquidoExcetoTransferenciasEFUNDEB,ICMS,4956687412.53,RJ,33,2025,6
2025,RREO,6,B,Governo do Estado do Rio de Janeiro,33,RJ,16615526,RREO-Anexo 03,E,Padrão,<MR-8>,ICMSLiquidoExcetoTransferenciasEFUNDEB,ICMS,5767810651.95,RJ,33,2025,6
2025,RREO,6,B,Governo do Estado do Rio de Janeiro,33,RJ,16615526,RREO-Anexo 03,E,Padrão,<MR-7>,ICMSLiquidoExcetoTransferenciasEFUNDEB,ICMS,5012354341.97,RJ,33,2025,6
2025,RREO,6,B,Governo do Estado do Rio de Janeiro,33,RJ,16615526,RREO-Anexo 03,E,Padrão,<MR-6>,ICMSLiquidoExcetoTransferenciasEFUNDEB,ICMS,5173860958.07,RJ,33,2025,6
2025,RREO,6,B,Governo do Estado do Rio de Janeiro,33,RJ,16615526,RREO-Anexo 03,E,Padrão,<MR-5>,ICMSLiquidoExcetoTransferenciasEFUNDEB,ICMS,4983940327.61,RJ,33,2025,6
2025,RREO,6,B,Governo do Estado do Rio de Janeiro,33,RJ,16615526,RREO-Anexo 03,E,Padrão,<MR-4>,ICMSLiquidoExcetoTransferenciasEFUNDEB,ICMS,4839785733.5,RJ,33,2025,6
2025,RREO,6,B,Governo do Estado do Rio de Janeiro,33,RJ,16615526,RREO-Anexo 03,E,Padrão,<MR-3>,ICMSLiquidoExcetoTransferenciasEFUNDEB,ICMS,5572902477.12,RJ,33,2025,6
2025,RREO,6,B,Governo do Estado do Rio de Janeiro,33,RJ,16615526,RREO-Anexo 03,E,Padrão,<MR-2>,ICMSLiquidoExcetoTransferenciasEFUNDEB,ICMS,5050495198.37,RJ,33,2025,6
2025,RREO,6,B,Governo do Estado do Rio de Janeiro,33,RJ,16615526,RREO-Anexo 03,E,Padrão,<MR-1>,ICMSLiquidoExcetoTransferenciasEFUNDEB,ICMS,5148701434.08,RJ,33,2025,6
2025,RREO,6,B,Governo do Estado do Rio de Janeiro,33,RJ,16615526,RREO-Anexo 03,E,Padrão,<MR>,ICMSLiquidoExcetoTransferenciasEFUNDEB,ICMS,5595438666.25,RJ,33,2025,6
2025,RREO,6,B,Governo do Estado do Rio de Janeiro,33,RJ,16615526,RREO-Anexo 03,E,Padrão,TOTAL (ÚLTIMOS 12 MESES),ICMSLiquidoExcetoTransferenciasEFUNDEB,ICMS,62386507272.83,RJ,33,2025,6
2025,RREO,6,B,Governo do Estado do Rio de Janeiro,33,RJ,16615526,RREO-Anexo 03,E,Padrão,PREVISÃO ATUALIZADA 2025,ICMSLiquidoExcetoTransferenciasEFUNDEB,ICMS,62352305398.93,RJ,33,2025,6
2025,RREO,6,B,Governo do Estado do Rio de Janeiro,33,RJ,16615526,RREO-Anexo 03,E,Padrão,<MR-11>,IPVALiquidoExcetoTransferenciasEFUNDEB,IPVA,1655805068.86,RJ,33,2025,6
2025,RREO,6,B,Governo do Estado do Rio de Janeiro,33,RJ,16615526,RREO-Anexo 03,E,Padrão,<MR-10>,IPVALiquidoExcetoTransferenciasEFUNDEB,IPVA,920521284.27,RJ,33,2025,6
2025,RREO,6,B,Governo do Estado do Rio de Janeiro,33,RJ,16615526,RREO-Anexo 03,E,Padrão,<MR-9>,IPVALiquidoExcetoTransferenciasEFUNDEB,IPVA,736823669.01,RJ,33,2025,6
2025,RREO,6,B,Governo do Estado do Rio de Janeiro,33,RJ,16615526,RREO-Anexo 03,E,Padrão,<MR-8>,IPVALiquidoExcetoTransferenciasEFUNDEB,IPVA,564389967.78,RJ,33,2025,6
2025,RREO,6,B,Governo do Estado do Rio de Janeiro,33,RJ,16615526,RREO-Anexo 03,E,Padrão,<MR-7>,IPVALiquidoExcetoTransferenciasEFUNDEB,IPVA,289017501.51,RJ,33,2025,6
2025,RREO,6,B,Governo do Estado do Rio de Janeiro,33,RJ,16615526,RREO-Anexo 03,E,Padrão,<MR-6>,IPVALiquidoExcetoTransferenciasEFUNDEB,IPVA,229542325.97,RJ,33,2025,6
2025,RREO,6,B,Governo do Estado do Rio de Janeiro,33,RJ,16615526,RREO-Anexo 03,E,Padrão,<MR-5>,IPVALiquidoExcetoTransferenciasEFUNDEB,IPVA,243852552.23,RJ,33,2025,6
2025,RREO,6,B,Governo do Estado do Rio de Janeiro,33,RJ,16615526,RREO-Anexo 03,E,Padrão,<MR-4>,IPVALiquidoExcetoTransferenciasEFUNDEB,IPVA,193585269.55,RJ,33,2025,6
2025,RREO,6,B,Governo do Estado do Rio de Janeiro,33,RJ,16615526,RREO-Anexo 03,E,Padrão,<MR-3>,IPVALiquidoExcetoTransferenciasEFUNDEB,IPVA,190089764.34,RJ,33,2025,6
2025,RREO,6,B,Governo do Estado do Rio de Janeiro,33,RJ,16615526,RREO-Anexo 03,E,Padrão,<MR-2>,IPVALiquidoExcetoTransferenciasEFUNDEB,IPVA,173299652.22,RJ,33,2025,6
2025,RREO,6,B,Governo do Estado do Rio de Janeiro,33,RJ,16615526,RREO-Anexo 03,E,Padrão,<MR-1>,IPVALiquidoExcetoTransferenciasEFUNDEB,IPVA,144822363.26,RJ,33,2025,6
2025,RREO,6,B,Governo do Estado do Rio de Janeiro,33,RJ,16615526,RREO-Anexo 03,E,Padrão,<MR>,IPVALiquidoExcetoTransferenciasEFUNDEB,IPVA,176393461.67,RJ,33,2025,6
2025,RREO,6,B,Governo do Estado do Rio de Janeiro,33,RJ,16615526,RREO-Anexo 03,E,Padrão,TOTAL (ÚLTIMOS 12 MESES),IPVALiquidoExcetoTransferenciasEFUNDEB,IPVA,5518142880.67,RJ,33,2025,6
2025,RREO,6,B,Governo do Estado do Rio de Janeiro,33,RJ,16615526,RREO-Anexo 03,E,Padrão,PREVISÃO ATUALIZADA 2025,IPVALiquidoExcetoTransferenciasEFUNDEB,IPVA,5514259602.44,RJ,33,2025,6
2025,RREO,6,B,Governo do Estado do Rio de Janeiro,33,RJ,16615526,RREO-Anexo 03,E,Padrão,<MR-11>,ITCDLiquidoExcetoTransferenciasEFUNDEB,ITCD,101858441.31,RJ,33,2025,6
2025,RREO,6,B,Governo do Estado do Rio de Janeiro,33,RJ,16615526,RREO-Anexo 03,E,Padrão,<MR-10>,ITCDLiquidoExcetoTransferenciasEFUNDEB,ITCD,125339491.01,RJ,33,2025,6
2025,RREO,6,B,Governo do Estado do Rio de Janeiro,33,RJ,16615526,RREO-Anexo 03,E,Padrão,<MR-9>,ITCDLiquidoExcetoTransferenciasEFUNDEB,ITCD,111511784.14,RJ,33,2025,6
2025,RREO,6,B,Governo do Estado do Rio de Janeiro,33,RJ,16615526,RREO-Anexo 03,E,Padrão,<MR-8>,ITCDLiquidoExcetoTransferenciasEFUNDEB,ITCD,115190536.29,RJ,33,2025,6
2025,RREO,6,B,Governo do Estado do Rio de Janeiro,33,RJ,16615526,RREO-Anexo 03,E,Padrão,<MR-7>,ITCDLiquidoExcetoTransferenciasEFUNDEB,ITCD,160978470.95,RJ,33,2025,6
2025,RREO,6,B,Governo do Estado do Rio de Janeiro,33,RJ,16615526,RREO-Anexo 03,E,Padrão,<MR-6>,ITCDLiquidoExcetoTransferenciasEFUNDEB,ITCD,144851868.15,RJ,33,2025,6
2025,RREO,6,B,Governo do Estado do Rio de Janeiro,33,RJ,16615526,RREO-Anexo 03,E,Padrão,<MR-5>,ITCDLiquidoExcetoTransferenciasEFUNDEB,ITCD,143081309.65,RJ,33,2025,6
2025,RREO,6,B,Governo do Estado do Rio de Janeiro,33,RJ,16615526,RREO-Anexo 03,E,Padrão,<MR-4>,ITCDLiquidoExcetoTransferenciasEFUNDEB,ITCD,139307058.23,RJ,33,2025,6
2025,RREO,6,B,Governo do Estado do Rio de Janeiro,33,RJ,16615526,RREO-Anexo 03,E,Padrão,<MR-3>,ITCDLiquidoExcetoTransferenciasEFUNDEB,ITCD,176104161.73,RJ,33,2025,6
2025,RREO,6,B,Governo do Estado do Rio de Janeiro,33,RJ,16615526,RREO-Anexo 03,E,Padrão,<MR-2>,ITCDLiquidoExcetoTransferenciasEFUNDEB,ITCD,164355337.71,RJ,33,2025,6
2025,RREO,6,B,Governo do Estado do Rio de Janeiro,33,RJ,16615526,RREO-Anexo 03,E,Padrão,<MR-1>,ITCDLiquidoExcetoTransferenciasEFUNDEB,ITCD,160296445.7,RJ,33,2025,6
2025,RREO,6,B,Governo do Estado do Rio de Janeiro,33,RJ,16615526,RREO-Anexo 03,E,Padrão,<MR>,ITCDLiquidoExcetoTransferenciasEFUNDEB,ITCD,333539776.09,RJ,33,2025,6
2025,RREO,6,B,Governo do Estado do Rio de Janeiro,33,RJ,16615526,RREO-Anexo 03,E,Padrão,TOTAL (ÚLTIMOS 12 MESES),ITCDLiquidoExcetoTransferenciasEFUNDEB,ITCD,1876414680.96,RJ,33,2025,6
2025,RREO,6,B,Governo do Estado do Rio de Janeiro,33,RJ,16615526,RREO-Anexo 03,E,Padrão,PREVISÃO ATUALIZADA 2025,ITCDLiquidoExcetoTransferenciasEFUNDEB,ITCD,1789476190.17,RJ,33,2025,6
2025,RREO,6,B,Governo do Estado de São Paulo,35,SP,46024937,RREO-Anexo 03,E,Padrão,<MR-11>,ICMSLiquidoExcetoTransferenciasEFUNDEB,ICMS,19308190021.87,SP,35,2025,6
2025,RREO,6,B,Governo do Estado de São Paulo,35,SP,46024937,RREO-Anexo 03,E,Padrão,<MR-10>,ICMSLiquidoExcetoTransferenciasEFUNDEB,ICMS,19073822950.71,SP,35,2025,6
2025,RREO,6,B,Governo do Estado de São Paulo,35,SP,46024937,RREO-Anexo 03,E,Padrão,<MR-9>,ICMSLiquidoExcetoTransferenciasEFUNDEB,ICMS,17978760493.06,SP,35,2025,6
2025,RREO,6,B,Governo do Estado de São Paulo,35,SP,46024937,RREO-Anexo 03,E,Padrão,<MR-8>,ICMSLiquidoExcetoTransferenciasEFUNDEB,ICMS,19601075429.8,SP,35,2025,6
2025,RREO,6,B,Governo do Estado de São Paulo,35,SP,46024937,RREO-Anexo 03,E,Padrão,<MR-7>,ICMSLiquidoExcetoTransferenciasEFUNDEB,ICMS,18802432038.56,SP,35,2025,6
2025,RREO,6,B,Governo do Estado de São Paulo,35,SP,46024937,RREO-Anexo 03,E,Padrão,<MR-6>,ICMSLiquidoExcetoTransferenciasEFUNDEB,ICMS,19214396670.09,SP,35,2025,6
2025,RREO,6,B,Governo do Estado de São Paulo,35,SP,46024937,RREO-Anexo 03,E,Padrão,<MR-5>,ICMSLiquidoExcetoTransferenciasEFUNDEB,ICMS,19889757064.56,SP,35,2025,6
2025,RREO,6,B,Governo do Estado de São Paulo,35,SP,46024937,RREO-Anexo 03,E,Padrão,<MR-4>,ICMSLiquidoExcetoTransferenciasEFUNDEB,ICMS,19182470965.07,SP,35,2025,6
2025,RREO,6,B,Governo do Estado de São Paulo,35,SP,46024937,RREO-Anexo 03,E,Padrão,<MR-3>,ICMSLiquidoExcetoTransferenciasEFUNDEB,ICMS,20448986306.37,SP,35,2025,6
2025,RREO,6,B,Governo do Estado de São Paulo,35,SP,46024937,RREO-Anexo 03,E,Padrão,<MR-2>,ICMSLiquidoExcetoTransferenciasEFUNDEB,ICMS,21092539182.17,SP,35,2025,6
2025,RREO,6,B,Governo do Estado de São Paulo,35,SP,46024937,RREO-Anexo 03,E,Padrão,<MR-1>,ICMSLiquidoExcetoTransferenciasEFUNDEB,ICMS,21221721838.45,SP,35,2025,6
2025,RREO,6,B,Governo do Estado de São Paulo,35,SP,46024937,RREO-Anexo 03,E,Padrão,<MR>,ICMSLiquidoExcetoTransferenciasEFUNDEB,ICMS,22247072396.31,SP,35,2025,6
2025,RREO,6,B,Governo do Estado de São Paulo,35,SP,46024937,RREO-Anexo 03,E,Padrão,TOTAL (ÚLTIMOS 12 MESES),ICMSLiquidoExcetoTransferenciasEFUNDEB,ICMS,238061225357.02,SP,35,2025,6
2025,RREO,6,B,Governo do Estado de São Paulo,35,SP,46024937,RREO-Anexo 03,E,Padrão,PREVISÃO ATUALIZADA 2025,ICMSLiquidoExcetoTransferenciasEFUNDEB,ICMS,238101850733.24,SP,35,2025,6
2025,RREO,6,B,Governo do Estado de São Paulo,35,SP,46024937,RREO-Anexo 03,E,Padrão,<MR-11>,IPVALiquidoExcetoTransferenciasEFUNDEB,IPVA,11086006005.56,SP,35,2025,6
2025,RREO,6,B,Governo do Estado de São Paulo,35,SP,46024937,RREO-Anexo 03,E,Padrão,<MR-10>,IPVALiquidoExcetoTransferenciasEFUNDEB,IPVA,4530581249.58,SP,35,2025,6
2025,RREO,6,B,Governo do Estado de São Paulo,35,SP,46024937,RREO-Anexo 03,E,Padrão,<MR-9>,IPVALiquidoExcetoTransferenciasEFUNDEB,IPVA,3466366304.79,SP,35,2025,6
2025,RREO,6,B,Governo do Estado de São Paulo,35,SP,46024937,RREO-Anexo 03,E,Padrão,<MR-8>,IPVALiquidoExcetoTransferenciasEFUNDEB,IPVA,3035645805.5,SP,35,2025,6
2025,RREO,6,B,Governo do Estado de São Paulo,35,SP,46024937,RREO-Anexo 03,E,Padrão,<MR-7>,IPVALiquidoExcetoTransferenciasEFUNDEB,IPVA,2718091302.83,SP,35,2025,6
2025,RREO,6,B,Governo do Estado de São Paulo,35,SP,46024937,RREO-Anexo 03,E,Padrão,<MR-6>,IPVALiquidoExcetoTransferenciasEFUNDEB,IPVA,856579497.44,SP,35,2025,6
2025,RREO,6,B,Governo do Estado de São Paulo,35,SP,46024937,RREO-Anexo 03,E,Padrão,<MR-5>,IPVALiquidoExcetoTransferenciasEFUNDEB,IPVA,1087627569.64,SP,35,2025,6
2025,RREO,6,B,Governo do Estado de São Paulo,35,SP,46024937,RREO-Anexo 03,E,Padrão,<MR-4>,IPVALiquidoExcetoTransferenciasEFUNDEB,IPVA,1059562468.22,SP,35,2025,6
2025,RREO,6,B,Governo do Estado de São Paulo,35,SP,46024937,RREO-Anexo 03,E,Padrão,<MR-3>,IPVALiquidoExcetoTransferenciasEFUNDEB,IPVA,1090512270.95,SP,35,2025,6
2025,RREO,6,B,Governo do Estado de São Paulo,35,SP,46024937,RREO-Anexo 03,E,Padrão,<MR-2>,IPVALiquidoExcetoTransferenciasEFUNDEB,IPVA,980867106.63,SP,35,2025,6
2025,RREO,6,B,Governo do Estado de São Paulo,35,SP,46024937,RREO-Anexo 03,E,Padrão,<MR-1>,IPVALiquidoExcetoTransferenciasEFUNDEB,IPVA,727435835.02,SP,35,2025,6
2025,RREO,6,B,Governo do Estado de São Paulo,35,SP,46024937,RREO-Anexo 03,E,Padrão,<MR>,IPVALiquidoExcetoTransferenciasEFUNDEB,IPVA,1237672511.25,SP,35,2025,6
2025,RREO,6,B,Governo do Estado de São Paulo,35,SP,46024937,RREO-Anexo 03,E,Padrão,TOTAL (ÚLTIMOS 12 MESES),IPVALiquidoExcetoTransferenciasEFUNDEB,IPVA,31876947927.41,SP,35,2025,6
2025,RREO,6,B,Governo do Estado de São Paulo,35,SP,46024937,RREO-Anexo 03,E,Padrão,PREVISÃO ATUALIZADA 2025,IPVALiquidoExcetoTransferenciasEFUNDEB,IPVA,31625015170.0,SP,35,2025,6
2025,RREO,6,B,Governo do Estado de São Paulo,35,SP,46024937,RREO-Anexo 03,E,Padrão,<MR-11>,ITCDLiquidoExcetoTransferenciasEFUNDEB,ITCD,309024905.74,SP,35,2025,6
2025,RREO,6,B,Governo do Estado de São Paulo,35,SP,46024937,RREO-Anexo 03,E,Padrão,<MR-10>,ITCDLiquidoExcetoTransferenciasEFUNDEB,ITCD,457216522.31,SP,35,2025,6
2025,RREO,6,B,Governo do Estado de São Paulo,35,SP,46024937,RREO-Anexo 03,E,Padrão,<MR-9>,ITCDLiquidoExcetoTransferenciasEFUNDEB,ITCD,451041444.49,SP,35,2025,6
2025,RREO,6,B,Governo do Estado de São Paulo,35,SP,46024937,RREO-Anexo 03,E,Padrão,<MR-8>,ITCDLiquidoExcetoTransferenciasEFUNDEB,ITCD,410039750.04,SP,35,2025,6
2025,RREO,6,B,Governo do Estado de São Paulo,35,SP,46024937,RREO-Anexo 03,E,Padrão,<MR-7>,ITCDLiquidoExcetoTransferenciasEFUNDEB,ITCD,460911233.59,SP,35,2025,6
2025,RREO,6,B,Governo do Estado de São Paulo,35,SP,46024937,RREO-Anexo 03,E,Padrão,<MR-6>,ITCDLiquidoExcetoTransferenciasEFUNDEB,ITCD,443648179.58,SP,35,2025,6
2025,RREO,6,B,Governo do Estado de São Paulo,35,SP,46024937,RREO-Anexo 03,E,Padrão,<MR-5>,ITCDLiquidoExcetoTransferenciasEFUNDEB,ITCD,471935609.07,SP,35,2025,6
2025,RREO,6,B,Governo do Estado de São Paulo,35,SP,46024937,RREO-Anexo 03,E,Padrão,<MR-4>,ITCDLiquidoExcetoTransferenciasEFUNDEB,ITCD,434402372.05,SP,35,2025,6
2025,RREO,6,B,Governo do Estado de São Paulo,35,SP,46024937,RREO-Anexo 03,E,Padrão,<MR-3>,ITCDLiquidoExcetoTransferenciasEFUNDEB,ITCD,529795552.18,SP,35,2025,6
2025,RREO,6,B,Governo do Estado de São Paulo,35,SP,46024937,RREO-Anexo 03,E,Padrão,<MR-2>,ITCDLiquidoExcetoTransferenciasEFUNDEB,ITCD,643286293.2,SP,35,2025,6
2025,RREO,6,B,Governo do Estado de São Paulo,35,SP,46024937,RREO-Anexo 03,E,Padrão,<MR-1>,ITCDLiquidoExcetoTransferenciasEFUNDEB,ITCD,578899138.79,SP,35,2025,6
2025,RREO,6,B,Governo do Estado de São Paulo,35,SP,46024937,RREO-Anexo 03,E,Padrão,<MR>,ITCDLiquidoExcetoTransferenciasEFUNDEB,ITCD,2166122452.76,SP,35,2025,6
2025,RREO,6,B,Governo do Estado de São Paulo,35,SP,46024937,RREO-Anexo 03,E,Padrão,TOTAL (ÚLTIMOS 12 MESES),ITCDLiquidoExcetoTransferenciasEFUNDEB,ITCD,7356323453.8,SP,35,2025,6
2025,RREO,6,B,Governo do Estado de São Paulo,35,SP,46024937,RREO-Anexo 03,E,Padrão,PREVISÃO ATUALIZADA 2025,ITCDLiquidoExcetoTransferenciasEFUNDEB,ITCD,6720000021.0,SP,35,2025,6
2025,RREO,6,B,Governo do Estado do Paraná,41,PR,11835379,RREO-Anexo 03,E,Padrão,<MR-11>,ICMSLiquidoExcetoTransferenciasEFUNDEB,ICMS,5043297970.83,PR,41,2025,6
2025,RREO,6,B,Governo do Estado do Paraná,41,PR,11835379,RREO-Anexo 03,E,Padrão,<MR-10>,ICMSLiquidoExcetoTransferenciasEFUNDEB,ICMS,4130949874.77,PR,41,2025,6
2025,RREO,6,B,Governo do Estado do Paraná,41,PR,11835379,RREO-Anexo 03,E,Padrão,<MR-9>,ICMSLiquidoExcetoTransferenciasEFUNDEB,ICMS,4244757789.16,PR,41,2025,6
2025,RREO,6,B,Governo do Estado do Paraná,41,PR,11835379,RREO-Anexo 03,E,Padrão,<MR-8>,ICMSLiquidoExcetoTransferenciasEFUNDEB,ICMS,4357823305.84,PR,41,2025,6
2025,RREO,6,B,Governo do Estado do Paraná,41,PR,11835379,RREO-Anexo 03,E,Padrão,<MR-7>,ICMSLiquidoExcetoTransferenciasEFUNDEB,ICMS,3663182118.3,PR,41,2025,6
2025,RREO,6,B,Governo do Estado do Paraná,41,PR,11835379,RREO-Anexo 03,E,Padrão,<MR-6>,ICMSLiquidoExcetoTransferenciasEFUNDEB,ICMS,4587616608.91,PR,41,2025,6
2025,RREO,6,B,Governo do Estado do Paraná,41,PR,11835379,RREO-Anexo 03,E,Padrão,<MR-5>,ICMSLiquidoExcetoTransferenciasEFUNDEB,ICMS,4448056599.13,PR,41,2025,6
2025,RREO,6,B,Governo do Estado do Paraná,41,PR,11835379,RREO-Anexo 03,E,Padrão,<MR-4>,ICMSLiquidoExcetoTransferenciasEFUNDEB,ICMS,4533129981.84,PR,41,2025,6
2025,RREO,6,B,Governo do Estado do Paraná,41,PR,11835379,RREO-Anexo 03,E,Padrão,<MR-3>,ICMSLiquidoExcetoTransferenciasEFUNDEB,ICMS,4322017165.22,PR,41,2025,6
2025,RREO,6,B,Governo do Estado do Paraná,41,PR,11835379,RREO-Anexo 03,E,Padrão,<MR-2>,ICMSLiquidoExcetoTransferenciasEFUNDEB,ICMS,4565709970.75,PR,41,2025,6
2025,RREO,6,B,Governo do Estado do Paraná,41,PR,11835379,RREO-Anexo 03,E,Padrão,<MR-1>,ICMSLiquidoExcetoTransferenciasEFUNDEB,ICMS,4750302770.19,PR,41,2025,6
2025,RREO,6,B,Governo do Estado do Paraná,41,PR,11835379,RREO-Anexo 03,E,Padrão,<MR>,ICMSLiquidoExcetoTransferenciasEFUNDEB,ICMS,4735978439.25,PR,41,2025,6
2025,RREO,6,B,Governo do Estado do Paraná,41,PR,11835379,RREO-Anexo 03,E,Padrão,TOTAL (ÚLTIMOS 12 MESES),ICMSLiquidoExcetoTransferenciasEFUNDEB,ICMS,53382822594.19,PR,41,2025,6
2025,RREO,6,B,Governo do Estado do Paraná,41,PR,11835379,RREO-Anexo 03,E,Padrão,PREVISÃO ATUALIZADA 2025,ICMSLiquidoExcetoTransferenciasEFUNDEB,ICMS,51472352041.0,PR,41,2025,6
2025,RREO,6,B,Governo do Estado do Paraná,41,PR,11835379,RREO-Anexo 03,E,Padrão,<MR-11>,IPVALiquidoExcetoTransferenciasEFUNDEB,IPVA,2674174988.04,PR,41,2025,6
2025,RREO,6,B,Governo do Estado do Paraná,41,PR,11835379,RREO-Anexo 03,E,Padrão,<MR-10>,IPVALiquidoExcetoTransferenciasEFUNDEB,IPVA,846919386.97,PR,41,2025,6
2025,RREO,6,B,Governo do Estado do Paraná,41,PR,11835379,RREO-Anexo 03,E,Padrão,<MR-9>,IPVALiquidoExcetoTransferenciasEFUNDEB,IPVA,838805570.9,PR,41,2025,6
2025,RREO,6,B,Governo do Estado do Paraná,41,PR,11835379,RREO-Anexo 03,E,Padrão,<MR-8>,IPVALiquidoExcetoTransferenciasEFUNDEB,IPVA,760600867.54,PR,41,2025,6
2025,RREO,6,B,Governo do Estado do Paraná,41,PR,11835379,RREO-Anexo 03,E,Padrão,<MR-7>,IPVALiquidoExcetoTransferenciasEFUNDEB,IPVA,717742392.67,PR,41,2025,6
2025,RREO,6,B,Governo do Estado do Paraná,41,PR,11835379,RREO-Anexo 03,E,Padrão,<MR-6>,IPVALiquidoExcetoTransferenciasEFUNDEB,IPVA,299183003.09,PR,41,2025,6
2025,RREO,6,B,Governo do Estado do Paraná,41,PR,11835379,RREO-Anexo 03,E,Padrão,<MR-5>,IPVALiquidoExcetoTransferenciasEFUNDEB,IPVA,249150590.38,PR,41,2025,6
2025,RREO,6,B,Governo do Estado do Paraná,41,PR,11835379,RREO-Anexo 03,E,Padrão,<MR-4>,IPVALiquidoExcetoTransferenciasEFUNDEB,IPVA,219933155.62,PR,41,2025,6
2025,RREO,6,B,Governo do Estado do Paraná,41,PR,11835379,RREO-Anexo 03,E,Padrão,<MR-3>,IPVALiquidoExcetoTransferenciasEFUNDEB,IPVA,211572578.99,PR,41,2025,6
2025,RREO,6,B,Governo do Estado do Paraná,41,PR,11835379,RREO-Anexo 03,E,Padrão,<MR-2>,IPVALiquidoExcetoTransferenciasEFUNDEB,IPVA,196291158.67,PR,41,2025,6
2025,RREO,6,B,Governo do Estado do Paraná,41,PR,11835379,RREO-Anexo 03,E,Padrão,<MR-1>,IPVALiquidoExcetoTransferenciasEFUNDEB,IPVA,155862185.56,PR,41,2025,6
2025,RREO,6,B,Governo do Estado do Paraná,41,PR,11835379,RREO-Anexo 03,E,Padrão,<MR>,IPVALiquidoExcetoTransferenciasEFUNDEB,IPVA,192404734.08,PR,41,2025,6
2025,RREO,6,B,Governo do Estado do Paraná,41,PR,11835379,RREO-Anexo 03,E,Padrão,TOTAL (ÚLTIMOS 12 MESES),IPVALiquidoExcetoTransferenciasEFUNDEB,IPVA,7362640612.51,PR,41,2025,6
2025,RREO,6,B,Governo do Estado do Paraná,41,PR,11835379,RREO-Anexo 03,E,Padrão,PREVISÃO ATUALIZADA 2025,IPVALiquidoExcetoTransferenciasEFUNDEB,IPVA,7152532000.0,PR,41,2025,6
2025,RREO,6,B,Governo do Estado do Paraná,41,PR,11835379,RREO-Anexo 03,E,Padrão,<MR-11>,ITCDLiquidoExcetoTransferenciasEFUNDEB,ITCD,121427003.76,PR,41,2025,6
2025,RREO,6,B,Governo do Estado do Paraná,41,PR,11835379,RREO-Anexo 03,E,Padrão,<MR-10>,ITCDLiquidoExcetoTransferenciasEFUNDEB,ITCD,112072999.36,PR,41,2025,6
2025,RREO,6,B,Governo do Estado do Paraná,41,PR,11835379,RREO-Anexo 03,E,Padrão,<MR-9>,ITCDLiquidoExcetoTransferenciasEFUNDEB,ITCD,108754959.23,PR,41,2025,6
2025,RREO,6,B,Governo do Estado do Paraná,41,PR,11835379,RREO-Anexo 03,E,Padrão,<MR-8>,ITCDLiquidoExcetoTransferenciasEFUNDEB,ITCD,120801622.28,PR,41,2025,6
2025,RREO,6,B,Governo do Estado do Paraná,41,PR,11835379,RREO-Anexo 03,E,Padrão,<MR-7>,ITCDLiquidoExcetoTransferenciasEFUNDEB,ITCD,114129248.07,PR,41,2025,6
2025,RREO,6,B,Governo do Estado do Paraná,41,PR,11835379,RREO-Anexo 03,E,Padrão,<MR-6>,ITCDLiquidoExcetoTransferenciasEFUNDEB,ITCD,118949651.84,PR,41,2025,6
2025,RREO,6,B,Governo do Estado do Paraná,41,PR,11835379,RREO-Anexo 03,E,Padrão,<MR-5>,ITCDLiquidoExcetoTransferenciasEFUNDEB,ITCD,112896321.49,PR,41,2025,6
2025,RREO,6,B,Governo do Estado do Paraná,41,PR,11835379,RREO-Anexo 03,E,Padrão,<MR-4>,ITCDLiquidoExcetoTransferenciasEFUNDEB,ITCD,115295653.87,PR,41,2025,6
2025,RREO,6,B,Governo do Estado do Paraná,41,PR,11835379,RREO-Anexo 03,E,Padrão,<MR-3>,ITCDLiquidoExcetoTransferenciasEFUNDEB,ITCD,125054607.33,PR,41,2025,6
2025,RREO,6,B,Governo do Estado do Paraná,41,PR,11835379,RREO-Anexo 03,E,Padrão,<MR-2>,ITCDLiquidoExcetoTransferenciasEFUNDEB,ITCD,142538920.35,PR,41,2025,6
2025,RREO,6,B,Governo do Estado do Paraná,41,PR,11835379,RREO-Anexo 03,E,Padrão,<MR-1>,ITCDLiquidoExcetoTransferenciasEFUNDEB,ITCD,181124576.59,PR,41,2025,6
2025,RREO,6,B,Governo do Estado do Paraná,41,PR,11835379,RREO-Anexo 03,E,Padrão,<MR>,ITCDLiquidoExcetoTransferenciasEFUNDEB,ITCD,248149254.41,PR,41,2025,6
2025,RREO,6,B,Governo do Estado do Paraná,41,PR,11835379,RREO-Anexo 03,E,Padrão,TOTAL (ÚLTIMOS 12 MESES),ITCDLiquidoExcetoTransferenciasEFUNDEB,ITCD,1621194818.58,PR,41,2025,6
2025,RREO,6,B,Governo do Estado do Paraná,41,PR,11835379,RREO-Anexo 03,E,Padrão,PREVISÃO ATUALIZADA 2025,ITCDLiquidoExcetoTransferenciasEFUNDEB,ITCD,1599201667.0,PR,41,2025,6
2025,RREO,6,B,Governo do Estado de Santa Catarina,42,SC,7762154,RREO-Anexo 03,E,Padrão,<MR-11>,ICMSLiquidoExcetoTransferenciasEFUNDEB,ICMS,3812426234.68,SC,42,2025,6
2025,RREO,6,B,Governo do Estado de Santa Catarina,42,SC,7762154,RREO-Anexo 03,E,Padrão,<MR-10>,ICMSLiquidoExcetoTransferenciasEFUNDEB,ICMS,3757813935.81,SC,42,2025,6
2025,RREO,6,B,Governo do Estado de Santa Catarina,42,SC,7762154,RREO-Anexo 03,E,Padrão,<MR-9>,ICMSLiquidoExcetoTransferenciasEFUNDEB,ICMS,3667278455.14,SC,42,2025,6
2025,RREO,6,B,Governo do Estado de Santa Catarina,42,SC,7762154,RREO-Anexo 03,E,Padrão,<MR-8>,ICMSLiquidoExcetoTransferenciasEFUNDEB,ICMS,3842426959.99,SC,42,2025,6
2025,RREO,6,B,Governo do Estado de Santa Catarina,42,SC,7762154,RREO-Anexo 03,E,Padrão,<MR-7>,ICMSLiquidoExcetoTransferenciasEFUNDEB,ICMS,3698170447.79,SC,42,2025,6
2025,RREO,6,B,Governo do Estado de Santa Catarina,42,SC,7762154,RREO-Anexo 03,E,Padrão,<MR-6>,ICMSLiquidoExcetoTransferenciasEFUNDEB,ICMS,3701356231.07,SC,42,2025,6
2025,RREO,6,B,Governo do Estado de Santa Catarina,42,SC,7762154,RREO-Anexo 03,E,Padrão,<MR-5>,ICMSLiquidoExcetoTransferenciasEFUNDEB,ICMS,3543597374.08,SC,42,2025,6
2025,RREO,6,B,Governo do Estado de Santa Catarina,42,SC,7762154,RREO-Anexo 03,E,Padrão,<MR-4>,ICMSLiquidoExcetoTransferenciasEFUNDEB,ICMS,3718931713.36,SC,42,2025,6
2025,RREO,6,B,Governo do Estado de Santa Catarina,42,SC,7762154,RREO-Anexo 03,E,Padrão,<MR-3>,ICMSLiquidoExcetoTransferenciasEFUNDEB,ICMS,3709014195.61,SC,42,2025,6
2025,RREO,6,B,Governo do Estado de Santa Catarina,42,SC,7762154,RREO-Anexo 03,E,Padrão,<MR-2>,ICMSLiquidoExcetoTransferenciasEFUNDEB,ICMS,3716489123.56,SC,42,2025,6
2025,RREO,6,B,Governo do Estado de Santa Catarina,42,SC,7762154,RREO-Anexo 03,E,Padrão,<MR-1>,ICMSLiquidoExcetoTransferenciasEFUNDEB,ICMS,3982466439.66,SC,42,2025,6
2025,RREO,6,B,Governo do Estado de Santa Catarina,42,SC,7762154,RREO-Anexo 03,E,Padrão,<MR>,ICMSLiquidoExcetoTransferenciasEFUNDEB,ICMS,4011097135.56,SC,42,2025,6
2025,RREO,6,B,Governo do Estado de Santa Catarina,42,SC,7762154,RREO-Anexo 03,E,Padrão,TOTAL (ÚLTIMOS 12 MESES),ICMSLiquidoExcetoTransferenciasEFUNDEB,ICMS,45161068246.31,SC,42,2025,6
2025,RREO,6,B,Governo do Estado de Santa Catarina,42,SC,7762154,RREO-Anexo 03,E,Padrão,PREVISÃO ATUALIZADA 2025,ICMSLiquidoExcetoTransferenciasEFUNDEB,ICMS,43822976786.0,SC,42,2025,6
2025,RREO,6,B,Governo do Estado de Santa Catarina,42,SC,7762154,RREO-Anexo 03,E,Padrão,<MR-11>,IPVALiquidoExcetoTransferenciasEFUNDEB,IPVA,367939064.98,SC,42,2025,6
2025,RREO,6,B,Governo do Estado de Santa Catarina,42,SC,7762154,RREO-Anexo 03,E,Padrão,<MR-10>,IPVALiquidoExcetoTransferenciasEFUNDEB,IPVA,385683274.86,SC,42,2025,6
2025,RREO,6,B,Governo do Estado de Santa Catarina,42,SC,7762154,RREO-Anexo 03,E,Padrão,<MR-9>,IPVALiquidoExcetoTransferenciasEFUNDEB,IPVA,440580704.67,SC,42,2025,6
2025,RREO,6,B,Governo do Estado de Santa Catarina,42,SC,7762154,RREO-Anexo 03,E,Padrão,<MR-8>,IPVALiquidoExcetoTransferenciasEFUNDEB,IPVA,441575325.41,SC,42,2025,6
2025,RREO,6,B,Governo do Estado de Santa Catarina,42,SC,7762154,RREO-Anexo 03,E,Padrão,<MR-7>,IPVALiquidoExcetoTransferenciasEFUNDEB,IPVA,408306469.65,SC,42,2025,6
2025,RREO,6,B,Governo do Estado de Santa Catarina,42,SC,7762154,RREO-Anexo 03,E,Padrão,<MR-6>,IPVALiquidoExcetoTransferenciasEFUNDEB,IPVA,460993754.32,SC,42,2025,6
2025,RREO,6,B,Governo do Estado de Santa Catarina,42,SC,7762154,RREO-Anexo 03,E,Padrão,<MR-5>,IPVALiquidoExcetoTransferenciasEFUNDEB,IPVA,450274200.27,SC,42,2025,6
2025,RREO,6,B,Governo do Estado de Santa Catarina,42,SC,7762154,RREO-Anexo 03,E,Padrão,<MR-4>,IPVALiquidoExcetoTransferenciasEFUNDEB,IPVA,378645833.81,SC,42,2025,6
2025,RREO,6,B,Governo do Estado de Santa Catarina,42,SC,7762154,RREO-Anexo 03,E,Padrão,<MR-3>,IPVALiquidoExcetoTransferenciasEFUNDEB,IPVA,432213539.92,SC,42,2025,6
2025,RREO,6,B,Governo do Estado de Santa Catarina,42,SC,7762154,RREO-Anexo 03,E,Padrão,<MR-2>,IPVALiquidoExcetoTransferenciasEFUNDEB,IPVA,399880087.7,SC,42,2025,6
2025,RREO,6,B,Governo do Estado de Santa Catarina,42,SC,7762154,RREO-Anexo 03,E,Padrão,<MR-1>,IPVALiquidoExcetoTransferenciasEFUNDEB,IPVA,203303794.85,SC,42,2025,6
2025,RREO,6,B,Governo do Estado de Santa Catarina,42,SC,7762154,RREO-Anexo 03,E,Padrão,<MR>,IPVALiquidoExcetoTransferenciasEFUNDEB,IPVA,162836309.95,SC,42,2025,6
2025,RREO,6,B,Governo do Estado de Santa Catarina,42,SC,7762154,RREO-Anexo 03,E,Padrão,TOTAL (ÚLTIMOS 12 MESES),IPVALiquidoExcetoTransferenciasEFUNDEB,IPVA,4532232360.39,SC,42,2025,6
2025,RREO,6,B,Governo do Estado de Santa Catarina,42,SC,7762154,RREO-Anexo 03,E,Padrão,PREVISÃO ATUALIZADA 2025,IPVALiquidoExcetoTransferenciasEFUNDEB,IPVA,4456902242.0,SC,42,2025,6
2025,RREO,6,B,Governo do Estado de Santa Catarina,42,SC,7762154,RREO-Anexo 03,E,Padrão,<MR-11>,ITCDLiquidoExcetoTransferenciasEFUNDEB,ITCD,66146332.62,SC,42,2025,6
2025,RREO,6,B,Governo do Estado de Santa Catarina,42,SC,7762154,RREO-Anexo 03,E,Padrão,<MR-10>,ITCDLiquidoExcetoTransferenciasEFUNDEB,ITCD,65985729.51,SC,42,2025,6
2025,RREO,6,B,Governo do Estado de Santa Catarina,42,SC,7762154,RREO-Anexo 03,E,Padrão,<MR-9>,ITCDLiquidoExcetoTransferenciasEFUNDEB,ITCD,74479224.47,SC,42,2025,6
2025,RREO,6,B,Governo do Estado de Santa Catarina,42,SC,7762154,RREO-Anexo 03,E,Padrão,<MR-8>,ITCDLiquidoExcetoTransferenciasEFUNDEB,ITCD,103759360.49,SC,42,2025,6
2025,RREO,6,B,Governo do Estado de Santa Catarina,42,SC,7762154,RREO-Anexo 03,E,Padrão,<MR-7>,ITCDLiquidoExcetoTransferenciasEFUNDEB,ITCD,77022814.59,SC,42,2025,6
2025,RREO,6,B,Governo do Estado de Santa Catarina,42,SC,7762154,RREO-Anexo 03,E,Padrão,<MR-6>,ITCDLiquidoExcetoTransferenciasEFUNDEB,ITCD,69191487.47,SC,42,2025,6
2025,RREO,6,B,Governo do Estado de Santa Catarina,42,SC,7762154,RREO-Anexo 03,E,Padrão,<MR-5>,ITCDLiquidoExcetoTransferenciasEFUNDEB,ITCD,74917673.71,SC,42,2025,6
2025,RREO,6,B,Governo do Estado de Santa Catarina,42,SC,7762154,RREO-Anexo 03,E,Padrão,<MR-4>,ITCDLiquidoExcetoTransferenciasEFUNDEB,ITCD,85269056.74,SC,42,2025,6
2025,RREO,6,B,Governo do Estado de Santa Catarina,42,SC,7762154,RREO-Anexo 03,E,Padrão,<MR-3>,ITCDLiquidoExcetoTransferenciasEFUNDEB,ITCD,114444000.32,SC,42,2025,6
2025,RREO,6,B,Governo do Estado de Santa Catarina,42,SC,7762154,RREO-Anexo 03,E,Padrão,<MR-2>,ITCDLiquidoExcetoTransferenciasEFUNDEB,ITCD,89117687.79,SC,42,2025,6
2025,RREO,6,B,Governo do Estado de Santa Catarina,42,SC,7762154,RREO-Anexo 03,E,Padrão,<MR-1>,ITCDLiquidoExcetoTransferenciasEFUNDEB,ITCD,105844702.98,SC,42,2025,6
2025,RREO,6,B,Governo do Estado de Santa Catarina,42,SC,7762154,RREO-Anexo 03,E,Padrão,<MR>,ITCDLiquidoExcetoTransferenciasEFUNDEB,ITCD,157862898.12,SC,42,2025,6
2025,RREO,6,B,Governo do Estado de Santa Catarina,42,SC,7762154,RREO-Anexo 03,E,Padrão,TOTAL (ÚLTIMOS 12 MESES),ITCDLiquidoExcetoTransferenciasEFUNDEB,ITCD,1084040968.81,SC,42,2025,6
2025,RREO,6,B,Governo do Estado de Santa Catarina,42,SC,7762154,RREO-Anexo 03,E,Padrão,PREVISÃO ATUALIZADA 2025,ITCDLiquidoExcetoTransferenciasEFUNDEB,ITCD,1107699176.0,SC,42,2025,6
2025,RREO,6,B,Governo do Estado do Rio Grande do Sul,43,RS,11088065,RREO-Anexo 03,E,Padrão,<MR-11>,ICMSLiquidoExcetoTransferenciasEFUNDEB,ICMS,4501573379.8,RS,43,2025,6
2025,RREO,6,B,Governo do Estado do Rio Grande do Sul,43,RS,11088065,RREO-Anexo 03,E,Padrão,<MR-10>,ICMSLiquidoExcetoTransferenciasEFUNDEB,ICMS,4115928982.22,RS,43,2025,6
2025,RREO,6,B,Governo do Estado do Rio Grande do Sul,43,RS,11088065,RREO-Anexo 03,E,Padrão,<MR-9>,ICMSLiquidoExcetoTransferenciasEFUNDEB,ICMS,4196012409.94,RS,43,2025,6
2025,RREO,6,B,Governo do Estado do Rio Grande do Sul,43,RS,11088065,RREO-Anexo 03,E,Padrão,<MR-8>,ICMSLiquidoExcetoTransferenciasEFUNDEB,ICMS,5490997687.69,RS,43,2025,6
2025,RREO,6,B,Governo do Estado do Rio Grande do Sul,43,RS,11088065,RREO-Anexo 03,E,Padrão,<MR-7>,ICMSLiquidoExcetoTransferenciasEFUNDEB,ICMS,4285053469.47,RS,43,2025,6
2025,RREO,6,B,Governo do Estado do Rio Grande do Sul,43,RS,11088065,RREO-Anexo 03,E,Padrão,<MR-6>,ICMSLiquidoExcetoTransferenciasEFUNDEB,ICMS,4313569605.52,RS,43,2025,6
2025,RREO,6,B,Governo do Estado do Rio Grande do Sul,43,RS,11088065,RREO-Anexo 03,E,Padrão,<MR-5>,ICMSLiquidoExcetoTransferenciasEFUNDEB,ICMS,4059317582.3,RS,43,2025,6
2025,RREO,6,B,Governo do Estado do Rio Grande do Sul,43,RS,11088065,RREO-Anexo 03,E,Padrão,<MR-4>,ICMSLiquidoExcetoTransferenciasEFUNDEB,ICMS,4427903734.16,RS,43,2025,6
2025,RREO,6,B,Governo do Estado do Rio Grande do Sul,43,RS,11088065,RREO-Anexo 03,E,Padrão,<MR-3>,ICMSLiquidoExcetoTransferenciasEFUNDEB,ICMS,4329898539.86,RS,43,2025,6
2025,RREO,6,B,Governo do Estado do Rio Grande do Sul,43,RS,11088065,RREO-Anexo 03,E,Padrão,<MR-2>,ICMSLiquidoExcetoTransferenciasEFUNDEB,ICMS,4321961572.07,RS,43,2025,6
2025,RREO,6,B,Governo do Estado do Rio Grande do Sul,43,RS,11088065,RREO-Anexo 03,E,Padrão,<MR-1>,ICMSLiquidoExcetoTransferenciasEFUNDEB,ICMS,4701582902.21,RS,43,2025,6
2025,RREO,6,B,Governo do Estado do Rio Grande do Sul,43,RS,11088065,RREO-Anexo 03,E,Padrão,<MR>,ICMSLiquidoExcetoTransferenciasEFUNDEB,ICMS,4952598989.78,RS,43,2025,6
2025,RREO,6,B,Governo do Estado do Rio Grande do Sul,43,RS,11088065,RREO-Anexo 03,E,Padrão,TOTAL (ÚLTIMOS 12 MESES),ICMSLiquidoExcetoTransferenciasEFUNDEB,ICMS,53696398855.02,RS,43,2025,6
2025,RREO,6,B,Governo do Estado do Rio Grande do Sul,43,RS,11088065,RREO-Anexo 03,E,Padrão,PREVISÃO ATUALIZADA 2025,ICMSLiquidoExcetoTransferenciasEFUNDEB,ICMS,53179999971.38,RS,43,2025,6
2025,RREO,6,B,Governo do Estado do Rio Grande do Sul,43,RS,11088065,RREO-Anexo 03,E,Padrão,<MR-11>,IPVALiquidoExcetoTransferenciasEFUNDEB,IPVA,629737058.61,RS,43,2025,6
2025,RREO,6,B,Governo do Estado do Rio Grande do Sul,43,RS,11088065,RREO-Anexo 03,E,Padrão,<MR-10>,IPVALiquidoExcetoTransferenciasEFUNDEB,IPVA,388436460.33,RS,43,2025,6
2025,RREO,6,B,Governo do Estado do Rio Grande do Sul,43,RS,11088065,RREO-Anexo 03,E,Padrão,<MR-9>,IPVALiquidoExcetoTransferenciasEFUNDEB,IPVA,487497611.24,RS,43,2025,6
2025,RREO,6,B,Governo do Estado do Rio Grande do Sul,43,RS,11088065,RREO-Anexo 03,E,Padrão,<MR-8>,IPVALiquidoExcetoTransferenciasEFUNDEB,IPVA,1005902550.67,RS,43,2025,6
2025,RREO,6,B,Governo do Estado do Rio Grande do Sul,43,RS,11088065,RREO-Anexo 03,E,Padrão,<MR-7>,IPVALiquidoExcetoTransferenciasEFUNDEB,IPVA,539323183.26,RS,43,2025,6
2025,RREO,6,B,Governo do Estado do Rio Grande do Sul,43,RS,11088065,RREO-Anexo 03,E,Padrão,<MR-6>,IPVALiquidoExcetoTransferenciasEFUNDEB,IPVA,285828188.87,RS,43,2025,6
2025,RREO,6,B,Governo do Estado do Rio Grande do Sul,43,RS,11088065,RREO-Anexo 03,E,Padrão,<MR-5>,IPVALiquidoExcetoTransferenciasEFUNDEB,IPVA,234747514.6,RS,43,2025,6
2025,RREO,6,B,Governo do Estado do Rio Grande do Sul,43,RS,11088065,RREO-Anexo 03,E,Padrão,<MR-4>,IPVALiquidoExcetoTransferenciasEFUNDEB,IPVA,159581615.13,RS,43,2025,6
2025,RREO,6,B,Governo do Estado do Rio Grande do Sul,43,RS,11088065,RREO-Anexo 03,E,Padrão,<MR-3>,IPVALiquidoExcetoTransferenciasEFUNDEB,IPVA,101566203.5,RS,43,2025,6
2025,RREO,6,B,Governo do Estado do Rio Grande do Sul,43,RS,11088065,RREO-Anexo 03,E,Padrão,<MR-2>,IPVALiquidoExcetoTransferenciasEFUNDEB,IPVA,64201796.4,RS,43,2025,6
2025,RREO,6,B,Governo do Estado do Rio Grande do Sul,43,RS,11088065,RREO-Anexo 03,E,Padrão,<MR-1>,IPVALiquidoExcetoTransferenciasEFUNDEB,IPVA,40606359.11,RS,43,2025,6
2025,RREO,6,B,Governo do Estado do Rio Grande do Sul,43,RS,11088065,RREO-Anexo 03,E,Padrão,<MR>,IPVALiquidoExcetoTransferenciasEFUNDEB,IPVA,1968143614.41,RS,43,2025,6
2025,RREO,6,B,Governo do Estado do Rio Grande do Sul,43,RS,11088065,RREO-Anexo 03,E,Padrão,TOTAL (ÚLTIMOS 12 MESES),IPVALiquidoExcetoTransferenciasEFUNDEB,IPVA,5905572156.13,RS,43,2025,6
2025,RREO,6,B,Governo do Estado do Rio Grande do Sul,43,RS,11088065,RREO-Anexo 03,E,Padrão,PREVISÃO ATUALIZADA 2025,IPVALiquidoExcetoTransferenciasEFUNDEB,IPVA,5417461738.0,RS,43,2025,6
2025,RREO,6,B,Governo do Estado do Rio Grande do Sul,43,RS,11088065,RREO-Anexo 03,E,Padrão,<MR-11>,ITCDLiquidoExcetoTransferenciasEFUNDEB,ITCD,110776195.35,RS,43,2025,6
2025,RREO,6,B,Governo do Estado do Rio Grande do Sul,43,RS,11088065,RREO-Anexo 03,E,Padrão,<MR-10>,ITCDLiquidoExcetoTransferenciasEFUNDEB,ITCD,81980872.08,RS,43,2025,6
2025,RREO,6,B,Governo do Estado do Rio Grande do Sul,43,RS,11088065,RREO-Anexo 03,E,Padrão,<MR-9>,ITCDLiquidoExcetoTransferenciasEFUNDEB,ITCD,100424505.13,RS,43,2025,6
2025,RREO,6,B,Governo do Estado do Rio Grande do Sul,43,RS,11088065,RREO-Anexo 03,E,Padrão,<MR-8>,ITCDLiquidoExcetoTransferenciasEFUNDEB,ITCD,103087974.43,RS,43,2025,6
2025,RREO,6,B,Governo do Estado do Rio Grande do Sul,43,RS,11088065,RREO-Anexo 03,E,Padrão,<MR-7>,ITCDLiquidoExcetoTransferenciasEFUNDEB,ITCD,105969053.54,RS,43,2025,6
2025,RREO,6,B,Governo do Estado do Rio Grande do Sul,43,RS,11088065,RREO-Anexo 03,E,Padrão,<MR-6>,ITCDLiquidoExcetoTransferenciasEFUNDEB,ITCD,106035573.09,RS,43,2025,6
2025,RREO,6,B,Governo do Estado do Rio Grande do Sul,43,RS,11088065,RREO-Anexo 03,E,Padrão,<MR-5>,ITCDLiquidoExcetoTransferenciasEFUNDEB,ITCD,170665307.98,RS,43,2025,6
2025,RREO,6,B,Governo do Estado do Rio Grande do Sul,43,RS,11088065,RREO-Anexo 03,E,Padrão,<MR-4>,ITCDLiquidoExcetoTransferenciasEFUNDEB,ITCD,131394213.5,RS,43,2025,6
2025,RREO,6,B,Governo do Estado do Rio Grande do Sul,43,RS,11088065,RREO-Anexo 03,E,Padrão,<MR-3>,ITCDLiquidoExcetoTransferenciasEFUNDEB,ITCD,131341841.29,RS,43,2025,6
2025,RREO,6,B,Governo do Estado do Rio Grande do Sul,43,RS,11088065,RREO-Anexo 03,E,Padrão,<MR-2>,ITCDLiquidoExcetoTransferenciasEFUNDEB,ITCD,144145668.18,RS,43,2025,6
2025,RREO,6,B,Governo do Estado do Rio Grande do Sul,43,RS,11088065,RREO-Anexo 03,E,Padrão,<MR-1>,ITCDLiquidoExcetoTransferenciasEFUNDEB,ITCD,160292719.99,RS,43,2025,6
2025,RREO,6,B,Governo do Estado do Rio Grande do Sul,43,RS,11088065,RREO-Anexo 03,E,Padrão,<MR>,ITCDLiquidoExcetoTransferenciasEFUNDEB,ITCD,430461122.06,RS,43,2025,6
2025,RREO,6,B,Governo do Estado do Rio Grande do Sul,43,RS,11088065,RREO-Anexo 03,E,Padrão,TOTAL (ÚLTIMOS 12 MESES),ITCDLiquidoExcetoTransferenciasEFUNDEB,ITCD,1776575046.62,RS,43,2025,6
2025,RREO,6,B,Governo do Estado do Rio Grande do Sul,43,RS,11088065,RREO-Anexo 03,E,Padrão,PREVISÃO ATUALIZADA 2025,ITCDLiquidoExcetoTransferenciasEFUNDEB,ITCD,1162219407.0,RS,43,2025,6
2025,RREO,6,B,Governo do Estado do Mato Grosso do Sul,50,MS,2833742,RREO-Anexo 03,E,Padrão,<MR-11>,ICMSLiquidoExcetoTransferenciasEFUNDEB,ICMS,1446189579.87,MS,50,2025,6
2025,RREO,6,B,Governo do Estado do Mato Grosso do Sul,50,MS,2833742,RREO-Anexo 03,E,Padrão,<MR-10>,ICMSLiquidoExcetoTransferenciasEFUNDEB,ICMS,1392095358.92,MS,50,2025,6
2025,RREO,6,B,Governo do Estado do Mato Grosso do Sul,50,MS,2833742,RREO-Anexo 03,E,Padrão,<MR-9>,ICMSLiquidoExcetoTransferenciasEFUNDEB,ICMS,1421636776.69,MS,50,2025,6
2025,RREO,6,B,Governo do Estado do Mato Grosso do Sul,50,MS,2833742,RREO-Anexo 03,E,Padrão,<MR-8>,ICMSLiquidoExcetoTransferenciasEFUNDEB,ICMS,1500500634.12,MS,50,2025,6
2025,RREO,6,B,Governo do Estado do Mato Grosso do Sul,50,MS,2833742,RREO-Anexo 03,E,Padrão,<MR-7>,ICMSLiquidoExcetoTransferenciasEFUNDEB,ICMS,1351586894.76,MS,50,2025,6
2025,RREO,6,B,Governo do Estado do Mato Grosso do Sul,50,MS,2833742,RREO-Anexo 03,E,Padrão,<MR-6>,ICMSLiquidoExcetoTransferenciasEFUNDEB,ICMS,1431901221.58,MS,50,2025,6
2025,RREO,6,B,Governo do Estado do Mato Grosso do Sul,50,MS,2833742,RREO-Anexo 03,E,Padrão,<MR-5>,ICMSLiquidoExcetoTransferenciasEFUNDEB,ICMS,1439809444.85,MS,50,2025,6
2025,RREO,6,B,Governo do Estado do Mato Grosso do Sul,50,MS,2833742,RREO-Anexo 03,E,Padrão,<MR-4>,ICMSLiquidoExcetoTransferenciasEFUNDEB,ICMS,1562046197.17,MS,50,2025,6
2025,RREO,6,B,Governo do Estado do Mato Grosso do Sul,50,MS,2833742,RREO-Anexo 03,E,Padrão,<MR-3>,ICMSLiquidoExcetoTransferenciasEFUNDEB,ICMS,1514670005.39,MS,50,2025,6
2025,RREO,6,B,Governo do Estado do Mato Grosso do Sul,50,MS,2833742,RREO-Anexo 03,E,Padrão,<MR-2>,ICMSLiquidoExcetoTransferenciasEFUNDEB,ICMS,1466601268.56,MS,50,2025,6
2025,RREO,6,B,Governo do Estado do Mato Grosso do Sul,50,MS,2833742,RREO-Anexo 03,E,Padrão,<MR-1>,ICMSLiquidoExcetoTransferenciasEFUNDEB,ICMS,1546347903.95,MS,50,2025,6
2025,RREO,6,B,Governo do Estado do Mato Grosso do Sul,50,MS,2833742,RREO-Anexo 03,E,Padrão,<MR>,ICMSLiquidoExcetoTransferenciasEFUNDEB,ICMS,1548249324.99,MS,50,2025,6
2025,RREO,6,B,Governo do Estado do Mato Grosso do Sul,50,MS,2833742,RREO-Anexo 03,E,Padrão,TOTAL (ÚLTIMOS 12 MESES),ICMSLiquidoExcetoTransferenciasEFUNDEB,ICMS,17621634610.85,MS,50,2025,6
2025,RREO,6,B,Governo do Estado do Mato Grosso do Sul,50,MS,2833742,RREO-Anexo 03,E,Padrão,PREVISÃO ATUALIZADA 2025,ICMSLiquidoExcetoTransferenciasEFUNDEB,ICMS,19209899551.54,MS,50,2025,6
2025,RREO,6,B,Governo do Estado do Mato Grosso do Sul,50,MS,2833742,RREO-Anexo 03,E,Padrão,<MR-11>,IPVALiquidoExcetoTransferenciasEFUNDEB,IPVA,584445560.79,MS,50,2025,6
2025,RREO,6,B,Governo do Estado do Mato Grosso do Sul,50,MS,2833742,RREO-Anexo 03,E,Padrão,<MR-10>,IPVALiquidoExcetoTransferenciasEFUNDEB,IPVA,87622206.86,MS,50,2025,6
2025,RREO,6,B,Governo do Estado do Mato Grosso do Sul,50,MS,2833742,RREO-Anexo 03,E,Padrão,<MR-9>,IPVALiquidoExcetoTransferenciasEFUNDEB,IPVA,85897201.43,MS,50,2025,6
2025,RREO,6,B,Governo do Estado do Mato Grosso do Sul,50,MS,2833742,RREO-Anexo 03,E,Padrão,<MR-8>,IPVALiquidoExcetoTransferenciasEFUNDEB,IPVA,79112370.97,MS,50,2025,6
2025,RREO,6,B,Governo do Estado do Mato Grosso do Sul,50,MS,2833742,RREO-Anexo 03,E,Padrão,<MR-7>,IPVALiquidoExcetoTransferenciasEFUNDEB,IPVA,79300500.22,MS,50,2025,6
2025,RREO,6,B,Governo do Estado do Mato Grosso do Sul,50,MS,2833742,RREO-Anexo 03,E,Padrão,<MR-6>,IPVALiquidoExcetoTransferenciasEFUNDEB,IPVA,44567854.22,MS,50,2025,6
2025,RREO,6,B,Governo do Estado do Mato Grosso do Sul,50,MS,2833742,RREO-Anexo 03,E,Padrão,<MR-5>,IPVALiquidoExcetoTransferenciasEFUNDEB,IPVA,44581594.17,MS,50,2025,6
2025,RREO,6,B,Governo do Estado do Mato Grosso do Sul,50,MS,2833742,RREO-Anexo 03,E,Padrão,<MR-4>,IPVALiquidoExcetoTransferenciasEFUNDEB,IPVA,33391248.18,MS,50,2025,6
2025,RREO,6,B,Governo do Estado do Mato Grosso do Sul,50,MS,2833742,RREO-Anexo 03,E,Padrão,<MR-3>,IPVALiquidoExcetoTransferenciasEFUNDEB,IPVA,33023469.86,MS,50,2025,6
2025,RREO,6,B,Governo do Estado do Mato Grosso do Sul,50,MS,2833742,RREO-Anexo 03,E,Padrão,<MR-2>,IPVALiquidoExcetoTransferenciasEFUNDEB,IPVA,28660142.56,MS,50,2025,6
2025,RREO,6,B,Governo do Estado do Mato Grosso do Sul,50,MS,2833742,RREO-Anexo 03,E,Padrão,<MR-1>,IPVALiquidoExcetoTransferenciasEFUNDEB,IPVA,21242829.8,MS,50,2025,6
2025,RREO,6,B,Governo do Estado do Mato Grosso do Sul,50,MS,2833742,RREO-Anexo 03,E,Padrão,<MR>,IPVALiquidoExcetoTransferenciasEFUNDEB,IPVA,157639769.87,MS,50,2025,6
2025,RREO,6,B,Governo do Estado do Mato Grosso do Sul,50,MS,2833742,RREO-Anexo 03,E,Padrão,TOTAL (ÚLTIMOS 12 MESES),IPVALiquidoExcetoTransferenciasEFUNDEB,IPVA,1279484748.93,MS,50,2025,6
2025,RREO,6,B,Governo do Estado do Mato Grosso do Sul,50,MS,2833742,RREO-Anexo 03,E,Padrão,PREVISÃO ATUALIZADA 2025,IPVALiquidoExcetoTransferenciasEFUNDEB,IPVA,1197872600.0,MS,50,2025,6
2025,RREO,6,B,Governo do Estado do Mato Grosso do Sul,50,MS,2833742,RREO-Anexo 03,E,Padrão,<MR-11>,ITCDLiquidoExcetoTransferenciasEFUNDEB,ITCD,36609653.8,MS,50,2025,6
2025,RREO,6,B,Governo do Estado do Mato Grosso do Sul,50,MS,2833742,RREO-Anexo 03,E,Padrão,<MR-10>,ITCDLiquidoExcetoTransferenciasEFUNDEB,ITCD,40644144.0,MS,50,2025,6
2025,RREO,6,B,Governo do Estado do Mato Grosso do Sul,50,MS,2833742,RREO-Anexo 03,E,Padrão,<MR-9>,ITCDLiquidoExcetoTransferenciasEFUNDEB,ITCD,41719554.23,MS,50,2025,6
2025,RREO,6,B,Governo do Estado do Mato Grosso do Sul,50,MS,2833742,RREO-Anexo 03,E,Padrão,<MR-8>,ITCDLiquidoExcetoTransferenciasEFUNDEB,ITCD,33976008.51,MS,50,2025,6
2025,RREO,6,B,Governo do Estado do Mato Grosso do Sul,50,MS,2833742,RREO-Anexo 03,E,Padrão,<MR-7>,ITCDLiquidoExcetoTransferenciasEFUNDEB,ITCD,34213684.81,MS,50,2025,6
2025,RREO,6,B,Governo do Estado do Mato Grosso do Sul,50,MS,2833742,RREO-Anexo 03,E,Padrão,<MR-6>,ITCDLiquidoExcetoTransferenciasEFUNDEB,ITCD,38721906.77,MS,50,2025,6
2025,RREO,6,B,Governo do Estado do Mato Grosso do Sul,50,MS,2833742,RREO-Anexo 03,E,Padrão,<MR-5>,ITCDLiquidoExcetoTransferenciasEFUNDEB,ITCD,36582464.77,MS,50,2025,6
2025,RREO,6,B,Governo do Estado do Mato Grosso do Sul,50,MS,2833742,RREO-Anexo 03,E,Padrão,<MR-4>,ITCDLiquidoExcetoTransferenciasEFUNDEB,ITCD,38000985.66,MS,50,2025,6
2025,RREO,6,B,Governo do Estado do Mato Grosso do Sul,50,MS,2833742,RREO-Anexo 03,E,Padrão,<MR-3>,ITCDLiquidoExcetoTransferenciasEFUNDEB,ITCD,46343166.13,MS,50,2025,6
2025,RREO,6,B,Governo do Estado do Mato Grosso do Sul,50,MS,2833742,RREO-Anexo 03,E,Padrão,<MR-2>,ITCDLiquidoExcetoTransferenciasEFUNDEB,ITCD,52130132.83,MS,50,2025,6
2025,RREO,6,B,Governo do Estado do Mato Grosso do Sul,50,MS,2833742,RREO-Anexo 03,E,Padrão,<MR-1>,ITCDLiquidoExcetoTransferenciasEFUNDEB,ITCD,92417946.23,MS,50,2025,6
2025,RREO,6,B,Governo do Estado do Mato Grosso do Sul,50,MS,2833742,RREO-Anexo 03,E,Padrão,<MR>,ITCDLiquidoExcetoTransferenciasEFUNDEB,ITCD,271027084.51,MS,50,2025,6
2025,RREO,6,B,Governo do Estado do Mato Grosso do Sul,50,MS,2833742,RREO-Anexo 03,E,Padrão,TOTAL (ÚLTIMOS 12 MESES),ITCDLiquidoExcetoTransferenciasEFUNDEB,ITCD,762386732.25,MS,50,2025,6
2025,RREO,6,B,Governo do Estado do Mato Grosso do Sul,50,MS,2833742,RREO-Anexo 03,E,Padrão,PREVISÃO ATUALIZADA 2025,ITCDLiquidoExcetoTransferenciasEFUNDEB,ITCD,479392100.0,MS,50,2025,6
2025,RREO,6,B,Governo do Estado do Mato Grosso,51,MT,3784239,RREO-Anexo 03,E,Padrão,<MR-11>,ICMSLiquidoExcetoTransferenciasEFUNDEB,ICMS,2025682956.74,MT,51,2025,6
2025,RREO,6,B,Governo do Estado do Mato Grosso,51,MT,3784239,RREO-Anexo 03,E,Padrão,<MR-10>,ICMSLiquidoExcetoTransferenciasEFUNDEB,ICMS,1938628020.82,MT,51,2025,6
2025,RREO,6,B,Governo do Estado do Mato Grosso,51,MT,3784239,RREO-Anexo 03,E,Padrão,<MR-9>,ICMSLiquidoExcetoTransferenciasEFUNDEB,ICMS,2039059923.46,MT,51,2025,6
2025,RREO,6,B,Governo do Estado do Mato Grosso,51,MT,3784239,RREO-Anexo 03,E,Padrão,<MR-8>,ICMSLiquidoExcetoTransferenciasEFUNDEB,ICMS,2039204468.88,MT,51,2025,6
2025,RREO,6,B,Governo do Estado do Mato Grosso,51,MT,3784239,RREO-Anexo 03,E,Padrão,<MR-7>,ICMSLiquidoExcetoTransferenciasEFUNDEB,ICMS,1977663737.04,MT,51,2025,6
2025,RREO,6,B,Governo do Estado do Mato Grosso,51,MT,3784239,RREO-Anexo 03,E,Padrão,<MR-6>,ICMSLiquidoExcetoTransferenciasEFUNDEB,ICMS,2094023948.2,MT,51,2025,6
2025,RREO,6,B,Governo do Estado do Mato Grosso,51,MT,3784239,RREO-Anexo 03,E,Padrão,<MR-5>,ICMSLiquidoExcetoTransferenciasEFUNDEB,ICMS,2205792680.91,MT,51,2025,6
2025,RREO,6,B,Governo do Estado do Mato Grosso,51,MT,3784239,RREO-Anexo 03,E,Padrão,<MR-4>,ICMSLiquidoExcetoTransferenciasEFUNDEB,ICMS,2216600467.54,MT,51,2025,6
2025,RREO,6,B,Governo do Estado do Mato Grosso,51,MT,3784239,RREO-Anexo 03,E,Padrão,<MR-3>,ICMSLiquidoExcetoTransferenciasEFUNDEB,ICMS,2332296594.38,MT,51,2025,6
2025,RREO,6,B,Governo do Estado do Mato Grosso,51,MT,3784239,RREO-Anexo 03,E,Padrão,<MR-2>,ICMSLiquidoExcetoTransferenciasEFUNDEB,ICMS,2425728436.68,MT,51,2025,6
2025,RREO,6,B,Governo do Estado do Mato Grosso,51,MT,3784239,RREO-Anexo 03,E,Padrão,<MR-1>,ICMSLiquidoExcetoTransferenciasEFUNDEB,ICMS,2347702999.22,MT,51,2025,6
2025,RREO,6,B,Governo do Estado do Mato Grosso,51,MT,3784239,RREO-Anexo 03,E,Padrão,<MR>,ICMSLiquidoExcetoTransferenciasEFUNDEB,ICMS,2388044788.4,MT,51,2025,6
2025,RREO,6,B,Governo do Estado do Mato Grosso,51,MT,3784239,RREO-Anexo 03,E,Padrão,TOTAL (ÚLTIMOS 12 MESES),ICMSLiquidoExcetoTransferenciasEFUNDEB,ICMS,26030429022.27,MT,51,2025,6
2025,RREO,6,B,Governo do Estado do Mato Grosso,51,MT,3784239,RREO-Anexo 03,E,Padrão,PREVISÃO ATUALIZADA 2025,ICMSLiquidoExcetoTransferenciasEFUNDEB,ICMS,23499600980.06,MT,51,2025,6
2025,RREO,6,B,Governo do Estado do Mato Grosso,51,MT,3784239,RREO-Anexo 03,E,Padrão,<MR-11>,IPVALiquidoExcetoTransferenciasEFUNDEB,IPVA,93513289.45,MT,51,2025,6
2025,RREO,6,B,Governo do Estado do Mato Grosso,51,MT,3784239,RREO-Anexo 03,E,Padrão,<MR-10>,IPVALiquidoExcetoTransferenciasEFUNDEB,IPVA,123318320.33,MT,51,2025,6
2025,RREO,6,B,Governo do Estado do Mato Grosso,51,MT,3784239,RREO-Anexo 03,E,Padrão,<MR-9>,IPVALiquidoExcetoTransferenciasEFUNDEB,IPVA,351551568.64,MT,51,2025,6
2025,RREO,6,B,Governo do Estado do Mato Grosso,51,MT,3784239,RREO-Anexo 03,E,Padrão,<MR-8>,IPVALiquidoExcetoTransferenciasEFUNDEB,IPVA,304421500.41,MT,51,2025,6
2025,RREO,6,B,Governo do Estado do Mato Grosso,51,MT,3784239,RREO-Anexo 03,E,Padrão,<MR-7>,IPVALiquidoExcetoTransferenciasEFUNDEB,IPVA,329147065.18,MT,51,2025,6
2025,RREO,6,B,Governo do Estado do Mato Grosso,51,MT,3784239,RREO-Anexo 03,E,Padrão,<MR-6>,IPVALiquidoExcetoTransferenciasEFUNDEB,IPVA,188257043.76,MT,51,2025,6
2025,RREO,6,B,Governo do Estado do Mato Grosso,51,MT,3784239,RREO-Anexo 03,E,Padrão,<MR-5>,IPVALiquidoExcetoTransferenciasEFUNDEB,IPVA,162751766.27,MT,51,2025,6
2025,RREO,6,B,Governo do Estado do Mato Grosso,51,MT,3784239,RREO-Anexo 03,E,Padrão,<MR-4>,IPVALiquidoExcetoTransferenciasEFUNDEB,IPVA,125601132.86,MT,51,2025,6
2025,RREO,6,B,Governo do Estado do Mato Grosso,51,MT,3784239,RREO-Anexo 03,E,Padrão,<MR-3>,IPVALiquidoExcetoTransferenciasEFUNDEB,IPVA,114944248.18,MT,51,2025,6
2025,RREO,6,B,Governo do Estado do Mato Grosso,51,MT,3784239,RREO-Anexo 03,E,Padrão,<MR-2>,IPVALiquidoExcetoTransferenciasEFUNDEB,IPVA,92537490.81,MT,51,2025,6
2025,RREO,6,B,Governo do Estado do Mato Grosso,51,MT,3784239,RREO-Anexo 03,E,Padrão,<MR-1>,IPVALiquidoExcetoTransferenciasEFUNDEB,IPVA,63024581.58,MT,51,2025,6
2025,RREO,6,B,Governo do Estado do Mato Grosso,51,MT,3784239,RREO-Anexo 03,E,Padrão,<MR>,IPVALiquidoExcetoTransferenciasEFUNDEB,IPVA,64587301.54,MT,51,2025,6
2025,RREO,6,B,Governo do Estado do Mato Grosso,51,MT,3784239,RREO-Anexo 03,E,Padrão,TOTAL (ÚLTIMOS 12 MESES),IPVALiquidoExcetoTransferenciasEFUNDEB,IPVA,2013655309.01,MT,51,2025,6
2025,RREO,6,B,Governo do Estado do Mato Grosso,51,MT,3784239,RREO-Anexo 03,E,Padrão,PREVISÃO ATUALIZADA 2025,IPVALiquidoExcetoTransferenciasEFUNDEB,IPVA,1714687454.0,MT,51,2025,6
2025,RREO,6,B,Governo do Estado do Mato Grosso,51,MT,3784239,RREO-Anexo 03,E,Padrão,<MR-11>,ITCDLiquidoExcetoTransferenciasEFUNDEB,ITCD,23203219.14,MT,51,2025,6
2025,RREO,6,B,Governo do Estado do Mato Grosso,51,MT,3784239,RREO-Anexo 03,E,Padrão,<MR-10>,ITCDLiquidoExcetoTransferenciasEFUNDEB,ITCD,20985208.14,MT,51,2025,6
2025,RREO,6,B,Governo do Estado do Mato Grosso,51,MT,3784239,RREO-Anexo 03,E,Padrão,<MR-9>,ITCDLiquidoExcetoTransferenciasEFUNDEB,ITCD,21292780.7,MT,51,2025,6
2025,RREO,6,B,Governo do Estado do Mato Grosso,51,MT,3784239,RREO-Anexo 03,E,Padrão,<MR-8>,ITCDLiquidoExcetoTransferenciasEFUNDEB,ITCD,18703977.57,MT,51,2025,6
2025,RREO,6,B,Governo do Estado do Mato Grosso,51,MT,3784239,RREO-Anexo 03,E,Padrão,<MR-7>,ITCDLiquidoExcetoTransferenciasEFUNDEB,ITCD,21832070.3,MT,51,2025,6
2025,RREO,6,B,Governo do Estado do Mato Grosso,51,MT,3784239,RREO-Anexo 03,E,Padrão,<MR-6>,ITCDLiquidoExcetoTransferenciasEFUNDEB,ITCD,30289284.28,MT,51,2025,6
2025,RREO,6,B,Governo do Estado do Mato Grosso,51,MT,3784239,RREO-Anexo 03,E,Padrão,<MR-5>,ITCDLiquidoExcetoTransferenciasEFUNDEB,ITCD,17067898.52,MT,51,2025,6
2025,RREO,6,B,Governo do Estado do Mato Grosso,51,MT,3784239,RREO-Anexo 03,E,Padrão,<MR-4>,ITCDLiquidoExcetoTransferenciasEFUNDEB,ITCD,12520703.52,MT,51,2025,6
2025,RREO,6,B,Governo do Estado do Mato Grosso,51,MT,3784239,RREO-Anexo 03,E,Padrão,<MR-3>,ITCDLiquidoExcetoTransferenciasEFUNDEB,ITCD,24793414.49,MT,51,2025,6
2025,RREO,6,B,Governo do Estado do Mato Grosso,51,MT,3784239,RREO-Anexo 03,E,Padrão,<MR-2>,ITCDLiquidoExcetoTransferenciasEFUNDEB,ITCD,20651529.66,MT,51,2025,6
2025,RREO,6,B,Governo do Estado do Mato Grosso,51,MT,3784239,RREO-Anexo 03,E,Padrão,<MR-1>,ITCDLiquidoExcetoTransferenciasEFUNDEB,ITCD,30344728.9,MT,51,2025,6
2025,RREO,6,B,Governo do Estado do Mato Grosso,51,MT,3784239,RREO-Anexo 03,E,Padrão,<MR>,ITCDLiquidoExcetoTransferenciasEFUNDEB,ITCD,90106100.25,MT,51,2025,6
2025,RREO,6,B,Governo do Estado do Mato Grosso,51,MT,3784239,RREO-Anexo 03,E,Padrão,TOTAL (ÚLTIMOS 12 MESES),ITCDLiquidoExcetoTransferenciasEFUNDEB,ITCD,331790915.47,MT,51,2025,6
2025,RREO,6,B,Governo do Estado do Mato Grosso,51,MT,3784239,RREO-Anexo 03,E,Padrão,PREVISÃO ATUALIZADA 2025,ITCDLiquidoExcetoTransferenciasEFUNDEB,ITCD,212371220.0,MT,51,2025,6
2025,RREO,6,B,Governo do Estado de Goiás,52,GO,6950976,RREO-Anexo 03,E,Padrão,<MR-11>,ICMSLiquidoExcetoTransferenciasEFUNDEB,ICMS,2155774624.09,GO,52,2025,6
2025,RREO,6,B,Governo do Estado de Goiás,52,GO,6950976,RREO-Anexo 03,E,Padrão,<MR-10>,ICMSLiquidoExcetoTransferenciasEFUNDEB,ICMS,2312213107.27,GO,52,2025,6
2025,RREO,6,B,Governo do Estado de Goiás,52,GO,6950976,RREO-Anexo 03,E,Padrão,<MR-9>,ICMSLiquidoExcetoTransferenciasEFUNDEB,ICMS,2407705067.81,GO,52,2025,6
2025,RREO,6,B,Governo do Estado de Goiás,52,GO,6950976,RREO-Anexo 03,E,Padrão,<MR-8>,ICMSLiquidoExcetoTransferenciasEFUNDEB,ICMS,2533180440.43,GO,52,2025,6
2025,RREO,6,B,Governo do Estado de Goiás,52,GO,6950976,RREO-Anexo 03,E,Padrão,<MR-7>,ICMSLiquidoExcetoTransferenciasEFUNDEB,ICMS,2459727773.81,GO,52,2025,6
2025,RREO,6,B,Governo do Estado de Goiás,52,GO,6950976,RREO-Anexo 03,E,Padrão,<MR-6>,ICMSLiquidoExcetoTransferenciasEFUNDEB,ICMS,2599399674.19,GO,52,2025,6
2025,RREO,6,B,Governo do Estado de Goiás,52,GO,6950976,RREO-Anexo 03,E,Padrão,<MR-5>,ICMSLiquidoExcetoTransferenciasEFUNDEB,ICMS,2549874862.84,GO,52,2025,6
2025,RREO,6,B,Governo do Estado de Goiás,52,GO,6950976,RREO-Anexo 03,E,Padrão,<MR-4>,ICMSLiquidoExcetoTransferenciasEFUNDEB,ICMS,2696090552.58,GO,52,2025,6
2025,RREO,6,B,Governo do Estado de Goiás,52,GO,6950976,RREO-Anexo 03,E,Padrão,<MR-3>,ICMSLiquidoExcetoTransferenciasEFUNDEB,ICMS,2621755611.11,GO,52,2025,6
2025,RREO,6,B,Governo do Estado de Goiás,52,GO,6950976,RREO-Anexo 03,E,Padrão,<MR-2>,ICMSLiquidoExcetoTransferenciasEFUNDEB,ICMS,2724046500.03,GO,52,2025,6
2025,RREO,6,B,Governo do Estado de Goiás,52,GO,6950976,RREO-Anexo 03,E,Padrão,<MR-1>,ICMSLiquidoExcetoTransferenciasEFUNDEB,ICMS,2806290810.6,GO,52,2025,6
2025,RREO,6,B,Governo do Estado de Goiás,52,GO,6950976,RREO-Anexo 03,E,Padrão,<MR>,ICMSLiquidoExcetoTransferenciasEFUNDEB,ICMS,2666804797.87,GO,52,2025,6
2025,RREO,6,B,Governo do Estado de Goiás,52,GO,6950976,RREO-Anexo 03,E,Padrão,TOTAL (ÚLTIMOS 12 MESES),ICMSLiquidoExcetoTransferenciasEFUNDEB,ICMS,30532863822.63,GO,52,2025,6
2025,RREO,6,B,Governo do Estado de Goiás,52,GO,6950976,RREO-Anexo 03,E,Padrão,PREVISÃO ATUALIZADA 2025,ICMSLiquidoExcetoTransferenciasEFUNDEB,ICMS,29953877000.0,GO,52,2025,6
2025,RREO,6,B,Governo do Estado de Goiás,52,GO,6950976,RREO-Anexo 03,E,Padrão,<MR-11>,IPVALiquidoExcetoTransferenciasEFUNDEB,IPVA,433534162.29,GO,52,2025,6
2025,RREO,6,B,Governo do Estado de Goiás,52,GO,6950976,RREO-Anexo 03,E,Padrão,<MR-10>,IPVALiquidoExcetoTransferenciasEFUNDEB,IPVA,182513094.01,GO,52,2025,6
2025,RREO,6,B,Governo do Estado de Goiás,52,GO,6950976,RREO-Anexo 03,E,Padrão,<MR-9>,IPVALiquidoExcetoTransferenciasEFUNDEB,IPVA,180361447.48,GO,52,2025,6
2025,RREO,6,B,Governo do Estado de Goiás,52,GO,6950976,RREO-Anexo 03,E,Padrão,<MR-8>,IPVALiquidoExcetoTransferenciasEFUNDEB,IPVA,175812574.63,GO,52,2025,6
2025,RREO,6,B,Governo do Estado de Goiás,52,GO,6950976,RREO-Anexo 03,E,Padrão,<MR-7>,IPVALiquidoExcetoTransferenciasEFUNDEB,IPVA,173323529.35,GO,52,2025,6
2025,RREO,6,B,Governo do Estado de Goiás,52,GO,6950976,RREO-Anexo 03,E,Padrão,<MR-6>,IPVALiquidoExcetoTransferenciasEFUNDEB,IPVA,176842448.52,GO,52,2025,6
2025,RREO,6,B,Governo do Estado de Goiás,52,GO,6950976,RREO-Anexo 03,E,Padrão,<MR-5>,IPVALiquidoExcetoTransferenciasEFUNDEB,IPVA,201753228.64,GO,52,2025,6
2025,RREO,6,B,Governo do Estado de Goiás,52,GO,6950976,RREO-Anexo 03,E,Padrão,<MR-4>,IPVALiquidoExcetoTransferenciasEFUNDEB,IPVA,219009525.81,GO,52,2025,6
2025,RREO,6,B,Governo do Estado de Goiás,52,GO,6950976,RREO-Anexo 03,E,Padrão,<MR-3>,IPVALiquidoExcetoTransferenciasEFUNDEB,IPVA,430356053.05,GO,52,2025,6
2025,RREO,6,B,Governo do Estado de Goiás,52,GO,6950976,RREO-Anexo 03,E,Padrão,<MR-2>,IPVALiquidoExcetoTransferenciasEFUNDEB,IPVA,1056961769.57,GO,52,2025,6
2025,RREO,6,B,Governo do Estado de Goiás,52,GO,6950976,RREO-Anexo 03,E,Padrão,<MR-1>,IPVALiquidoExcetoTransferenciasEFUNDEB,IPVA,183884556.7,GO,52,2025,6
2025,RREO,6,B,Governo do Estado de Goiás,52,GO,6950976,RREO-Anexo 03,E,Padrão,<MR>,IPVALiquidoExcetoTransferenciasEFUNDEB,IPVA,132533072.6,GO,52,2025,6
2025,RREO,6,B,Governo do Estado de Goiás,52,GO,6950976,RREO-Anexo 03,E,Padrão,TOTAL (ÚLTIMOS 12 MESES),IPVALiquidoExcetoTransferenciasEFUNDEB,IPVA,3546885462.65,GO,52,2025,6
2025,RREO,6,B,Governo do Estado de Goiás,52,GO,6950976,RREO-Anexo 03,E,Padrão,PREVISÃO ATUALIZADA 2025,IPVALiquidoExcetoTransferenciasEFUNDEB,IPVA,3328145000.0,GO,52,2025,6
2025,RREO,6,B,Governo do Estado de Goiás,52,GO,6950976,RREO-Anexo 03,E,Padrão,<MR-11>,ITCDLiquidoExcetoTransferenciasEFUNDEB,ITCD,73234223.36,GO,52,2025,6
2025,RREO,6,B,Governo do Estado de Goiás,52,GO,6950976,RREO-Anexo 03,E,Padrão,<MR-10>,ITCDLiquidoExcetoTransferenciasEFUNDEB,ITCD,81534917.13,GO,52,2025,6
2025,RREO,6,B,Governo do Estado de Goiás,52,GO,6950976,RREO-Anexo 03,E,Padrão,<MR-9>,ITCDLiquidoExcetoTransferenciasEFUNDEB,ITCD,73194837.53,GO,52,2025,6
2025,RREO,6,B,Governo do Estado de Goiás,52,GO,6950976,RREO-Anexo 03,E,Padrão,<MR-8>,ITCDLiquidoExcetoTransferenciasEFUNDEB,ITCD,68819853.04,GO,52,2025,6
2025,RREO,6,B,Governo do Estado de Goiás,52,GO,6950976,RREO-Anexo 03,E,Padrão,<MR-7>,ITCDLiquidoExcetoTransferenciasEFUNDEB,ITCD,62486731.53,GO,52,2025,6
2025,RREO,6,B,Governo do Estado de Goiás,52,GO,6950976,RREO-Anexo 03,E,Padrão,<MR-6>,ITCDLiquidoExcetoTransferenciasEFUNDEB,ITCD,78011725.1,GO,52,2025,6
2025,RREO,6,B,Governo do Estado de Goiás,52,GO,6950976,RREO-Anexo 03,E,Padrão,<MR-5>,ITCDLiquidoExcetoTransferenciasEFUNDEB,ITCD,69025922.8,GO,52,2025,6
2025,RREO,6,B,Governo do Estado de Goiás,52,GO,6950976,RREO-Anexo 03,E,Padrão,<MR-4>,ITCDLiquidoExcetoTransferenciasEFUNDEB,ITCD,83215297.08,GO,52,2025,6
2025,RREO,6,B,Governo do Estado de Goiás,52,GO,6950976,RREO-Anexo 03,E,Padrão,<MR-3>,ITCDLiquidoExcetoTransferenciasEFUNDEB,ITCD,71157822.05,GO,52,2025,6
2025,RREO,6,B,Governo do Estado de Goiás,52,GO,6950976,RREO-Anexo 03,E,Padrão,<MR-2>,ITCDLiquidoExcetoTransferenciasEFUNDEB,ITCD,68830801.93,GO,52,2025,6
2025,RREO,6,B,Governo do Estado de Goiás,52,GO,6950976,RREO-Anexo 03,E,Padrão,<MR-1>,ITCDLiquidoExcetoTransferenciasEFUNDEB,ITCD,60420892.54,GO,52,2025,6
2025,RREO,6,B,Governo do Estado de Goiás,52,GO,6950976,RREO-Anexo 03,E,Padrão,<MR>,ITCDLiquidoExcetoTransferenciasEFUNDEB,ITCD,118993375.27,GO,52,2025,6
2025,RREO,6,B,Governo do Estado de Goiás,52,GO,6950976,RREO-Anexo 03,E,Padrão,TOTAL (ÚLTIMOS 12 MESES),ITCDLiquidoExcetoTransferenciasEFUNDEB,ITCD,908926399.36,GO,52,2025,6
2025,RREO,6,B,Governo do Estado de Goiás,52,GO,6950976,RREO-Anexo 03,E,Padrão,PREVISÃO ATUALIZADA 2025,ITCDLiquidoExcetoTransferenciasEFUNDEB,ITCD,973595000.0,GO,52,2025,6
2025,RREO,6,B,Governo do Distrito Federal,53,DF,2923369,RREO-Anexo 03,E,Padrão,<MR-11>,ICMSLiquidoExcetoTransferenciasEFUNDEB,ICMS,1097035817.36,DF,53,2025,6
2025,RREO,6,B,Governo do Distrito Federal,53,DF,2923369,RREO-Anexo 03,E,Padrão,<MR-10>,ICMSLiquidoExcetoTransferenciasEFUNDEB,ICMS,916049095.86,DF,53,2025,6
2025,RREO,6,B,Governo do Distrito Federal,53,DF,2923369,RREO-Anexo 03,E,Padrão,<MR-9>,ICMSLiquidoExcetoTransferenciasEFUNDEB,ICMS,973749062.04,DF,53,2025,6
2025,RREO,6,B,Governo do Distrito Federal,53,DF,2923369,RREO-Anexo 03,E,Padrão,<MR-8>,ICMSLiquidoExcetoTransferenciasEFUNDEB,ICMS,1023778187.48,DF,53,2025,6
2025,RREO,6,B,Governo do Distrito Federal,53,DF,2923369,RREO-Anexo 03,E,Padrão,<MR-7>,ICMSLiquidoExcetoTransferenciasEFUNDEB,ICMS,985033294.88,DF,53,2025,6
2025,RREO,6,B,Governo do Distrito Federal,53,DF,2923369,RREO-Anexo 03,E,Padrão,<MR-6>,ICMSLiquidoExcetoTransferenciasEFUNDEB,ICMS,1033722913.27,DF,53,2025,6
2025,RREO,6,B,Governo do Distrito Federal,53,DF,2923369,RREO-Anexo 03,E,Padrão,<MR-5>,ICMSLiquidoExcetoTransferenciasEFUNDEB,ICMS,1074398081.47,DF,53,2025,6
2025,RREO,6,B,Governo do Distrito Federal,53,DF,2923369,RREO-Anexo 03,E,Padrão,<MR-4>,ICMSLiquidoExcetoTransferenciasEFUNDEB,ICMS,1054376987.29,DF,53,2025,6
2025,RREO,6,B,Governo do Distrito Federal,53,DF,2923369,RREO-Anexo 03,E,Padrão,<MR-3>,ICMSLiquidoExcetoTransferenciasEFUNDEB,ICMS,1011840085.09,DF,53,2025,6
2025,RREO,6,B,Governo do Distrito Federal,53,DF,2923369,RREO-Anexo 03,E,Padrão,<MR-2>,ICMSLiquidoExcetoTransferenciasEFUNDEB,ICMS,1138406395.03,DF,53,2025,6
2025,RREO,6,B,Governo do Distrito Federal,53,DF,2923369,RREO-Anexo 03,E,Padrão,<MR-1>,ICMSLiquidoExcetoTransferenciasEFUNDEB,ICMS,1125927122.79,DF,53,2025,6
2025,RREO,6,B,Governo do Distrito Federal,53,DF,2923369,RREO-Anexo 03,E,Padrão,<MR>,ICMSLiquidoExcetoTransferenciasEFUNDEB,ICMS,1163775637.39,DF,53,2025,6
2025,RREO,6,B,Governo do Distrito Federal,53,DF,2923369,RREO-Anexo 03,E,Padrão,TOTAL (ÚLTIMOS 12 MESES),ICMSLiquidoExcetoTransferenciasEFUNDEB,ICMS,12598092679.95,DF,53,2025,6
2025,RREO,6,B,Governo do Distrito Federal,53,DF,2923369,RREO-Anexo 03,E,Padrão,PREVISÃO ATUALIZADA 2025,ICMSLiquidoExcetoTransferenciasEFUNDEB,ICMS,13213893829.0,DF,53,2025,6
2025,RREO,6,B,Governo do Distrito Federal,53,DF,2923369,RREO-Anexo 03,E,Padrão,<MR-11>,IPVALiquidoExcetoTransferenciasEFUNDEB,IPVA,179697211.62,DF,53,2025,6
2025,RREO,6,B,Governo do Distrito Federal,53,DF,2923369,RREO-Anexo 03,E,Padrão,<MR-10>,IPVALiquidoExcetoTransferenciasEFUNDEB,IPVA,612522243.58,DF,53,2025,6
2025,RREO,6,B,Governo do Distrito Federal,53,DF,2923369,RREO-Anexo 03,E,Padrão,<MR-9>,IPVALiquidoExcetoTransferenciasEFUNDEB,IPVA,171166030.93,DF,53,2025,6
2025,RREO,6,B,Governo do Distrito Federal,53,DF,2923369,RREO-Anexo 03,E,Padrão,<MR-8>,IPVALiquidoExcetoTransferenciasEFUNDEB,IPVA,169959255.16,DF,53,2025,6
2025,RREO,6,B,Governo do Distrito Federal,53,DF,2923369,RREO-Anexo 03,E,Padrão,<MR-7>,IPVALiquidoExcetoTransferenciasEFUNDEB,IPVA,164956036.01,DF,53,2025,6
2025,RREO,6,B,Governo do Distrito Federal,53,DF,2923369,RREO-Anexo 03,E,Padrão,<MR-6>,IPVALiquidoExcetoTransferenciasEFUNDEB,IPVA,160208983.94,DF,53,2025,6
2025,RREO,6,B,Governo do Distrito Federal,53,DF,2923369,RREO-Anexo 03,E,Padrão,<MR-5>,IPVALiquidoExcetoTransferenciasEFUNDEB,IPVA,165153706.03,DF,53,2025,6
2025,RREO,6,B,Governo do Distrito Federal,53,DF,2923369,RREO-Anexo 03,E,Padrão,<MR-4>,IPVALiquidoExcetoTransferenciasEFUNDEB,IPVA,80041849.19,DF,53,2025,6
2025,RREO,6,B,Governo do Distrito Federal,53,DF,2923369,RREO-Anexo 03,E,Padrão,<MR-3>,IPVALiquidoExcetoTransferenciasEFUNDEB,IPVA,76269789.51,DF,53,2025,6
2025,RREO,6,B,Governo do Distrito Federal,53,DF,2923369,RREO-Anexo 03,E,Padrão,<MR-2>,IPVALiquidoExcetoTransferenciasEFUNDEB,IPVA,71216480.64,DF,53,2025,6
2025,RREO,6,B,Governo do Distrito Federal,53,DF,2923369,RREO-Anexo 03,E,Padrão,<MR-1>,IPVALiquidoExcetoTransferenciasEFUNDEB,IPVA,59878867.22,DF,53,2025,6
2025,RREO,6,B,Governo do Distrito Federal,53,DF,2923369,RREO-Anexo 03,E,Padrão,<MR>,IPVALiquidoExcetoTransferenciasEFUNDEB,IPVA,67409052.46,DF,53,2025,6
2025,RREO,6,B,Governo do Distrito Federal,53,DF,2923369,RREO-Anexo 03,E,Padrão,TOTAL (ÚLTIMOS 12 MESES),IPVALiquidoExcetoTransferenciasEFUNDEB,IPVA,1978479506.29,DF,53,2025,6
2025,RREO,6,B,Governo do Distrito Federal,53,DF,2923369,RREO-Anexo 03,E,Padrão,PREVISÃO ATUALIZADA 2025,IPVALiquidoExcetoTransferenciasEFUNDEB,IPVA,1977173258.0,DF,53,2025,6
2025,RREO,6,B,Governo do Distrito Federal,53,DF,2923369,RREO-Anexo 03,E,Padrão,<MR-11>,ITCDLiquidoExcetoTransferenciasEFUNDEB,ITCD,21218048.04,DF,53,2025,6
2025,RREO,6,B,Governo do Distrito Federal,53,DF,2923369,RREO-Anexo 03,E,Padrão,<MR-10>,ITCDLiquidoExcetoTransferenciasEFUNDEB,ITCD,24576722.44,DF,53,2025,6
2025,RREO,6,B,Governo do Distrito Federal,53,DF,2923369,RREO-Anexo 03,E,Padrão,<MR-9>,ITCDLiquidoExcetoTransferenciasEFUNDEB,ITCD,24976372.46,DF,53,2025,6
2025,RREO,6,B,Governo do Distrito Federal,53,DF,2923369,RREO-Anexo 03,E,Padrão,<MR-8>,ITCDLiquidoExcetoTransferenciasEFUNDEB,ITCD,25517203.04,DF,53,2025,6
2025,RREO,6,B,Governo do Distrito Federal,53,DF,2923369,RREO-Anexo 03,E,Padrão,<MR-7>,ITCDLiquidoExcetoTransferenciasEFUNDEB,ITCD,25160087.41,DF,53,2025,6
2025,RREO,6,B,Governo do Distrito Federal,53,DF,2923369,RREO-Anexo 03,E,Padrão,<MR-6>,ITCDLiquidoExcetoTransferenciasEFUNDEB,ITCD,27215333.22,DF,53,2025,6
2025,RREO,6,B,Governo do Distrito Federal,53,DF,2923369,RREO-Anexo 03,E,Padrão,<MR-5>,ITCDLiquidoExcetoTransferenciasEFUNDEB,ITCD,28251663.1,DF,53,2025,6
2025,RREO,6,B,Governo do Distrito Federal,53,DF,2923369,RREO-Anexo 03,E,Padrão,<MR-4>,ITCDLiquidoExcetoTransferenciasEFUNDEB,ITCD,27880702.01,DF,53,2025,6
2025,RREO,6,B,Governo do Distrito Federal,53,DF,2923369,RREO-Anexo 03,E,Padrão,<MR-3>,ITCDLiquidoExcetoTransferenciasEFUNDEB,ITCD,24970359.18,DF,53,2025,6
2025,RREO,6,B,Governo do Distrito Federal,53,DF,2923369,RREO-Anexo 03,E,Padrão,<MR-2>,ITCDLiquidoExcetoTransferenciasEFUNDEB,ITCD,28304899.2,DF,53,2025,6
2025,RREO,6,B,Governo do Distrito Federal,53,DF,2923369,RREO-Anexo 03,E,Padrão,<MR-1>,ITCDLiquidoExcetoTransferenciasEFUNDEB,ITCD,97079116.54,DF,53,2025,6
2025,RREO,6,B,Governo do Distrito Federal,53,DF,2923369,RREO-Anexo 03,E,Padrão,<MR>,ITCDLiquidoExcetoTransferenciasEFUNDEB,ITCD,41788492.33,DF,53,2025,6
2025,RREO,6,B,Governo do Distrito Federal,53,DF,2923369,RREO-Anexo 03,E,Padrão,TOTAL (ÚLTIMOS 12 MESES),ITCDLiquidoExcetoTransferenciasEFUNDEB,ITCD,396938998.97,DF,53,2025,6
2025,RREO,6,B,Governo do Distrito Federal,53,DF,2923369,RREO-Anexo 03,E,Padrão,PREVISÃO ATUALIZADA 2025,ITCDLiquidoExcetoTransferenciasEFUNDEB,ITCD,230576032.0,DF,53,2025,6
